packet_timestamp,time,lat,lon,alt,acc_x,acc_y,acc_z,acc_mag,vel_x,vel_y,vel_z,vel_mag
5264.25,5264.25,47.98686080000001,-81.8484864,559.8955,9.873000000000001,-0.6759999999999999,-0.11800000000000002,9.896907482069905,0.0,0.0,0.0,0.0
5264.25,5264.35,47.9868608,-81.8484864,559.895,9.868,-0.737,-0.10800000000000001,9.896282730307279,0.0,0.0,0.0,0.0
5264.25,5264.45,47.9868608,-81.8484864,559.8505,9.873333333333333,-0.7844444444444445,-0.19777777777777777,9.906545573952396,0.0,0.0,0.0,0.0
5264.25,5264.55,47.9868608,-81.8484864,559.451,9.895454545454546,-0.7563636363636363,-0.24363636363636365,9.92746877113771,0.0,0.0,0.0,0.0
5264.25,5264.65,47.98686080000001,-81.8484864,559.762,9.886666666666665,-0.6955555555555555,-0.2911111111111111,9.91549598743307,0.0,0.0,0.0,0.0
5264.25,5264.75,47.9868608,-81.8484864,559.718,9.863,-0.71,-0.30300000000000005,9.893311937959936,0.0,0.0,0.0,0.0
5264.25,5264.85,47.9868608,-81.8484864,559.6735,9.872,-0.787,-0.205,9.905550194098652,0.0,0.0,0.0,0.0
5264.25,5264.95,47.9868608,-81.8484864,559.6289999999999,9.86,-0.78,-0.20333333333333334,9.893016793247886,0.0,0.0,0.0,0.0
5264.25,5265.05,47.9868608,-81.8484864,559.984,9.85090909090909,-0.7372727272727272,-0.12272727272727274,9.879346469827974,0.0,0.0,0.0,0.0
5264.25,5265.15,47.98686080000001,-81.8484864,559.8505,9.895999999999999,-0.682,-0.099,9.920152647375303,0.0,0.0,0.0,0.0
5265.25,5265.25,47.9868608,-81.8484864,560.34,9.904444444444444,-0.7722222222222223,-0.23222222222222222,9.937300811717316,0.0,0.0,0.0,0.0
5265.25,5265.35,47.9868608,-81.8484864,559.8505,9.873,-0.789,-0.24300000000000005,9.90763761271879,0.0,0.0,0.0,0.0
5265.25,5265.45,47.9868608,-81.8484864,559.984,9.825555555555555,-0.7577777777777777,-0.25,9.85812222556961,0.0,0.0,0.0,0.0
5265.25,5265.55,47.9868608,-81.8484864,559.984,9.878181818181817,-0.6854545454545454,-0.30000000000000004,9.90665041467663,0.0,0.0,0.0,0.0
5265.25,5265.65,47.98686080000001,-81.8484864,559.895,9.875,-0.7180000000000001,-0.17099999999999999,9.902703873409479,0.0,0.0,0.0,0.0
5265.25,5265.75,47.9868608,-81.8484864,560.34,9.878888888888888,-0.7944444444444445,-0.23333333333333334,9.91372586778224,0.0,0.0,0.0,0.0
5265.25,5265.85,47.9868608,-81.8484864,560.3845,9.88,-0.7609999999999999,-0.16200000000000003,9.910965076227642,0.0,0.0,0.0,0.0
5265.25,5265.95,47.9868608,-81.8484864,559.895,9.888,-0.7190000000000001,-0.08099999999999999,9.914696524232186,0.0,0.0,0.0,0.0
5265.25,5266.05,47.9868608,-81.8484864,559.9395,9.870999999999999,-0.718,-0.179,9.89887933647771,0.0,0.0,0.0,0.0
5265.25,5266.15,47.98686080000001,-81.8484864,559.984,9.859,-0.744,-0.20099999999999998,9.889279525085188,0.0,0.0,0.0,0.0
5266.25,5266.25,47.9868608,-81.8484864,559.984,9.827777777777776,-0.7999999999999999,-0.26333333333333336,9.86393725160456,0.0,0.0,0.0,0.0
5266.25,5266.35,47.9868608,-81.8484864,560.429,9.878,-0.734,-0.32799999999999996,9.910912089931013,0.0,0.0,0.0,0.0
5266.25,5266.45,47.9868608,-81.8484864,560.607,9.88,-0.6933333333333334,-0.3266666666666667,9.910271395127557,0.0,0.0,0.0,0.0
5266.25,5266.55,47.9868608,-81.8484864,560.0285,9.877,-0.742,-0.139,9.905928883543305,0.0,0.0,0.0,0.0
5266.25,5266.65,47.98686080000001,-81.8484864,560.162,9.869,-0.795,-0.135,9.902020161855692,0.0,0.0,0.0,0.0
5266.25,5266.75,47.9868608,-81.8484864,560.251,9.866,-0.778,-0.06400000000000002,9.89705770771025,0.0,0.0,0.0,0.0
5266.25,5266.85,47.9868608,-81.8484864,559.718,9.883,-0.681,-0.124,9.907587870754345,0.0,0.0,0.0,0.0
5266.25,5266.95,47.9868608,-81.8484864,560.251,9.866666666666667,-0.7244444444444444,-0.28444444444444444,9.897578885275761,0.0,0.0,0.0,0.0
5266.25,5267.05,47.9868608,-81.8484864,559.895,9.883999999999999,-0.753,-0.297,9.917274632527034,0.0,0.0,0.0,0.0
5266.25,5267.15,47.98686080000001,-81.8484864,559.895,9.838999999999999,-0.792,-0.35700000000000004,9.87744832459164,0.0,0.0,0.0,0.0
5267.25,5267.25,47.9868608,-81.8484864,559.5844999999999,9.881,-0.726,-0.339,9.913845146691086,0.0,0.0,0.0,0.0
5267.25,5267.35,47.9868608,-81.8484864,560.073,9.876999999999999,-0.692,-0.086,9.90175283709816,0.0,0.0,0.0,0.0
5267.25,5267.45,47.9868608,-81.8484864,560.1175000000001,9.858888888888888,-0.7477777777777778,-0.14333333333333334,9.888441613473718,0.0,0.0,0.0,0.0
5267.25,5267.55,47.98686080000001,-81.8484864,560.162,9.87,-0.7929999999999999,-0.11400000000000002,9.902782688333625,0.0,0.0,0.0,0.0
5267.25,5267.65,47.98686080000001,-81.8484864,559.629,9.860000000000001,-0.76,-0.10666666666666666,9.890021196903142,0.0,0.0,0.0,0.0
5267.25,5267.75,47.9868608,-81.8484864,559.9395,9.876000000000001,-0.6979999999999998,-0.28600000000000003,9.905029580007069,0.0,0.0,0.0,0.0
5267.25,5267.85,47.9868608,-81.8484864,560.34,9.863000000000001,-0.7160000000000001,-0.32700000000000007,9.89451383812293,0.0,0.0,0.0,0.0
5267.25,5267.95,47.9868608,-81.8484864,560.1175000000001,9.875555555555556,-0.7544444444444444,-0.29555555555555557,9.908982030249984,0.0,0.0,0.0,0.0
5267.25,5268.05,47.98686080000001,-81.8484864,560.162,9.861818181818181,-0.7563636363636363,-0.2763636363636364,9.894874818918096,0.0,0.0,0.0,0.0
5267.25,5268.15,47.9868608,-81.8484864,559.9395,9.851111111111113,-0.74,-0.09666666666666668,9.880066196714905,0.0,0.0,0.0,0.0
5268.25,5268.25,47.9868608,-81.8484864,559.895,9.873999999999999,-0.7350000000000001,-0.099,9.90221894170305,0.0,0.0,0.0,0.0
5268.25,5268.35,47.9868608,-81.8484864,559.8505,9.864,-0.736,-0.11900000000000002,9.892676391155149,0.0,0.0,0.0,0.0
5268.25,5268.45,47.9868608,-81.8484864,559.8505,9.875,-0.767,-0.163,9.906601058767631,0.0,0.0,0.0,0.0
5268.25,5268.55,47.98686080000001,-81.8484864,559.806,9.905000000000001,-0.718,-0.32000000000000006,9.936488550110376,0.0,0.0,0.0,0.0
5268.25,5268.65,47.98686080000001,-81.8484864,560.0285,9.885555555555557,-0.7255555555555555,-0.3288888888888889,9.918219861053073,0.0,0.0,0.0,0.0
5268.25,5268.75,47.9868608,-81.8484864,559.984,9.84,-0.748,-0.209,9.870978027786451,0.0,0.0,0.0,0.0
5268.25,5268.85,47.9868608,-81.8484864,559.673,9.883636363636363,-0.7645454545454545,-0.21,9.915721574066579,0.0,0.0,0.0,0.0
5268.25,5268.95,47.9868608,-81.8484864,559.806,9.894444444444444,-0.7488888888888889,-0.21000000000000002,9.925277723102568,0.0,0.0,0.0,0.0
5268.25,5269.05,47.98686080000001,-81.8484864,560.4290000000001,9.87,-0.746,-0.093,9.898733406475497,0.0,0.0,0.0,0.0
5268.25,5269.15,47.9868608,-81.8484864,560.4735000000001,9.858888888888888,-0.7522222222222221,-0.19333333333333333,9.889568687932336,0.0,0.0,0.0,0.0
5269.25,5269.25,47.9868608,-81.8484864,560.607,9.843,-0.7329999999999999,-0.23900000000000005,9.873338472154256,0.0,0.0,0.0,0.0
5269.25,5269.35,47.9868608,-81.8484864,560.162,9.846363636363636,-0.7,-0.21727272727272728,9.873806120755203,0.0,0.0,0.0,0.0
5269.25,5269.45,47.9868608,-81.8484864,560.429,9.846666666666666,-0.7799999999999999,-0.16222222222222224,9.879196758038223,0.0,0.0,0.0,0.0
5269.25,5269.55,47.98686080000001,-81.8484864,560.2955,9.865,-0.788,-0.192,9.898510127448683,0.0,0.0,0.0,0.0
5269.25,5269.65,47.9868608,-81.8484864,560.162,9.896,-0.7070000000000001,-0.23199999999999998,9.924308301028699,0.0,0.0,0.0,0.0
5269.25,5269.75,47.9868608,-81.8484864,559.984,9.86111111111111,-0.6433333333333333,-0.11444444444444445,9.882995715109658,0.0,0.0,0.0,0.0
5269.25,5269.85,47.9868608,-81.8484864,560.162,9.861818181818183,-0.7599999999999999,-0.25272727272727274,9.894819925350895,0.0,0.0,0.0,0.0
5269.25,5269.95,47.9868608,-81.8484864,560.34,9.89777777777778,-0.8133333333333334,-0.3055555555555556,9.936094250473552,0.0,0.0,0.0,0.0
5269.25,5270.05,47.98686080000001,-81.8484864,559.984,9.867,-0.73,-0.156,9.895375728370317,0.0,0.0,0.0,0.0
5269.25,5270.15,47.9868608,-81.8484864,559.895,9.905000000000001,-0.672,-0.25999999999999995,9.931341344458257,0.0,0.0,0.0,0.0
5270.25,5270.25,47.9868608,-81.8484864,559.7175,9.876666666666667,-0.7011111111111111,-0.22,9.904321914758205,0.0,0.0,0.0,0.0
5270.25,5270.35,47.9868608,-81.8484864,559.984,9.847272727272726,-0.7763636363636363,-0.13272727272727272,9.87896332809614,0.0,0.0,0.0,0.0
5270.25,5270.45,47.9868608,-81.8484864,559.718,9.863,-0.791,-0.267,9.89843665193709,0.0,0.0,0.0,0.0
5270.25,5270.55,47.98686080000001,-81.8484864,559.8505,9.868888888888888,-0.71,-0.17666666666666664,9.896091682694596,0.0,0.0,0.0,0.0
5270.25,5270.65,47.9868608,-81.8484864,559.451,9.885000000000002,-0.68,-0.194,9.910544080380308,0.0,0.0,0.0,0.0
5270.25,5270.75,47.9868608,-81.8484864,559.8065,9.906666666666668,-0.7455555555555555,-0.28222222222222226,9.938927287306093,0.0,0.0,0.0,0.0
5270.25,5270.85,47.9868608,-81.8484864,560.073,9.874545454545453,-0.8209090909090908,-0.16181818181818183,9.910113642263692,0.0,0.0,0.0,0.0
5270.25,5270.95,47.9868608,-81.8484864,560.0730000000001,9.866,-0.767,-0.22999999999999998,9.898726496244677,0.0,0.0,0.0,0.0
5270.25,5271.05,47.98686080000001,-81.8484864,560.073,9.877,-0.671,-0.19,9.901908835109356,0.0,0.0,0.0,0.0
5270.25,5271.15,47.9868608,-81.8484864,559.984,9.869999999999997,-0.69,-0.11777777777777779,9.894996410696557,0.0,0.0,0.0,0.0
5271.25,5271.25,47.9868608,-81.8484864,560.162,9.909,-0.7859999999999999,-0.26200000000000007,9.943741183261917,0.0,0.0,0.0,0.0
5271.25,5271.35,47.9868608,-81.8484864,560.785,9.837,-0.8030000000000002,-0.13400000000000004,9.870919061548621,0.0,0.0,0.0,0.0
5271.25,5271.45,47.98686080000001,-81.8484864,559.9395,9.866,-0.7510000000000001,-0.197,9.896924046372611,0.0,0.0,0.0,0.0
5271.25,5271.55,47.9868608,-81.8484864,560.162,9.862,-0.6579999999999999,-0.26499999999999996,9.888057376148215,0.0,0.0,0.0,0.0
5271.25,5271.65,47.9868608,-81.8484864,560.6514999999999,9.897777777777778,-0.6933333333333334,-0.025555555555555557,9.922280951285762,0.0,0.0,0.0,0.0
5271.25,5271.75,47.9868608,-81.8484864,560.34,9.897,-0.827,-0.30800000000000005,9.936979942439827,0.0,0.0,0.0,0.0
5271.25,5271.85,47.9868608,-81.8484864,560.829,9.878,-0.752,-0.177,9.90993844052998,0.0,0.0,0.0,0.0
5271.25,5271.95,47.98686080000001,-81.8484864,560.8735,9.903,-0.7020000000000001,-0.029000000000000005,9.928417315868394,0.0,0.0,0.0,0.0
5271.25,5272.05,47.9868608,-81.8484864,560.34,9.864999999999998,-0.6900000000000001,-0.421,9.899760064208635,0.0,0.0,0.0,0.0
5271.25,5272.15,47.9868608,-81.8484864,561.0070000000001,9.90111111111111,-0.7033333333333334,-0.1577777777777778,9.92953883413721,0.0,0.0,0.0,0.0
5272.25,5272.25,47.9868608,-81.8484864,560.696,9.897,-0.772,-0.02499999999999999,9.929437173862993,0.0,0.0,0.0,0.0
5272.25,5272.35,47.9868608,-81.8484864,560.6959999999999,9.888,-0.7809999999999999,-0.3450000000000001,9.927381431562853,0.0,0.0,0.0,0.0
5272.25,5272.45,47.98686080000001,-81.8484864,560.962,9.885000000000002,-0.721,-0.11399999999999999,9.913211908591274,0.0,0.0,0.0,0.0
5272.25,5272.55,47.9868608,-81.8484864,560.6514999999999,9.851818181818182,-0.6927272727272726,-0.10090909090909089,9.87893089109145,0.0,0.0,0.0,0.0
5272.25,5272.65,47.9868608,-81.8484864,560.2955,9.8725,-0.7437500000000001,-0.42250000000000004,9.91343508036189,0.0,0.0,0.0,0.0
5272.25,5272.75,47.9868608,-81.8484864,560.429,9.88,-0.869,-0.21300000000000002,9.92220602066114,0.0,0.0,0.0,0.0
5272.25,5272.85,47.9868608,-81.8484864,560.429,9.888,-0.659,-0.05,9.911155276314757,0.0,0.0,0.0,0.0
5272.25,5272.95,47.98686080000001,-81.8484864,560.162,9.870999999999999,-0.678,-0.24400000000000005,9.898373312216817,0.0,0.0,0.0,0.0
5272.25,5273.05,47.9868608,-81.8484864,560.6514999999999,9.861818181818181,-0.8,-0.15363636363636365,9.896295459587822,0.0,0.0,0.0,0.0
5272.25,5273.15,47.9868608,-81.8484864,560.696,9.87,-0.8222222222222222,-0.11222222222222222,9.90522456138579,0.0,0.0,0.0,0.0
5273.25,5273.25,47.9868608,-81.8484864,560.607,9.860000000000001,-0.7355555555555555,-0.23222222222222222,9.890803835547818,0.0,0.0,0.0,0.0
5273.25,5273.35,47.9868608,-81.8484864,560.518,9.889999999999999,-0.6745454545454546,-0.23636363636363636,9.916478943896761,0.0,0.0,0.0,0.0
5273.25,5273.45,47.98686080000001,-81.8484864,560.518,9.862222222222222,-0.7322222222222223,-0.21777777777777774,9.892191693393492,0.0,0.0,0.0,0.0
5273.25,5273.55,47.9868608,-81.8484864,560.4735000000001,9.85909090909091,-0.8081818181818182,-0.25181818181818183,9.895520020738946,0.0,0.0,0.0,0.0
5273.25,5273.65,47.9868608,-81.8484864,560.34,9.865555555555556,-0.8111111111111111,-0.23111111111111113,9.901753001178562,0.0,0.0,0.0,0.0
5273.25,5273.75,47.9868608,-81.8484864,559.984,9.854444444444447,-0.6633333333333334,-0.1288888888888889,9.87769373548756,0.0,0.0,0.0,0.0
5273.25,5273.85,47.9868608,-81.8484864,560.785,9.870909090909093,-0.6836363636363637,-0.1981818181818182,9.896803232357774,0.0,0.0,0.0,0.0
5273.25,5273.95,47.98686080000001,-81.8484864,560.429,9.88111111111111,-0.75,-0.18000000000000002,9.911394911168289,0.0,0.0,0.0,0.0
5273.25,5274.05,47.9868608,-81.8484864,560.607,9.820909090909092,-0.8381818181818183,-0.13363636363636366,9.857845717594067,0.0,0.0,0.0,0.0
5273.25,5274.15,47.9868608,-81.8484864,560.251,9.847,-0.742,-0.257,9.878510263482513,0.0,0.0,0.0,0.0
5274.25,5274.25,47.9868608,-81.8484864,560.4735000000001,9.8575,-0.62625,-0.20500000000000002,9.879607963652976,0.0,0.0,0.0,0.0
5274.25,5274.35,47.98686080000001,-81.8484864,560.607,9.864545454545455,-0.7081818181818181,-0.16,9.891475723748544,0.0,0.0,0.0,0.0
5274.25,5274.45,47.98686080000001,-81.8484864,560.518,9.86,-0.8522222222222222,-0.20444444444444443,9.899167011873313,0.0,0.0,0.0,0.0
5274.25,5274.55,47.9868608,-81.8484864,560.607,9.873636363636363,-0.8272727272727273,-0.19636363636363638,9.910397752673617,0.0,0.0,0.0,0.0
5274.25,5274.65,47.9868608,-81.8484864,560.162,9.894,-0.6130000000000001,-0.182,9.915004511907963,0.0,0.0,0.0,0.0
5274.25,5274.75,47.9868608,-81.8484864,560.429,9.88625,-0.63,-0.1775,9.908030864826706,0.0,0.0,0.0,0.0
5274.25,5274.85,47.9868608,-81.8484864,560.429,9.879090909090909,-0.8563636363636363,-0.18454545454545454,9.918134351459488,0.0,0.0,0.0,0.0
5274.25,5274.95,47.98686080000001,-81.8484864,559.8065,9.870000000000001,-0.8780000000000001,-0.238,9.91199449570848,0.0,0.0,0.0,0.0
5274.25,5275.05,47.9868608,-81.8484864,560.429,9.889,-0.651,-0.20400000000000001,9.912878975093324,0.0,0.0,0.0,0.0
5274.25,5275.15,47.9868608,-81.8484864,560.2955,9.87,-0.5770000000000001,-0.192,9.889105797806085,0.0,0.0,0.0,0.0
5275.25,5275.25,47.9868608,-81.8484864,560.251,9.853333333333333,-0.7922222222222222,-0.22555555555555554,9.887895638116488,0.0,0.0,0.0,0.0
5275.25,5275.35,47.98686080000001,-81.8484864,560.0735,9.868999999999998,-0.922,-0.14900000000000002,9.913381097051381,0.0,0.0,0.0,0.0
5275.25,5275.45,47.98686080000001,-81.8484864,560.429,9.865,-0.7609999999999999,-0.14899999999999997,9.895693739844369,0.0,0.0,0.0,0.0
5275.25,5275.55,47.9868608,-81.8484864,560.34,9.889,-0.6119999999999999,-0.23700000000000004,9.910905175863352,0.0,0.0,0.0,0.0
5275.25,5275.65,47.9868608,-81.8484864,560.162,9.892,-0.666,-0.196,9.916544521063768,0.0,0.0,0.0,0.0
5275.25,5275.75,47.9868608,-81.8484864,560.251,9.845000000000002,-0.875,-0.271,9.887726410577413,0.0,0.0,0.0,0.0
5275.25,5275.85,47.98686080000001,-81.8484864,560.0285,9.85888888888889,-0.8288888888888889,-0.24111111111111116,9.896915604579597,0.0,0.0,0.0,0.0
5275.25,5275.95,47.9868608,-81.8484864,559.895,9.878000000000002,-0.661,-0.16299999999999998,9.901628418660312,0.0,0.0,0.0,0.0
5275.25,5276.05,47.9868608,-81.8484864,560.251,9.852999999999998,-0.625,-0.2,9.87510930114914,0.0,0.0,0.0,0.0
5275.25,5276.15,47.9868608,-81.8484864,559.984,9.864999999999998,-0.768,-0.164,9.896550867551202,0.0,0.0,0.0,0.0
5276.25,5276.25,47.9868608,-81.8484864,559.895,9.855,-0.873,-0.195,9.895768947287708,0.0,0.0,0.0,0.0
5276.25,5276.35,47.98686080000001,-81.8484864,560.162,9.88888888888889,-0.7322222222222222,-0.23888888888888887,9.919441579040074,0.0,0.0,0.0,0.0
5276.25,5276.45,47.98686080000001,-81.8484864,560.073,9.885,-0.6180000000000001,-0.203,9.906552111225167,0.0,0.0,0.0,0.0
5276.25,5276.55,47.9868608,-81.8484864,560.073,9.886,-0.6839999999999999,-0.22699999999999995,9.912641462936168,0.0,0.0,0.0,0.0
5276.25,5276.65,47.9868608,-81.8484864,559.984,9.885555555555557,-0.8244444444444444,-0.23777777777777778,9.92295183421394,0.0,0.0,0.0,0.0
5276.25,5276.75,47.9868608,-81.8484864,560.073,9.875,-0.808,-0.195,9.910356457837745,0.0,0.0,0.0,0.0
5276.25,5276.85,47.98686080000001,-81.8484864,560.0285,9.876666666666669,-0.6755555555555556,-0.2088888888888889,9.902290188872444,0.0,0.0,0.0,0.0
5276.25,5276.95,47.98686080000001,-81.8484864,560.162,9.879999999999999,-0.6279999999999999,-0.167,9.901616042110554,0.0,0.0,0.0,0.0
5276.25,5277.05,47.9868608,-81.8484864,560.162,9.885454545454545,-0.7954545454545453,-0.21454545454545454,9.92004980907534,0.0,0.0,0.0,0.0
5276.25,5277.15,47.9868608,-81.8484864,560.073,9.866666666666667,-0.8366666666666667,-0.23444444444444443,9.904969990690539,0.0,0.0,0.0,0.0
5277.25,5277.25,47.9868608,-81.8484864,559.8064999999999,9.856,-0.7249999999999999,-0.193,9.884892487050822,0.0,0.0,0.0,0.0
5277.25,5277.35,47.98686080000001,-81.8484864,560.073,9.893333333333334,-0.6788888888888889,-0.288888888888889,9.9209007102229,0.0,0.0,0.0,0.0
5277.25,5277.45,47.98686080000001,-81.8484864,560.162,9.866666666666667,-0.74,-0.18777777777777777,9.896738013947967,0.0,0.0,0.0,0.0
5277.25,5277.55,47.9868608,-81.8484864,559.895,9.858181818181817,-0.8218181818181818,-0.17363636363636362,9.894156029167451,0.0,0.0,0.0,0.0
5277.25,5277.65,47.9868608,-81.8484864,560.073,9.852222222222224,-0.7911111111111111,-0.20222222222222225,9.88664108291401,0.0,0.0,0.0,0.0
5277.25,5277.75,47.9868608,-81.8484864,560.1175000000001,9.874999999999998,-0.688,-0.14599999999999996,9.900412323260804,0.0,0.0,0.0,0.0
5277.25,5277.85,47.98686080000001,-81.8484864,560.073,9.882727272727273,-0.6990909090909091,-0.22363636363636366,9.910398780537665,0.0,0.0,0.0,0.0
5277.25,5277.95,47.9868608,-81.8484864,559.851,9.8525,-0.79,-0.21625,9.886708346015514,0.0,0.0,0.0,0.0
5277.25,5278.05,47.9868608,-81.8484864,559.806,9.848181818181818,-0.8218181818181818,-0.22454545454545452,9.885199818764692,0.0,0.0,0.0,0.0
5277.25,5278.15,47.9868608,-81.8484864,559.895,9.851111111111111,-0.7611111111111112,-0.2733333333333334,9.884728469398755,0.0,0.0,0.0,0.0
5278.25,5278.25,47.9868608,-81.8484864,560.1175000000001,9.896,-0.66,-0.20400000000000001,9.920287143464956,0.0,0.0,0.0,0.0
5278.25,5278.35,47.98686080000001,-81.8484864,559.984,9.83909090909091,-0.7627272727272728,-0.1890909090909091,9.87124077839917,0.0,0.0,0.0,0.0
5278.25,5278.45,47.9868608,-81.8484864,560.3845,9.8575,-0.8325,-0.20124999999999998,9.894782083658448,0.0,0.0,0.0,0.0
5278.25,5278.55,47.9868608,-81.8484864,560.34,9.886363636363638,-0.7618181818181818,-0.1109090909090909,9.916734737759647,0.0,0.0,0.0,0.0
5278.25,5278.65,47.9868608,-81.8484864,559.8065,9.878,-0.6779999999999999,-0.197,9.903434192680622,0.0,0.0,0.0,0.0
5278.25,5278.75,47.9868608,-81.8484864,559.806,9.883333333333333,-0.7244444444444444,-0.23444444444444443,9.912860363214666,0.0,0.0,0.0,0.0
5278.25,5278.85,47.98686080000001,-81.8484864,560.162,9.882727272727271,-0.8136363636363636,-0.23636363636363636,9.91942505819463,0.0,0.0,0.0,0.0
5278.25,5278.95,47.9868608,-81.8484864,560.0285,9.868749999999999,-0.80625,-0.29625,9.906246330785569,0.0,0.0,0.0,0.0
5278.25,5279.05,47.9868608,-81.8484864,559.984,9.870909090909091,-0.6981818181818181,-0.18999999999999997,9.897914980248293,0.0,0.0,0.0,0.0
5278.25,5279.15,47.9868608,-81.8484864,560.1175000000001,9.867,-0.685,-0.145,9.892124550947653,0.0,0.0,0.0,0.0
5279.25,5279.25,47.9868608,-81.8484864,560.607,9.874444444444444,-0.7655555555555555,-0.1711111111111111,9.905851752278673,0.0,0.0,0.0,0.0
5279.25,5279.35,47.98686080000001,-81.8484864,560.251,9.878181818181817,-0.8309090909090909,-0.15363636363636363,9.914448500189014,0.0,0.0,0.0,0.0
5279.25,5279.45,47.9868608,-81.8484864,560.251,9.88111111111111,-0.7100000000000001,-0.16888888888888887,9.9085932804656,0.0,0.0,0.0,0.0
5279.25,5279.55,47.9868608,-81.8484864,560.251,9.883999999999999,-0.6839999999999999,-0.22400000000000003,9.910478796191764,0.0,0.0,0.0,0.0
5279.25,5279.65,47.9868608,-81.8484864,560.518,9.870000000000001,-0.7379999999999999,-0.199,9.900040199651526,0.0,0.0,0.0,0.0
5279.25,5279.75,47.9868608,-81.8484864,559.984,9.885555555555555,-0.791111111111111,-0.25333333333333335,9.920920012046789,0.0,0.0,0.0,0.0
5279.25,5279.85,47.98686080000001,-81.8484864,560.2065,9.895454545454545,-0.7718181818181818,-0.20272727272727273,9.928140378554945,0.0,0.0,0.0,0.0
5279.25,5279.95,47.9868608,-81.8484864,560.518,9.864,-0.6730000000000002,-0.15899999999999997,9.888647732520226,0.0,0.0,0.0,0.0
5279.25,5280.05,47.9868608,-81.8484864,560.162,9.882222222222222,-0.6922222222222223,-0.18777777777777777,9.908334630950646,0.0,0.0,0.0,0.0
5279.25,5280.15,47.9868608,-81.8484864,560.34,9.863000000000001,-0.794,-0.155,9.896393310350813,0.0,0.0,0.0,0.0
5280.25,5280.25,47.9868608,-81.8484864,560.251,9.858,-0.817,-0.172,9.893451886103929,0.0,0.0,0.0,0.0
5280.25,5280.35,47.98686080000001,-81.8484864,560.8734999999999,9.878000000000002,-0.6990000000000001,-0.28300000000000003,9.906937431587572,0.0,0.0,0.0,0.0
5280.25,5280.45,47.9868608,-81.8484864,559.895,9.887999999999998,-0.6639999999999999,-0.14800000000000002,9.911557437209966,0.0,0.0,0.0,0.0
5280.25,5280.55,47.9868608,-81.8484864,560.6514999999999,9.878888888888888,-0.7611111111111112,-0.22,9.910972623311963,0.0,0.0,0.0,0.0
5280.25,5280.65,47.9868608,-81.8484864,560.073,9.862,-0.8489999999999999,-0.26599999999999996,9.902286498856595,0.0,0.0,0.0,0.0
5280.25,5280.75,47.98686080000001,-81.8484864,560.2955,9.881,-0.753,-0.10800000000000001,9.910379110800239,0.0,0.0,0.0,0.0
5280.25,5280.85,47.9868608,-81.8484864,560.073,9.889999999999999,-0.65,-0.20400000000000001,9.913683202562403,0.0,0.0,0.0,0.0
5280.25,5280.95,47.9868608,-81.8484864,560.251,9.855,-0.6880000000000001,-0.197,9.881093644872529,0.0,0.0,0.0,0.0
5280.25,5281.05,47.9868608,-81.8484864,560.1175000000001,9.885555555555555,-0.8066666666666666,-0.16666666666666666,9.920057869440848,0.0,0.0,0.0,0.0
5280.25,5281.15,47.9868608,-81.8484864,560.251,9.857777777777777,-0.8077777777777779,-0.29000000000000004,9.895216311392375,0.0,0.0,0.0,0.0
5281.25,5281.25,47.98686080000001,-81.8484864,560.073,9.867,-0.7060000000000001,-0.221,9.894873445961677,0.0,0.0,0.0,0.0
5281.25,5281.35,47.9868608,-81.8484864,559.895,9.9,-0.662,-0.202,9.924246165220262,0.0,0.0,0.0,0.0
5281.25,5281.45,47.9868608,-81.8484864,560.251,9.885,-0.751,-0.24700000000000003,9.916825693890267,0.0,0.0,0.0,0.0
5281.25,5281.55,47.9868608,-81.8484864,560.073,9.882000000000001,-0.8110000000000002,-0.12800000000000003,9.916257006039014,0.0,0.0,0.0,0.0
5281.25,5281.65,47.9868608,-81.8484864,559.984,9.889999999999999,-0.751111111111111,-0.14444444444444446,9.919990172786942,0.0,0.0,0.0,0.0
5281.25,5281.75,47.98686080000001,-81.8484864,560.073,9.875,-0.649,-0.22400000000000003,9.898950899369172,0.0,0.0,0.0,0.0
5281.25,5281.85,47.9868608,-81.8484864,561.051,9.883,-0.6880000000000001,-0.20600000000000002,9.909256530822004,0.0,0.0,0.0,0.0
5281.25,5281.95,47.9868608,-81.8484864,560.829,9.89,-0.808,-0.286,9.92747459969237,0.0,0.0,0.0,0.0
5281.25,5282.05,47.9868608,-81.8484864,560.518,9.883636363636363,-0.7872727272727272,-0.23545454545454544,9.918028847750703,0.0,0.0,0.0,0.0
5281.25,5282.15,47.9868608,-81.8484864,560.6514999999999,9.88875,-0.69875,-0.0975,9.913982325213636,0.0,0.0,0.0,0.0
5282.25,5282.25,47.98686080000001,-81.8484864,560.429,9.895,-0.655,-0.18999999999999997,9.918672029983721,0.0,0.0,0.0,0.0
5282.25,5282.35,47.9868608,-81.8484864,560.3845,9.842727272727274,-0.7599999999999999,-0.1509090909090909,9.873553305617863,0.0,0.0,0.0,0.0
5282.25,5282.45,47.9868608,-81.8484864,560.2955,9.893333333333334,-0.8288888888888889,-0.15333333333333335,9.929428545281107,0.0,0.0,0.0,0.0
5282.25,5282.55,47.9868608,-81.8484864,560.34,9.882727272727273,-0.73,-0.2990909090909091,9.914304751424332,0.0,0.0,0.0,0.0
5282.25,5282.65,47.9868608,-81.8484864,560.6514999999999,9.84375,-0.67875,-0.26375,9.870848520689272,0.0,0.0,0.0,0.0
5282.25,5282.75,47.98686080000001,-81.8484864,560.962,9.872,-0.7110000000000001,-0.209,9.900251202889029,0.0,0.0,0.0,0.0
5282.25,5282.85,47.9868608,-81.8484864,560.3845,9.865454545454543,-0.8118181818181818,-0.21727272727272726,9.901754570807116,0.0,0.0,0.0,0.0
5282.25,5282.95,47.9868608,-81.8484864,560.785,9.86888888888889,-0.7833333333333333,-0.11666666666666667,9.90105161678236,0.0,0.0,0.0,0.0
5282.25,5283.05,47.9868608,-81.8484864,560.607,9.862727272727273,-0.7072727272727273,-0.13545454545454547,9.889441332218627,0.0,0.0,0.0,0.0
5282.25,5283.15,47.9868608,-81.8484864,560.607,9.891111111111112,-0.6822222222222222,-0.20222222222222222,9.916767734310968,0.0,0.0,0.0,0.0
5283.25,5283.25,47.98686080000001,-81.8484864,560.785,9.910000000000002,-0.7733333333333332,-0.21555555555555558,9.942930796711833,0.0,0.0,0.0,0.0
5283.25,5283.35,47.9868608,-81.8484864,560.2955,9.850909090909092,-0.7945454545454544,-0.2872727272727273,9.920304793707915,0.0,0.0,0.0,0.0
5283.25,5283.45,47.9868608,-81.8484864,560.34,10.315555555555555,-0.6977777777777778,-0.4377777777777778,10.363601051567947,0.0,0.0,0.0,0.0
5283.25,5283.55,47.9868608,-81.8484864,559.5840000000001,132.9018181818182,2.002727272727273,1.2254545454545456,133.018874633009,0.06363636363636363,0.0,0.0,0.06363636363636363
5283.25,5283.65,47.9868608,-81.8484864,560.162,147.3011111111111,1.721111111111111,1.2866666666666666,147.3315119283432,0.1,0.0,0.0,0.1
5283.25,5283.75,47.98686080000001,-81.8484864,560.873,144.46999999999997,2.636666666666667,1.0433333333333334,144.53504438540477,0.45999999999999996,0.0,0.0,0.45999999999999996
5283.25,5283.85,47.9868608,-81.8484864,564.9205,143.08999999999997,2.4709090909090907,1.160909090909091,143.12106979617508,0.5454545454545454,0.0,0.0,0.5454545454545454
5283.25,5283.95,47.9868608,-81.8484864,570.394,143.077,2.645,1.221,143.10808495033226,0.7,0.0,0.011111111111111112,0.7006917527588727
5283.25,5284.05,47.9868608,-81.8484864,577.7415,143.478,2.54,1.5230000000000001,143.50941498061218,0.9454545454545453,0.0,0.1,0.9507854995171268
5283.25,5284.15,47.9868608,-81.8484864,586.611,144.506,2.383,1.514,144.53427274104266,1.2888888888888888,0.0,0.1,1.2927954271998228
5284.25,5284.25,47.98686080000001,-81.8484864,597.3225,145.10875000000001,2.1725,1.7037499999999999,145.13591771094428,1.7777777777777777,0.0,0.1,1.780611864290989
5284.25,5284.35,47.986838399999996,-81.84849919999999,609.119,144.78363636363636,2.0436363636363635,1.6390909090909092,144.80984840597515,2.4454545454545453,0.0,0.1,2.447515418750882
5284.25,5284.45,47.986817599999995,-81.84850879999999,618.962,145.017,1.7729999999999997,1.559,145.03749014120686,3.1333333333333333,0.0,0.011111111111111112,3.1335316828027087
5284.25,5284.55,47.986824,-81.848496,634.064,146.023,1.7570000000000001,0.9309999999999998,146.03828794730524,4.054545454545454,-0.03636363636363637,0.0,4.05496364835865
5284.25,5284.65,47.986832,-81.84848,649.64,147.71300000000002,1.468,0.367,147.722236151177,4.89,-0.1,0.08,4.8918300320520185
5284.25,5284.75,47.98683946666666,-81.8484608,666.553,149.64333333333332,1.0522222222222222,-0.5033333333333333,149.6501341177612,5.800000000000001,-0.025,0.1,5.801093251971733
5284.25,5284.85,47.986848,-81.848448,689.363,150.603,0.373,-1.493,150.6127619720756,6.845454545454545,-0.09090909090909091,0.11818181818181818,6.847222110336381
5284.25,5284.95,47.9868496,-81.8484416,712.7375,151.60399999999998,0.10900000000000001,-2.116,151.62035076713772,7.6,-0.08,0.25999999999999995,7.605101328786381
5284.25,5285.05,47.9868544,-81.848432,736.989,152.52900000000002,-0.38999999999999996,-2.547,152.55707682713373,8.48,-0.01,0.29999999999999993,8.485365267864177
5284.25,5285.15,47.9868624,-81.8484192,756.442,153.441,-0.641,-2.8449999999999998,153.47560928351848,8.830000000000002,-0.06999999999999999,0.31999999999999995,8.836267050485057
5285.25,5285.25,47.986869333333324,-81.84840106666667,783.7925,154.28555555555556,-0.8666666666666667,-3.5033333333333334,154.33596496354292,9.2625,-0.025,0.4,9.27127391477375
5285.25,5285.35,47.9868768,-81.8483904,816.082,154.446,-1.6920000000000002,-3.569,154.50662400336506,9.836363636363636,-0.05454545454545454,0.3909090909090909,9.844685442561381
5285.25,5285.45,47.986881600000004,-81.8483808,845.8340000000001,155.06300000000002,-2.324,-4.398000000000001,155.14453797844948,10.459999999999999,-0.01,0.47000000000000003,10.47073722251452
5285.25,5285.55,47.986888,-81.8483648,881.04,155.248,-2.5599999999999996,-5.029,155.35465264878866,11.070000000000002,0.0,0.47000000000000003,11.08010887548251
5285.25,5285.65,47.98689386666666,-81.84835413333333,915.0625,155.55555555555554,-3.4044444444444446,-5.444444444444445,155.69359211073024,11.77,0.0,0.5,11.780617724409113
5285.25,5285.75,47.9868992,-81.8483328,956.004,156.00333333333333,-3.8899999999999997,-7.366666666666668,156.22818689582144,12.466666666666667,0.022222222222222223,0.5,12.476780301029178
5285.25,5285.85,47.986912,-81.84832,1003.072,156.386,-3.961,-8.41,156.6653378697691,13.209999999999999,0.05,0.5299999999999999,13.220880201605715
5285.25,5285.95,47.9869184,-81.8482944,1038.1975,154.084,-5.92,-8.809999999999999,154.4707307952606,13.910000000000002,0.12,0.5999999999999999,13.923507959586175
5285.25,5286.05,47.9869232,-81.848288,1091.56,150.42454545454547,-7.761818181818182,-11.015454545454547,151.03403491030437,15.35,0.17,0.51,15.35952746602826
5285.25,5286.15,47.986929599999996,-81.8482688,1053.8665,149.62888888888887,-8.144444444444444,-13.87,150.49857632044368,16.250000000000004,0.21000000000000002,0.44000000000000006,16.25742176173236
5286.25,5286.25,47.986935466666665,-81.8482432,1034.837,148.45555555555555,-7.348888888888889,-14.805555555555555,149.3749359987738,16.544444444444444,0.2666666666666667,0.4444444444444444,16.55270208703284
5286.25,5286.35,47.9869408,-81.848224,1035.683,146.837,-7.45,-14.282000000000002,147.72625346647442,16.04,0.1,0.37,16.04469083872024
5286.25,5286.45,47.9869504,-81.8482048,1054.991,144.76444444444445,-8.194444444444445,-12.53,145.54255866729747,15.069999999999999,0.01,0.29999999999999993,15.073019283661788
5286.25,5286.55,47.9869536,-81.8481984,1064.2365,141.64636363636365,-8.869090909090907,-12.886363636363637,142.52212704723422,13.969999999999999,-0.16999999999999998,0.18,13.972329997928849
5286.25,5286.65,47.9869536,-81.8481792,1051.9335,139.3222222222222,-7.651111111111111,-13.54111111111111,140.20225252010204,12.933333333333332,-0.24444444444444446,0.0,12.935736671840985
5286.25,5286.75,47.9869568,-81.8481536,1009.665,137.112,-4.28,-15.129,138.05916767070613,12.239999999999998,-0.23000000000000004,-0.15,12.243354140618038
5286.25,5286.85,47.9872544,-81.8480768,969.3465000000001,135.10999999999999,-1.6149999999999998,-12.745999999999999,135.73870380074726,11.766666666666667,-0.05555555555555555,-0.2,11.768600387387744
5286.25,5286.95,47.9870768,-81.8482464,952.929,133.16777777777781,0.8133333333333332,-10.628888888888888,133.60849868611342,11.200000000000001,0.0,-0.19,11.201648652970848
5286.25,5287.05,47.9870368,-81.848224,969.0155,130.7972727272727,1.8745454545454543,-7.256363636363636,131.0219967302445,10.372727272727273,0.0,-0.10909090909090911,10.373341963862991
5286.25,5287.15,47.987081599999996,-81.84776640000001,989.338,129.11555555555555,2.893333333333333,-5.918888888888889,129.31108844420396,9.655555555555555,0.0,-0.12222222222222223,9.656422767367024
5287.25,5287.25,47.98697813333333,-81.84739413333334,1005.539,124.627,3.194,-4.408,124.75358374863666,9.0,0.01,-0.1,9.000611932026832
5287.25,5287.35,47.9869664,-81.8472448,1037.246,111.13,3.7779999999999996,-2.944,111.23794472880108,8.488888888888889,0.011111111111111112,-0.044444444444444446,8.489211326659463
5287.25,5287.45,47.986969599999995,-81.84724159999999,1072.642,96.38,4.134444444444444,-2.1244444444444444,96.49625201867346,7.955555555555557,0.0,-0.044444444444444446,7.955834201422779
5287.25,5287.55,47.9869936,-81.8472288,1105.6895,83.9609090909091,4.373636363636364,-1.4845454545454544,84.0901023638517,7.681818181818182,0.009090909090909092,-0.05454545454545454,7.682234534697894
5287.25,5287.65,47.98699946666667,-81.847168,1138.663,77.728,4.86,-0.7830000000000001,77.88606749617034,7.400000000000001,0.011111111111111112,-0.05555555555555555,7.400449582114302
5287.25,5287.75,47.9869376,-81.8470528,1175.7984999999999,72.04777777777777,5.025555555555555,-0.22999999999999998,72.22391744283837,7.139999999999999,0.02,-0.02,7.140278735634409
5287.25,5287.85,47.9869312,-81.8469952,1215.386,67.49300000000001,5.371,0.355,67.71310735460592,6.910000000000001,0.0,-0.02,6.910143884890931
5287.25,5287.95,47.986942400000004,-81.8469696,1244.652,62.54666666666666,5.59111111111111,0.9300000000000002,62.80782832997017,6.722222222222223,0.0,-0.03333333333333334,6.722635601748582
5287.25,5288.05,47.986959999999996,-81.846912,1286.8145,54.849090909090904,6.305454545454546,1.79,55.24646308517145,6.636363636363637,0.009090909090909092,-0.05454545454545454,6.636838682346638
5287.25,5288.15,47.98695573333333,-81.84681173333333,1331.407,42.614999999999995,6.761,2.659,43.24397121554726,6.455555555555556,-0.011111111111111112,-0.044444444444444446,6.455986928767272
5288.25,5288.25,47.9870912,-81.846688,1380.4755,33.19555555555556,7.133333333333334,4.554444444444444,34.31549651997,6.409999999999999,-0.01,-0.1,6.410858225741594
5288.25,5288.35,47.9869952,-81.8465984,1442.133,26.435000000000002,7.83,6.92,28.45743553343711,6.180000000000001,0.01,-0.1,6.181216283723791
5288.25,5288.45,47.986990399999996,-81.84656960000001,1516.8885,23.743000000000002,8.463,7.361,26.276674327958062,6.077777777777778,-0.03333333333333334,-0.1,6.078872231342011
5288.25,5288.55,47.986995199999996,-81.84651840000001,1588.216,16.113,8.616000000000001,8.781000000000002,20.379894443430302,6.0,0.0,-0.1,6.00083340171608
5288.25,5288.65,47.98698133333334,-81.846496,1635.255,7.234,8.461,8.148,14.132451942785952,6.040000000000001,-0.02,-0.1,6.040994620410075
5288.25,5288.75,47.9869952,-81.8462656,1716.078,-3.5244444444444443,8.363333333333332,7.937777777777778,12.2572718804797,6.088888888888889,-0.011111111111111112,-0.1,6.0897996607594
5288.25,5288.85,47.986928,-81.8461504,1794.218,-10.988181818181818,7.586363636363637,8.491818181818184,15.932155577308622,6.130000000000001,-0.01,-0.1,6.130896545576142
5288.25,5288.95,47.986992,-81.8461408,1885.6105,-17.01666666666667,7.616666666666666,8.523333333333333,20.517563389443453,6.077777777777778,-0.011111111111111112,-0.1,6.078690211753947
5288.25,5289.05,47.9870176,-81.84613440000001,1969.363,-20.824,7.715999999999999,9.142000000000001,24.033628425838273,6.118181818181818,0.0,-0.12727272727272732,6.119662363758656
5288.25,5289.15,47.98696426666667,-81.84613333333334,2025.5825,-25.592000000000002,7.061,8.856,27.999997460403243,6.15,-0.02,-0.1,6.150975630201481
5289.25,5289.25,47.9870144,-81.8459136,2089.921,-28.720999999999997,7.249,8.919,30.949400471605664,6.011111111111111,-0.011111111111111112,-0.15555555555555556,6.013413647952088
5289.25,5289.35,47.986912,-81.8459136,2158.0805,-33.504,6.786000000000001,8.651,35.276261650700775,6.090909090909091,0.0,-0.14545454545454548,6.092851231108941
5289.25,5289.45,47.986939199999995,-81.8458144,2205.5625,-36.787777777777784,6.551111111111111,8.575555555555555,38.343774662589816,6.144444444444445,-0.011111111111111112,-0.1444444444444445,6.146428565045015
5289.25,5289.55,47.9869504,-81.8457056,2291.234,-40.378,6.322999999999999,8.315000000000001,41.73330174722785,6.16,0.0,-0.13000000000000003,6.161541261070628
5289.25,5289.65,47.9870048,-81.84569173333334,2369.4135,-44.89,5.922999999999999,8.219,46.03080141676361,6.2,0.0,-0.1,6.20080665102315
5289.25,5289.75,47.9870656,-81.845472,2420.399,-46.919000000000004,5.481,7.603,47.86237803933514,6.166666666666667,-0.011111111111111112,-0.17777777777777778,6.16947346101443
5289.25,5289.85,47.98696,-81.8455232,2483.9165000000003,-49.247,5.208,7.103999999999999,50.044801355512845,6.336363636363637,0.0,-0.1,6.337152763306997
5289.25,5289.95,47.9869872,-81.84536,2550.561,-51.46888888888889,4.617777777777778,6.588888888888889,52.100934368264774,6.433333333333334,-0.011111111111111112,-0.17777777777777778,6.435999719273767
5289.25,5290.05,47.98705066666667,-81.84504746666666,2628.4385,-50.666000000000004,4.071,6.113,51.197689877646475,6.640000000000001,0.0,-0.2,6.643011528591624
5289.25,5290.15,47.987096533333336,-81.8449344,2688.4219999999996,-49.408888888888896,3.6277777777777778,5.303333333333333,49.8278604469605,6.76,0.0,-0.16,6.7620728488550075
5290.25,5290.25,47.9871264,-81.844992,2753.975,-48.217,3.0439999999999996,4.526,48.53425488501419,6.890000000000001,0.0,-0.19,6.892679707205916
5290.25,5290.35,47.9871392,-81.8450112,2798.9865,-46.799,2.92,4.010999999999999,47.06884938477393,7.08,0.0,-0.2,7.082824609564146
5290.25,5290.45,47.9871024,-81.8450304,2859.364,-45.806666666666665,2.5155555555555558,3.2866666666666666,45.99717904455444,7.222222222222222,0.0,-0.2,7.224991132209094
5290.25,5290.55,47.9870976,-81.84493653333334,2930.8365,-44.63727272727273,1.9418181818181814,2.5000000000000004,44.75417674909084,7.409999999999999,0.0,-0.2,7.412698804913456
5290.25,5290.65,47.9871552,-81.8445312,3019.125,-43.632222222222225,1.7822222222222222,1.7633333333333332,43.707079754245996,7.6899999999999995,0.0,-0.2,7.692600821759015
5290.25,5290.75,47.987216,-81.8445568,3053.953,-42.702999999999996,1.438,1.252,42.74994026545674,7.9399999999999995,0.0,-0.2,7.942518746958609
5290.25,5290.85,47.9872304,-81.84454400000001,3094.468,-41.53099999999999,1.011,0.45200000000000007,41.549186383373865,8.209999999999999,0.0,-0.2,8.212436089656428
5290.25,5290.95,47.9872368,-81.84452160000001,3149.996,-40.582,0.6070000000000001,-0.4109999999999999,40.5897522323401,8.344444444444445,0.0,-0.2,8.346841067065483
5290.25,5291.05,47.9872288,-81.844512,3227.4225,-39.783,0.333,-1.294,39.80823149405391,8.629999999999999,0.0,-0.2,8.632317749590205
5290.25,5291.15,47.9872288,-81.844512,3303.958,-38.99666666666667,0.08777777777777777,-2.0344444444444445,39.05272400165952,8.88888888888889,0.0,-0.2,8.891138758556803
5291.25,5291.25,47.9872288,-81.844512,3334.688,-38.14,-0.402,-2.694,38.241004200908435,9.099999999999998,0.0,-0.2,9.10219758990745
5291.25,5291.35,47.987243199999995,-81.8444672,3386.979,-37.25909090909091,-0.7127272727272728,-3.5845454545454545,37.44019075748517,9.3,0.0,-0.25,9.303491113134159
5291.25,5291.45,47.9872576,-81.8444064,3436.987,-36.26888888888888,-1.0866666666666667,-4.228888888888889,36.534216056845224,9.53,0.0,-0.2899999999999999,9.534455321638706
5291.25,5291.55,47.9872576,-81.84438613333333,3513.321,-35.403,-1.361,-4.873,35.764049141622706,9.75,0.0,-0.29999999999999993,9.754614607921768
5291.25,5291.65,47.987264,-81.844352,3542.206,-34.731111111111105,-1.5777777777777777,-5.447777777777778,35.194176560179,9.877777777777778,-0.011111111111111112,-0.3,9.882388578842617
5291.25,5291.75,47.98725760000001,-81.844336,3596.6125,-33.987,-1.892,-6.061999999999999,34.577737281147435,10.02,-0.01,-0.29999999999999993,10.024540239057492
5291.25,5291.85,47.9872496,-81.84431359999999,3684.358,-33.22090909090909,-2.1363636363636362,-6.661818181818182,33.95424548654639,10.190000000000001,0.0,-0.29999999999999993,10.1944151762408
5291.25,5291.95,47.987248,-81.84429866666666,3716.8819999999996,-32.403333333333336,-2.49,-7.198888888888888,33.28825609927043,10.27,-0.01,-0.29999999999999993,10.274428985489715
5291.25,5292.05,47.9872544,-81.8440576,3757.187,-31.687,-2.808,-7.652000000000001,32.72262314520991,10.430000000000001,-0.030000000000000006,-0.29999999999999993,10.434457081089146
5291.25,5292.15,47.9871552,-81.8439744,3798.342,-30.931,-3.1209999999999996,-8.251999999999999,32.169843933744446,10.577777777777778,0.0,-0.3,10.582031274171536
5292.25,5292.25,47.9871648,-81.8438816,3874.8735,-30.148888888888887,-3.4711111111111115,-8.901111111111112,31.633043816601166,10.739999999999998,-0.04,-0.29999999999999993,10.744375188170935
5292.25,5292.35,47.9872144,-81.8437888,3902.118,-29.122727272727275,-3.793636363636365,-9.586363636363638,30.896889828854338,10.890909090909092,-0.06363636363636363,-0.29999999999999993,10.895332401810263
5292.25,5292.45,47.987254400000005,-81.8437888,3956.117,-28.230000000000004,-4.038888888888889,-10.051111111111112,30.239808189071155,11.011111111111111,-0.06666666666666667,-0.3,11.015500161834801
5292.25,5292.55,47.9878528,-81.8437376,4039.232,-27.487000000000002,-4.391,-10.628,29.79939150845296,11.09,-0.08,-0.29999999999999993,11.094417365047104
5292.25,5292.65,47.9878848,-81.8437248,4059.215,-27.176000000000005,-4.6240000000000006,-11.152000000000001,29.738525002676123,11.233333333333333,-0.07777777777777778,-0.37777777777777777,11.240104910611961
5292.25,5292.75,47.9880192,-81.8436864,4103.693,-26.764444444444447,-4.923333333333333,-11.702222222222222,29.623992258465275,11.38,-0.1,-0.31999999999999995,11.385009308896887
5292.25,5292.85,47.98802773333333,-81.8436864,4179.108,-26.39454545454545,-5.285454545454546,-11.987272727272728,29.468465481450576,11.41818181818182,-0.1,-0.29999999999999993,11.422560009336866
5292.25,5292.95,47.988032,-81.84367786666667,4201.1825,-26.292999999999996,-5.408,-12.270999999999999,29.51714263471685,11.488888888888889,-0.1111111111111111,-0.37777777777777777,11.495750935698396
5292.25,5293.05,47.9880896,-81.8436736,4234.937,-25.944444444444443,-5.7811111111111115,-12.612222222222222,29.42202986416302,11.55,-0.11000000000000001,-0.37,11.556579018660408
5292.25,5293.15,47.9881024,-81.8436032,4306.719499999999,-25.59111111111111,-5.875555555555556,-12.943333333333335,29.27533124808717,11.589999999999998,-0.12000000000000002,-0.4,11.59759008211292
5293.25,5293.25,47.988104,-81.84358399999999,4342.871,-25.38,-6.09,-13.088888888888889,29.199602786617156,11.622222222222222,-0.12222222222222223,-0.4,11.629820750022354
5293.25,5293.35,47.98811413333333,-81.843552,4385.0505,-24.933636363636367,-6.403636363636363,-13.413636363636364,29.031185007467403,11.69090909090909,-0.16363636363636364,-0.3727272727272727,11.698178395682357
5293.25,5293.45,47.9881184,-81.84354133333333,4458.84,-24.537,-6.591000000000001,-13.544999999999998,28.793457963819275,11.677777777777777,-0.16666666666666669,-0.3888888888888889,11.685577514902393
5293.25,5293.55,47.9881184,-81.84352,4490.8145,-24.184,-6.514,-13.491,28.448823267603615,11.569999999999999,-0.19,-0.4,11.578510730699168
5293.25,5293.65,47.9881216,-81.8435008,4512.818499999999,-23.772222222222226,-6.463333333333334,-13.29,27.992133946440553,11.444444444444445,-0.2,-0.4,11.453179139567977
5293.25,5293.75,47.9881552,-81.8435008,4571.415,-23.279,-6.297000000000001,-13.159,27.47355845865668,11.377777777777778,-0.2,-0.4,11.386563565877134
5293.25,5293.85,47.98819093333333,-81.84344106666667,4623.952499999999,-22.822,-6.380000000000001,-13.158000000000001,27.106422541063694,11.381818181818183,-0.18181818181818182,-0.4,11.390361772737613
5293.25,5293.95,47.98818773333334,-81.84338133333334,4653.954,-22.466,-6.417,-12.970000000000002,26.72388898595015,11.309999999999999,-0.2,-0.4,11.318838341240346
5293.25,5294.05,47.9881824,-81.8433536,4716.812,-22.026999999999997,-6.437,-12.793000000000001,26.274170677126868,11.25,-0.2,-0.39,11.25857326049303
5293.25,5294.15,47.9881792,-81.8433472,4770.209,-21.75,-6.448888888888889,-12.594444444444445,25.949044572011715,11.133333333333333,-0.2,-0.4,11.142311909131449
5294.25,5294.25,47.9881776,-81.8433376,4784.139,-21.367,-6.5569999999999995,-12.522,25.620468736333834,11.1,-0.2,-0.4,11.109005356016352
5294.25,5294.35,47.98817813333333,-81.84332373333334,4832.0715,-20.921999999999997,-6.454000000000001,-12.425,25.176278572297413,11.063636363636363,-0.2,-0.4,11.072671464962518
5294.25,5294.45,47.988157866666675,-81.843296,4911.151,-20.56,-6.504,-12.270999999999999,24.812944192171678,10.99,-0.22000000000000003,-0.38,10.998915757926314
5294.25,5294.55,47.988144,-81.8432704,4930.6985,-20.270999999999997,-6.412000000000001,-12.007000000000001,24.41881876297405,10.870000000000001,-0.27999999999999997,-0.4,10.881035386301964
5294.25,5294.65,47.9881632,-81.843264,4972.755,-19.93625,-6.405,-11.77875,24.027128244306702,10.8,-0.28888888888888886,-0.4,10.811310924963813
5294.25,5294.75,47.9881632,-81.843264,5050.425499999999,-19.506,-6.365,-11.706,23.62501578717331,10.74,-0.29,-0.36,10.75009725245624
5294.25,5294.85,47.98816106666666,-81.843264,5083.937,-19.133,-6.303,-11.536,23.215639120999732,10.69,-0.29999999999999993,-0.39,10.701360079306905
5294.25,5294.95,47.98816,-81.843264,5116.542,-18.759999999999998,-6.264,-11.336,22.797903024232415,10.569999999999999,-0.29999999999999993,-0.4,10.58181953665859
5294.25,5295.05,47.98816,-81.843264,5192.6759999999995,-18.223636363636363,-6.200909090909092,-11.104545454545454,22.22494051508794,10.49,-0.29999999999999993,-0.30999999999999994,10.49890917325833
5294.25,5295.15,47.98816,-81.843264,5278.216,-17.5875,-6.135,-10.83375,21.550390527041344,10.422222222222224,-0.3111111111111111,-0.3,10.431227739059231
5295.25,5295.25,47.98816,-81.843264,5331.4055,-16.860999999999997,-5.982999999999999,-10.487,20.7441602848749,10.24,-0.32999999999999996,-0.29999999999999993,10.249810522689705
5295.25,5295.35,47.98816,-81.843264,5414.853,-15.239999999999998,-4.946,-9.575,18.680099276597225,9.930000000000001,-0.29999999999999993,-0.29999999999999993,9.9390620668557
5295.25,5295.45,47.98816,-81.843264,5492.067999999999,-14.496666666666666,-4.078888888888888,-8.185555555555554,17.155007824484276,9.530000000000001,-0.31999999999999995,-0.29999999999999993,9.540180105847508
5295.25,5295.55,47.98816,-81.843264,5491.269,-14.056363636363637,-4.096363636363637,-7.342727272727273,16.395609917732198,9.44,-0.4,-0.29999999999999993,9.453233196008776
5295.25,5295.65,47.98816,-81.843264,5516.522,-14.09,-4.617777777777778,-7.59111111111111,16.66141972881367,9.622222222222224,-0.43333333333333335,-0.3,9.636753784323822
5295.25,5295.75,47.98816,-81.843264,5548.782,-14.087777777777779,-5.165555555555555,-8.258888888888889,17.132058458002764,9.766666666666666,-0.5,-0.2555555555555556,9.782925799646218
5295.25,5295.85,47.98816,-81.843264,5615.545,-14.090000000000002,-5.413636363636363,-8.485454545454546,17.31996945585142,9.830000000000002,-0.5,-0.23000000000000004,9.845504084153665
5295.25,5295.95,47.98816,-81.843264,5613.0375,-13.933333333333334,-5.415555555555556,-8.68888888888889,17.292966360288787,9.85,-0.53,-0.2,9.866385531605324
5295.25,5296.05,47.98816,-81.843264,5637.926,-14.005454545454546,-5.590909090909091,-8.762727272727274,17.4435187528383,9.845454545454547,-0.5999999999999999,-0.2,9.865748090571229
5295.25,5296.15,47.98816,-81.843264,5673.891,-13.721111111111112,-5.71,-8.787777777777778,17.266587810872807,9.9,-0.6,-0.12222222222222223,9.919005306553391
5296.25,5296.25,47.98816,-81.843264,5728.21,-13.781111111111109,-6.095555555555555,-8.886666666666665,17.496374772462968,10.02222222222222,-0.6222222222222222,-0.1,10.042099574796206
5296.25,5296.35,47.98816,-81.843264,5740.2075,-13.641818181818183,-6.605454545454544,-8.823636363636362,17.541813596756985,10.33,-0.6300000000000001,0.0,10.349266904833176
5296.25,5296.45,47.98816,-81.843264,5771.021000000001,-13.637777777777778,-8.12,-9.25,18.382681455580986,11.144444444444444,-0.7,0.08888888888888889,11.16700392397622
5296.25,5296.55,47.98816,-81.843264,5866.061,-13.547272727272729,-10.75909090909091,-10.430909090909092,20.213063137942594,12.481818181818182,-0.6545454545454544,0.4,12.505964895129923
5296.25,5296.65,47.98816,-81.843264,5863.898499999999,-13.122,-10.7,-10.761,20.068722482716232,12.81111111111111,-0.48888888888888893,0.6777777777777777,12.838727674857832
5296.25,5296.75,47.98816,-81.843264,5903.35,-12.3675,-7.7575,-7.31125,16.353344008321116,11.522222222222222,-0.24444444444444446,0.8,11.552659458671881
5296.25,5296.85,47.98816,-81.843264,5963.228,-11.793636363636363,-6.295454545454546,-4.796363636363636,14.215681715251417,10.336363636363636,-0.17272727272727273,0.7363636363636363,10.364143667478622
5296.25,5296.95,47.98816,-81.843264,5940.805,-11.463333333333333,-6.134444444444445,-4.132222222222222,13.652940703946971,9.777777777777779,-0.2,0.6333333333333333,9.80039673166589
5296.25,5297.05,47.98816,-81.843264,5965.26,-11.116363636363637,-6.626363636363636,-4.643636363636363,13.756184694440368,9.854545454545455,-0.2727272727272727,0.5999999999999999,9.876657246963838
5296.25,5297.15,47.98816,-81.843264,6014.6815,-10.847,-6.706,-5.4,13.851928415597834,10.144444444444444,-0.3,0.6,10.166600888621652
5297.25,5297.25,47.98816,-81.843264,6044.801,-10.51125,-6.706250000000001,-5.7575,13.74140566897772,10.3,-0.2,0.5777777777777777,10.318214508492542
5297.25,5297.35,47.9827104,-81.8641344,6030.4155,-10.209999999999997,-6.181818181818182,-5.801818181818182,13.284992189558318,10.254545454545456,-0.2,0.5545454545454545,10.271607698590577
5297.25,5297.45,47.9827104,-81.8641344,6063.909,-9.991,-5.771,-5.537000000000001,12.805836974892472,10.088888888888889,-0.18888888888888888,0.6,10.108529584106842
5297.25,5297.55,47.9827104,-81.8641344,6140.3505000000005,-9.773000000000001,-5.325,-5.077,12.23593870685318,9.81818181818182,-0.1363636363636364,0.5545454545454546,9.834996530882103
5297.25,5297.65,47.9827104,-81.8641344,6109.468,-9.607,-5.144999999999999,-4.756,11.898773372757015,9.649999999999999,-0.12000000000000002,0.5,9.663774507476438
5297.25,5297.75,47.9827104,-81.8641344,6124.25,-9.405555555555557,-5.144444444444444,-4.5488888888888885,11.661113694910869,9.5125,-0.1,0.5,9.526156589059541
5297.25,5297.85,47.9827104,-81.8641344,6180.3365,-9.232,-5.021999999999999,-4.710999999999999,11.523694320929327,9.481818181818182,-0.14545454545454548,0.5,9.496235574073978
5297.25,5297.95,47.9827104,-81.8641344,6244.323,-9.045000000000002,-5.066,-4.661,11.382236404109356,9.422222222222224,-0.1111111111111111,0.5,9.436186600623408
5297.25,5298.05,47.982531200000004,-81.86462933333333,6210.537,-8.878,-4.9399999999999995,-4.757,11.239402504817324,9.372727272727273,-0.11818181818181821,0.5,9.38687705261137
5297.25,5298.15,47.98262080000001,-81.86438186666668,6229.85,-8.700999999999999,-4.914999999999999,-4.576,10.998648204054787,9.3,-0.1,0.5,9.313968005098582
5298.25,5298.25,47.9827104,-81.8641344,6306.648999999999,-8.579,-4.664999999999999,-4.514,10.777723847534064,9.233333333333334,-0.1,0.5,9.247402401587228
5298.25,5298.35,47.9827104,-81.8641344,6320.047,-8.293333333333331,-4.565555555555556,-4.696666666666666,10.578506893012149,9.2,-0.1,0.5,9.214119932232897
5298.25,5298.45,47.9827104,-81.8641344,6302.458,-8.207,-4.211,-4.495,10.27148457785339,9.059999999999999,-0.1,0.5,9.074337859862613
5298.25,5298.55,47.9827104,-81.8641344,6325.866,-8.052000000000001,-4.204,-4.142999999999999,9.986515608977044,8.91,-0.09,0.5,8.924522862039439
5298.25,5298.65,47.9827104,-81.8641344,6403.746,-7.856999999999999,-3.9599999999999995,-4.116000000000001,9.724317962422472,8.8,-0.09,0.5,8.814703623550859
5298.25,5298.75,47.9827104,-81.8641344,6422.904500000001,-7.719999999999999,-3.9159999999999995,-3.972,9.52594946171131,8.744444444444445,-0.08888888888888889,0.5,8.759235859775055
5298.25,5298.85,47.9827104,-81.8641344,6403.925,-7.593333333333334,-3.8922222222222222,-3.9655555555555555,9.411626619045848,8.649999999999999,-0.09,0.5,8.664958328417702
5298.25,5298.95,47.9827104,-81.8641344,6429.492,-7.503,-3.879,-3.9840000000000004,9.34359509500999,8.599999999999998,-0.1,0.45,8.61249053264638
5298.25,5299.05,47.9891968,-81.861536,6515.093,-7.356,-3.7989999999999995,-3.868,9.148355861199047,8.51,-0.1,0.49000000000000005,8.524740149433308
5298.25,5299.15,47.9891968,-81.861536,6544.335,-7.177777777777779,-3.6999999999999997,-3.841111111111111,8.946832700750772,8.49,-0.06,0.41000000000000003,8.500299608037448
5299.25,5299.25,47.9891968,-81.861536,6505.637,-7.101999999999999,-3.585,-3.8200000000000003,8.827425286900711,8.410000000000002,-0.06000000000000001,0.4,8.419863956977057
5299.25,5299.35,47.9891968,-81.861536,6519.96,-7.015555555555554,-3.5888888888888886,-3.7322222222222217,8.736743784186634,8.366666666666667,-0.044444444444444446,0.4,8.376488301346889
5299.25,5299.45,47.9891968,-81.861536,6578.1155,-6.938,-3.467,-3.7279999999999993,8.618587083014546,8.3,-0.05,0.4,8.309933808971792
5299.25,5299.55,47.98928,-81.8617856,6651.521,-6.741818181818181,-3.389090909090909,-3.61,8.366876480797991,8.22,0.0,0.4,8.22972683341099
5299.25,5299.65,47.98928,-81.8617856,6608.867,-6.584444444444445,-3.311111111111111,-3.5944444444444437,8.203860451601114,8.179999999999998,0.0,0.4,8.189774346402846
5299.25,5299.75,47.98928,-81.8617856,6616.614,-6.483,-3.1049999999999995,-3.629,8.06073456786125,8.099999999999998,0.0,0.4,8.10987052917616
5299.25,5299.85,47.98928,-81.8617856,6665.6885,-6.397777777777778,-3.0622222222222226,-3.477777777777778,7.91090594661524,8.066666666666666,0.0,0.4,8.076578272050877
5299.25,5299.95,47.98928,-81.8617856,6725.425,-6.2844444444444445,-2.9466666666666668,-3.4711111111111115,7.763342872958386,8.0,0.0,0.4,8.009993757800315
5299.25,5300.05,47.98928,-81.8617856,6733.415,-6.124545454545454,-2.8781818181818184,-3.423636363636364,7.58641267131002,7.9300000000000015,0.0,0.4,7.940082197498322
5299.25,5300.15,47.98928,-81.8617856,6707.476000000001,-6.067777777777778,-2.7411111111111115,-3.4155555555555552,7.48551168552615,7.877777777777778,0.0,0.4,7.887926672599509
5300.25,5300.25,47.98928,-81.8617856,6728.238,-6.0040000000000004,-2.709,-3.3630000000000004,7.399545467083053,7.81,0.0,0.4,7.820236718338592
5300.25,5300.35,47.98928,-81.8617856,6840.987,-5.897272727272727,-2.61,-3.2990909090909097,7.248290300436747,7.75,0.0,0.4,7.760316143193575
5300.25,5300.45,47.98928,-81.8617856,6860.113,-5.8025,-2.5525,-3.13375,7.077049408082273,7.699999999999999,0.0,0.4,7.710382610480496
5300.25,5300.55,47.98928,-81.8617856,6811.630999999999,-5.634545454545454,-2.3836363636363633,-3.209090909090909,6.912578382123505,7.654545454545453,0.0,0.4,7.664990076705803
5300.25,5300.65,47.98928,-81.8617856,6814.807,-5.533333333333333,-2.3233333333333333,-3.2055555555555557,6.806730272888533,7.599999999999999,0.0,0.4,7.610519036176178
5300.25,5300.75,47.98928,-81.8617856,6838.177,-5.459,-2.211,-3.129,6.67188160759746,7.55,0.0,0.4,7.56058906421317
5300.25,5300.85,47.98928,-81.8617856,6926.816,-5.392727272727273,-2.18,-3.0745454545454547,6.58750827397038,7.5,0.0,0.4,7.510659092250161
5300.25,5300.95,47.98928,-81.8617856,6958.302,-5.29875,-2.11,-2.925,6.414928722317192,7.48888888888889,0.0,0.4,7.499563962606761
5300.25,5301.05,47.98928,-81.8617856,6911.8975,-5.166363636363636,-1.9854545454545454,-3.022727272727273,6.310516006096417,7.400000000000002,0.0,0.4,7.410802925459563
5300.25,5301.15,47.98928,-81.8617856,6926.075,-5.074,-1.9380000000000002,-3.027,6.220954295989572,7.400000000000001,0.0,0.4,7.410802925459562
5301.25,5301.25,47.98928,-81.8617856,6943.879,-4.985555555555556,-1.8400000000000003,-2.9066666666666663,6.0612373497898835,7.31,0.01,0.4,7.321004301422148
5301.25,5301.35,47.98928,-81.8617856,7036.6895,-4.964545454545455,-1.788181818181818,-2.9172727272727275,6.032577988391767,7.3,0.1,0.4,7.311634564172365
5301.25,5301.45,47.98928,-81.8617856,7056.302,-4.827500000000001,-1.6887500000000002,-2.8150000000000004,5.8457454964547875,7.25,0.1,0.4,7.26171522850674
5301.25,5301.55,47.98928,-81.8617856,7013.753000000001,-4.735454545454545,-1.6663636363636363,-2.869090909090909,5.786617580192537,7.20909090909091,0.1,0.29999999999999993,7.2160233719783315
5301.25,5301.65,47.98928,-81.8617856,7029.444,-4.659,-1.584,-2.863,5.69559934617753,7.199999999999999,0.1,0.3,7.2069410986909
5301.25,5301.75,47.98928,-81.8617856,7073.1725,-4.621111111111111,-1.6755555555555555,-2.844444444444444,5.6866622200937025,7.2,0.1,0.36,7.209853975181031
5301.25,5301.85,47.98928,-81.8617856,7167.128,-4.473636363636364,-1.5463636363636366,-2.849090909090909,5.530402743809978,7.2,0.1,0.29999999999999993,7.206941098690901
5301.25,5301.95,47.98928,-81.8617856,7161.289,-4.381111111111112,-1.4477777777777778,-2.902222222222222,5.456722237414087,7.2,0.1,0.3,7.2069410986909
5301.25,5302.05,47.98928,-81.8617856,7114.3375,-4.275,-1.498,-3.03,5.458236236655576,7.254545454545454,0.16363636363636364,0.29999999999999993,7.262743512267535
5301.25,5302.15,47.98928,-81.8617856,7126.148,-4.218999999999999,-1.3940000000000001,-3.1220000000000003,5.434253702273006,7.3,0.16000000000000003,0.29999999999999993,7.308077653450235
5302.25,5302.25,47.98928,-81.8617856,7166.579,-4.143333333333334,-1.451111111111111,-3.171111111111111,5.417564276189306,7.311111111111111,0.2,0.3,7.319996451509525
5302.25,5302.35,47.98928,-81.8617856,7256.575,-4.03090909090909,-1.4945454545454544,-3.340909090909091,5.446262129609997,7.40909090909091,0.2,0.26363636363636367,7.41663561580443
5302.25,5302.45,47.98928,-81.8617856,7228.32,-3.9530000000000003,-1.392,-3.5149999999999997,5.472890868612231,7.5,0.2,0.2,7.505331438384317
5302.25,5302.55,47.98928,-81.8617856,7206.156,-3.822222222222222,-1.4366666666666665,-3.7833333333333337,5.568114445829818,7.5,0.2,0.2,7.505331438384317
5302.25,5302.65,47.98928,-81.8617856,7214.376,-3.694,-1.439,-3.978,5.6173040705379815,7.519999999999999,0.2,0.15000000000000002,7.524323249490275
5302.25,5302.75,47.98928,-81.8617856,7257.906,-3.643,-1.395,-4.143000000000001,5.691584164235566,7.577777777777777,0.2,0.1,7.581076280066696
5302.25,5302.85,47.98928,-81.8617856,7345.589,-3.5130000000000003,-1.448,-4.412000000000001,5.8239553264226025,7.563636363636363,0.2,0.07272727272727274,7.566761708237903
5302.25,5302.95,47.98928,-81.8617856,7302.0795,-3.457,-1.5740000000000003,-4.542,5.922196331346576,7.599999999999999,0.2,0.0,7.602631123499284
5302.25,5303.05,47.98928,-81.8617856,7291.474,-3.401111111111111,-1.6811111111111112,-4.825555555555557,6.139959596143172,7.699999999999999,0.2,0.0,7.702596964660685
5302.25,5303.15,47.98928,-81.8617856,7310.173000000001,-3.335,-1.8530000000000002,-5.141,6.40380152312373,7.769999999999999,0.13000000000000003,0.0,7.771227788909995
5303.25,5303.25,47.98928,-81.8617856,7397.65,-3.284,-2.0759999999999996,-5.351,6.613746843103639,7.922222222222223,0.1,0.0,7.922853350385109
5303.25,5303.35,47.98928,-81.8617856,7411.0015,-3.21,-2.195,-5.648,6.858016376158529,8.063636363636363,0.1,0.0,8.064256429579231
5303.25,5303.45,47.98928,-81.8617856,7378.967000000001,-3.1550000000000002,-2.3820000000000006,-5.827999999999999,7.043097609312985,8.190000000000001,0.1,0.0,8.190610486128673
5303.25,5303.55,47.98928,-81.8617856,7382.058,-3.1300000000000003,-2.4829999999999997,-6.007,7.215011720280179,8.3,0.07777777777777778,0.0,8.300468523827998
5303.25,5303.65,47.98928,-81.8617856,7427.07,-3.03,-2.485555555555555,-6.107777777777778,7.2585160399810364,8.370000000000001,0.04,0.0,8.37023808680278
5303.25,5303.75,47.98928,-81.8617856,7518.566,-2.9379999999999997,-2.547,-6.130000000000001,7.260375322892801,8.400000000000002,0.1,0.0,8.400595217006948
5303.25,5303.85,47.98928,-81.8617856,7466.8775000000005,-2.936,-2.4010000000000007,-6.077,7.164897661611791,8.400000000000002,0.1,0.0,8.400595217006948
5303.25,5303.95,47.98928,-81.8617856,7461.923,-2.8729999999999998,-2.341,-6.122999999999999,7.158219029474841,8.400000000000002,0.1,0.0,8.400595217006948
5303.25,5304.05,47.98928,-81.8617856,7498.3330000000005,-2.844,-2.34,-6.042999999999999,7.077759819549416,8.333333333333334,0.1,0.0,8.333933330854885
5303.25,5304.15,47.98928,-81.8617856,7559.743,-2.7988888888888885,-2.238888888888889,-6.032222222222221,7.018280106249438,8.3,0.1,0.0,8.300602387778854
5304.25,5304.25,47.98928,-81.8617856,7566.198,-2.758,-2.2670000000000003,-5.9750000000000005,6.961441127928706,8.25,0.1,0.0,8.25060606060361
5304.25,5304.35,47.98928,-81.8617856,7529.3335,-2.718,-2.224,-5.991999999999999,6.947694601435323,8.2,0.1,0.0,8.200609733428363
5304.25,5304.45,47.98928,-81.8617856,7542.756,-2.6666666666666665,-2.216666666666667,-5.9799999999999995,6.91393993717793,8.2,0.1,0.0,8.200609733428363
5304.25,5304.55,47.98928,-81.8617856,7618.7155,-2.621818181818182,-2.258181818181818,-5.953636363636363,6.887680098204777,8.12,0.1,0.0,8.120615755030835
5304.25,5304.65,47.98928,-81.8617856,7655.052,-2.5862499999999997,-2.1825,-5.8325,6.744891143901775,8.1,0.1,0.0,8.100617260431454
5304.25,5304.75,47.98928,-81.8617856,7603.022,-2.574,-2.227,-5.747,6.6814534244589625,8.099999999999998,0.1,0.0,8.100617260431452
5304.25,5304.85,47.98928,-81.8617856,7612.663500000001,-2.5472727272727274,-2.2127272727272724,-5.837272727272727,6.743702971848524,8.05,0.1,0.0,8.050621118009648
5304.25,5304.95,47.98928,-81.8617856,7634.448,-2.5,-2.261111111111111,-5.743333333333333,6.659774205843877,8.0,0.1,0.0,8.000624975587844
5304.25,5305.05,47.98928,-81.8617856,7732.476,-2.459090909090909,-2.1536363636363633,-5.6036363636363635,6.489508699765528,7.963636363636365,0.1,0.0,7.964264215752802
5304.25,5305.15,47.98928,-81.8617856,7696.205,-2.3777777777777778,-2.1455555555555557,-5.612222222222222,6.464247050588275,7.9,0.1,0.0,7.900632886041472
5305.25,5305.25,47.98928,-81.8617856,7683.777,-2.401111111111111,-2.0877777777777777,-5.511111111111111,6.366473582560047,7.900000000000001,0.1,0.0,7.900632886041473
5305.25,5305.35,47.98928,-81.8617856,0.0,-2.3400000000000003,-2.0472727272727274,-5.494545454545454,6.315551136269673,7.8,0.1,0.0,7.800640999302557
5305.25,5305.45,47.98928,-81.8617856,7743.186,-2.2422222222222223,-2.0588888888888888,-5.332222222222223,6.141683073822705,7.7555555555555555,0.1,0.0,7.756200254399813
5305.25,5305.55,47.98928,-81.8617856,7810.8955000000005,-2.260909090909091,-1.9881818181818183,-5.291818181818181,6.090162632756404,7.7,0.1,0.0,7.7006493232713815
5305.25,5305.65,47.98928,-81.8617856,7751.945,-2.2688888888888883,-1.9044444444444446,-5.21,5.995814879194998,7.625,0.1,0.0,7.625655730515805
5305.25,5305.75,47.98928,-81.8617856,7760.924,-2.19,-1.9055555555555554,-5.185555555555556,5.94384877673061,7.599999999999999,0.1,0.0,7.600657866263946
5305.25,5305.85,47.98928,-81.8617856,7778.071,-2.152727272727273,-1.9590909090909088,-5.116363636363635,5.887602108380649,7.536363636363637,0.1,0.0,7.537027084030316
5305.25,5305.95,47.98928,-81.8617856,7871.0415,-2.1500000000000004,-1.9366666666666665,-5.083333333333333,5.849890011746208,7.5,0.1,0.0,7.50066663703967
5305.25,5306.05,47.98928,-81.8617856,7867.295,-2.117272727272727,-1.9418181818181817,-5.011818181818182,5.777789484996692,7.5,0.1,0.0,7.500666637039671
5305.25,5306.15,47.98928,-81.8617856,7822.986,-2.0744444444444445,-1.9122222222222223,-4.965555555555556,5.712438382035234,7.411111111111111,0.1,0.0,7.411785755076725
5306.25,5306.25,47.98928,-81.8617856,7836.0435,-1.9933333333333338,-1.901111111111111,-4.91,5.631206480456481,7.400000000000001,0.1,0.0,7.400675644831356
5306.25,5306.35,47.98928,-81.8617856,7855.456,-1.9909090909090905,-1.950909090909091,-4.8109090909090915,5.561279275843163,7.345454545454545,0.1,0.0,7.34613523822021
5306.25,5306.45,47.98928,-81.8617856,7952.9125,-1.9609999999999999,-1.864,-4.752999999999999,5.471847939360375,7.300000000000001,0.1,0.0,7.300684899377591
5306.25,5306.55,47.98928,-81.8617856,7939.744,-1.8869999999999998,-1.7849999999999997,-4.663,5.338686693049315,7.218181818181819,0.1,0.0,7.218874499761461
5306.25,5306.65,47.98928,-81.8617856,7901.2125,-1.8960000000000001,-1.775,-4.571999999999999,5.260759275448978,7.199999999999999,0.1,0.0,7.200694410957876
5306.25,5306.75,47.98928,-81.8617856,7911.625,-1.87375,-1.69375,-4.58625,5.236687443134436,7.122222222222222,0.1,0.0,7.122924239436734
5306.25,5306.85,47.98928,-81.8617856,7957.2125,-1.8136363636363633,-1.6981818181818182,-4.506363636363637,5.146547052006623,7.045454545454546,0.1,0.0,7.0461642225275085
5306.25,5306.95,47.98928,-81.8617856,8017.391,-1.7890000000000001,-1.7289999999999999,-4.406,5.061175916482442,7.0,0.1,0.0,7.000714249274855
5306.25,5307.05,47.98928,-81.8617856,8023.375,-1.8,-1.634,-4.332,4.968939970298524,6.954545454545454,0.1,0.0,6.955264408529215
5306.25,5307.15,47.98928,-81.8617856,7975.026,-1.768,-1.6280000000000001,-4.313000000000001,4.9382886104044355,6.9,0.1,0.0,6.900724599634446
5307.25,5307.25,47.98928,-81.8617856,7981.241,-1.728888888888889,-1.6811111111111112,-4.272222222222222,4.906970363794443,6.9,0.1,0.0,6.900724599634447
5307.25,5307.35,47.98928,-81.8617856,8009.5105,-1.7040000000000002,-1.661,-4.232,4.856086209704062,6.827272727272727,0.1,0.0,6.828005075804101
5307.25,5307.45,47.98928,-81.8617856,8103.709,-1.6329999999999998,-1.653,-4.144999999999999,4.75325998059167,6.8,0.1,0.0,6.800735254367721
5307.25,5307.55,47.98928,-81.8617856,8089.8325,-1.6170000000000002,-1.623,-4.053,4.656880984423876,6.720000000000001,0.1,0.0,6.72074403255385
5307.25,5307.65,47.98928,-81.8617856,8053.932,-1.607,-1.5900000000000003,-4.025,4.617632549333438,6.7,0.1,0.0,6.700746227100382
5307.25,5307.75,47.98928,-81.8617856,8052.302,-1.6188888888888888,-1.5477777777777777,-3.998888888888889,4.583945639223901,6.6875,0.0625,0.0,6.687966391937739
5307.25,5307.85,47.98928,-81.8617856,8062.3665,-1.554,-1.5510000000000002,-3.9730000000000003,4.540400590627945,6.6,0.02727272727272728,0.0,6.600206599713736
5307.25,5307.95,47.98928,-81.8617856,8126.148,-1.4849999999999999,-1.525,-3.836,4.388032203006771,6.56,0.1,0.0,6.560762193473421
5307.25,5308.05,47.98928,-81.8617856,8178.669,-1.5172727272727273,-1.4845454545454546,-3.7690909090909086,4.327180311196512,6.5,0.1,0.0,6.500769185258003
5307.25,5308.15,47.98928,-81.8617856,8125.276,-1.5022222222222221,-1.4122222222222223,-3.728888888888889,4.262864825723779,6.45,0.1,0.0,6.4507751937900535
5308.25,5308.25,47.98928,-81.8617856,8117.209,-1.4511111111111112,-1.39,-3.6966666666666663,4.2082161378260325,6.4,0.1,0.0,6.400781202322104
5308.25,5308.35,47.98928,-81.8617856,8124.185,-1.432,-1.4129999999999998,-3.6620000000000004,4.178889175805713,6.359999999999999,0.04,0.0,6.360316200475014
5308.25,5308.45,47.98928,-81.8617856,8140.995,-1.4,-1.4209999999999998,-3.596,4.113907041835908,6.299999999999999,0.1,0.0,6.300793600809344
5308.25,5308.55,47.98928,-81.8617856,8228.141,-1.3599999999999999,-1.418181818181818,-3.5318181818181817,4.042411983570556,6.2700000000000005,0.1,0.0,6.270797440317841
5308.25,5308.65,47.98928,-81.8617856,8250.091,-1.3455555555555554,-1.3577777777777778,-3.4444444444444446,3.9399464463472094,6.200000000000001,0.1,0.0,6.200806399170999
5308.25,5308.75,47.98928,-81.8617856,8192.2915,-1.3622222222222222,-1.3266666666666667,-3.4311111111111114,3.9238848923036014,6.2,0.1,0.0,6.200806399170999
5308.25,5308.85,47.98928,-81.8617856,8191.189,-1.345,-1.292,-3.3950000000000005,3.874732556514526,6.11,0.04,0.0,6.110326525037457
5308.25,5308.95,47.98928,-81.8617856,8194.707,-1.307777777777778,-1.3311111111111111,-3.3744444444444444,3.8573367239288,6.1,0.0,0.0,6.1
5308.25,5309.05,47.98928,-81.8617856,8224.807,-1.2481818181818183,-1.320909090909091,-3.294545454545455,3.763476164208289,6.01,0.08,0.0,6.010666620376798
5308.25,5309.15,47.98928,-81.8617856,8312.752,-1.231111111111111,-1.3022222222222224,-3.207777777777778,3.6758823098071827,6.0,0.1,0.0,6.000833275470999
5309.25,5309.25,47.98928,-81.8617856,8309.205,-1.226,-1.2419999999999998,-3.148,3.600284713105599,5.93,0.1,0.0,5.93084316038224
5309.25,5309.35,47.98928,-81.8617856,8253.412,-1.2209999999999999,-1.2239999999999998,-3.1260000000000003,3.573102999092645,5.9,0.1,0.0,5.900847396772772
5309.25,5309.45,47.98928,-81.8617856,8259.948,-1.2233333333333332,-1.2522222222222221,-3.130000000000001,3.5875547182600127,5.88,0.04,0.0,5.880338958709109
5309.25,5309.55,47.98928,-81.8617856,8264.714,-1.1627272727272726,-1.2145454545454546,-3.0727272727272723,3.503322164512025,5.799999999999999,0.0,0.0,5.799999999999999
5309.25,5309.65,47.98928,-81.8617856,8280.03,-1.1433333333333333,-1.2455555555555555,-3.037777777777778,3.4780853223399237,5.8,0.03333333333333334,0.0,5.800287334969756
5309.25,5309.75,47.98928,-81.8617856,8361.6665,-1.103,-1.2329999999999999,-2.946,3.379328079245782,5.720000000000001,0.1,0.0,5.720874101378405
5309.25,5309.85,47.98928,-81.8617856,8388.926,-1.081,-1.167,-2.8979999999999997,3.3068209554323347,5.7,0.1,0.0,5.70087712549569
5309.25,5309.95,47.98928,-81.8617856,8334.538,-1.1111111111111112,-1.1466666666666667,-2.8544444444444443,3.271500359673881,5.655555555555555,0.1,0.0,5.656439641264796
5309.25,5310.05,47.98928,-81.8617856,8326.592,-1.0818181818181818,-1.1318181818181818,-2.860909090909091,3.2624757172761694,5.6000000000000005,0.0,0.0,5.6000000000000005
5309.25,5310.15,47.98928,-81.8617856,8330.389500000001,-1.041,-1.153,-2.849,3.246709977406534,5.588888888888889,0.0,0.0,5.588888888888889
5310.25,5310.25,47.98928,-81.8617856,8346.273,-1.0066666666666668,-1.1533333333333333,-2.7422222222222223,3.1420079426216536,5.5,0.0,0.0,5.5
5310.25,5310.35,47.98928,-81.8617856,8426.075,-0.99,-1.1560000000000001,-2.695,3.096295497505462,5.5,0.06999999999999999,0.0,5.50063631105302
5310.25,5310.45,47.98928,-81.8617856,8458.985,-0.9744444444444444,-1.1122222222222222,-2.673333333333334,3.0569032064339745,5.433333333333334,0.1,0.0,5.434253569634217
5310.25,5310.55,47.98928,-81.8617856,8427.95,-0.9418181818181818,-1.0527272727272727,-2.629090909090909,2.985785558702224,5.3999999999999995,0.1,0.0,5.400925846556311
5310.25,5310.65,47.98928,-81.8617856,8390.9515,-0.9620000000000001,-1.0310000000000001,-2.594,2.954021654886621,5.377777777777777,0.07777777777777778,0.0,5.378497880654908
5310.25,5310.75,47.98928,-81.8617856,8394.555,-0.9933333333333335,-1.0333333333333334,-2.531111111111111,2.9101360357000132,5.299999999999999,0.0,0.0,5.299999999999999
5310.25,5310.85,47.98928,-81.8617856,8397.483,-0.9510000000000002,-1.0440000000000003,-2.5269999999999997,2.895763542239608,5.29,0.0,0.0,5.29
5310.25,5310.95,47.98928,-81.8617856,8430.438,-0.915,-1.04,-2.495,2.8547868381887826,5.2,0.03333333333333334,0.0,5.20032048319278
5310.25,5311.05,47.98928,-81.8617856,8515.247500000001,-0.877,-0.9710000000000001,-2.3689999999999998,2.7073657949379375,5.200000000000001,0.1,0.0,5.200961449578338
5310.25,5311.15,47.98928,-81.8617856,8531.002499999999,-0.885,-0.9620000000000001,-2.3240000000000003,2.6678725760250686,5.130000000000001,0.1,0.0,5.130974643433419
5311.25,5311.25,47.98928,-81.8617856,0.0,-0.8611111111111112,-0.9266666666666666,-2.292222222222222,2.6197461583998902,5.1,0.1,0.0,5.10098029794274
5311.25,5311.35,47.98928,-81.8617856,8454.106,-0.8710000000000001,-0.908,-2.3120000000000003,2.633005536709617,5.06,0.02,0.0,5.060196059588547
5311.25,5311.45,47.98928,-81.8617856,8457.396,-0.8677777777777778,-0.948888888888889,-2.2511111111111113,2.5931761604712418,5.0,0.0,0.0,5.0
5311.25,5311.55,47.98928,-81.8617856,8460.6865,-0.808,-0.97,-2.293,2.618038445227911,5.0,0.0,0.0,5.0
5311.25,5311.65,47.98928,-81.8617856,8489.903,-0.806,-0.959,-2.229,2.5576689063623763,4.97,0.0,0.0,4.97
5311.25,5311.75,47.98928,-81.8617856,8554.149,-0.728,-0.938,-2.1349999999999993,2.4438993479741136,4.9,0.03333333333333334,0.0,4.900340100645713
5311.25,5311.85,47.98928,-81.8617856,8598.216,-0.731,-0.914,-2.117,2.4196576822690714,4.8999999999999995,0.1,0.0,4.901020301937138
5311.25,5311.95,47.98928,-81.8617856,8559.659,-0.7366666666666668,-0.8922222222222224,-2.102222222222222,2.4014917368277415,4.877777777777777,0.1,0.0,4.87880280232069
5311.25,5312.05,47.98928,-81.8617856,8518.536,-0.788,-0.874,-2.02,2.3388876107692607,4.799999999999999,0.01,0.0,4.800104155366311
5311.25,5312.15,47.98928,-81.8617856,8519.337,-0.774,-0.8560000000000001,-2.0730000000000004,2.374059892361149,4.799999999999999,0.0,0.0,4.799999999999999
5312.25,5312.25,47.98928,-81.8617856,8518.993,-0.6960000000000001,-0.8630000000000001,-2.012,2.2983009046471836,4.722222222222222,0.0,0.0,4.722222222222222
5312.25,5312.35,47.98928,-81.8617856,8532.146,-0.663,-0.893,-1.9679999999999995,2.2610642979332396,4.700000000000001,0.0,0.0,4.700000000000001
5312.25,5312.45,47.98928,-81.8617856,8573.681,-0.6388888888888888,-0.8677777777777778,-1.8988888888888888,2.1839975152216073,4.677777777777778,0.044444444444444446,0.0,4.678255675010712
5312.25,5312.55,47.98928,-81.8617856,8647.3995,-0.6563636363636364,-0.82,-1.8536363636363633,2.131642212334741,4.6,0.1,0.0,4.601086828130937
5312.25,5312.65,47.98928,-81.8617856,8651.331,-0.6677777777777778,-0.7611111111111112,-1.8511111111111112,2.113396938101617,4.56,0.1,0.0,4.561096486466866
5312.25,5312.75,47.98928,-81.8617856,8593.85,-0.648,-0.781,-1.809,2.0756247661203586,4.5,0.1,0.0,4.50111097397076
5312.25,5312.85,47.98928,-81.8617856,8575.062,-0.646,-0.735,-1.8080000000000003,2.0565462456712096,4.5,0.030000000000000006,0.0,4.500333292191228
5312.25,5312.95,47.98928,-81.8617856,8575.521,-0.6777777777777778,-0.7444444444444445,-1.8322222222222224,2.091154864501105,4.455555555555556,0.0,0.0,4.455555555555556
5312.25,5313.05,47.98928,-81.8617856,8574.831,-0.6600000000000001,-0.7381818181818182,-1.763636363636364,2.0241246653256098,4.4,0.0,0.0,4.4
5312.25,5313.15,47.98928,-81.8617856,8582.657,-0.5633333333333332,-0.73,-1.7111111111111112,1.9453147163338447,4.39,0.0,0.0,4.39
5313.25,5313.25,47.98928,-81.8617856,8638.6165,-0.562,-0.7550000000000001,-1.6789999999999998,1.9255156165316756,4.299999999999999,0.01,0.0,4.300116263352131
5313.25,5313.35,47.98928,-81.8617856,8710.51,-0.565,-0.733,-1.6350000000000002,1.8798109792879134,4.299999999999999,0.1,0.0,4.301162633521313
5313.25,5313.45,47.98928,-81.8617856,8709.349999999999,-0.5844444444444444,-0.7444444444444444,-1.57,1.8342740021257515,4.3,0.1,0.0,4.301162633521313
5313.25,5313.55,47.98928,-81.8617856,8656.208,-0.5770000000000001,-0.671,-1.576,1.8092807264837851,4.245454545454546,0.07272727272727274,0.0,4.2463076445605985
5313.25,5313.65,47.98928,-81.8617856,8631.041,-0.5966666666666668,-0.6433333333333333,-1.5755555555555556,1.8055290018537116,4.2,0.0,0.0,4.2
5313.25,5313.75,47.98928,-81.8617856,8630.693,-0.5559999999999998,-0.683,-1.5950000000000002,1.8227167099727688,4.200000000000001,0.0,0.0,4.200000000000001
5313.25,5313.85,47.98928,-81.8617856,8627.683,-0.5036363636363638,-0.6900000000000001,-1.571818181818182,1.7905580851660579,4.200000000000001,0.0,0.0,4.200000000000001
5313.25,5313.95,47.98928,-81.8617856,8632.0845,-0.48666666666666675,-0.7077777777777778,-1.4966666666666668,1.7264571037975285,4.11,0.0,0.0,4.11
5313.25,5314.05,47.98928,-81.8617856,8662.716,-0.477,-0.7220000000000001,-1.4589999999999999,1.6977514726458947,4.1,0.0,0.0,4.1
5313.25,5314.15,47.98928,-81.8617856,8742.637999999999,-0.45099999999999996,-0.6910000000000001,-1.456,1.6741939210628627,4.1,0.05555555555555555,0.0,4.100677406045542
5314.25,5314.25,47.98928,-81.8617856,8786.37,-0.46444444444444444,-0.64,-1.4044444444444444,1.6124448452679967,4.05,0.1,0.0,4.051234567815245
5314.25,5314.35,47.98928,-81.8617856,8746.854,-0.46545454545454545,-0.6136363636363635,-1.3845454545454545,1.5850500790368067,4.0,0.1,0.0,4.001249804748512
5314.25,5314.45,47.98928,-81.8617856,8687.861,-0.5166666666666667,-0.6244444444444446,-1.3744444444444446,1.5964576033793967,4.0,0.05555555555555555,0.0,4.000694335971395
5314.25,5314.55,47.98928,-81.8617856,8680.985499999999,-0.492,-0.603,-1.346,1.5561256012933522,3.94,0.0,0.0,3.94
5314.25,5314.65,47.98928,-81.8617856,8679.588,-0.499,-0.623,-1.379,1.5939649216980762,3.9000000000000004,0.0,0.0,3.9000000000000004
5314.25,5314.75,47.98928,-81.8617856,8673.882,-0.4788888888888889,-0.5933333333333333,-1.338888888888889,1.5419623848361448,3.9,0.0,0.0,3.9
5314.25,5314.85,47.98928,-81.8617856,8680.636999999999,-0.4190909090909091,-0.6054545454545456,-1.3263636363636364,1.5181156332614245,3.8545454545454536,0.0,0.0,3.8545454545454536
5314.25,5314.95,47.98928,-81.8617856,8716.825,-0.40111111111111114,-0.61,-1.267777777777778,1.4638425323759012,3.7999999999999994,0.0,0.0,3.7999999999999994
5314.25,5315.05,47.98928,-81.8617856,8795.1325,-0.394,-0.619,-1.24,1.4423183006505642,3.7999999999999994,0.08,0.0,3.8010524493997133
5314.25,5315.15,47.98928,-81.8617856,8835.822,-0.40800000000000003,-0.597,-1.2,1.401682133393423,3.7700000000000005,0.1,0.0,3.7713262246240538
5315.25,5315.25,47.98928,-81.8617856,8818.989,-0.43444444444444447,-0.5522222222222223,-1.177777777777778,1.372476586382491,3.7000000000000006,0.1,0.0,3.7013511046643495
5315.25,5315.35,47.98928,-81.8617856,8762.128499999999,-0.46,-0.5554545454545454,-1.1818181818181819,1.3851808446869769,3.700000000000001,0.05454545454545456,0.0,3.700736966180555
5315.25,5315.45,47.98928,-81.8617856,8724.081,-0.43499999999999994,-0.52,-1.1709999999999998,1.3545167145621924,3.7000000000000006,0.0,0.0,3.7000000000000006
5315.25,5315.55,47.98928,-81.8617856,8723.2615,-0.4411111111111111,-0.548888888888889,-1.2188888888888887,1.4085678197308766,3.7000000000000006,0.0,0.0,3.7000000000000006
5315.25,5315.65,47.98928,-81.8617856,8716.592,-0.41000000000000003,-0.5579999999999999,-1.2100000000000002,1.3949267374342074,3.6700000000000004,0.0,0.0,3.6700000000000004
5315.25,5315.75,47.98928,-81.8617856,8715.6545,-0.37555555555555553,-0.6077777777777779,-1.202222222222222,1.399939745639326,3.5999999999999996,0.0,0.0,3.5999999999999996
5315.25,5315.85,47.98928,-81.8617856,8731.11,-0.3563636363636363,-0.6036363636363636,-1.149090909090909,1.3475375207823177,3.6,0.0,0.0,3.6
5315.25,5315.95,47.98928,-81.8617856,8768.93,-0.348,-0.591,-1.0879999999999999,1.2877370078780106,3.5999999999999996,0.0,0.0,3.5999999999999996
5315.25,5316.05,47.98928,-81.8617856,8842.259,-0.36,-0.583,-1.062,1.2644800545553028,3.5700000000000003,0.09,0.0,3.571261656644989
5315.25,5316.15,47.98928,-81.8617856,8876.738,-0.33111111111111113,-0.5222222222222223,-1.0533333333333335,1.2232223474418926,3.5,0.1,0.0,3.5014282800023198
5316.25,5316.25,47.98928,-81.8617856,8841.7785,-0.382,-0.517,-1.037,1.2214148195845511,3.5,0.1,0.0,3.5014282800023198
5316.25,5316.35,47.98928,-81.8617856,8782.596,-0.386,-0.501,-1.0510000000000002,1.2281579502144362,3.5,0.05454545454545456,0.0,3.5007790618194474
5316.25,5316.45,47.98928,-81.8617856,8761.280999999999,-0.403,-0.49300000000000005,-1.051,1.2304180315699498,3.5,0.0,0.0,3.5
5316.25,5316.55,47.98928,-81.8617856,8757.166,-0.41200000000000003,-0.476,-1.056,1.2302658429237865,3.5,0.0,0.0,3.5
5316.25,5316.65,47.98928,-81.8617856,8751.291,-0.3655555555555556,-0.5077777777777778,-1.0666666666666667,1.2379968527250125,3.4111111111111105,0.0,0.0,3.4111111111111105
5316.25,5316.75,47.98928,-81.8617856,8746.4755,-0.347,-0.524,-1.05,1.224468178522666,3.4,0.0,0.0,3.4
5316.25,5316.85,47.98928,-81.8617856,8753.405,-0.30000000000000004,-0.527,-0.993,1.1650016565999057,3.4,0.0,0.0,3.4
5316.25,5316.95,47.98928,-81.8617856,8792.528,-0.282,-0.531,-0.9570000000000001,1.1319836944702881,3.4,0.0,0.0,3.4
5316.25,5317.05,47.98928,-81.8617856,8855.303,-0.27636363636363637,-0.5354545454545454,-0.9154545454545455,1.0973001815833,3.3,0.06999999999999999,0.0,3.301060362690685
5316.25,5317.15,47.98928,-81.8617856,8888.789499999999,-0.315,-0.49750000000000005,-0.88125,1.0612912684790365,3.3,0.1,0.0,3.301514803843836
5317.25,5317.25,47.98928,-81.8617856,8875.308,-0.329,-0.4709999999999999,-0.882,1.0553131125961592,3.3,0.1,0.0,3.301514803843836
5317.25,5317.35,47.98928,-81.8617856,8824.8115,-0.32799999999999996,-0.441,-0.884,1.042628759322017,3.3,0.1,0.0,3.301514803843836
5317.25,5317.45,47.98928,-81.8617856,8798.18,-0.398,-0.44799999999999995,-0.9,1.0823020948763662,3.3,0.02,0.0,3.300302960768767
5317.25,5317.55,47.98928,-81.8617856,8785.19,-0.36000000000000004,-0.43363636363636365,-0.9245454545454546,1.0842953786697416,3.3,0.0,0.0,3.3
5317.25,5317.65,47.98928,-81.8617856,8779.295999999998,-0.36375,-0.43624999999999997,-0.9524999999999999,1.1105612508228917,3.3,0.0,0.0,3.3
5317.25,5317.75,47.98928,-81.8617856,8771.049,-0.335,-0.45899999999999996,-0.908,1.0723722222743808,3.22,0.0,0.0,3.22
5317.25,5317.85,47.98928,-81.8617856,8769.1655,-0.30272727272727273,-0.46818181818181814,-0.9218181818181818,1.078427136719524,3.2,0.0,0.0,3.2
5317.25,5317.95,47.98928,-81.8617856,8782.596,-0.2644444444444444,-0.4955555555555555,-0.8988888888888888,1.0609870966576733,3.2,0.0,0.0,3.2
5317.25,5318.05,47.98928,-81.8617856,8828.136,-0.24363636363636362,-0.5,-0.8372727272727274,1.0059789498088108,3.2,0.0,0.0,3.2
5317.25,5318.15,47.9797888,-81.8696768,8864.363000000001,-0.2777777777777778,-0.49666666666666665,-0.82,0.999750277363104,3.2,0.07500000000000001,0.0,3.201171589037319
5318.25,5318.25,47.9797888,-81.8696768,8900.618,-0.29555555555555557,-0.4722222222222222,-0.8211111111111111,0.9939089070432683,3.2,0.1,0.0,3.201562118716425
5318.25,5318.35,47.9797888,-81.8696768,8887.243,-0.2863636363636363,-0.43636363636363645,-0.8036363636363636,0.959424518167827,3.1400000000000006,0.1,0.0,3.141592337799069
5318.25,5318.45,47.9797888,-81.8696768,8846.982,-0.33444444444444443,-0.4155555555555555,-0.8155555555555556,0.9776617301261149,3.1000000000000005,0.1,0.0,3.1016124838541645
5318.25,5318.55,47.9797888,-81.8696768,8810.235499999999,-0.3445454545454546,-0.4063636363636364,-0.8045454545454546,0.9661970049703421,3.1,0.018181818181818184,-0.06363636363636363,3.101319304971589
5318.25,5318.65,47.9797888,-81.8696768,8797.701,-0.394,-0.42400000000000004,-0.8280000000000001,1.0114219202220165,3.1,0.0,-0.03333333333333334,3.1005374946180546
5318.25,5318.75,47.9797888,-81.8696768,8794.396,-0.3325,-0.4125,-0.83625,0.9906150973967887,3.1,0.0,0.0,3.1
5318.25,5318.85,47.9797888,-81.8696768,8785.4265,-0.3372727272727273,-0.43636363636363634,-0.8418181818181819,1.0076125495037815,3.1000000000000005,0.0,0.0,3.1000000000000005
5318.25,5318.95,47.9797888,-81.8696768,8779.531,-0.2622222222222222,-0.45999999999999996,-0.8444444444444446,0.9980197087854913,3.1,0.0,0.0,3.1
5318.25,5319.05,47.9797888,-81.8696768,8784.601,-0.28272727272727277,-0.4754545454545454,-0.7845454545454547,0.961011696859498,3.0727272727272723,0.0,0.0,3.0727272727272723
5318.25,5319.15,47.9797888,-81.8696768,8808.575,4.906000000000001,-0.37500000000000006,-0.843,6.068590685950884,3.033333333333333,0.0,0.0,3.033333333333333
5319.25,5319.25,47.9797888,-81.8696768,8864.027,26.63125,1.0875,-0.9162499999999999,40.621723980221574,2.9777777777777774,0.05555555555555555,0.06666666666666667,2.9805975815732086
5319.25,5319.35,47.9797888,-81.8696768,8917.854,-17.045454545454547,0.17272727272727273,-0.9881818181818183,17.276283171841865,2.6727272727272733,0.0,0.1,2.674599278874989
5319.25,5319.45,47.9797888,-81.8696768,8919.771,-2.3422222222222224,0.061111111111111116,-0.51,2.4250876126590333,2.6,0.022222222222222223,0.1,2.6023492433641535
5319.25,5319.55,47.9797888,-81.8696768,8900.8635,-2.3018181818181813,0.41727272727272724,-0.5381818181818181,2.4271709862312325,2.5181818181818176,0.1,0.1,2.5221530355136967
5319.25,5319.65,47.9797888,-81.8696768,8863.156,-3.412,0.76,-0.9559999999999998,3.673586617875432,2.388888888888889,0.1,0.1,2.39307201918163
5319.25,5319.75,47.9797888,-81.8696768,8827.644,-4.35125,0.91875,-1.52875,4.761631952906469,2.3,0.1111111111111111,0.1,2.3050659773936584
5319.25,5319.85,47.9797888,-81.8696768,8809.521,-6.679090909090909,0.8063636363636363,-1.8909090909090909,7.135433976823624,2.2,0.18181818181818182,0.09090909090909091,2.2098036297509775
5319.25,5319.95,47.9797888,-81.8696768,8809.758000000002,-4.838,0.6040000000000001,-2.9899999999999998,5.875720724553388,1.9666666666666666,0.08888888888888889,0.0,1.9695278437047428
5319.25,5320.05,47.9797888,-81.8696768,8808.339,-16.838,0.425,-1.7129999999999999,17.946802524659,1.6090909090909091,-0.009090909090909078,0.0,1.6471830197623285
5319.25,5320.15,47.9797888,-81.8696768,8807.156,-20.231,0.587,-1.0310000000000001,20.988575075710816,0.7499999999999999,-0.75,0.34,1.151115394513032
5320.25,5320.25,47.9797888,-81.8696768,8794.515,-23.903750000000002,0.57125,-1.19125,24.48808838981087,0.5625,-1.0250000000000001,0.7625,1.3979933918028853
5320.25,5320.35,47.9797888,-81.8696768,8786.134,-33.154545454545456,-1.2854545454545454,-1.7309090909090912,33.66306816655065,0.9727272727272728,-0.3,0.19999999999999998,1.120639471415027
5320.25,5320.45,47.9797888,-81.8696768,8784.365,-33.056,-1.0390000000000001,-0.796,33.20215686415056,0.34444444444444444,0.3888888888888889,-1.2888888888888888,1.3979895588057276
5320.25,5320.55,47.9797888,-81.8696768,8773.64,-28.315000000000005,1.581,0.656,28.47340467087431,0.8454545454545453,0.1636363636363636,-0.6636363636363636,1.3308085262888163
5320.25,5320.65,47.9797888,-81.8696768,8771.9915,-38.575,0.8719999999999999,-0.348,38.66534511948849,1.2599999999999998,-0.24000000000000005,1.02,1.6922320652466152
5320.25,5320.75,47.9797888,-81.8696768,8768.224,-16.421,0.382,-0.42800000000000005,16.725176386643906,1.0000000000000002,-0.022222222222222223,1.4777777777777779,1.7853325078843472
5320.25,5320.85,47.9797888,-81.8696768,8775.5245,-6.79,1.7055555555555562,-9.982222222222223,55.07645338991348,-0.95,0.24,0.9999999999999998,2.113049895999523
5320.25,5320.95,47.9797888,-81.8696768,8781.301500000001,-70.16300000000001,-5.502000000000001,-7.1739999999999995,78.37363638795617,-2.06,0.71,-2.25,3.3184080726425704
5320.25,5321.05,47.9797888,-81.8696768,8779.767,-32.271,5.042,5.325,37.12509114679208,-1.6800000000000002,0.43,-3.16,3.842555761072571
5320.25,5321.15,47.9797888,-81.8696768,8772.11,-8.690000000000001,0.38900000000000007,5.670999999999999,14.034077819348934,-1.7800000000000005,-2.27,-0.8400000000000001,3.2345169090909245
5321.25,5321.25,47.9797888,-81.8696768,8775.524,-10.822999999999999,-3.522,-2.3040000000000003,12.574317075643034,-0.4555555555555555,-3.0444444444444447,-1.0555555555555558,3.2614882643510974
5321.25,5321.35,47.9797888,-81.8696768,8776.114000000001,1.0888888888888892,-5.546666666666667,-7.107777777777777,13.645783925502789,1.5500000000000003,-0.96,-1.67,2.6045402048268356
5321.25,5321.45,47.9797888,-81.8696768,8787.078,-0.25699999999999995,-5.3549999999999995,-6.876,10.908729397076822,3.62,0.63,-1.6900000000000002,4.13314687073435
5321.25,5321.55,47.9797888,-81.8696768,8809.525,-23.323636363636364,1.7481818181818178,-8.773636363636363,26.019358163655593,6.030000000000001,1.56,-2.9799999999999995,6.9323006981839175
5321.25,5321.65,47.9797888,-81.8696768,8826.2205,-27.15777777777778,5.975555555555555,-4.9222222222222225,30.875145670200684,1.1800000000000002,1.94,-1.95,3.2704747617491767
5321.25,5321.75,47.9797888,-81.8696768,8820.41,-37.132999999999996,2.1239999999999997,2.503,37.61490601250532,0.89,2.73,-1.31,3.2180901648588844
5321.25,5321.85,47.9797888,-81.8696768,8824.2095,-18.098888888888887,3.8522222222222218,2.967777777777778,18.79884708420677,2.4555555555555553,0.9444444444444444,0.9000000000000001,2.8348851103634103
5321.25,5321.95,47.9797888,-81.8696768,8859.109,-24.151,1.057,1.714,24.407291507024915,2.8600000000000003,0.6599999999999999,1.9799999999999998,3.5461841761346107
5321.25,5322.05,47.9797888,-81.8696768,8857.452,-19.94909090909091,-1.2545454545454544,0.0036363636363636095,20.079080502385047,3.31,1.01,2.16,4.0893049911034565
5321.25,5322.15,47.9797888,-81.8696768,8802.191,-14.933333333333334,-0.3344444444444445,-0.19333333333333336,14.988245637976402,3.2600000000000002,1.2799999999999998,1.44,3.7895546379057015
5322.25,5322.25,47.9797888,-81.8696768,8771.991,-5.960000000000001,-1.1640000000000001,-2.9109999999999996,7.08220076449801,3.05,1.2200000000000002,0.76,3.3795722838692597
5322.25,5322.35,47.9797888,-81.8696768,8764.811,-4.069,-0.663,-3.303,5.584163420603811,2.9444444444444446,1.4,0.14444444444444446,3.2669326372334417
5322.25,5322.45,47.9797888,-81.8696768,8759.987,-4.125555555555556,2.8211111111111116,1.0333333333333332,7.038888380375193,1.6800000000000002,0.45,0.68,2.0581001203263876
5322.25,5322.55,47.9797888,-81.8696768,8753.7585,-5.535454545454545,-2.5272727272727273,1.2936363636363637,7.04527860443399,0.7727272727272727,-0.1818181818181818,1.3636363636363635,1.6006554132274444
5322.25,5322.65,47.9797888,-81.8696768,8750.586,-13.700000000000001,-3.348888888888889,-0.5244444444444444,14.241709947579738,1.688888888888889,-0.9222222222222223,1.6777777777777776,2.5559390800662576
5322.25,5322.75,47.9797888,-81.8696768,8740.8425,-6.8069999999999995,-2.287,-0.048,7.209381568013507,1.7400000000000002,-0.65,1.61,2.460945859801342
5322.25,5322.85,47.9797888,-81.8696768,8736.269,-21.724545454545453,-1.1654545454545455,-0.6909090909090909,21.786726356531627,1.7555555555555555,-0.19999999999999998,1.5000000000000002,2.323708288189772
5322.25,5322.95,47.9797888,-81.8696768,8734.861,-11.6325,-1.1400000000000001,-0.36500000000000005,11.71301117109844,1.35,0.32999999999999996,0.85,1.6392988268932114
5322.25,5323.05,47.9797888,-81.8696768,8732.164499999999,-4.6118181818181805,-1.9454545454545455,1.1572727272727272,5.1899184971270875,0.4454545454545454,0.2545454545454546,0.20909090909090908,0.6062406506644008
5322.25,5323.15,47.9797888,-81.8696768,8729.704,-10.986,-4.982,1.2420000000000002,12.258522983291886,-0.4222222222222222,-0.26666666666666666,-1.0555555555555556,1.1854983792412153
5323.25,5323.25,47.9797888,-81.8696768,8728.4155,-13.976666666666667,0.2377777777777777,-0.5644444444444444,14.084306679131783,-0.26,-0.31999999999999995,-1.9799999999999998,2.0240740303199902
5323.25,5323.35,47.9797888,-81.8696768,8727.126,-12.266363636363637,3.3499999999999996,-0.8054545454545454,12.957752923708558,-0.89,-0.26999999999999996,-0.7,1.2528879264900126
5323.25,5323.45,47.9797888,-81.8696768,8725.7205,-4.3375,1.4412500000000001,-1.7937500000000002,4.986015013044528,-1.7000000000000002,-0.05,0.275,1.7302703230173737
5323.25,5323.55,47.9797888,-81.8696768,8722.677,-1.1663636363636363,-0.8281818181818181,-0.6854545454545454,1.634219217433907,-1.5909090909090908,-0.13636363636363635,0.5909090909090907,1.7045695140141823
5323.25,5323.65,47.9797888,-81.8696768,8721.974,-12.706999999999999,-1.797,0.06300000000000003,13.04072430031972,-1.2777777777777777,-0.4444444444444444,0.5888888888888889,1.5041815460738106
5323.25,5323.75,47.9797888,-81.8696768,8723.145,-14.413333333333334,-1.12,-0.6144444444444443,14.690549053099422,-0.78,-1.09,0.07000000000000002,1.352366652692351
5323.25,5323.85,47.9797888,-81.8696768,8719.867,-19.951818181818183,0.8600000000000001,-0.6127272727272728,20.070755607257784,-0.9454545454545453,-1.2545454545454546,-0.15454545454545457,1.5817765160661486
5323.25,5323.95,47.9797888,-81.8696768,8717.644,-7.623333333333333,1.613333333333333,0.14555555555555555,7.928830667384078,-1.3875000000000002,-1.45,0.07500000000000001,2.009043307129251
5323.25,5324.05,47.9797888,-81.8696768,8717.293,-7.047,2.061,-1.375,7.600179583785101,-1.763636363636364,-1.4454545454545455,0.009090909090909092,2.2886128638052066
5323.25,5324.15,47.9797888,-81.8696768,8723.6135,-5.666,2.3850000000000007,-4.622000000000001,7.860647901530373,-3.2599999999999993,-0.5,0.35,3.3627745767752186
5324.25,5324.25,47.9797888,-81.8696768,8730.876,-7.199999999999999,-0.7233333333333333,-0.648888888888889,7.324163473338434,-3.322222222222222,-0.07777777777777778,0.9555555555555555,3.46354864110745
5324.25,5324.35,47.9797888,-81.8696768,8752.0005,-10.43909090909091,-2.322727272727273,-0.43818181818181823,10.7117908441506,-2.9545454545454546,-0.5545454545454546,1.1272727272727272,3.2168163587076624
5324.25,5324.45,47.9797888,-81.8696768,8772.705,-6.751111111111111,-2.052222222222222,-1.2833333333333334,7.244633741094065,-2.975,-0.8125,0.7,3.1656615075276378
5324.25,5324.55,47.9797888,-81.8696768,8794.867,-7.8950000000000005,-0.842,-2.9349999999999996,8.521426711898174,-2.309090909090909,-0.23636363636363633,0.6363636363636364,2.428856482631961
5324.25,5324.65,47.9797888,-81.8696768,8784.012999999999,-11.952,-1.312,-0.9809999999999999,12.092418420264824,-1.8699999999999999,0.21000000000000002,1.02,2.1418823284471227
5324.25,5324.75,47.9797888,-81.8696768,8761.87,-11.19111111111111,-1.078888888888889,-0.30333333333333334,11.248962248986379,-2.0,0.022222222222222227,1.1,2.283515548616668
5324.25,5324.85,47.9797888,-81.8696768,8744.129,-18.006363636363634,-0.8809090909090908,-1.0709090909090908,18.10282033156455,-2.172727272727273,-0.19090909090909092,0.9727272727272728,2.393661313767064
5324.25,5324.95,47.9797888,-81.8696768,8729.235,-7.338000000000001,-0.47800000000000004,-1.265,7.502278160444841,-2.088888888888889,-0.03333333333333334,0.6222222222222222,2.1805046206795513
5324.25,5325.05,47.9797888,-81.8696768,8712.498500000002,-8.113333333333333,-0.23333333333333328,-0.2544444444444445,8.173952392855224,-2.0200000000000005,-0.02,0.59,2.1051829803661857
5324.25,5325.15,47.9797888,-81.8696768,8703.1495,-9.888000000000002,-3.2550000000000003,-2.1919999999999997,10.731341069862331,-2.34,0.21000000000000002,-0.10000000000000002,2.3932768795297163
5325.25,5325.25,47.9797888,-81.8696768,8689.494,-11.619,-0.378,-0.41500000000000004,11.664154438100557,-2.111111111111111,0.8666666666666667,-0.3666666666666667,2.3181183297435366
5325.25,5325.35,47.9797888,-81.8696768,8682.1505,-11.601,-0.6789999999999999,1.013,11.735286655638058,-1.9090909090909094,0.790909090909091,0.14545454545454548,2.081565117543377
5325.25,5325.45,47.9797888,-81.8696768,8679.005,-5.2459999999999996,-1.537,1.8639999999999997,5.786115764799099,-1.2500000000000002,0.13999999999999999,0.2,1.2855129534078036
5325.25,5325.55,47.9797888,-81.8696768,8677.258000000002,-12.19222222222222,-1.643333333333333,1.0788888888888888,12.501454467804908,-0.5444444444444445,-0.4222222222222222,-0.3222222222222222,0.8109858534285217
5325.25,5325.65,47.9797888,-81.8696768,8675.046,-14.238000000000003,-0.11600000000000002,0.45999999999999996,14.330922879588803,-0.15,-0.32,-0.6199999999999999,0.7365007467944855
5325.25,5325.75,47.9797888,-81.8696768,8672.252,-7.358,-0.166,-0.04599999999999997,7.43237780947134,0.03333333333333334,-0.15555555555555556,-0.6,0.6262102495361858
5325.25,5325.85,47.9797888,-81.8696768,8669.460500000001,-13.132,-0.16499999999999998,0.707,13.193262764606853,0.3272727272727272,0.045454545454545456,-0.390909090909091,0.5279646396680412
5325.25,5325.95,47.9797888,-81.8696768,8666.203,-11.617999999999999,-0.546,0.434,11.64550709175397,0.29,0.0,-0.11000000000000001,0.31139840534310814
5325.25,5326.05,47.9797888,-81.8696768,8663.646,-11.603,-0.9880000000000001,-1.573,11.779919294593594,-0.18888888888888886,0.4222222222222222,-0.2222222222222222,0.5570521552382277
5325.25,5326.15,47.9797888,-81.8696768,8659.461,-3.75,-0.66,-0.3377777777777778,3.834070636081019,-0.7299999999999999,0.8700000000000001,-0.4,1.204894110800519
5326.25,5326.25,47.9797888,-81.8696768,8655.395,-10.522,0.82,2.6369999999999996,11.219862401642802,-0.8,0.8800000000000001,-0.29000000000000004,1.2422649195175934
5326.25,5326.35,47.9797888,-81.8696768,8653.653,-11.497,1.248,1.0390000000000001,12.197679435579754,-1.8399999999999999,-0.85,0.49000000000000005,2.099574770990266
5326.25,5326.45,47.9797888,-81.8696768,8652.725,-14.604,-0.639,-1.166,14.719044352955208,-1.8599999999999999,-1.08,0.13999999999999999,2.1611879229904494
5326.25,5326.55,47.9797888,-81.8696768,8648.894,-8.318,0.644,-1.488,8.554556376147954,-1.2111111111111112,-0.37777777777777777,-0.022222222222222223,1.2834034590442445
5326.25,5326.65,47.9797888,-81.8696768,8646.689,-10.616666666666667,0.5800000000000001,0.31666666666666665,10.706008892830006,-0.53,-0.13,0.52,0.7835730515466842
5326.25,5326.75,47.9797888,-81.8696768,8646.573,-12.971,-2.7910000000000004,-0.43100000000000005,13.426696465017471,-0.39999999999999997,-0.12000000000000002,0.32999999999999996,0.6218245682977762
5326.25,5326.85,47.9797888,-81.8696768,8645.761,-12.552727272727275,-1.1500000000000001,-0.8418181818181819,12.720926619790788,-0.19,0.2,-0.58,0.6938318687858032
5326.25,5326.95,47.9797888,-81.8696768,8639.2675,-9.318888888888889,0.8044444444444445,-1.1011111111111112,9.471599385700394,0.34,0.79,-0.55,1.060020976021981
5326.25,5327.05,47.9797888,-81.8696768,8632.778,-5.997999999999999,1.4749999999999999,-0.3530000000000001,6.2140538502280265,1.25,1.1,0.02,1.6793384138760772
5326.25,5327.15,47.9797888,-81.8696768,8629.999,-4.981111111111111,1.2877777777777777,0.29666666666666663,5.174293570898737,2.1666666666666665,1.0666666666666669,0.4222222222222223,2.4597285562379576
5327.25,5327.25,47.9797888,-81.8696768,8632.3145,-8.728000000000002,-1.136,2.807,9.584811081118646,3.45,0.5,0.76,3.5990761036481027
5327.25,5327.35,47.9797888,-81.8696768,8633.705,-12.43090909090909,-0.3563636363636364,0.37999999999999995,12.526775930085178,3.349999999999999,-0.12,0.97,3.504236809385069
5327.25,5327.45,47.9797888,-81.8696768,8630.230500000001,-12.61111111111111,-1.35,-0.7833333333333333,12.746544946940814,2.2600000000000002,-0.06000000000000001,1.17,2.547455751356541
5327.25,5327.55,47.9797888,-81.8696768,8627.684,-5.362727272727273,-2.8954545454545455,-0.5418181818181819,6.131320855306936,2.56,0.21000000000000002,0.7000000000000001,2.676567490813814
5327.25,5327.65,47.9797888,-81.8696768,8638.6895,-8.964444444444444,-2.106666666666667,-1.5933333333333333,9.429923919425725,3.1500000000000004,0.3875,-0.15,3.184535764991889
5327.25,5327.75,47.9797888,-81.8696768,8657.834,-10.52888888888889,-0.2233333333333333,-1.086666666666667,10.64103591466455,3.3299999999999996,0.31000000000000005,-0.44000000000000006,3.374776365470445
5327.25,5327.85,47.9797888,-81.8696768,8672.368999999999,-8.06090909090909,1.3054545454545454,-1.3945454545454545,8.384515873314527,3.9818181818181824,0.14545454545454548,0.3727272727272727,4.011487443784826
5327.25,5327.95,47.9797888,-81.8696768,8670.8575,-12.83111111111111,-0.24888888888888885,-0.8744444444444445,12.924187555575765,3.277777777777778,0.3666666666666667,0.8888888888888888,3.420675242521438
5327.25,5328.05,47.9797888,-81.8696768,8640.426,-10.286363636363637,-0.23727272727272727,0.5227272727272727,10.523318609299352,2.890909090909091,0.5909090909090909,0.5818181818181819,3.011849628160205
5327.25,5328.15,47.9797888,-81.8696768,8611.262,-6.5311111111111115,-2.057777777777778,2.3499999999999996,7.530621727154866,2.5250000000000004,-1.3877787807814457e-17,0.2375,2.549224178078243
5328.25,5328.25,47.9797888,-81.8696768,8604.794,-9.423333333333334,-4.33,0.7555555555555556,10.514298052434464,3.6100000000000003,-0.9800000000000001,-0.19,3.753047412086943
5328.25,5328.35,47.9797888,-81.8696768,8602.484499999999,-14.903636363636364,-3.852727272727272,-4.353636363636364,16.1743037693202,4.636363636363636,-1.2636363636363637,-0.15454545454545457,4.820705100820315
5328.25,5328.45,47.9797888,-81.8696768,8602.716,-7.7,-1.809,-4.672,9.279517275248654,5.0777777777777775,-0.3111111111111111,-0.1111111111111111,5.093192674600101
5328.25,5328.55,47.9797888,-81.8696768,8611.7255,-13.11,0.194,-2.425,13.483145801751405,3.1181818181818177,0.09090909090909091,-0.4181818181818182,3.158162632310132
5328.25,5328.65,47.9797888,-81.8696768,8619.468499999999,-12.974444444444444,-0.12555555555555553,-0.9266666666666666,13.015002464289427,2.155555555555556,0.10000000000000002,-0.7222222222222222,2.277522560302511
5328.25,5328.75,47.9797888,-81.8696768,8629.072,-9.66888888888889,1.9500000000000002,-0.7566666666666667,10.030062614002272,1.788888888888889,0.0,-0.3,1.8286926778282069
5328.25,5328.85,47.9797888,-81.8696768,8640.5425,-3.305454545454545,0.42818181818181816,-0.37000000000000005,3.52288651341018,1.6,0.0,0.38181818181818183,1.647453010340904
5328.25,5328.95,47.9797888,-81.8696768,8648.546,-17.325,-2.318,0.999,17.59964801641601,1.6,-0.03333333333333334,0.4222222222222222,1.6774160078789315
5328.25,5329.05,47.9797888,-81.8696768,8640.3145,-13.172,-1.3699999999999999,-1.0139999999999998,13.359319963517942,1.9363636363636365,-0.4454545454545455,-0.0818181818181818,1.9908169792072774
5328.25,5329.15,47.9797888,-81.8696768,8641.817,-9.854444444444447,-2.345555555555556,-4.354444444444444,11.104485355634583,2.6444444444444444,0.18888888888888888,-0.37777777777777777,2.6971367394824566
5329.25,5329.25,47.9797888,-81.8696768,8614.266,-7.400000000000001,-1.698888888888889,-4.165555555555555,8.675484466157949,3.811111111111111,1.0555555555555556,-1.0222222222222224,4.088472829335981
5329.25,5329.35,47.9797888,-81.8696768,8575.522,-11.483636363636363,1.4754545454545456,-4.578181818181818,12.62858535865221,4.809090909090909,0.881818181818182,-1.2,5.053123573961682
5329.25,5329.45,47.9797888,-81.8696768,8573.221,-5.433999999999999,1.716,-3.283,6.7791837275844955,5.5777777777777775,0.8111111111111111,-0.2777777777777778,5.644758733573677
5329.25,5329.55,47.9797888,-81.8696768,8579.0885,-12.8,0.32900000000000007,-1.9649999999999999,13.111753968215833,3.918181818181819,0.9909090909090906,-0.23636363636363636,4.056560771539768
5329.25,5329.65,47.9797888,-81.8696768,8581.506,-10.018,-0.6260000000000001,-0.9800000000000001,10.091398291248026,3.6333333333333337,1.0,-0.6,3.8204533707873884
5329.25,5329.75,47.9797888,-81.8696768,8600.182499999999,-11.233333333333333,-0.5844444444444444,0.10777777777777778,11.286543699432748,3.8333333333333335,0.23333333333333328,-0.7333333333333333,3.9245376424122287
5329.25,5329.85,47.9797888,-81.8696768,8640.426,-12.355,-1.042,-2.125,12.631542666247613,3.8181818181818183,-0.5,-0.2545454545454546,3.8630792707345605
5329.25,5329.95,47.9797888,-81.8696768,0.0,-10.351999999999999,-1.9280000000000002,-2.964,10.967281780807435,2.68,-0.07,-0.52,2.749736243731054
5329.25,5330.05,47.9797888,-81.8696768,8642.9835,-8.303,-1.1270000000000002,-3.3519999999999994,9.081944774159684,2.96,0.44000000000000006,-1.03,3.1664982321351656
5329.25,5330.15,47.9797888,-81.8696768,8598.331,-12.908999999999997,0.366,-4.121999999999999,13.602899676312566,3.8899999999999997,0.9400000000000001,-1.1199999999999999,4.159139389812084
5330.25,5330.25,47.9797888,-81.8696768,8555.644,-10.27111111111111,1.2911111111111113,-3.907777777777778,11.11629247616148,5.049999999999999,1.0,-0.7375,5.203799968903065
5330.25,5330.35,47.9797888,-81.8696768,8549.102,-7.932,1.2959999999999998,-5.001,9.495053906882353,4.818181818181818,1.1363636363636365,-0.5636363636363636,4.987386219340152
5330.25,5330.45,47.9797888,-81.8696768,8549.3315,-16.009999999999998,1.1510000000000002,-2.643,16.377306244785753,4.38,1.3800000000000001,-0.61,4.635067253732755
5330.25,5330.55,47.9797888,-81.8696768,8554.149,-10.642727272727273,1.2536363636363637,-0.7109090909090909,10.862433602560824,4.08,0.73,-0.5200000000000001,4.183250650072059
5330.25,5330.65,47.9797888,-81.8696768,8577.132,-14.034444444444446,1.2655555555555555,0.6233333333333333,14.20559594554798,2.1100000000000003,0.02,1.1102230246251566e-17,2.12265220447618
5330.25,5330.75,47.9797888,-81.8696768,8607.2215,-13.283333333333331,-0.48444444444444457,0.3522222222222222,13.302001753461017,1.311111111111111,0.044444444444444446,0.3888888888888889,1.3699413345860008
5330.25,5330.85,47.9797888,-81.8696768,8624.211,-5.584999999999999,-1.807,0.34900000000000003,6.063502888965188,0.9799999999999999,0.1,0.06999999999999999,1.0057390079879143
5330.25,5330.95,47.9797888,-81.8696768,8627.683,-2.339,-1.106,0.28300000000000003,2.7000354979033494,1.0399999999999998,0.1,-0.36,1.1089522788683286
5330.25,5331.05,47.9797888,-81.8696768,8627.915,-16.19818181818182,1.2409090909090912,-1.5645454545454547,16.451159947008406,1.1,0.36,-0.26999999999999996,1.2568656481119294
5330.25,5331.15,47.9797888,-81.8696768,8615.0785,-16.218888888888888,-0.5922222222222222,0.47000000000000003,16.274052061234766,1.17,0.95,0.1,1.5118046412181858
5331.25,5331.25,47.9797888,-81.8696768,8590.26,-11.355555555555556,-2.4511111111111115,4.587777777777777,12.54993129399621,1.8000000000000003,0.0333333333333333,-0.07777777777777778,1.8670113290005288
5331.25,5331.35,47.9797888,-81.8696768,8581.2755,-8.049090909090909,-1.620909090909091,0.9890909090909091,8.425038010618865,2.6100000000000003,-1.2,-0.12000000000000002,2.8797786408611836
5331.25,5331.45,47.9797888,-81.8696768,8576.557499999999,-13.363333333333335,-4.167777777777777,-5.582222222222223,15.527394103282385,3.3099999999999996,-0.85,-0.06999999999999999,3.4831288218266194
5331.25,5331.55,47.9797888,-81.8696768,8541.994,-4.5227272727272725,0.10363636363636365,-3.041818181818181,5.635037137575652,3.3909090909090907,0.5181818181818182,-0.5090909090909091,3.4862003285353085
5331.25,5331.65,47.9797888,-81.8696768,8519.564999999999,-13.277777777777779,0.3255555555555556,-0.8655555555555555,13.373395959946818,1.8777777777777775,0.6888888888888888,-0.8111111111111112,2.1638139727034855
5331.25,5331.75,47.9797888,-81.8696768,8511.341,-7.7219999999999995,0.483,-0.33899999999999997,7.804315458775465,1.6333333333333333,0.36666666666666664,-0.8444444444444446,1.8783321405992512
5331.25,5331.85,47.9797888,-81.8696768,8508.7145,-6.606,1.595,0.874,6.889176117418782,1.5299999999999998,-0.05,-0.2899999999999999,1.5891809544865223
5331.25,5331.95,47.9797888,-81.8696768,8508.601,-11.873333333333335,0.3055555555555556,0.31555555555555553,11.951635225624257,1.78,-0.41999999999999993,0.42000000000000004,1.888591135575571
5331.25,5332.05,47.9797888,-81.8696768,8506.318500000001,-13.2,-0.49,-0.2690909090909091,13.21608639466677,1.6909090909090911,-0.3727272727272727,0.8636363636363638,1.9386522384080374
5331.25,5332.15,47.9797888,-81.8696768,8505.1775,-9.617,-0.784,-1.4449999999999998,9.791452543733447,1.1888888888888889,0.15555555555555556,0.7555555555555556,1.4451370588810373
5332.25,5332.25,47.9797888,-81.8696768,8503.352,-11.309999999999999,0.21888888888888888,-0.1822222222222222,11.329562864921085,0.44000000000000006,0.69,0.33999999999999997,0.8966430405280275
5332.25,5332.35,47.9797888,-81.8696768,8500.501,-11.338,0.712,0.21500000000000002,11.395933708482797,0.23000000000000004,0.77,0.21000000000000002,0.8346146527115114
5332.25,5332.45,47.9797888,-81.8696768,8499.019,-5.268888888888889,0.47888888888888886,1.897777777777778,5.67823417500312,0.30000000000000004,0.23333333333333334,0.3,0.540493556755306
5332.25,5332.55,47.9797888,-81.8696768,8497.651,-6.071818181818182,-0.7527272727272727,1.1918181818181817,6.33199844626559,1.0545454545454547,-0.43636363636363634,0.2818181818181818,1.1913782751429502
5332.25,5332.65,47.9797888,-81.8696768,8494.915,-14.389,-3.732999999999999,-0.584,14.926058632086665,1.7111111111111112,-1.011111111111111,-0.13333333333333336,2.0085466661992992
5332.25,5332.75,47.9797888,-81.8696768,8492.864,-17.21777777777778,-0.09444444444444444,-1.1288888888888888,17.261048291694724,2.05,-1.28,-0.43,2.4594469976967996
5332.25,5332.85,47.9797888,-81.8696768,8505.5225,-9.459,1.2299999999999998,-2.7619999999999996,9.991711411087344,1.54,-0.8799999999999999,0.16,1.799459967526909
5332.25,5332.95,47.9797888,-81.8696768,8526.196,-6.692,0.8039999999999999,-1.1369999999999998,6.933115193592782,0.8222222222222223,-0.1111111111111111,0.6111111111111112,1.0523471493516323
5332.25,5333.05,47.9797888,-81.8696768,8537.527,-14.568999999999999,-4.751,0.753,15.510585788934847,0.7000000000000001,0.009090909090909094,0.21818181818181814,0.9045462761344012
5332.25,5333.15,47.9797888,-81.8696768,8538.328,-11.841000000000001,-2.1999999999999997,-0.82,12.154610798404372,1.04,-0.17,-1.3,1.676421047634149
5333.25,5333.25,47.9797888,-81.8696768,8537.068500000001,-16.035555555555554,0.24555555555555564,-2.458888888888889,16.334677518475978,1.7555555555555555,0.1111111111111111,-1.5555555555555554,2.372363008179122
5333.25,5333.35,47.9797888,-81.8696768,8534.893,-7.510000000000001,2.771,-2.2689999999999997,8.446837266321133,3.12,0.51,-0.38999999999999996,3.2115150877480887
5333.25,5333.45,47.9797888,-81.8696768,8528.941,-5.6370000000000005,1.9649999999999999,-3.5699999999999994,7.032830850882189,3.033333333333333,1.1333333333333333,0.18888888888888888,3.2689379147070325
5333.25,5333.55,47.9797888,-81.8696768,8489.917000000001,-15.035,0.897,1.6039999999999999,15.359636793329608,2.7454545454545456,1.5727272727272728,0.16363636363636366,3.195679790824707
5333.25,5333.65,47.9797888,-81.8696768,8461.707,-8.606,0.9610000000000001,0.7600000000000001,8.901834348479415,3.8299999999999996,0.6199999999999999,0.45000000000000007,3.9123837627322047
5333.25,5333.75,47.9797888,-81.8696768,8457.622500000001,-8.151111111111112,0.7500000000000001,-0.20777777777777776,8.248338106798627,2.7,0.07777777777777778,0.6555555555555554,2.7829154626649473
5333.25,5333.85,47.9797888,-81.8696768,8456.715,-13.74,-0.915,-0.329,13.778969735985376,1.8399999999999999,0.02,0.7,1.9698351428572978
5333.25,5333.95,47.9797888,-81.8696768,8455.58,-10.385555555555555,-1.34,-0.7277777777777779,10.581444901933246,1.48,0.28,0.5399999999999999,1.6145807998108228
5333.25,5334.05,47.9797888,-81.8696768,8453.766,-6.246,-1.2790000000000001,-1.381,6.567007655218153,1.47,0.8099999999999999,-0.16,1.6912407918018872
5333.25,5334.15,47.9797888,-81.8696768,8451.951,-13.152000000000001,0.937,1.595,13.558841523908972,1.4700000000000002,0.7999999999999999,-0.4700000000000001,1.7441505751782642
5334.25,5334.25,47.9797888,-81.8696768,8451.498,-11.677000000000001,0.7089999999999999,2.392,12.307310910002256,0.21111111111111114,-0.7111111111111111,0.1111111111111111,0.8229085223102253
5334.25,5334.35,47.9797888,-81.8696768,8448.777,-13.382,-1.21,-0.499,13.485380236753333,0.29999999999999993,-1.28,0.14,1.323901575671444
5334.25,5334.45,47.9797888,-81.8696768,8446.1715,-8.943333333333333,-3.018888888888889,-3.1611111111111105,10.059700193705588,0.911111111111111,-0.7,-0.2111111111111111,1.2735477116471061
5334.25,5334.55,47.9797888,-81.8696768,8447.871,-5.476,-2.4189999999999996,-3.502,6.9613112513084205,2.32,0.41000000000000003,-0.7,2.4724693967547284
5334.25,5334.65,47.9797888,-81.8696768,8455.695500000002,-8.524,-0.937,-2.0709999999999997,8.92176842787257,3.2399999999999998,0.8300000000000001,-1.1800000000000002,3.548260004865946
5334.25,5334.75,47.9797888,-81.8696768,8489.22,-16.599000000000004,3.2600000000000002,-1.7550000000000001,17.151819874882715,4.144444444444444,0.8888888888888888,-0.5222222222222221,4.289547155004004
5334.25,5334.85,47.9797888,-81.8696768,8518.193500000001,-8.501000000000001,0.269,-0.8949999999999999,8.680528149732691,3.7909090909090906,0.8272727272727273,-0.2727272727272727,3.891966513159862
5334.25,5334.95,47.9797888,-81.8696768,8509.9745,-10.173333333333334,0.9511111111111111,-0.08333333333333333,10.34491033337135,3.7222222222222223,0.5111111111111111,-0.07777777777777778,3.76170629140061
5334.25,5335.05,47.9797888,-81.8696768,8471.246,-9.1,-0.8554545454545455,-1.1181818181818182,9.236855382316044,4.05,0.12000000000000002,0.1,4.0537195840358295
5334.25,5335.15,47.9797888,-81.8696768,8432.93,-10.831111111111111,-2.0700000000000003,-1.9066666666666667,11.240921554396637,4.199999999999999,-0.05,-0.030000000000000006,4.201405987996376
5335.25,5335.25,47.9797888,-81.8696768,8422.526,-14.817999999999998,-0.603,-3.255,15.264172713554998,3.8500000000000005,0.0,-0.5199999999999999,3.8873985103527353
5335.25,5335.35,47.9797888,-81.8696768,8420.1535,-11.697999999999999,-0.029999999999999992,-1.6829999999999998,11.9091094237093,2.36,-0.02,-0.51,2.4164614984637813
5335.25,5335.45,47.9797888,-81.8696768,8419.138,-7.528888888888888,1.4277777777777778,-2.756666666666667,8.243932566078652,1.5666666666666667,0.32222222222222224,-0.1111111111111111,1.6270614877157088
5335.25,5335.55,47.9797888,-81.8696768,8416.6535,-7.219090909090909,2.0654545454545454,-0.2609090909090908,7.565408059448696,2.2800000000000002,1.01,0.4800000000000001,2.543576894540755
5335.25,5335.65,47.9797888,-81.8696768,8415.75,-13.797777777777776,0.6699999999999999,2.361111111111111,14.112156851454078,3.6199999999999997,0.95,1.19,3.935909461396009
5335.25,5335.75,47.9797888,-81.8696768,8416.202,-9.757,-1.857,0.31200000000000006,10.104112241081783,4.74,0.48999999999999994,0.9399999999999998,4.86460998733819
5335.25,5335.85,47.9797888,-81.8696768,8434.172,-8.215454545454543,0.7100000000000001,0.14,8.29065881351472,2.96,0.1,0.4,2.9921491770369935
5335.25,5335.95,47.9797888,-81.8696768,8443.113,-9.973749999999999,-1.6262500000000002,-0.32625,10.182517314287814,1.0666666666666669,-0.3,0.19999999999999998,1.1566211385927705
5335.25,5336.05,47.9797888,-81.8696768,8448.664499999999,-14.318181818181815,-0.9081818181818181,-0.56,14.373206340950965,-0.23636363636363636,-0.48181818181818187,-0.16363636363636364,0.6168666646724049
5335.25,5336.15,47.9797888,-81.8696768,8453.085,-7.334444444444445,0.9700000000000001,-2.1466666666666665,7.799040348099073,-1.0333333333333334,-0.1111111111111111,-0.011111111111111115,1.0706179894593513
5336.25,5336.25,47.9797888,-81.8696768,8444.019,-2.9749999999999996,0.09,-0.45899999999999996,3.1031947295984934,-1.2099999999999997,0.19,0.31999999999999995,1.270336738375412
5336.25,5336.35,47.9797888,-81.8696768,8440.509,-18.94636363636364,-2.149090909090909,1.252727272727273,19.163326884357918,-1.07,-0.15,0.37,1.209719752391602
5336.25,5336.45,47.9797888,-81.8696768,8439.716,-10.453333333333333,-0.8611111111111112,-1.068888888888889,10.598022623656702,-0.76,-0.62,-0.21999999999999997,1.021366466942673
5336.25,5336.55,47.9797888,-81.8696768,8435.304,-6.955000000000001,1.596,-2.605,7.713159233430131,-0.04,0.22999999999999998,-0.1,0.5463918634621513
5336.25,5336.65,47.9797888,-81.8696768,8431.569,-4.917,1.001,-0.40099999999999997,5.085886860043628,0.8999999999999999,0.8222222222222223,0.5444444444444445,1.3375731384668683
5336.25,5336.75,47.9797888,-81.8696768,8428.629,-14.70111111111111,-1.2766666666666668,3.895555555555555,15.441242297324383,1.6299999999999997,0.4600000000000001,0.8400000000000001,1.9626777893248384
5336.25,5336.85,47.9797888,-81.8696768,8423.655,-8.954545454545455,-1.7445454545454544,0.13454545454545458,9.233483477974476,1.981818181818182,-0.43636363636363634,0.4818181818181818,2.0929436992416544
5336.25,5336.95,47.9797888,-81.8696768,8423.204,-11.66888888888889,-0.8722222222222222,-2.602222222222222,12.037769779373706,0.6222222222222222,-0.43333333333333335,0.011111111111111112,0.8023258316582592
5336.25,5337.05,47.9797888,-81.8696768,8424.108,-12.889,-0.417,-1.107,12.974468664853768,-0.47000000000000003,-0.21000000000000002,-0.24,0.5823567777415649
5336.25,5337.15,47.9797888,-81.8696768,8428.629,-11.067,0.906,-0.4579999999999999,11.201047501899383,-0.8,-0.13333333333333336,-0.1222222222222222,0.83475729281212
5337.25,5337.25,47.9797888,-81.8696768,8432.4735,-2.802222222222222,0.5933333333333333,0.55,2.9825302327955003,-0.44000000000000006,-0.09000000000000001,0.4,0.617891630737424
5337.25,5337.35,47.9797888,-81.8696768,8436.999,-14.187272727272727,-4.0681818181818175,2.056363636363636,15.200809029815447,0.34545454545454546,-0.7454545454545454,0.2727272727272727,1.0422464838051602
5337.25,5337.45,47.9797888,-81.8696768,8447.644,-10.248,-1.7180000000000004,-1.3669999999999998,10.543969435247064,1.7444444444444445,-0.6666666666666666,-0.6222222222222222,2.0016443016675747
5337.25,5337.55,47.9797888,-81.8696768,8436.32,-8.392222222222223,0.004444444444444473,-0.6866666666666668,8.446129720517767,3.03,-0.029999999999999992,-0.3,3.061606280709177
5337.25,5337.65,47.9797888,-81.8696768,0.0,-11.637,0.628,-0.577,11.674592503018406,3.55,0.36,0.0,3.569701289244089
5337.25,5337.75,47.9797888,-81.8696768,8366.677,-14.995555555555557,0.4377777777777778,-0.8055555555555555,15.052990456205663,2.677777777777778,0.3888888888888889,-0.05555555555555555,2.7087712442618552
5337.25,5337.85,47.9797888,-81.8696768,8356.132,-4.207272727272727,0.23363636363636361,0.013636363636363646,4.234110533560569,2.145454545454545,0.009090909090909092,0.14545454545454548,2.1519609896089684
5337.25,5337.95,47.9797888,-81.8696768,8354.002,-8.474,-1.7399999999999998,1.0370000000000001,8.817103132123798,2.577777777777778,-0.24444444444444446,0.19999999999999998,2.6078993920257303
5337.25,5338.05,47.9797888,-81.8696768,8353.218,-13.94222222222222,0.62,-1.801111111111111,14.182476138003048,2.16,-0.48,-0.08,2.217681551778514
5337.25,5338.15,47.9797888,-81.8696768,8350.417,-13.341999999999999,-0.125,-1.2529999999999997,13.515281709902291,0.47000000000000003,-0.13999999999999999,-0.13000000000000003,0.5285056420464739
5338.25,5338.25,47.9797888,-81.8696768,8348.512,-5.3340000000000005,-0.136,-1.34,5.876640926635087,-0.07777777777777778,0.4888888888888888,-0.05555555555555555,0.5064016056179415
5338.25,5338.35,47.9797888,-81.8696768,8346.049500000001,-14.290000000000001,0.383,2.043,14.584307091467448,0.10909090909090909,0.6818181818181819,0.17272727272727273,0.800287229641404
5338.25,5338.45,47.9797888,-81.8696768,8344.5945,-10.854000000000001,-1.6590000000000003,1.353,11.22959869599315,1.0,-0.13,0.41,1.1160938904301492
5338.25,5338.55,47.9797888,-81.8696768,8342.691,-14.398,-0.547,-2.283,14.72075396238402,-0.5777777777777778,-0.07777777777777778,-0.16666666666666669,0.8320487833596335
5338.25,5338.65,47.9797888,-81.8696768,8338.886999999999,-10.555555555555557,-0.06111111111111113,-0.5911111111111111,10.613579327855508,-1.48,0.15,-0.2,1.5052349328200478
5338.25,5338.75,47.9797888,-81.8696768,8336.65,-6.16,1.6639999999999997,-0.11600000000000002,6.451503880499219,-1.488888888888889,0.16666666666666666,0.39999999999999997,1.578478628389073
5338.25,5338.85,47.9797888,-81.8696768,8334.302,-5.264,0.4170000000000001,0.944,5.399407909858686,-0.690909090909091,-0.29090909090909095,1.118181818181818,1.3829834211987477
5338.25,5338.95,47.9797888,-81.8696768,8334.19,-11.654,-4.267,0.6409999999999999,12.634238642540845,-0.06999999999999999,-0.8700000000000001,0.8600000000000001,1.3367382549906435
5338.25,5339.05,47.9797888,-81.8696768,8335.42,-9.315999999999999,-1.047,-1.8060000000000003,9.84868150174875,0.71,-0.72,-0.52,1.1723810277850688
5338.25,5339.15,47.9797888,-81.8696768,8332.402,-8.588888888888889,0.49444444444444446,-0.43444444444444447,8.630110868596526,0.48888888888888893,-0.6888888888888888,-0.7,1.0977658030955417
5339.25,5339.25,47.9797888,-81.8696768,8327.932,-7.7620000000000005,0.49000000000000005,-0.901,7.8424495638296605,0.7222222222222222,-0.35555555555555557,-0.5666666666666667,1.0050040231361657
5339.25,5339.35,47.9797888,-81.8696768,8323.8,-9.504,0.13200000000000003,0.02899999999999998,9.515322993913056,0.9818181818181819,-0.1,-0.27272727272727276,1.026635674992216
5339.25,5339.45,47.9797888,-81.8696768,8320.561,-7.731,-0.048999999999999995,0.183,7.735078165814286,0.9,-0.1,-0.13000000000000003,0.9159389054049722
5339.25,5339.55,47.9797888,-81.8696768,8317.437,-9.486363636363636,-0.4727272727272727,-0.4127272727272727,9.530060517879958,0.71,-0.12000000000000002,-0.18000000000000002,0.7566594126155841
5339.25,5339.65,47.9797888,-81.8696768,8315.429,-11.02,-0.3075,-0.44500000000000006,11.066568508541735,0.37777777777777777,0.14444444444444446,-0.47777777777777775,0.6345830758712352
5339.25,5339.75,47.9797888,-81.8696768,8312.529,-9.93,0.674,-0.5069999999999999,9.981801871187237,0.58,0.5,-0.33999999999999997,0.8628875308915622
5339.25,5339.85,47.9797888,-81.8696768,8309.7415,-7.404999999999999,1.173,0.37300000000000005,7.524111034840276,1.15,0.6699999999999999,0.17,1.3535956580857196
5339.25,5339.95,47.9797888,-81.8696768,8307.624,-11.222000000000001,0.21799999999999997,2.1079999999999997,11.453429169977463,1.73,0.33,0.6299999999999999,1.8840307196683324
5339.25,5340.05,47.9797888,-81.8696768,8307.4005,-9.8,-2.191818181818182,0.9618181818181818,10.11887092066393,2.5699999999999994,-0.27999999999999997,0.68,2.6820333469514375
5339.25,5340.15,47.9797888,-81.8696768,8319.891,-10.92125,-1.705,-0.27375,11.073454446311501,2.788888888888889,-0.5666666666666668,0.24444444444444446,2.8593423292164744
5340.25,5340.25,47.9797888,-81.8696768,8345.045,-10.914000000000001,-0.8939999999999999,-1.786,11.11747338299547,2.650000000000001,-0.61,0.06,2.7212584949371053
5340.25,5340.35,47.9797888,-81.8696768,8357.476,-16.924545454545452,0.016363636363636355,-2.0381818181818185,17.11592976074096,1.77,-0.11000000000000001,0.0,1.7764675506655574
5340.25,5340.45,47.9797888,-81.8696768,8354.786,-9.28111111111111,0.45222222222222225,-0.34444444444444444,9.32477268224527,1.0699999999999998,0.030000000000000006,0.09000000000000001,1.080171973107828
5340.25,5340.55,47.9797888,-81.8696768,8345.042000000001,-5.12,0.56,0.6845454545454545,5.232498764051027,1.3636363636363635,0.08181818181818182,0.5545454545454546,1.476935838402523
5340.25,5340.65,47.9797888,-81.8696768,8331.06,-11.946666666666667,-3.4955555555555557,2.2733333333333334,12.815913697211336,2.0875000000000004,-0.29999999999999993,0.575,2.2151983829640867
5340.25,5340.75,47.9797888,-81.8696768,8307.9625,-12.595555555555556,-0.6522222222222221,-2.476666666666667,13.074656104915551,2.43,-0.51,-0.32,2.5183780652553467
5340.25,5340.85,47.9797888,-81.8696768,8288.922,-12.883636363636363,0.36181818181818176,-1.4345454545454546,13.035731517965003,0.23000000000000004,-0.1,-0.6799999999999999,0.8675449221708356
5340.25,5340.95,47.9797888,-81.8696768,8284.140500000001,-11.9,1.5266666666666666,-1.2055555555555557,12.140864876882885,-0.6700000000000002,0.05,-0.33999999999999997,0.815756383634756
5340.25,5341.05,47.9797888,-81.8696768,8284.474,-5.53090909090909,1.220909090909091,0.5572727272727273,5.805385176292196,-0.5818181818181819,0.22727272727272732,0.4727272727272727,0.8547940700754283
5340.25,5341.15,47.9797888,-81.8696768,8285.586,-7.26,-0.7449999999999999,2.9699999999999998,8.000280807388277,0.18888888888888886,-0.2777777777777778,1.0333333333333334,1.1428153073392282
5341.25,5341.25,47.9797888,-81.8696768,8288.1425,-10.6675,-2.8087500000000003,-0.635,11.216198170024748,1.1333333333333335,-0.7888888888888889,0.4555555555555555,1.4945791047991115
5341.25,5341.35,47.9797888,-81.8696768,8283.141,-11.066363636363636,0.3154545454545455,-1.4218181818181819,11.184387961864028,1.0545454545454545,-0.31818181818181823,0.05454545454545456,1.108955284091935
5341.25,5341.45,47.9797888,-81.8696768,8274.6995,-8.31111111111111,0.7388888888888888,-1.32,8.462896741277536,-0.23333333333333334,0.13333333333333333,-0.14444444444444446,0.4358627626803663
5341.25,5341.55,47.9797888,-81.8696768,8272.036,-9.22181818181818,0.12363636363636364,-0.440909090909091,9.268119030676122,-0.9545454545454546,0.25454545454545446,-0.2,1.0092580428662954
5341.25,5341.65,47.9797888,-81.8696768,8275.699,-4.514999999999999,0.05700000000000001,-0.2659999999999999,4.526863837159448,-1.1111111111111112,0.3,-0.13333333333333336,1.1596088896184393
5341.25,5341.75,47.9797888,-81.8696768,8280.252,-12.805,-1.6724999999999999,0.42500000000000004,12.949327416292007,-1.0666666666666667,0.17777777777777778,-0.1111111111111111,1.103429794314199
5341.25,5341.85,47.9797888,-81.8696768,8286.031,-13.125454545454547,0.45454545454545453,-0.8263636363636363,13.192502033400212,-1.0727272727272725,0.14545454545454545,-0.5272727272727272,1.2107217453922012
5341.25,5341.95,47.9797888,-81.8696768,8288.9215,-11.475999999999999,1.9410000000000003,1.541,11.807222186389117,-1.7333333333333334,-0.1111111111111111,-0.15555555555555556,1.7726772106097453
5341.25,5342.05,47.9797888,-81.8696768,8307.177,-6.128,-0.7120000000000001,1.568,6.416948524375272,-1.7,-1.018181818181818,0.02727272727272728,2.0035566063774928
5341.25,5342.15,47.9797888,-81.8696768,8336.207,-10.306999999999999,-2.054,-2.144,10.975777615242459,-1.29,-1.1300000000000001,-0.45999999999999996,1.8134829730945026
5342.25,5342.25,47.9797888,-81.8696768,8350.753,-8.39375,0.64875,-2.5812500000000003,9.03693863751755,0.05,0.5375,-0.625,0.869248199331079
5342.25,5342.35,47.9797888,-81.8696768,8333.075499999999,-12.771818181818183,0.8154545454545453,0.8154545454545453,12.93340481933434,0.14545454545454545,0.8545454545454546,-0.0090909090909091,0.8977855121950934
5342.25,5342.45,47.9797888,-81.8696768,8314.09,-14.202000000000002,-0.458,1.253,14.276398842608057,-0.4666666666666667,0.3666666666666667,0.3,0.7197639567954929
5342.25,5342.55,47.9797888,-81.8696768,8304.3925,-11.052000000000001,-1.934,-0.015999999999999997,11.28630713256799,-0.7818181818181817,0.15454545454545457,0.18181818181818182,0.8308145841824621
5342.25,5342.65,47.9797888,-81.8696768,8297.9345,-7.497999999999999,-2.356,-0.9880000000000001,7.992795014282892,-0.33999999999999997,0.37,-0.52,0.786053311779187
5342.25,5342.75,47.9797888,-81.8696768,8282.919,-9.702222222222222,1.0144444444444445,-0.046666666666666606,9.873983453534537,0.07500000000000001,0.725,-0.5625,0.9513661073292552
5342.25,5342.85,47.9797888,-81.8696768,8268.2625,-12.411000000000001,0.901,2.9090000000000003,12.929315557793782,1.1454545454545455,0.036363636363636355,0.3181818181818182,1.281355566257426
5342.25,5342.95,47.9797888,-81.8696768,8274.922,-15.298000000000002,-0.9910000000000002,0.18600000000000003,15.39623248109424,-0.25000000000000006,-0.82,0.43,1.1478884558611557
5342.25,5343.05,47.9797888,-81.8696768,8288.9225,-9.841999999999999,-0.7310000000000001,-1.709,10.206827250304448,-1.1800000000000002,-0.6900000000000002,0.1,1.4109589068437787
5342.25,5343.15,47.9797888,-81.8696768,8290.256,-4.609999999999999,0.273,-2.6610000000000005,5.40768812431763,-1.1700000000000002,0.21000000000000002,0.09000000000000001,1.2482519555853542
5343.25,5343.25,47.9797888,-81.8696768,8274.922,-5.577,0.39399999999999996,-0.5000000000000001,5.6629651263124305,-0.32222222222222224,0.788888888888889,0.6,1.0621876947783784
5343.25,5343.35,47.9797888,-81.8696768,8256.4035,-17.65222222222222,-2.152222222222222,1.2188888888888887,17.99066446812893,-0.12000000000000002,0.55,0.66,0.8777108135146039
5343.25,5343.45,47.9797888,-81.8696768,8240.577,-7.911,-0.757,-0.32,8.011625149460793,0.0,0.02,0.15,0.1539834563766817
5343.25,5343.55,47.9797888,-81.8696768,8244.337500000001,-7.022,-0.454,-0.767,7.091477949179435,0.1,0.12,-0.11000000000000001,0.20610365985079726
5343.25,5343.65,47.9797888,-81.8696768,8241.24,-6.141,-0.017,-0.52,6.168834540057716,0.1,0.25999999999999995,-0.2,0.34449944320643644
5343.25,5343.75,47.9797888,-81.8696768,8235.161,-11.235,0.425,1.487,11.416944084925559,0.25555555555555554,0.08888888888888889,-0.055555555555555566,0.38505303979754835
5343.25,5343.85,47.9797888,-81.8696768,8237.481,-12.313333333333333,-1.19,0.4144444444444444,12.414774758443183,0.8200000000000001,-0.7100000000000001,0.18000000000000002,1.1068269258699377
5343.25,5343.95,47.9797888,-81.8696768,8246.106,-15.404,-0.556,-0.609,15.451501083870426,0.7,-1.04,0.08,1.259446096965327
5343.25,5344.05,47.9797888,-81.8696768,8261.0565,-8.58,-0.5345454545454547,-2.6854545454545455,9.072558226988003,1.03,-0.47000000000000003,0.0,1.211853745932243
5343.25,5344.15,47.9797888,-81.8696768,8266.489,-6.947777777777778,0.6077777777777778,-2.3855555555555554,7.409731345902129,1.9300000000000002,0.58,0.21000000000000002,2.0385073477530904
5344.25,5344.25,47.9797888,-81.8696768,8239.1485,-12.123999999999999,-0.369,1.079,12.412008905572096,2.37,1.06,0.17,2.609040060022754
5344.25,5344.35,47.9797888,-81.8696768,8203.729,-11.092222222222222,-0.4733333333333334,1.8233333333333333,11.900087419831747,3.0777777777777775,-0.12222222222222223,0.15555555555555556,3.097739158688013
5344.25,5344.45,47.9797888,-81.8696768,8190.639499999999,-10.524,-1.046,-0.692,10.799192518978552,2.25,-0.6699999999999999,0.41000000000000003,2.385633499223668
5344.25,5344.55,47.9797888,-81.8696768,8185.914,-15.854545454545452,-1.089090909090909,-0.8854545454545455,15.982683458820128,1.64,-0.5499999999999999,0.39,1.7754312639051613
5344.25,5344.65,47.9797888,-81.8696768,8184.156,-6.082222222222223,-1.66,-2.632222222222222,6.889574110774799,1.8,0.11000000000000001,0.07999999999999999,1.8212133466771383
5344.25,5344.75,47.9797888,-81.8696768,8180.532999999999,-6.574,-0.8220000000000001,-2.54,7.162908330034024,2.52,0.96,-0.3,2.7189543839541566
5344.25,5344.85,47.9797888,-81.8696768,8175.814,-15.397,1.293,1.9460000000000002,15.826019148190454,3.1999999999999997,0.8333333333333333,-0.3222222222222222,3.375371859635885
5344.25,5344.95,47.9797888,-81.8696768,8175.814,-10.374444444444443,2.7666666666666666,-0.29555555555555557,10.93914149861754,3.4,-0.22999999999999998,0.32999999999999996,3.448195779364963
5344.25,5345.05,47.9797888,-81.8696768,8176.033,-16.648181818181822,-0.8163636363636364,0.3272727272727272,16.70759751381684,1.6818181818181819,-0.3909090909090909,1.0545454545454545,2.0286565359728463
5344.25,5345.15,47.9797888,-81.8696768,8176.8015,-8.12111111111111,-3.7866666666666666,-0.08444444444444445,9.180558749185295,1.5222222222222221,-0.17777777777777778,0.46666666666666656,1.6410114057289487
5345.25,5345.25,47.9797888,-81.8696768,8182.18,-4.513,-4.537999999999999,-2.0820000000000003,6.780908917533887,2.61,0.05,-0.6500000000000001,2.7019257047946796
5345.25,5345.35,47.9797888,-81.8696768,8203.954,-13.385454545454547,-2.147272727272727,-2.708181818181818,14.123887449426478,3.5777777777777775,-0.011111111111111108,-1.5555555555555556,3.9031344120823612
5345.25,5345.45,47.9797888,-81.8696768,8226.0045,-19.612499999999997,2.88875,-4.39875,20.618364142736166,4.844444444444445,0.13333333333333336,-0.7111111111111111,4.942113155386862
5345.25,5345.55,47.9797888,-81.8696768,8245.001,-9.051818181818184,1.6118181818181818,-1.279090909090909,9.638072718611404,3.8454545454545457,0.3727272727272727,0.22727272727272724,3.8771094521819816
5345.25,5345.65,47.9797888,-81.8696768,8205.176500000001,-12.029999999999998,0.012,-0.8089999999999999,12.078936595626336,3.066666666666667,0.5777777777777777,0.13333333333333333,3.1257483476830954
5345.25,5345.75,47.9797888,-81.8696768,8163.534,-5.487777777777777,1.0588888888888888,1.1133333333333333,5.729081071062788,2.6700000000000004,0.18,0.19,2.6915403527124897
5345.25,5345.85,47.9797888,-81.8696768,8152.914000000001,-3.6799999999999997,-0.25,0.9263636363636363,3.8801810282370806,2.936363636363636,-0.18181818181818182,0.509090909090909,2.989148798821955
5345.25,5345.95,47.9797888,-81.8696768,8150.616,-15.486250000000002,-4.3375,1.2125,16.315761606830883,3.8625000000000003,-0.7874999999999999,0.6125,4.000004103828579
5345.25,5346.05,47.9797888,-81.8696768,8148.7564999999995,-9.908181818181818,-1.7000000000000002,-3.8454545454545452,10.968629615066206,4.318181818181818,-0.8,0.2636363636363636,4.401979267825373
5345.25,5346.15,47.9797888,-81.8696768,8147.882,-11.198,-0.7100000000000001,-3.348,11.743188151750207,3.1222222222222222,-0.21111111111111114,0.1,3.13443319959765
5346.25,5346.25,47.9797888,-81.8696768,8145.586,-11.804444444444444,0.035555555555555576,-2.03,12.039531175235355,1.1800000000000002,0.22999999999999998,-0.3,1.2856058167032425
5346.25,5346.35,47.9797888,-81.8696768,8144.601500000001,-7.2718181818181815,0.6381818181818182,0.05909090909090906,7.343021421914929,0.06363636363636364,0.23636363636363641,-0.17272727272727273,0.31921551246929214
5346.25,5346.45,47.9797888,-81.8696768,8141.214,-7.607777777777778,0.33333333333333326,1.7011111111111112,7.82265363783146,0.3375,-0.049999999999999996,0.22499999999999998,0.4290349460014858
5346.25,5346.55,47.9797888,-81.8696768,8142.744,-13.813999999999998,-0.9489999999999998,-0.473,14.044726829263002,0.790909090909091,-0.6181818181818183,0.4090909090909091,1.1025187479363319
5346.25,5346.65,47.9797888,-81.8696768,8140.122,-13.412,-0.16299999999999998,-0.966,13.59330637730192,-0.22999999999999998,-0.43,0.22000000000000003,0.5810352503274521
5346.25,5346.75,47.9797888,-81.8696768,8143.618,-9.642222222222223,0.23777777777777775,-1.8555555555555554,9.889498208621252,-0.41111111111111115,0.12222222222222223,0.26666666666666666,0.5756452531759398
5346.25,5346.85,47.9797888,-81.8696768,8136.7355,-5.74,0.939090909090909,-0.31545454545454543,5.865211404860681,0.1,0.6363636363636365,0.7545454545454546,0.9980136384643856
5346.25,5346.95,47.9797888,-81.8696768,8131.822,-11.454444444444443,-3.1155555555555554,3.4144444444444444,12.7151898719749,0.4625,0.44999999999999996,0.8875,1.178208285307347
5346.25,5347.05,47.9797888,-81.8696768,8131.7135,-6.707000000000001,-2.357,0.958,7.628934805535754,1.5090909090909093,-0.5636363636363636,-0.1636363636363636,1.642287755127162
5346.25,5347.15,47.9797888,-81.8696768,8141.433,-13.261000000000001,-0.223,-0.16999999999999998,13.290393833630272,0.7399999999999999,-1.06,-0.5599999999999999,1.4168448447782926
5347.25,5347.25,47.9797888,-81.8696768,8154.9945,-13.394,0.41999999999999993,-2.146,13.638654389535295,0.8444444444444446,-0.7222222222222221,-0.4,1.2441423047443827
5347.25,5347.35,47.9797888,-81.8696768,8167.698,-5.207,1.135,-1.6060000000000003,5.582444253143814,1.6545454545454545,0.15454545454545457,0.14545454545454548,1.6806694032082357
5347.25,5347.45,47.9797888,-81.8696768,8171.427,-11.286,0.8670000000000002,-1.6489999999999998,11.537462041726133,1.911111111111111,0.8999999999999999,0.5888888888888888,2.2062793033681922
5347.25,5347.55,47.9797888,-81.8696768,8156.3115,-10.629999999999999,-0.9277777777777779,1.9077777777777776,11.174058789564105,1.8799999999999997,1.04,0.3,2.1998970159352083
5347.25,5347.65,47.9797888,-81.8696768,8132.04,-8.263000000000002,-0.647,1.4659999999999997,8.59390403633744,1.48,-0.25,-0.18,1.5616321741349068
5347.25,5347.75,47.9797888,-81.8696768,8126.147999999999,-7.920999999999999,-0.6580000000000001,-0.696,8.063331227411258,0.9444444444444444,-0.6444444444444444,-0.3,1.18864822513022
5347.25,5347.85,47.9797888,-81.8696768,8126.366,-12.654,0.466,-0.9780000000000001,12.786303973784356,0.6181818181818183,-0.6909090909090909,-0.24545454545454548,0.9676289293487218
5347.25,5347.95,47.9797888,-81.8696768,8127.7845,-8.986999999999998,1.7849999999999997,-2.0380000000000003,9.423220496513965,0.020000000000000007,-0.22999999999999998,0.36,0.5701663319570933
5347.25,5348.05,47.9797888,-81.8696768,8132.259,-9.388888888888891,-0.11666666666666664,-0.35444444444444445,9.438866826263087,-0.5888888888888889,0.07777777777777778,0.911111111111111,1.088754350161506
5347.25,5348.15,47.9797888,-81.8696768,8135.971,-16.805555555555557,-2.6033333333333335,0.6522222222222221,17.080527332790105,-0.77,-0.2,0.63,1.0600157162644614
5348.25,5348.25,47.9797888,-81.8696768,8146.351500000001,-7.5200000000000005,-2.246,-1.3,8.021668636050421,-0.27,-0.22000000000000003,-0.3,0.5560127222873076
5348.25,5348.35,47.9797888,-81.8696768,8146.679,-8.486,0.18500000000000005,-2.1189999999999998,8.963424042789056,0.5,0.55,-0.67,1.0573269751772927
5348.25,5348.45,47.9797888,-81.8696768,8126.371,-10.294,1.654,1.341,10.598351199314047,1.47,0.79,0.03,1.7118098002380424
5348.25,5348.55,47.9797888,-81.8696768,8102.621,-9.64,-0.086,1.825,9.833027284885675,2.4222222222222225,0.13333333333333333,0.6,2.508463095821048
5348.25,5348.65,47.9797888,-81.8696768,8087.082,-10.847777777777777,-1.6211111111111112,-0.09111111111111109,11.01741631468483,2.9,-0.16,0.8700000000000001,3.032651346146203
5348.25,5348.75,47.9797888,-81.8696768,8078.726,-9.565000000000001,-2.123,-1.754,9.97659593667058,3.1199999999999997,0.01,0.4700000000000001,3.1610326430880984
5348.25,5348.85,47.9797888,-81.8696768,8074.063,-11.622,-1.1749999999999998,-1.9170000000000003,11.857385744111578,2.1,0.05,-0.17,2.119319297364558
5348.25,5348.95,47.9797888,-81.8696768,8072.762500000001,-14.751999999999999,-0.009999999999999986,-1.0879999999999999,14.838379481677958,1.02,0.02,-0.36,1.0829246481323547
5348.25,5349.05,47.9797888,-81.8696768,8070.703,-5.565999999999999,1.85,-0.8459999999999999,5.967194391771244,0.4444444444444444,0.2,0.16666666666666666,0.5548158681091542
5348.25,5349.15,47.9797888,-81.8696768,8068.6445,-4.602222222222222,1.2333333333333332,0.1266666666666667,4.78596040146701,1.0100000000000002,0.36,0.9,1.400996504865599
5349.25,5349.25,47.9797888,-81.8696768,8069.186,-13.208000000000002,-3.4230000000000005,3.258,14.39642496837487,1.9100000000000001,0.20000000000000004,1.1500000000000001,2.301372361555768
5349.25,5349.35,47.9797888,-81.8696768,8067.994500000001,-12.316363636363638,-3.277272727272727,-1.7254545454545456,13.045671107620716,2.76,-0.5899999999999999,0.17999999999999997,2.8509013864597472
5349.25,5349.45,47.9797888,-81.8696768,8064.637,-14.30777777777778,-0.8155555555555556,-0.6422222222222222,14.366685201836999,0.9799999999999999,-0.6900000000000001,-0.39,1.2721021798110772
5349.25,5349.55,47.9797888,-81.8696768,8062.472,-11.948999999999998,-0.316,-1.406,12.145634725576967,0.34,-0.39,-0.27,0.6025657607447489
5349.25,5349.65,47.9797888,-81.8696768,8060.74,-1.7349999999999999,-0.4375,-0.8600000000000001,2.7734329209970694,0.10000000000000002,0.044444444444444446,-0.24444444444444446,0.2785707798483829
5349.25,5349.75,47.9797888,-81.8696768,8057.927,-9.675,0.7959999999999999,0.7889999999999999,9.923186389393644,0.42000000000000004,0.24,-0.020000000000000007,0.526270311080546
5349.25,5349.85,47.9797888,-81.8696768,8059.009,-18.099090909090908,-1.4336363636363638,0.8372727272727271,18.27102993666602,1.1800000000000002,-0.25999999999999995,0.6199999999999999,1.3664634534555833
5349.25,5349.95,47.9797888,-81.8696768,8062.905,-9.303333333333335,-1.0866666666666667,-2.18,9.655584225546544,0.33,0.06000000000000001,0.45999999999999996,0.6501179448721455
5349.25,5350.05,47.9797888,-81.8696768,8058.6849999999995,-6.465454545454545,-0.8136363636363637,-1.6181818181818182,6.893241959284342,-0.09090909090909091,0.909090909090909,0.018181818181818184,0.9228858293570469
5349.25,5350.15,47.9797888,-81.8696768,8049.275,-11.77111111111111,-0.28,0.5555555555555556,11.853648276069741,0.037500000000000006,1.1875,0.0,1.1905425005546604
5350.25,5350.25,47.9797888,-81.8696768,8045.169,-9.899999999999999,-0.5466666666666666,4.02888888888889,10.997326105873444,0.89,-0.04,0.34,1.0695606998798441
5350.25,5350.35,47.9797888,-81.8696768,8047.5465,-12.986363636363636,-0.9318181818181818,-0.5472727272727274,13.180225908405284,0.8272727272727273,-0.7727272727272727,0.05454545454545456,1.1589479667212617
5350.25,5350.45,47.9797888,-81.8696768,8054.032,-15.892222222222223,-0.2744444444444445,-1.4500000000000002,15.994375693770817,-0.14444444444444443,-0.6444444444444444,-0.2555555555555556,0.7482155610059437
5350.25,5350.55,47.9797888,-81.8696768,8055.0055,-8.365454545454547,1.9990909090909093,-2.0781818181818177,8.90373786464131,-0.9272727272727272,-0.1636363636363636,0.19090909090909092,1.023599984592112
5350.25,5350.65,47.9797888,-81.8696768,8045.817,-4.89,1.4744444444444444,0.012222222222222247,5.189289317930913,-0.775,0.1,0.8375,1.176705906040158
5350.25,5350.75,47.9797888,-81.8696768,8041.3885,-10.053333333333333,-1.2511111111111113,1.4233333333333333,10.316017963059087,-0.19,-0.05,1.28,1.3051409185761194
5350.25,5350.85,47.9797888,-81.8696768,8045.601,-10.908181818181818,-3.9018181818181814,-1.1427272727272728,12.084657536432156,0.6727272727272728,-0.17272727272727273,0.06363636363636366,0.8897271721039732
5350.25,5350.95,47.9797888,-81.8696768,8047.762,-8.737,0.266,-1.096,9.044422521539994,-0.3888888888888889,0.2888888888888889,-0.6888888888888889,0.9298736731160864
5350.25,5351.05,47.9797888,-81.8696768,8035.4529999999995,-11.196000000000002,0.528,-0.04899999999999999,11.237822220545434,-0.9090909090909091,0.4636363636363637,-0.6363636363636364,1.2126839147322954
5350.25,5351.15,47.9797888,-81.8696768,8023.159,-6.777777777777778,0.8922222222222221,0.758888888888889,6.9236694832480445,-1.2555555555555555,0.23333333333333334,-0.2222222222222222,1.3065182469368013
5351.25,5351.25,47.9797888,-81.8696768,8019.4965,-8.91888888888889,-0.8055555555555556,2.1799999999999997,9.25346024917304,-0.8222222222222222,-0.4000000000000001,-0.022222222222222223,0.9528385429260415
5351.25,5351.35,47.9797888,-81.8696768,8016.912,-12.422727272727274,0.1563636363636364,-0.9054545454545454,12.596309574206726,-0.38181818181818183,-0.6818181818181818,-0.3545454545454545,0.8694477710949937
5351.25,5351.45,47.9797888,-81.8696768,8014.759,-12.303,0.876,-0.30599999999999994,12.38107692053829,-0.4444444444444444,-0.07777777777777778,-0.13333333333333336,0.504918245963106
5351.25,5351.55,47.9797888,-81.8696768,8012.176,-11.771,0.39299999999999996,0.521,11.810145755771023,-0.6727272727272726,0.0,0.08181818181818183,0.6892002817927361
5351.25,5351.65,47.9797888,-81.8696768,8010.025,-8.567,-0.641,1.0099999999999998,8.685541320854586,-0.4666666666666667,-0.1888888888888889,0.37777777777777777,0.64881678276643
5351.25,5351.75,47.9797888,-81.8696768,8007.12,-6.147777777777778,-2.536666666666667,0.10888888888888892,6.692230586501192,-0.13333333333333333,-0.4555555555555556,0.022222222222222223,0.5302885587707906
5351.25,5351.85,47.9797888,-81.8696768,8007.228,-10.346999999999998,-0.6829999999999999,-1.9259999999999997,10.66036152670134,0.6000000000000001,0.036363636363636355,-0.5909090909090908,0.912044481723601
5351.25,5351.95,47.9797888,-81.8696768,8005.077,-12.056999999999999,1.351,0.255,12.194444901341747,1.3499999999999999,0.6399999999999999,-0.30000000000000004,1.5304085334032953
5351.25,5352.05,47.9797888,-81.8696768,8002.282,-15.626,0.020000000000000028,0.564,15.669011679338164,0.69,0.5599999999999999,0.0,0.8904621630352197
5351.25,5352.15,47.9797888,-81.8696768,7999.0585,-7.797,-1.1150000000000002,2.006,8.329877073878905,0.9099999999999999,0.06000000000000001,0.0,0.9324726155260091
5352.25,5352.25,47.9797888,-81.8696768,8000.777,-6.187777777777778,-2.4544444444444444,1.011111111111111,6.769483997434602,1.425,-0.5,-0.25,1.5379309019947036
5352.25,5352.35,47.9797888,-81.8696768,8019.178,-12.392999999999999,-1.5919999999999999,-3.812,13.276166186231697,2.1,-0.4272727272727273,-0.6818181818181818,2.28548687696662
5352.25,5352.45,47.9797888,-81.8696768,8037.616,-10.839,0.28500000000000003,-3.94,11.611516111552145,2.91,0.6399999999999999,-0.37,3.013590431880042
5352.25,5352.55,47.9797888,-81.8696768,8052.302,-10.826,0.523,0.768,10.935009098749637,1.19,0.8099999999999999,-0.1,1.4514439482506862
5352.25,5352.65,47.9797888,-81.8696768,8042.469,-16.354999999999997,0.183,1.5210000000000004,16.489281963226432,0.7700000000000001,0.21000000000000002,0.13,0.8321148957508923
5352.25,5352.75,47.9797888,-81.8696768,8040.633,-11.46111111111111,-1.771111111111111,1.5233333333333332,11.81145948206262,0.4555555555555555,-0.3111111111111111,0.055555555555555566,0.5791332678429162
5352.25,5352.85,47.9797888,-81.8696768,8047.1145,-3.592,-1.47,-0.04899999999999993,4.106484137552324,0.73,-0.6799999999999999,-0.21000000000000002,1.0250594988240294
5352.25,5352.95,47.9797888,-81.8696768,8054.465,-11.823,-1.3290000000000002,-3.8810000000000002,12.724161531590928,1.5000000000000002,0.02999999999999998,-0.45999999999999996,1.6325450184812582
5352.25,5353.05,47.9797888,-81.8696768,8039.124,-13.188181818181818,1.151818181818182,0.17090909090909087,13.346783022071849,0.56,0.5700000000000001,-0.09,1.0685016403841643
5352.25,5353.15,47.9797888,-81.8696768,8031.3525,-14.135555555555555,0.2244444444444444,0.18666666666666662,14.177467805649071,-1.6,0.06000000000000001,0.14000000000000004,1.6133513009552136
5353.25,5353.25,47.9797888,-81.8696768,8031.352,-4.724444444444444,-1.088888888888889,0.41222222222222216,4.983712840910848,-2.0,-0.07777777777777778,0.011111111111111115,2.0048348454062745
5353.25,5353.35,47.9797888,-81.8696768,8028.2255000000005,-4.354,-1.966,-0.882,4.964525458843857,-1.8700000000000003,-0.06999999999999999,-0.49000000000000005,1.9528242684596528
5353.25,5353.45,47.9797888,-81.8696768,8013.037,-11.219,0.44400000000000006,-0.23600000000000004,11.453232628922466,-1.2600000000000002,0.48,-0.44000000000000006,1.4579038897889323
5353.25,5353.55,47.9797888,-81.8696768,7991.8634999999995,-10.896363636363638,-1.2836363636363635,0.7909090909090911,11.119226712192502,-0.89,0.09,0.0,0.9140954871313477
5353.25,5353.65,47.9797888,-81.8696768,7978.669,-11.516666666666667,-0.7733333333333333,-0.14111111111111108,11.5609091123753,-1.34,-0.09000000000000001,0.0,1.3439728948263254
5353.25,5353.75,47.9797888,-81.8696768,7969.456,-9.758888888888889,-0.6866666666666666,-0.8999999999999999,9.855265465088276,-1.488888888888889,-0.044444444444444446,-0.05555555555555555,1.493009345571111
5353.25,5353.85,47.9797888,-81.8696768,7959.6125,-4.818181818181818,0.32545454545454544,-1.2845454545454547,5.0420643754937,-1.1500000000000001,0.35,0.039999999999999994,1.226372194371107
5353.25,5353.95,47.9797888,-81.8696768,7953.839,-5.068888888888888,0.6777777777777777,0.6677777777777778,5.226389323657944,-0.47000000000000003,0.4699999999999999,0.5900000000000001,0.9420210216507205
5353.25,5354.05,47.9797888,-81.8696768,7952.877,-13.05090909090909,-3.8709090909090906,2.646363636363637,14.331319820334071,0.9090909090909091,-0.5181818181818182,0.5909090909090908,1.40236685679513
5353.25,5354.15,47.9797888,-81.8696768,7951.488,-11.175555555555556,-0.57,-1.848888888888889,11.536484321320522,0.48888888888888893,-0.9777777777777779,-0.07777777777777778,1.1690643333887514
5354.25,5354.25,47.9797888,-81.8696768,7953.3045,-14.710000000000003,-0.18299999999999994,-0.6340000000000001,14.749133974673887,-0.30999999999999994,-0.76,-0.27999999999999997,0.8742507524254959
5354.25,5354.35,47.9797888,-81.8696768,7953.839,-5.877999999999999,1.14,-1.919,6.332502738938885,-0.7555555555555555,-0.1888888888888889,-0.044444444444444446,0.8227832020344439
5354.25,5354.45,47.9797888,-81.8696768,7948.07,-8.367777777777778,0.9499999999999998,0.6833333333333332,8.532384392385168,-0.36,0.06000000000000001,0.48999999999999994,0.6807558263562374
5354.25,5354.55,47.9797888,-81.8696768,7944.76,-10.951818181818181,-2.3127272727272725,0.9045454545454544,11.32005381590254,0.2727272727272727,-0.35454545454545455,0.5363636363636363,0.7820750011936263
5354.25,5354.65,47.9797888,-81.8696768,7949.138,-6.520999999999999,-1.5939999999999999,-1.212,6.844695093774651,0.8888888888888888,-0.13333333333333333,-0.03333333333333334,0.9251338160086786
5354.25,5354.75,47.9797888,-81.8696768,7953.518,-13.657777777777778,1.0733333333333333,-1.327777777777778,13.77383834448267,0.32999999999999996,0.53,-0.35,0.8359023687538005
5354.25,5354.85,47.9797888,-81.8696768,7942.092,-9.991,0.588,0.03700000000000001,10.042394239571161,-0.39,0.75,-0.27,0.896699179623935
5354.25,5354.95,47.9797888,-81.8696768,7931.3205,-9.791111111111112,0.5677777777777777,2.9322222222222223,10.38224479560575,-0.3888888888888889,0.21111111111111114,0.06666666666666668,0.5304490119874213
5354.25,5355.05,47.9797888,-81.8696768,7928.869,-8.016363636363636,-1.9381818181818182,2.402727272727273,8.689029408686382,0.5909090909090909,-0.890909090909091,0.1272727272727273,1.0914433642635317
5354.25,5355.15,47.9797888,-81.8696768,7935.691,-18.006,-1.8359999999999999,-1.404,18.27677401120051,1.422222222222222,-1.2666666666666668,-0.18888888888888888,1.9435175488907486
5355.25,5355.25,47.9797888,-81.8696768,7961.541,-8.005555555555555,0.7822222222222223,-2.11,8.365842200717061,1.9300000000000002,-0.41,-0.05000000000000001,1.9852986363021472
5355.25,5355.35,47.9797888,-81.8696768,7979.741,-17.305,2.274,-1.593,17.578632451193467,0.8699999999999999,0.37,0.25,1.0867405103042678
5355.25,5355.45,47.9797888,-81.8696768,7973.0985,-10.088,0.26999999999999996,0.828,10.198679135733896,-0.15555555555555556,0.688888888888889,0.30000000000000004,0.7963934017843862
5355.25,5355.55,47.9797888,-81.8696768,7961.537,-4.656000000000001,-2.177,2.314,5.858755557883606,-0.2636363636363636,-0.02727272727272728,-0.08181818181818182,0.46122140717997967
5355.25,5355.65,47.9797888,-81.8696768,7960.8955000000005,-6.109,-1.3729999999999998,0.475,6.374319635749518,0.31,-0.48,-0.58,0.8184714619434323
5355.25,5355.75,47.9797888,-81.8696768,7964.532,-22.074444444444445,0.1466666666666667,-1.7200000000000002,22.253033593887203,1.0333333333333334,-0.08888888888888889,-0.9000000000000001,1.3941504375526013
5355.25,5355.85,47.9797888,-81.8696768,7960.6810000000005,-8.882,0.9109999999999999,0.273,9.032622240878585,0.9899999999999999,0.030000000000000006,-0.5700000000000001,1.158348120364224
5355.25,5355.95,47.9797888,-81.8696768,7958.97,-6.946,1.641,1.671,7.389367504387499,1.6,-0.09999999999999999,0.14444444444444443,1.6291992491174467
5355.25,5356.05,47.9797888,-81.8696768,7963.035,-12.587,-2.341,0.4960000000000001,13.03347327707109,2.2545454545454544,-0.3727272727272727,0.8181818181818183,2.431358671613164
5355.25,5356.15,47.9797888,-81.8696768,7954.377,-6.758,-3.406,-1.404,8.021501203745018,2.93,-0.31,-1.1102230246251566e-17,2.9567933118316545
5356.25,5356.25,47.9797888,-81.8696768,7921.627,-15.236,-0.06899999999999996,-3.102,15.812219874110898,2.466666666666667,0.044444444444444446,-0.5888888888888889,2.552122604959137
5356.25,5356.35,47.9797888,-81.8696768,7895.798500000001,-11.659,0.502,-0.612,11.787241604709903,1.46,0.23000000000000004,-0.74,1.6543446179739878
5356.25,5356.45,47.9797888,-81.8696768,7886.568,-5.699999999999999,2.557777777777778,-0.6,6.345717903832859,1.02,0.16999999999999998,-0.27999999999999997,1.0886312527758641
5356.25,5356.55,47.9797888,-81.8696768,7883.706,-4.866999999999999,1.5940000000000003,0.9080000000000001,5.2295360534131525,1.72,0.12000000000000002,0.76,1.8901416603242147
5356.25,5356.65,47.9797888,-81.8696768,7882.434499999999,-12.104000000000001,-0.845,2.0160000000000005,12.354888643743823,2.49,0.03000000000000001,1.2600000000000002,2.793367477498575
5356.25,5356.75,47.9797888,-81.8696768,7880.845,-14.405000000000001,-3.8689999999999998,-1.24,15.282468640433532,3.5777777777777775,-0.3888888888888889,0.6666666666666666,3.675757884394387
5356.25,5356.85,47.9797888,-81.8696768,7879.891,-8.696,-0.9969999999999999,-1.6640000000000001,9.094942639163794,2.7181818181818183,-0.2,0.26363636363636367,2.739398235571641
5356.25,5356.95,47.9797888,-81.8696768,7878.938,-16.09,-1.0633333333333335,-1.157777777777778,16.19201107027714,2.266666666666667,-0.2,0.15555555555555556,2.2817944540732
5356.25,5357.05,47.9797888,-81.8696768,7875.8675,-8.352,-0.643,-1.4780000000000002,8.527048970465378,2.38,-0.05,0.0,2.3819279566588065
5356.25,5357.15,47.9797888,-81.8696768,7874.914,-6.11,0.9166666666666666,-1.2655555555555555,6.339572908975272,2.8300000000000005,0.32999999999999996,0.21000000000000002,2.862400807273309
5357.25,5357.25,47.9797888,-81.8696768,7881.693,-13.546000000000001,-0.40199999999999997,1.5130000000000001,13.742646190727275,3.900000000000001,0.29000000000000004,0.9400000000000001,4.0280830116326385
5357.25,5357.35,47.9797888,-81.8696768,7898.557000000001,-9.826,-1.5879999999999999,-1.406,10.084386226294379,4.55,0.14000000000000004,0.7699999999999999,4.6189748962879
5357.25,5357.45,47.9797888,-81.8696768,7883.388,-7.926666666666667,-1.4655555555555555,-1.8699999999999999,8.311201335862322,4.177777777777778,0.022222222222222223,0.3444444444444445,4.194097279339197
5357.25,5357.55,47.9797888,-81.8696768,7866.7675,-8.42,-0.24636363636363637,-2.473636363636363,8.791135443006112,3.5,-0.10999999999999999,0.16,3.506810283484504
5357.25,5357.65,47.9797888,-81.8696768,7857.358,-15.29888888888889,-0.33666666666666667,-0.6833333333333333,15.341893354079174,2.25,-0.2,0.2,2.2679258346371216
5357.25,5357.75,47.9797888,-81.8696768,7855.879,-3.4979999999999998,-0.9229999999999998,-0.083,3.641608494212748,1.7599999999999998,-0.13999999999999999,0.07,1.769353922413325
5357.25,5357.85,47.9797888,-81.8696768,7852.499,-7.431,-0.6950000000000001,-0.08700000000000001,7.521951421110167,1.58,-0.2,-0.11000000000000001,1.5986485841749318
5357.25,5357.95,47.9797888,-81.8696768,7852.71,-14.41111111111111,0.5177777777777778,-0.4488888888888889,14.462753834554633,1.6666666666666667,-0.05555555555555555,-0.07777777777777778,1.6745950648030823
5357.25,5358.05,47.9797888,-81.8696768,7849.8595000000005,-10.680909090909092,0.1409090909090909,0.06909090909090908,10.708638534389186,1.5100000000000002,0.06000000000000001,0.0,1.5119354776076293
5357.25,5358.15,47.9797888,-81.8696768,7847.854,-8.0,0.3833333333333333,1.8033333333333335,8.282574978261913,1.2666666666666666,-0.35555555555555557,0.2222222222222222,1.3457882179161884
5358.25,5358.25,47.9797888,-81.8696768,7846.0605,-6.443,-0.9579999999999999,0.748,6.598942674552077,1.5999999999999999,-0.79,0.4,1.8290986117670478
5358.25,5358.35,47.9797888,-81.8696768,7845.955,-14.251818181818182,-2.6627272727272726,-3.462727272727273,15.183295196753887,2.2,-0.4000000000000001,-0.21000000000000002,2.308581904215238
5358.25,5358.45,47.9797888,-81.8696768,7847.5375,-10.811111111111112,0.016666666666666687,-0.32333333333333336,10.841450401334749,1.9555555555555553,0.05555555555555555,-0.7666666666666666,2.103823710032497
5358.25,5358.55,47.9797888,-81.8696768,7848.488,-13.065999999999999,0.944,-0.358,13.136500936654997,1.9636363636363634,0.0,-0.6000000000000001,2.065449240659891
5358.25,5358.65,47.9797888,-81.8696768,7852.288,-7.918888888888889,1.5366666666666668,0.14777777777777776,8.073189010209408,2.488888888888889,0.0,0.2111111111111111,2.5094031387826536
5358.25,5358.75,47.9797888,-81.8696768,7864.862999999999,-8.274,0.266,0.279,8.304621420117348,3.0,0.0,0.9199999999999999,3.1405825724445737
5358.25,5358.85,47.9797888,-81.8696768,7871.527,-11.402727272727274,-4.956363636363637,0.480909090909091,12.873937042647004,3.7199999999999998,-0.25,0.64,3.822221319243846
5358.25,5358.95,47.9797888,-81.8696768,7852.398999999999,-7.495555555555555,-1.1944444444444444,-2.3477777777777775,8.236556254188773,3.6100000000000003,-0.6699999999999999,-0.13999999999999999,3.6821519770457365
5358.25,5359.05,47.9797888,-81.8696768,7833.093,-11.989999999999998,-0.716,-1.778,12.16775694596819,2.0300000000000002,-0.85,-0.24000000000000005,2.218510614213987
5358.25,5359.15,47.9797888,-81.8696768,7825.827,-13.24,-0.22800000000000004,-1.3010000000000002,13.393823527529714,1.2444444444444445,-0.688888888888889,-0.1111111111111111,1.4307079411838295
5359.25,5359.25,47.9797888,-81.8696768,7822.986,-5.010000000000001,0.8766666666666667,-2.32,5.6485326619011635,0.74,0.09,0.1,0.7856636772076959
5359.25,5359.35,47.9797888,-81.8696768,7816.9905,-6.847272727272727,0.9,-0.33090909090909093,7.000396463943801,1.481818181818182,0.7727272727272729,0.6363636363636362,1.789561887051063
5359.25,5359.45,47.9797888,-81.8696768,7813.6265,-15.24,-1.8666666666666667,2.5199999999999996,15.694896382567512,2.1333333333333337,0.4555555555555555,0.6333333333333333,2.3145167305310945
5359.25,5359.55,47.9797888,-81.8696768,7810.158,-5.674,-0.08900000000000004,0.42600000000000005,5.789574941066481,1.8900000000000001,-0.06999999999999999,0.010000000000000004,1.8975245308034985
5359.25,5359.65,47.9797888,-81.8696768,7808.8975,-12.094999999999999,-0.010000000000000009,-0.43099999999999994,12.127514374543887,0.23333333333333334,-0.3,-0.32222222222222224,0.6658126011273825
5359.25,5359.75,47.9797888,-81.8696768,7804.906,-13.92111111111111,-0.07555555555555554,-1.047777777777778,13.994179234916514,-0.8,-0.3,-0.59,1.0464059921999294
5359.25,5359.85,47.9797888,-81.8696768,7801.547500000001,-5.490909090909091,1.6345454545454545,-0.6127272727272728,5.827886096097845,-0.6636363636363637,-0.009090909090909092,-0.027272727272727268,0.7224522667714323
5359.25,5359.95,47.9797888,-81.8696768,7799.449,-5.129,1.1549999999999998,0.4720000000000001,5.318522062641193,0.13333333333333333,0.011111111111111112,0.7666666666666667,0.7983362014341958
5359.25,5360.05,47.9797888,-81.8696768,7798.6095,-19.23,-3.3699999999999997,0.8933333333333332,19.655225797243776,0.6,-0.21000000000000002,0.9099999999999999,1.1722494287252543
5359.25,5360.15,47.9797888,-81.8696768,7797.141,-12.383,-1.8159999999999996,-0.678,12.571408904160142,0.95,-0.4600000000000001,0.019999999999999993,1.0670056562422139
5360.25,5360.25,47.9797888,-81.8696768,7794.413,-9.898888888888887,-0.8088888888888888,-2.851111111111111,10.389663741164933,1.4666666666666668,0.13333333333333333,-0.3555555555555555,1.534843120504603
5360.25,5360.35,47.9797888,-81.8696768,7791.6875,-7.662727272727272,1.1672727272727272,-1.7290909090909095,7.947941824669064,2.3090909090909095,0.9272727272727272,-0.07272727272727274,2.4927013127281126
5360.25,5360.45,47.9797888,-81.8696768,7791.688,-7.152999999999999,1.363,0.24699999999999997,7.354904709107622,2.966666666666667,1.0111111111111113,0.1888888888888889,3.1491676113849363
5360.25,5360.55,47.9797888,-81.8696768,7791.268,-12.952222222222222,0.26222222222222225,2.4000000000000004,13.298581372174713,4.08,0.27999999999999997,0.9,4.198381953896138
5360.25,5360.65,47.9797888,-81.8696768,7792.317,-15.67777777777778,-1.1966666666666665,-0.64,15.804739602944096,2.94,0.01,1.27,3.209452851019806
5360.25,5360.75,47.9797888,-81.8696768,7800.288,-13.608999999999998,-2.373,-0.04300000000000003,13.932238260379282,2.533333333333333,0.18888888888888888,1.0666666666666667,2.7654173140342326
5360.25,5360.85,47.9797888,-81.8696768,7809.423,-7.677,-3.4840000000000004,-1.01,8.574607932376416,3.1181818181818186,0.12727272727272732,-0.0090909090909091,3.1393913030543463
5360.25,5360.95,47.9797888,-81.8696768,7810.368,-7.787999999999999,-1.1140000000000003,-1.367,8.02327783354627,3.4,0.04,-0.5399999999999998,3.4438221377631377
5360.25,5361.05,47.9797888,-81.8696768,7798.925499999999,-10.959999999999999,0.9259999999999999,-2.3630000000000004,11.344844757621251,3.78,0.20999999999999996,-0.049999999999999996,3.7990170533713785
5360.25,5361.15,47.9797888,-81.8696768,7782.258,-13.892222222222221,0.07333333333333333,-0.42000000000000004,13.987342563798128,3.2555555555555555,0.3,0.2888888888888889,3.283305835194488
5361.25,5361.25,47.9797888,-81.8696768,7772.7345000000005,-11.711,0.62,0.434,11.824766365812751,1.6444444444444446,0.14444444444444446,0.4555555555555556,1.7172976638066848
5361.25,5361.35,47.9797888,-81.8696768,7768.865,-8.288,-1.208,1.784,8.720609712369255,0.9454545454545457,-0.06363636363636363,0.20909090909090908,0.9901081394927765
5361.25,5361.45,47.9797888,-81.8696768,7767.193,-6.956,-4.123,0.8600000000000001,8.188372183708909,1.2999999999999998,-0.56,-0.38,1.483350667769122
5361.25,5361.55,47.9797888,-81.8696768,7766.4615,-11.424,-2.699,-2.3049999999999997,12.083201178431363,2.27,-0.59,-1.3399999999999999,2.708715586283435
5361.25,5361.65,47.9797888,-81.8696768,7765.521,-11.936666666666666,1.5533333333333335,-3.316666666666667,12.557407732886775,3.166666666666666,-0.07777777777777778,-1.1222222222222222,3.3800327721923673
5361.25,5361.75,47.9797888,-81.8696768,7765.625,-10.452000000000002,2.358,-0.9339999999999999,11.009820646883842,2.02,0.18000000000000002,-0.29000000000000004,2.0549580353144985
5361.25,5361.85,47.9797888,-81.8696768,7763.012,-13.311999999999998,-0.047999999999999966,0.417,13.328382502640437,1.17,0.49000000000000005,-0.1,1.2732762836094091
5361.25,5361.95,47.9797888,-81.8696768,7759.357,-7.274999999999999,0.05500000000000003,1.312,7.449346032962358,1.2000000000000002,0.33,-0.01,1.2534610756594546
5361.25,5362.05,47.9797888,-81.8696768,7758.626,-4.390909090909091,-1.2863636363636364,1.9018181818181816,4.97692255480824,1.77,-0.25,-0.04,1.7996615794028012
5361.25,5362.15,47.9797888,-81.8696768,7764.475,-4.96125,-0.8274999999999999,0.27125,5.066055171801066,2.2333333333333334,-0.7,-0.07777777777777778,2.3429850741864175
5362.25,5362.25,47.9797888,-81.8696768,7784.146000000001,-15.392000000000001,-1.9239999999999995,-3.688,16.14842055186299,2.7800000000000002,-0.36,-0.42000000000000004,2.868468737426948
5362.25,5362.35,47.9797888,-81.8696768,7798.399,-7.537999999999999,0.41100000000000003,-1.108,7.662196604814014,2.36,0.030000000000000006,-0.76,2.481586001456645
5362.25,5362.45,47.9797888,-81.8696768,7794.6235,-12.84,0.36700000000000005,-1.0010000000000001,12.907450218262733,2.18,0.0,-0.5700000000000001,2.2577459243372253
5362.25,5362.55,47.9797888,-81.8696768,7785.61,-8.07090909090909,0.6281818181818182,-0.7272727272727273,8.17142532128011,2.44,0.15,-0.05000000000000001,2.449495249061992
5362.25,5362.65,47.9797888,-81.8696768,7767.928,-8.801111111111112,0.026666666666666665,-0.0988888888888889,8.817742197927052,2.6,0.16666666666666669,0.26666666666666666,2.6208927947295177
5362.25,5362.75,47.9797888,-81.8696768,7745.062,-14.551111111111112,-3.0133333333333336,0.37333333333333335,14.952587118814396,3.1000000000000005,-0.05,0.29000000000000004,3.1247158790525726
5362.25,5362.85,47.9797888,-81.8696768,7731.2075,-11.391818181818183,-0.419090909090909,-2.677272727272727,11.733273697814797,3.04,-0.25000000000000006,-0.15000000000000002,3.0569371288873786
5362.25,5362.95,47.9797888,-81.8696768,7727.6695,-13.398888888888887,-0.30333333333333334,-1.0822222222222222,13.47047262271004,1.4200000000000002,-0.15,-0.37,1.482941558414716
5362.25,5363.05,47.9797888,-81.8696768,7724.861,-7.048181818181818,0.8790909090909089,-1.9645454545454546,7.464518933679471,0.49999999999999994,0.15454545454545454,-0.1,0.611631976919803
5362.25,5363.15,47.9797888,-81.8696768,7721.4295,-4.972222222222221,1.281111111111111,-0.6388888888888888,5.229515568782518,0.41111111111111104,0.6555555555555554,0.2777777777777778,0.8477087303624834
5363.25,5363.25,47.9797888,-81.8696768,7718.831,-9.774444444444445,0.4555555555555555,1.4455555555555555,9.95334239860874,1.1666666666666667,0.6555555555555556,0.9222222222222223,1.6353701689673135
5363.25,5363.35,47.9797888,-81.8696768,7719.039000000001,-13.204545454545455,-2.2563636363636363,0.33272727272727276,13.490255157323345,1.75,0.11000000000000001,0.63,1.8866146811650721
5363.25,5363.45,47.9797888,-81.8696768,7717.584,-6.416666666666667,-0.2222222222222222,-0.6766666666666666,6.510221081133799,0.64,-0.04,0.14000000000000004,0.6622695872036579
5363.25,5363.55,47.9797888,-81.8696768,7715.5064999999995,-18.08272727272727,-0.7263636363636363,-1.2881818181818183,18.1729902370749,-0.4454545454545455,-0.2,-0.10909090909090909,0.5429642845791791
5363.25,5363.65,47.9797888,-81.8696768,7713.429,-7.304,0.183,-0.509,7.365930297874515,-0.8,-0.14444444444444446,-0.1888888888888889,0.8378726245360626
5363.25,5363.75,47.9797888,-81.8696768,7709.275,-5.02125,1.425,0.7462500000000001,5.3179815572764655,-0.3444444444444444,-0.044444444444444446,0.23333333333333334,0.51728098504717
5363.25,5363.85,47.9797888,-81.8696768,7707.1990000000005,-13.562727272727273,-2.1554545454545457,2.2800000000000002,14.147978692074163,0.4272727272727273,-0.7090909090909091,0.6,1.0838425585750502
5363.25,5363.95,47.9797888,-81.8696768,7705.539,-15.504444444444443,-2.195555555555556,-2.3866666666666667,16.205169527988115,1.4444444444444444,-0.8444444444444444,-0.18888888888888888,1.724468245796247
5363.25,5364.05,47.9797888,-81.8696768,7703.2564999999995,-10.286363636363637,1.3136363636363635,-1.721818181818182,10.808419623482202,0.4818181818181817,5.046468293750712e-18,-0.09090909090909091,0.5589343242306006
5363.25,5364.15,47.9797888,-81.8696768,7701.596,-10.066999999999998,-0.018,0.05,10.069628223901441,-0.011111111111111112,0.2,0.0,0.20262297752777544
5364.25,5364.25,47.9797888,-81.8696768,7698.693,-6.14625,0.7337499999999999,-0.05374999999999999,6.21281734566252,-0.17777777777777778,0.28888888888888886,0.1111111111111111,0.36371435624018794
5364.25,5364.35,47.9797888,-81.8696768,7696.5154999999995,-8.92,-0.8981818181818181,1.2236363636363636,9.134248179671784,-0.06363636363636364,0.15454545454545457,0.2727272727272727,0.3479015605612527
5364.25,5364.45,47.9797888,-81.8696768,7695.169,-12.226,-2.636,0.09299999999999999,12.778918750161228,0.588888888888889,-0.2222222222222222,-0.36666666666666664,0.7639313153388305
5364.25,5364.55,47.9797888,-81.8696768,7692.9925,-12.228,0.33199999999999996,-0.95,12.311465614006869,0.3,-0.1363636363636364,-0.7909090909090909,0.8787712407401492
5364.25,5364.65,47.9797888,-81.8696768,7688.331,-7.138000000000001,1.6280000000000001,-0.619,7.400401817633873,-0.020000000000000004,0.02,-0.32999999999999996,0.3572219741038847
5364.25,5364.75,47.9797888,-81.8696768,7686.156499999999,-6.35375,0.87375,1.1225,6.555273073039143,0.4125,0.0125,0.25,0.49343313642603503
5364.25,5364.85,47.9797888,-81.8696768,7684.811,-14.59909090909091,-2.2972727272727274,1.3954545454545455,14.885425268297688,1.1272727272727274,-0.5909090909090908,0.2727272727272727,1.3290714421204417
5364.25,5364.95,47.9797888,-81.8696768,7683.155,-8.033999999999999,-1.019,-0.65,8.155504105963008,1.3555555555555556,-0.5888888888888889,0.0,1.4866923475416902
5364.25,5365.05,47.9797888,-81.8696768,7681.6025,-14.216,1.0779999999999998,-0.82,14.314173648433002,1.4181818181818182,0.11818181818181818,0.20909090909090908,1.4617625888589985
5364.25,5365.15,47.9797888,-81.8696768,7681.292,-9.325000000000001,0.9579999999999999,-0.513,9.473599745446851,0.41000000000000003,0.45,0.38,0.7490747406881981
5365.25,5365.25,47.9797888,-81.8696768,7677.878500000001,-13.029,-0.047,1.52,13.311459777820904,0.05555555555555555,0.3111111111111111,0.36666666666666664,0.51848906231455
5365.25,5365.35,47.9797888,-81.8696768,7676.12,-4.398888888888889,-2.0711111111111107,2.448888888888889,5.492004501506292,0.74,-0.5900000000000001,0.16,0.9818384526054634
5365.25,5365.45,47.9797888,-81.8696768,7683.1565,-4.246,-2.275,0.7,4.965097572943675,1.6,-1.15,-0.14,1.9773133235181664
5365.25,5365.55,47.9797888,-81.8696768,7704.709,-16.728,-3.617,-3.2649999999999997,17.591396548122127,2.7199999999999998,-1.06,-0.8400000000000001,3.0660056093540193
5365.25,5365.65,47.9797888,-81.8696768,7721.949,-13.366999999999999,2.226,-3.152,14.383663245277242,2.66,-0.41999999999999993,-0.8099999999999999,2.8167003697429918
5365.25,5365.75,47.9797888,-81.8696768,7729.9585,-12.999,1.8,-1.259,13.247009416193858,1.1666666666666667,0.07777777777777778,-0.17777777777777778,1.191676969183062
5365.25,5365.85,47.9797888,-81.8696768,7727.358,-9.821111111111112,-0.02,0.10555555555555556,9.825925322789866,0.5900000000000001,0.29999999999999993,-0.08,0.6681935941943609
5365.25,5365.95,47.9797888,-81.8696768,7718.103999999999,-7.713000000000001,-0.492,1.0729999999999997,7.919843237908379,0.56,0.13999999999999999,0.0,0.5987905971197396
5365.25,5366.05,47.9797888,-81.8696768,7713.429,-6.82,-1.484,0.5479999999999999,7.103540480524425,0.8600000000000001,-0.24999999999999994,-0.27999999999999997,0.9499292627208575
5365.25,5366.15,47.9797888,-81.8696768,7707.822,-21.076666666666668,1.8633333333333337,-1.6055555555555554,21.32617304441401,0.27,0.020000000000000007,-0.43000000000000005,0.6829515915933042
5366.25,5366.25,47.9797888,-81.8696768,7701.389,-10.976,0.7969999999999999,-0.21600000000000003,11.126996331686497,-0.7000000000000001,0.2,-0.04000000000000001,0.7443616261221642
5366.25,5366.35,47.9797888,-81.8696768,7698.2785,-3.1411111111111114,0.788888888888889,0.8188888888888889,3.3758071556471143,-0.6666666666666666,0.12222222222222223,0.4444444444444444,0.8331281596137513
5366.25,5366.45,47.9797888,-81.8696768,7699.0045,-12.770000000000001,-3.9690000000000003,3.313999999999999,14.105156674505869,0.04,-0.5299999999999999,0.45999999999999996,0.9287150497655329
5366.25,5366.55,47.9797888,-81.8696768,7707.406,-11.81909090909091,-3.7445454545454537,-1.662727272727273,12.670819432404782,1.35,-0.78,-0.8,1.795154878052608
5366.25,5366.65,47.9797888,-81.8696768,7705.4355,-9.446666666666667,-0.5033333333333334,-0.8011111111111112,9.511891474237554,1.27,-0.21000000000000002,-0.7799999999999999,1.5118895189457537
5366.25,5366.75,47.9797888,-81.8696768,7696.619,-10.532,0.3390000000000001,-0.379,10.550080834618559,0.99,-0.04,-0.37,1.0615090967776766
5366.25,5366.85,47.9797888,-81.8696768,7689.781,-9.435555555555558,1.2833333333333332,-0.017777777777777767,9.595600443452282,-0.7555555555555555,0.0,-0.1111111111111111,0.8243175184391531
5366.25,5366.95,47.9797888,-81.8696768,7691.645,-8.085555555555555,-0.3788888888888889,0.2466666666666667,8.107547584581225,-1.46,0.0,0.08,1.4626874349622858
5366.25,5367.05,47.9797888,-81.8696768,7692.3705,-7.119999999999999,-0.8636363636363636,-0.36272727272727273,7.24441636802866,-1.64,0.0,0.06000000000000001,1.641854840753334
5366.25,5367.15,47.9797888,-81.8696768,7689.987999999999,-4.282222222222222,-0.8322222222222222,-0.5111111111111111,4.500799061751083,-1.488888888888889,0.13333333333333333,-0.05555555555555555,1.4974835529949309
5367.25,5367.25,47.9797888,-81.8696768,7678.602,-15.488999999999999,-0.526,0.030999999999999993,15.50756251813885,-1.5599999999999998,0.25000000000000006,0.06000000000000001,1.5848767710496958
5367.25,5367.35,47.9797888,-81.8696768,7662.9995,-7.9772727272727275,-0.6518181818181819,0.25545454545454543,8.064296320678304,-1.588888888888889,-0.10000000000000002,0.3,1.6238329062807406
5367.25,5367.45,47.9797888,-81.8696768,7652.783,-9.55375,-0.385,-0.43374999999999997,9.576754001160646,-1.577777777777778,-0.3,0.16666666666666666,1.6161932223381328
5367.25,5367.55,47.9797888,-81.8696768,7642.0675,-8.06272727272727,-0.4445454545454546,-0.4918181818181818,8.109384593698831,-1.5454545454545454,-0.14545454545454548,0.018181818181818184,1.5546681845841719
5367.25,5367.65,47.9797888,-81.8696768,7629.717,-11.218888888888891,-1.0777777777777777,0.5233333333333332,11.307862068515767,-1.3222222222222222,-0.2,0.05555555555555555,1.3455894398474182
5367.25,5367.75,47.9797888,-81.8696768,7624.782,-13.044,-0.63,-0.273,13.08225005198374,-1.34,-0.38,-0.02,1.3948004049427136
5367.25,5367.85,47.9797888,-81.8696768,7618.9255,-6.78,-0.40454545454545454,-1.8163636363636364,7.066989621794837,-1.57,0.19,-0.11000000000000001,1.6013600621667965
5367.25,5367.95,47.9797888,-81.8696768,7611.842,-10.251249999999999,0.027500000000000014,-0.5700000000000001,10.30653451994888,-1.311111111111111,0.6111111111111112,0.10000000000000002,1.457948662927882
5367.25,5368.05,47.9797888,-81.8696768,7610.0975,-13.61909090909091,-0.3172727272727273,1.9954545454545458,13.804922954196384,-0.7727272727272727,0.1,0.7,1.1310258065058962
5367.25,5368.15,47.9797888,-81.8696768,7606.713,-8.014,-2.077,-0.943,8.439605399966597,-0.2888888888888889,-0.4,0.6,0.7899874154280766
5368.25,5368.25,47.9797888,-81.8696768,7604.2515,-10.71888888888889,-0.9922222222222222,-1.2977777777777777,10.97593434415299,0.28,-0.06,-0.27,0.4627535123937032
5368.25,5368.35,47.9797888,-81.8696768,7601.177,-10.495454545454544,-0.013636363636363625,-0.4209090909090909,10.522166662487136,-0.16363636363636364,0.06363636363636364,-0.5545454545454545,0.5884995053496416
5368.25,5368.45,47.9797888,-81.8696768,7598.922,-13.80875,0.29874999999999996,0.5525,13.833304852575996,-0.475,-0.1,-0.625,0.8108566220284898
5368.25,5368.55,47.9797888,-81.8696768,7596.6685,-5.806363636363636,-0.3090909090909091,0.7681818181818181,5.882045354111875,-0.7636363636363637,-0.4545454545454545,-0.5,1.0244295702179673
5368.25,5368.65,47.9797888,-81.8696768,7593.595,-10.419,-0.589,0.10300000000000001,10.445918035570312,-0.6333333333333333,-0.7,-0.5666666666666667,1.102992567482374
5368.25,5368.75,47.9797888,-81.8696768,7591.139,-10.214444444444444,1.24,-1.471111111111111,10.445569530765601,-0.74,-0.37,-0.35000000000000003,0.9407781160556062
5368.25,5368.85,47.9797888,-81.8696768,7588.477,-9.353636363636364,0.5763636363636363,-0.29363636363636353,9.446181422155192,-0.8636363636363638,-0.009090909090909092,0.4636363636363636,0.996158165261716
5368.25,5368.95,47.9797888,-81.8696768,7585.817,-16.642222222222223,-0.31333333333333335,0.3999999999999999,16.689982633610676,-0.7375,-0.1375,0.9625000000000001,1.231733144497626
5368.25,5369.05,47.9797888,-81.8696768,7581.931,-9.306,-2.348,-0.39299999999999996,9.779304098774496,-0.6727272727272727,-0.3272727272727272,0.7545454545454546,1.069524493360112
5368.25,5369.15,47.9797888,-81.8696768,7582.748,-3.993,-2.261,-0.877,4.711237501839814,-0.1,-0.08,0.07,0.19100160114410755
5369.25,5369.25,47.9797888,-81.8696768,7579.4765,-11.346666666666666,-0.3188888888888889,-0.36111111111111105,11.43635664069987,0.37777777777777777,0.4,-0.21111111111111114,0.6065220544064658
5369.25,5369.35,47.9797888,-81.8696768,7576.41,-17.295454545454547,-0.2136363636363636,0.6109090909090908,17.320217929697098,0.509090909090909,0.3818181818181818,0.0,0.6370876747998058
5369.25,5369.45,47.9797888,-81.8696768,7573.754,-7.336,-0.497,1.4330000000000003,7.729446344699109,0.07777777777777778,-0.011111111111111115,-0.10000000000000002,0.2514974584032379
5369.25,5369.55,47.9797888,-81.8696768,7570.486,-1.8255555555555556,-0.3433333333333333,0.4566666666666667,2.062055855997852,-0.2,-0.29999999999999993,-0.21000000000000002,0.41798366390382374
5369.25,5369.65,47.9797888,-81.8696768,7568.852,-15.669999999999998,0.015999999999999993,-1.4909999999999999,16.056916109476326,-0.09,-0.12999999999999998,-0.25,0.411473008860349
5369.25,5369.75,47.9797888,-81.8696768,7566.198,-4.736,0.506,-1.0290000000000001,4.957368875213849,0.3444444444444444,0.5666666666666667,0.05555555555555555,0.6725448168825613
5369.25,5369.85,47.9797888,-81.8696768,7563.2384999999995,-12.1,-1.366,1.7879999999999998,12.472900067074125,0.8363636363636363,0.4454545454545454,0.2727272727272727,1.0972869569729815
5369.25,5369.95,47.9797888,-81.8696768,7562.013999999999,-10.958,-0.985,0.05699999999999998,11.023115946519606,1.42,0.01,0.21000000000000002,1.4369857996709452
5369.25,5370.05,47.9797888,-81.8696768,7560.892,-10.365555555555554,-0.6111111111111112,-0.03222222222222223,10.398631138848376,0.8999999999999999,0.0,0.022222222222222223,0.9077694114144739
5369.25,5370.15,47.9797888,-81.8696768,7558.955,-6.624,-0.8559999999999999,-0.121,6.705642568845723,0.42000000000000004,-0.08,-0.36,0.5712783485765531
5370.25,5370.25,47.9797888,-81.8696768,7556.201,-11.642,0.43599999999999994,-1.232,11.77621354752617,0.6333333333333333,0.14444444444444446,-0.43333333333333335,0.8183563413072581
5370.25,5370.35,47.9797888,-81.8696768,7555.284,-8.687999999999999,1.116,0.5289999999999999,8.834626534893577,1.5181818181818185,0.4454545454545454,0.24545454545454548,1.618603959808902
5370.25,5370.45,47.9797888,-81.8696768,7552.328,-11.581,-0.06499999999999999,-0.028000000000000046,11.620447149330202,2.5,0.08,0.72,2.6058031183840407
5370.25,5370.55,47.9797888,-81.8696768,7557.732,-13.292222222222222,-1.3177777777777777,-0.6333333333333333,13.395446655229154,3.211111111111111,0.06666666666666668,0.6666666666666666,3.2845538663932667
5370.25,5370.65,47.9797888,-81.8696768,7568.548,-9.45,-0.4666666666666667,-0.5644444444444444,9.483819803953562,3.9,0.0,0.32000000000000006,3.914626228273344
5370.25,5370.75,47.9797888,-81.8696768,7582.34,-8.165000000000001,0.205,-1.5259999999999998,8.337847600057957,4.2299999999999995,-0.05,0.030000000000000006,4.230949748488788
5370.25,5370.85,47.9797888,-81.8696768,7569.6735,-9.32,0.799,-2.5789999999999997,9.797440550516706,4.01,0.13,0.0,4.014088504313178
5370.25,5370.95,47.9797888,-81.8696768,7542.756,-7.295,-0.515,-1.504,7.4973962309258955,3.4899999999999998,0.29999999999999993,0.0,3.502879360119285
5370.25,5371.05,47.9797888,-81.8696768,7533.804,-8.013,-0.6369999999999999,-1.2919999999999998,8.151895563648827,3.355555555555555,0.3111111111111111,-0.1,3.3715636871644956
5370.25,5371.15,47.9797888,-81.8696768,7530.144,-9.396666666666668,0.22111111111111112,-1.3233333333333333,9.499419642984714,3.53,0.42000000000000004,0.030000000000000006,3.55597967778616
5371.25,5371.25,47.9797888,-81.8696768,7528.315,-7.119,0.118,-1.626,7.309758908544485,3.6800000000000006,0.65,0.27999999999999997,3.7492166791040646
5371.25,5371.35,47.9797888,-81.8696768,7530.4490000000005,-10.869000000000002,-0.7320000000000001,-0.637,10.933354450021643,3.75,0.7899999999999999,0.13000000000000003,3.8375733632482834
5371.25,5371.45,47.9797888,-81.8696768,7527.909,-6.628,-0.137,-1.286,6.811208554975113,4.08,0.39999999999999997,0.09,4.101689415809615
5371.25,5371.55,47.9797888,-81.8696768,7542.251,-11.118181818181819,-1.0545454545454547,-0.8063636363636365,11.215625461035778,3.488888888888889,0.16666666666666666,0.0,3.49421953994144
5371.25,5371.65,47.9797888,-81.8696768,7564.565,-12.14125,-1.1,-0.25875,12.204268403514408,2.533333333333333,-0.07777777777777778,0.0,2.534908183634877
5371.25,5371.75,47.9797888,-81.8696768,7574.6735,-9.557999999999998,-1.0230000000000001,-1.12,9.715468785198718,2.25,-0.020000000000000004,-0.01,2.251541341288505
5371.25,5371.85,47.9797888,-81.8696768,7570.486,-10.495454545454548,-0.9472727272727273,-2.1154545454545453,10.779873008984888,2.48,0.6300000000000001,-0.32,2.5902114761130113
5371.25,5371.95,47.9797888,-81.8696768,7551.717,-12.073333333333332,-0.10555555555555556,-1.7066666666666666,12.212241483455504,3.04,0.95,-0.45000000000000007,3.217893620749231
5371.25,5372.05,47.9797888,-81.8696768,7518.571,-11.126363636363637,2.4818181818181815,-1.228181818181818,11.504881093622712,4.154545454545454,1.0818181818181818,0.06363636363636363,4.3032350025255255
5371.25,5372.15,0.0,0.0,7505.18,-6.706250000000001,0.9424999999999999,-1.8624999999999998,7.0366636506735185,5.2125,1.125,0.4,5.347657453542265
5372.25,5372.25,47.9797888,-81.8696768,7505.687,-13.701999999999998,1.045,-2.2920000000000003,13.981546728547269,5.99,1.0699999999999998,0.45,6.102594039444703
5372.25,5372.35,47.9797888,-81.8696768,7507.613,-10.411818181818184,-0.07181818181818182,-3.1509090909090904,10.961110998585076,5.630000000000001,0.9600000000000002,0.29000000000000004,5.719750414829865
5372.25,5372.45,47.9797888,-81.8696768,7525.782999999999,-9.401111111111113,-0.1288888888888889,-3.6655555555555557,10.109339713375427,5.25,0.6300000000000001,-0.02,5.288731163496896
5372.25,5372.55,47.9797888,-81.8696768,7546.624,-10.66909090909091,-0.5636363636363636,-1.5490909090909093,10.90724328920962,3.7545454545454544,0.2090909090909091,-0.10909090909090909,3.7639688353764424
5372.25,5372.65,47.9797888,-81.8696768,7546.217,-14.694444444444445,-1.028888888888889,-0.4977777777777777,14.743030283541783,3.0250000000000004,0.0,-0.1125,3.027239342423194
5372.25,5372.75,47.9797888,-81.8696768,7532.688,-6.718888888888889,-2.0166666666666666,-1.6666666666666667,7.286972802365562,2.7300000000000004,0.06,-0.52,2.785847769048937
5372.25,5372.85,47.9797888,-81.8696768,7510.654,-7.26090909090909,-1.9072727272727272,-3.1636363636363636,8.19412783064776,3.1454545454545455,0.2090909090909091,-1.018181818181818,3.3147404609878275
5372.25,5372.95,47.9797888,-81.8696768,7494.5485,-11.226666666666667,-0.4355555555555556,-4.9366666666666665,12.282074383976298,4.311111111111111,0.8111111111111111,-1.211111111111111,4.556022552900069
5372.25,5373.05,47.9797888,-81.8696768,7490.197,-11.415454545454546,0.640909090909091,-4.6063636363636355,12.337625835307103,5.036363636363636,0.6363636363636362,-1.0545454545454547,5.187009965940752
5372.25,5373.15,47.9797888,-81.8696768,7490.501,-9.71888888888889,0.6333333333333333,-2.7122222222222216,10.172062849361637,4.012499999999999,0.575,-0.725,4.118249553429682
5373.25,5373.25,47.9797888,-81.8696768,7496.268,-11.100000000000001,0.5466666666666666,-1.1055555555555554,11.199917497952782,2.6799999999999997,0.5599999999999999,-0.54,2.792715932371545
5373.25,5373.35,47.9797888,-81.8696768,7504.0665,-12.201818181818181,0.36272727272727273,0.9454545454545453,12.249622372795693,2.2363636363636363,0.3454545454545455,-0.10909090909090909,2.270818535642712
5373.25,5373.45,47.9797888,-81.8696768,7511.3645,-10.985000000000001,-0.624,0.12,11.023886688923108,1.7222222222222223,0.07777777777777778,-0.06666666666666668,1.7284066812970733
5373.25,5373.55,47.9797888,-81.8696768,7519.582,-6.470999999999999,-1.1260000000000001,0.26399999999999996,6.629028017973425,1.4090909090909092,-0.23636363636363636,-0.3727272727272727,1.4881708072741064
5373.25,5373.65,47.9797888,-81.8696768,7527.4015,-14.720000000000002,-1.0550000000000002,-2.282,15.044111326448197,1.5777777777777777,-0.17777777777777778,-0.5777777777777777,1.7063440152828813
5373.25,5373.75,47.9797888,-81.8696768,7529.331,-7.1025,-0.40375000000000005,-2.63125,7.6415374284308575,2.177777777777778,0.5444444444444444,-0.48888888888888893,2.30220644885948
5373.25,5373.85,47.9797888,-81.8696768,7514.1055,-9.176363636363634,0.8236363636363637,-1.4445454545454546,9.333947650788714,2.7818181818181817,0.9,-0.21818181818181823,2.936344616734841
5373.25,5373.95,47.9797888,-81.8696768,7481.705,-11.26,0.8260000000000002,-0.601,11.344636952773849,3.1555555555555563,0.7333333333333333,-0.03333333333333334,3.2419813350017974
5373.25,5374.05,47.9797888,-81.8696768,7465.5545,-9.657,-0.40599999999999997,-0.125,9.676083992852991,2.609090909090909,0.1636363636363636,0.018181818181818184,2.618532890253412
5373.25,5374.15,47.9797888,-81.8696768,7459.706,-13.664000000000001,-0.8440000000000001,0.5740000000000001,13.71549143090321,1.81,-0.08,0.01,1.8150191469880226
5374.25,5374.25,47.9797888,-81.8696768,7456.682,-9.68,-0.3533333333333333,0.03666666666666666,9.699510732100249,1.2625,-0.15000000000000002,0.05,1.2738356303453204
5374.25,5374.35,47.9797888,-81.8696768,7455.4735,-6.331,-1.304,-2.2079999999999997,6.897241833098258,1.2636363636363637,0.07272727272727272,-0.13636363636363638,1.2876163684930224
5374.25,5374.45,47.9797888,-81.8696768,7453.258,-11.315000000000001,0.96,-3.149,11.85682746470787,2.1900000000000004,1.15,-0.17,2.4879884133029853
5374.25,5374.55,47.9797888,-81.8696768,7450.1365000000005,-10.989,1.252,0.08399999999999999,11.074342204510526,3.16,1.3599999999999999,0.030000000000000006,3.4487794716109996
5374.25,5374.65,47.9797888,-81.8696768,7449.633,-9.493,0.615,1.049,9.617341108099176,3.8600000000000003,0.6699999999999999,0.22000000000000003,3.9360383519945175
5374.25,5374.75,47.9797888,-81.8696768,7449.029,-9.06111111111111,0.5044444444444446,-0.23888888888888882,9.108961667449808,3.525,0.0625,0.5,3.5643449626625525
5374.25,5374.85,47.9797888,-81.8696768,7455.777,-14.097,-0.8149999999999998,0.08,14.134480624341686,2.209090909090909,-0.09999999999999999,0.7454545454545454,2.340862955041396
5374.25,5374.95,47.9797888,-81.8696768,7471.808,-11.433000000000002,-0.967,-0.794,11.574205728308474,1.49,-0.020000000000000007,0.7,1.6529978340351363
5374.25,5375.05,47.9797888,-81.8696768,7477.967000000001,-8.06,-0.8639999999999999,-1.33,8.335103926692,0.93,0.56,0.15,1.1229319425547761
5374.25,5375.15,47.9797888,-81.8696768,7471.405,-14.879999999999999,0.18222222222222223,1.1777777777777776,14.993896761823512,1.01,0.8400000000000001,0.05,1.3232476286127284
5375.25,5375.25,47.9797888,-81.8696768,7460.3105,-5.866666666666667,0.4,2.597777777777778,6.453791652217879,1.7000000000000002,0.2222222222222222,0.4444444444444444,1.7843121197322271
5375.25,5375.35,47.9797888,-81.8696768,7457.891,-7.5230000000000015,-1.734,2.7310000000000003,8.260926175078437,2.88,-0.5,0.76,3.0264149124972186
5375.25,5375.45,47.9797888,-81.8696768,7455.876,-12.982,-3.346,0.17000000000000007,13.484971889684948,3.78,-1.06,0.72,3.9921417745105927
5375.25,5375.55,47.9797888,-81.8696768,7440.179,-10.44,-3.2318181818181815,-2.088181818181818,11.180417000824937,4.16,-0.76,0.63,4.284972031162075
5375.25,5375.65,47.9797888,-81.8696768,7424.706,-8.861111111111112,-1.7066666666666666,-2.3466666666666667,9.376563691081985,4.36,-0.18000000000000002,0.16,4.36955489567301
5375.25,5375.75,47.9797888,-81.8696768,7421.1939999999995,-9.357000000000001,-0.476,-2.352,9.668133415562597,3.066666666666667,-0.022222222222222223,-0.13333333333333336,3.0718752875555593
5375.25,5375.85,47.9797888,-81.8696768,7419.689,-12.294444444444444,-0.21666666666666667,-1.3544444444444443,12.404446566943845,2.0599999999999996,0.0,-0.31999999999999995,2.0856020481650495
5375.25,5375.95,47.9797888,-81.8696768,7417.7835,-7.653333333333332,2.4222222222222225,-0.8366666666666667,8.121876995086684,1.48,0.1,0.25999999999999995,1.535551995542733
5375.25,5376.05,47.9797888,-81.8696768,7416.279,-7.555454545454546,1.139090909090909,1.1927272727272729,7.76948571164157,2.0,0.24000000000000005,1.15,2.3208432684815916
5375.25,5376.15,47.9797888,-81.8696768,7415.477,-14.205555555555556,-2.474444444444445,3.093333333333333,14.891778230138701,3.2222222222222223,-0.07777777777777778,1.5222222222222224,3.5792369312578622
5376.25,5376.25,47.9797888,-81.8696768,7415.477000000001,-6.16,-2.554,0.557,6.744401917202876,4.17,-0.32999999999999996,1.02,4.307738348367545
5376.25,5376.35,47.9797888,-81.8696768,7424.505,-8.102,-2.3180000000000005,-0.0010000000000000009,8.480197703226073,4.166666666666668,-0.6000000000000001,0.6777777777777777,4.2651400126256
5376.25,5376.45,47.9797888,-81.8696768,7430.227999999999,-13.071111111111112,-1.0533333333333335,-1.001111111111111,13.164297210064653,3.8600000000000003,-0.75,0.65,3.987116788473383
5376.25,5376.55,47.9797888,-81.8696768,7422.096,-13.663636363636364,-1.8436363636363637,-2.9154545454545455,14.139956506941308,3.4,-0.3818181818181818,0.5454545454545455,3.476257880228989
5376.25,5376.65,47.9797888,-81.8696768,7404.558,-9.382222222222223,-0.9155555555555556,-2.5933333333333333,9.818008917909303,3.477777777777778,0.17777777777777778,0.12222222222222223,3.4888541908837585
5376.25,5376.75,47.9797888,-81.8696768,7393.849,-9.039,-0.17099999999999996,-1.1599999999999997,9.13776700599533,3.04,0.31999999999999995,0.0,3.056988987622954
5376.25,5376.85,47.9797888,-81.8696768,7391.75,-7.678999999999999,1.616,-0.225,7.8691704967553395,2.911111111111111,0.3888888888888889,0.3444444444444445,2.963140216183233
5376.25,5376.95,47.9797888,-81.8696768,7392.25,-7.917777777777778,1.3777777777777778,0.023333333333333334,8.054223549953955,3.711111111111111,0.5111111111111112,1.1555555555555557,3.923327730919038
5376.25,5377.05,47.9797888,-81.8696768,7393.449,-13.244545454545458,-0.4090909090909091,1.2263636363636363,13.357894072217272,4.590909090909091,0.8363636363636364,1.4727272727272727,4.895879343236623
5376.25,5377.15,47.9797888,-81.8696768,7392.9495,-8.207,-0.6380000000000001,-0.019000000000000062,8.31182953114386,5.311111111111111,0.7,1.2333333333333334,5.498273022959659
5377.25,5377.25,47.9797888,-81.8696768,7399.051,-7.067777777777778,0.8444444444444444,0.6255555555555556,7.191278925831958,4.29,0.61,1.06,4.462864099613053
5377.25,5377.35,47.9797888,-81.8696768,7399.7515,-7.614,-0.041999999999999996,0.6279999999999999,7.651735879382495,3.6400000000000006,0.31999999999999995,1.17,3.837441182475073
5377.25,5377.45,47.9797888,-81.8696768,7389.651,-13.697777777777778,-1.5944444444444443,0.42111111111111116,13.840258995711073,3.5222222222222217,0.16666666666666666,1.1555555555555557,3.712861274983121
5377.25,5377.55,47.9797888,-81.8696768,7378.2645,-11.64909090909091,-1.6554545454545453,-1.7963636363636366,11.913439513304985,2.827272727272727,0.2909090909090909,0.5,2.8919525207215355
5377.25,5377.65,47.9797888,-81.8696768,7373.674000000001,-13.463999999999999,-1.098,-1.036,13.565538505123424,1.7444444444444445,0.37777777777777777,3.0839528461809902e-18,1.7877987369946733
5377.25,5377.75,47.9797888,-81.8696768,7369.684,-8.01222222222222,-0.4933333333333334,-0.39111111111111113,8.044797385714155,1.33,0.30999999999999994,-0.11000000000000001,1.3708035632964741
5377.25,5377.85,47.9797888,-81.8696768,7367.092500000001,-7.9030000000000005,1.921,-0.1750000000000001,8.261306240477397,1.73,0.5199999999999999,0.16999999999999998,1.8307330532296753
5377.25,5377.95,47.9797888,-81.8696768,7366.893,-7.965555555555557,0.7966666666666665,1.751111111111111,8.270490494542708,2.922222222222222,0.4111111111111111,1.0555555555555558,3.138241691496419
5377.25,5378.05,47.9797888,-81.8696768,7367.69,-13.39,-2.446,0.764,13.717087630551907,4.163636363636363,0.12727272727272732,1.2727272727272727,4.361850782983864
5377.25,5378.15,47.9797888,-81.8696768,7366.295,-12.311000000000002,-2.824,-2.3790000000000004,12.945262681477981,5.470000000000001,0.12,0.7,5.520491862083268
5378.25,5378.25,47.9797888,-81.8696768,7372.676,-8.836666666666666,-0.6577777777777779,-2.962222222222222,9.370896554662828,5.266666666666667,0.2,0.3111111111111111,5.279847974207168
5378.25,5378.35,47.9797888,-81.8696768,7384.555,-11.307272727272728,-1.23,-2.9618181818181815,11.788103620970274,4.727272727272727,0.03636363636363637,0.05454545454545456,4.7291507005471685
5378.25,5378.45,47.9797888,-81.8696768,7381.459,-14.083333333333334,-0.6622222222222223,-2.1033333333333335,14.302201439238921,4.075,0.0,-0.125,4.077141812077825
5378.25,5378.55,47.9797888,-81.8696768,7363.906,-8.110000000000001,-1.1729999999999998,-3.9620000000000006,9.169096785080647,3.2818181818181817,0.6545454545454545,-0.43636363636363634,3.3967402897199235
5378.25,5378.65,47.9797888,-81.8696768,7350.561,-10.622,-0.659,-3.778,11.34991790658018,3.3899999999999997,1.23,-0.99,3.74040470959158
5378.25,5378.75,47.9797888,-81.8696768,7347.2785,-13.786000000000001,1.8219999999999998,-3.6919999999999993,14.419153528164594,4.677777777777778,1.4777777777777779,-0.8999999999999999,4.9988871382049
5378.25,5378.85,47.9797888,-81.8696768,7349.169,-6.927999999999999,1.567,-4.141,8.271769942450423,5.699999999999999,1.1818181818181817,-0.6727272727272727,5.861334674721648
5378.25,5378.95,47.9797888,-81.8696768,7358.723,-8.005555555555555,2.2522222222222226,-3.602222222222222,9.117970864474858,4.533333333333333,0.9555555555555555,-0.5222222222222223,4.663906281663629
5378.25,5379.05,47.9797888,-81.8696768,7389.5525,-13.944999999999999,1.159,-0.7380000000000002,14.117086586239623,2.69,1.14,-0.4,2.952979317920197
5378.25,5379.15,47.9797888,-81.8696768,7393.65,-12.506000000000002,0.046000000000000006,0.177,12.520324368918892,1.9700000000000002,0.93,-0.51,2.2392177175428962
5379.25,5379.25,47.9797888,-81.8696768,7383.3575,-12.072,-0.655,-0.652,12.108956613682402,1.7333333333333332,0.6666666666666666,-0.711111111111111,1.992191753795594
5379.25,5379.35,47.9797888,-81.8696768,7370.681,-9.402000000000001,-0.662,-0.645,9.453935940142339,1.6636363636363638,0.29090909090909095,-0.8727272727272729,1.9033140793009122
5379.25,5379.45,47.9797888,-81.8696768,7357.529,-11.018888888888888,1.8066666666666669,-2.838888888888889,11.623731293054341,1.388888888888889,0.5222222222222223,-0.5,1.6045180210846308
5379.25,5379.55,47.9797888,-81.8696768,7345.589,-5.468181818181818,1.1936363636363636,-1.4945454545454546,5.826851062157605,1.86,1.23,0.14,2.2367773945637435
5379.25,5379.65,47.9797888,-81.8696768,7333.07,-12.57111111111111,2.5455555555555556,0.3455555555555555,12.917770314064926,3.0000000000000004,1.5999999999999999,0.67,3.4760557765797246
5379.25,5379.75,47.9797888,-81.8696768,7324.04,-14.522000000000002,0.08699999999999998,0.14600000000000005,14.585371298652746,4.3100000000000005,1.41,1.03,4.654825742436262
5379.25,5379.85,47.9797888,-81.8696768,7322.751,-9.120999999999999,0.040999999999999995,-1.1350000000000002,9.331883023334278,5.4399999999999995,1.12,0.43,5.576685366438818
5379.25,5379.95,47.9797888,-81.8696768,7325.3295,-9.927,2.21,-2.2559999999999993,10.475787327096139,4.833333333333334,0.6999999999999998,0.3444444444444444,4.897007039274049
5379.25,5380.05,47.9797888,-81.8696768,7327.711,-13.684999999999999,-0.787,-0.559,13.741706354750448,3.1700000000000004,0.5,0.45,3.241399334350741
5379.25,5380.15,47.9797888,-81.8696768,7334.659,-11.095555555555556,-0.5077777777777777,-0.2955555555555555,11.117895268887448,2.3600000000000003,0.43000000000000005,0.21000000000000002,2.4095685818065244
5380.25,5380.25,47.9797888,-81.8696768,7342.407,-8.742,-1.8979999999999997,-0.6980000000000001,9.046136814953108,2.0900000000000003,0.4800000000000001,-0.22000000000000003,2.1667227915043776
5380.25,5380.35,47.9797888,-81.8696768,7345.191,-7.691,-1.0989999999999998,-1.6189999999999998,7.994747793391156,2.35,0.43000000000000005,-0.8400000000000001,2.533996471269665
5380.25,5380.45,47.9797888,-81.8696768,7345.0915,-9.203,2.075,-3.064,9.963676260975161,3.2400000000000007,0.8799999999999999,-0.45,3.40735263370983
5380.25,5380.55,47.9797888,-81.8696768,7337.042,-9.925999999999998,1.4580000000000002,-1.5490000000000002,10.2110071887761,4.3,1.2222222222222223,0.08888888888888889,4.471691336867263
5380.25,5380.65,47.9797888,-81.8696768,7313.5375,-14.809999999999999,0.5555555555555556,0.43444444444444447,14.87650883065019,3.744444444444445,1.1,0.17777777777777778,3.907605303299849
5380.25,5380.75,47.9797888,-81.8696768,7301.161,-7.476000000000001,-0.43099999999999994,0.842,7.562954124323864,2.9199999999999995,0.63,0.04,2.9888040961017976
5380.25,5380.85,47.9797888,-81.8696768,7298.788500000001,-13.113636363636363,-0.3709090909090909,1.4318181818181819,13.224809537189778,2.98,0.09000000000000001,0.08,2.9922085242176735
5380.25,5380.95,47.9797888,-81.8696768,7298.986,-13.712222222222222,-0.8166666666666667,-1.1311111111111112,13.865332270605691,2.3,-0.23000000000000004,0.18000000000000002,2.3215816543439822
5380.25,5381.05,47.9797888,-81.8696768,7297.009,-7.403999999999999,-1.6010000000000002,-1.7899999999999998,7.8259210686630185,1.67,0.24,-0.36000000000000004,1.7495843620586977
5380.25,5381.15,47.9797888,-81.8696768,7295.2295,-13.403333333333334,-0.7177777777777777,-1.6533333333333333,13.5583022165456,1.9111111111111114,0.6888888888888889,-0.8888888888888888,2.2194844043948616
5381.25,5381.25,47.9797888,-81.8696768,7291.869,-10.458,1.528,-1.964,10.811912307835012,2.46,0.95,-0.76,2.7573698544219853
5381.25,5381.35,47.9797888,-81.8696768,7294.835,-5.648181818181818,1.9854545454545458,-1.2836363636363637,6.142317394412839,3.72,1.09,-0.06000000000000001,3.884188054677208
5381.25,5381.45,47.9797888,-81.8696768,7312.247,-8.407777777777776,2.247777777777778,-1.6877777777777778,8.886807280782987,4.85,1.0,0.38,4.968024051216045
5381.25,5381.55,47.9797888,-81.8696768,7326.1235,-14.401999999999997,-0.07999999999999996,-2.346,14.665920220335684,4.869999999999999,1.25,0.63,5.071085853303627
5381.25,5381.65,47.9797888,-81.8696768,7295.625,-13.479,-1.6900000000000002,-1.9220000000000002,13.755800118098511,4.722222222222223,1.2444444444444445,-0.14444444444444446,4.898253403004038
5381.25,5381.75,47.9797888,-81.8696768,7276.669,-11.293333333333333,-0.2433333333333333,-1.5222222222222221,11.441364744523007,4.069999999999999,0.47000000000000003,-0.54,4.135185499565232
5381.25,5381.85,47.9797888,-81.8696768,7273.2175,-10.344545454545454,-1.3763636363636365,-1.1118181818181818,10.505572032481389,3.6363636363636362,0.09090909090909091,-0.5,3.672541619503711
5381.25,5381.95,47.9797888,-81.8696768,7276.077,-12.421111111111111,-1.6044444444444443,-4.021111111111111,13.239712150101433,2.833333333333333,0.43333333333333335,-0.7444444444444444,3.00168977534373
5381.25,5382.05,47.9797888,-81.8696768,7276.9655,-8.909,-0.7849999999999999,-2.714,9.386392983070497,2.24,1.19,-1.32,2.860685362786646
5381.25,5382.15,47.9797888,-81.8696768,7276.669,-13.931111111111113,2.826666666666667,-2.632222222222222,14.504125511248848,3.388888888888889,1.6,-1.1111111111111112,3.9337647716997557
5382.25,5382.25,47.9797888,-81.8696768,7293.5545,-8.82888888888889,2.387777777777778,-2.5955555555555554,9.543673221929406,4.159999999999999,1.55,-0.47000000000000003,4.465865910806535
5382.25,5382.35,47.9797888,-81.8696768,7321.164,-12.07909090909091,0.35727272727272735,-2.3518181818181816,12.366114413200101,5.218181818181819,1.5272727272727273,-0.2818181818181818,5.448419938783678
5382.25,5382.45,47.9797888,-81.8696768,7318.984,-13.285,-1.3860000000000001,-2.151,13.572164997689665,5.922222222222222,1.0333333333333332,-0.6111111111111112,6.050860916330806
5382.25,5382.55,47.9797888,-81.8696768,7275.791499999999,-8.940999999999999,-1.7429999999999999,-4.574999999999999,10.339948247053751,6.563636363636365,0.1,-0.5000000000000001,6.585776529785943
5382.25,5382.65,47.9797888,-81.8696768,7258.543,-12.746666666666666,-1.0811111111111111,-4.042222222222223,13.530703474344234,5.722222222222222,0.0,-0.23333333333333334,5.727067505272694
5382.25,5382.75,47.9797888,-81.8696768,7257.853499999999,-8.437777777777777,-0.32666666666666666,-2.3344444444444448,8.885248455384135,4.6,0.044444444444444446,-0.1,4.601582803671718
5382.25,5382.85,47.9797888,-81.8696768,7257.362,-9.825454545454544,-0.9136363636363637,-0.6699999999999999,9.949440826380256,4.163636363636363,-0.17272727272727273,-0.1,4.172959759280911
5382.25,5382.95,47.9797888,-81.8696768,7273.9130000000005,-7.878,-1.7329999999999999,0.19199999999999998,8.101293229204284,3.7999999999999994,-0.8555555555555555,0.022222222222222223,3.9011897045338833
5382.25,5383.05,47.9797888,-81.8696768,7300.964,-12.563999999999998,-4.566999999999999,-1.597,13.508300450108916,4.209090909090909,-1.1636363636363634,0.18181818181818182,4.372762209613149
5382.25,5383.15,47.9797888,-81.8696768,7307.494,-10.467777777777776,-4.112222222222222,-3.823333333333333,11.912836251831036,4.855555555555555,-0.8666666666666667,-0.18888888888888888,4.938635825569533
5383.25,5383.25,47.9797888,-81.8696768,7272.9349999999995,-9.267,-1.78,-2.594,9.813197008928046,4.144444444444445,-0.8,-0.3888888888888889,4.239643421443196
5383.25,5383.35,47.9797888,-81.8696768,7243.205,-12.379,0.375,-2.515,12.697377788924252,3.1090909090909093,-0.6727272727272727,-0.4,3.2068385049426174
5383.25,5383.45,47.9797888,-81.8696768,7238.4915,-9.912,0.6020000000000001,-1.462,10.081705405933162,2.19,-0.35,-0.09000000000000001,2.2222380757983364
5383.25,5383.55,47.9797888,-81.8696768,7236.332,-10.138,0.209,-0.534,10.172411376279692,1.9299999999999997,-0.11000000000000001,0.1,1.9409855612968212
5383.25,5383.65,47.9797888,-81.8696768,7234.86,-7.7844444444444445,0.6466666666666666,0.8311111111111111,7.919945813019538,2.1666666666666665,-0.011111111111111112,0.5222222222222223,2.2325774106807805
5383.25,5383.75,47.9797888,-81.8696768,7234.761,-9.436000000000002,-1.943,2.489,10.023896702405342,2.9555555555555557,-0.5111111111111112,0.8777777777777778,3.1316523636232128
5383.25,5383.85,47.9797888,-81.8696768,7233.6825,-8.924,-4.825000000000001,-0.735,10.348042775546274,4.118181818181818,-1.0999999999999999,0.5909090909090908,4.312314113248991
5383.25,5383.95,47.9797888,-81.8696768,7236.3325,-10.196000000000002,-2.588,-1.7079999999999997,10.732800648367533,3.85,-1.17,0.28,4.036754257175696
5383.25,5384.05,47.9797888,-81.8696768,7252.05,-13.219999999999999,-3.4509999999999996,-2.697,13.979235122166196,3.79,-1.1,0.02,3.949690967230685
5383.25,5384.15,47.9797888,-81.8696768,7260.806500000001,-13.307777777777776,-2.4299999999999997,-3.978888888888889,14.139240985622111,4.444444444444444,-0.7777777777777778,-0.06666666666666668,4.514741091855454
5384.25,5384.25,47.9797888,-81.8696768,7243.795,-10.675555555555556,-1.402222222222222,-4.192222222222222,11.55882759760059,5.41,-0.21000000000000002,0.0,5.416598733693055
5384.25,5384.35,47.9797888,-81.8696768,7219.1735,-11.148,-0.7369999999999999,-3.6989999999999994,11.804729199585028,5.569999999999999,0.2,0.0,5.57456713547854
5384.25,5384.45,47.9797888,-81.8696768,7214.376,-11.485999999999999,-0.366,-3.482,12.05896136842498,5.23,0.42000000000000004,0.02,5.248251807762327
5384.25,5384.55,47.9797888,-81.8696768,7214.4735,-8.055454545454545,1.0390909090909093,-3.43,8.860871875411423,5.59,0.8699999999999999,0.29999999999999993,5.66697644865206
5384.25,5384.65,47.9797888,-81.8696768,7216.628000000001,-8.643333333333333,1.2577777777777779,-4.232222222222223,9.717423909941859,6.299999999999999,1.4,0.31000000000000005,6.462573716440973
5384.25,5384.75,47.9797888,-81.8696768,7235.155,-9.580000000000002,1.672222222222222,-5.655555555555555,11.26311129713825,7.2666666666666675,1.6888888888888889,0.044444444444444446,7.460917965786716
5384.25,5384.85,47.9797888,-81.8696768,7220.75,-11.613999999999999,2.614,-6.337999999999999,13.521977147204385,6.74,1.77,-0.3,6.977799097382244
5384.25,5384.95,47.9797888,-81.8696768,7202.245,-12.52111111111111,2.28,-3.735555555555556,13.272159421632523,5.200000000000001,1.52,-0.6099999999999999,5.4525516326029475
5384.25,5385.05,47.9797888,-81.8696768,7202.9295,-9.168181818181818,1.0681818181818181,-2.097272727272727,9.470553977593509,4.279999999999999,1.1300000000000001,-0.44000000000000006,4.4490371057483395
5384.25,5385.15,47.9797888,-81.8696768,7203.223,-8.51222222222222,0.89,-1.5799999999999998,8.71795600250639,3.2444444444444445,0.788888888888889,-0.3333333333333333,3.3558398912628937
5385.25,5385.25,47.9797888,-81.8696768,0.0,-13.102222222222222,0.06333333333333332,0.07555555555555554,13.110124906087746,2.1666666666666665,0.6333333333333333,-0.2222222222222222,2.268627338027221
5385.25,5385.35,47.9797888,-81.8696768,7209.9715,-11.534545454545453,-0.35000000000000003,-0.08636363636363636,11.54053173643291,1.72,0.57,-0.32999999999999996,1.8450026448881438
5385.25,5385.45,47.9797888,-81.8696768,7215.746,-6.220000000000001,-0.4211111111111111,-0.16555555555555557,6.238482563858658,1.47,0.38999999999999996,-0.5599999999999999,1.6230216628790326
5385.25,5385.55,47.9797888,-81.8696768,7220.8395,-7.665454545454546,-0.5718181818181819,-0.1890909090909091,7.7024358577170124,1.3363636363636366,0.18181818181818185,-0.7000000000000001,1.5211619109289678
5385.25,5385.65,47.9797888,-81.8696768,7228.484,-8.775555555555554,1.2466666666666668,-1.2111111111111112,9.085562005076994,1.7888888888888888,0.35555555555555557,-0.22222222222222218,1.8698889479182381
5385.25,5385.75,47.9797888,-81.8696768,7237.609,-11.886666666666665,1.558888888888889,0.3788888888888889,12.082139464520033,1.8333333333333333,0.4,0.36666666666666664,1.9324485592776601
5385.25,5385.85,47.9797888,-81.8696768,7239.669,-11.592727272727272,0.3445454545454545,1.180909090909091,11.683854680092667,0.6600000000000001,0.2899999999999999,0.9099999999999999,1.1868256047997587
5385.25,5385.95,47.9797888,-81.8696768,7238.688,-13.63888888888889,-0.7455555555555556,0.4555555555555555,13.693258639657332,0.16666666666666663,0.3,0.8666666666666666,0.9448070422697157
5385.25,5386.05,47.9797888,-81.8696768,7236.234,-8.999090909090908,-1.573636363636364,0.03727272727272726,9.188845145350877,-0.5,0.3454545454545454,0.0818181818181818,0.6623707179858129
5385.25,5386.15,47.9797888,-81.8696768,7227.699,-12.575999999999999,0.39499999999999996,-0.366,12.602792077795588,-0.9555555555555555,0.4666666666666667,-0.05555555555555555,1.0670510300029479
5386.25,5386.25,47.9797888,-81.8696768,7221.329,-11.116666666666667,-1.3333333333333333,3.454444444444445,11.960394821563481,-1.1111111111111112,0.044444444444444446,-0.011111111111111112,1.1556236816714158
5386.25,5386.35,47.9797888,-81.8696768,7220.447,-6.971000000000001,-1.6700000000000004,1.541,7.391720741807999,-0.29090909090909095,-0.9545454545454544,-0.3909090909090909,1.0994896180410303
5386.25,5386.45,47.9797888,-81.8696768,7230.25,-17.58888888888889,-2.7377777777777776,-2.108888888888889,18.046919397420623,0.1888888888888889,-0.8999999999999999,-1.1,1.5118112851981977
5386.25,5386.55,47.9797888,-81.8696768,7235.939,-9.476363636363637,1.0163636363636366,-1.3363636363636362,9.753374790649982,1.1909090909090911,0.3272727272727272,-1.081818181818182,1.6687422064791917
5386.25,5386.65,47.9797888,-81.8696768,7234.566,-8.815000000000001,2.069,0.27999999999999997,9.142913128705905,1.911111111111111,0.4555555555555555,-0.4222222222222222,2.0504694641805785
5386.25,5386.75,47.9797888,-81.8696768,7229.563,-8.113333333333333,0.22111111111111112,-0.25555555555555554,8.139142758571673,1.9899999999999998,0.71,0.2,2.1283107734431326
5386.25,5386.85,47.9797888,-81.8696768,7211.635,-16.542,0.009999999999999992,-0.096,16.54630951860615,1.5699999999999998,0.93,0.07,1.830868097129598
5386.25,5386.95,47.9797888,-81.8696768,7185.941500000001,-13.001999999999999,-1.3290000000000002,0.41200000000000003,13.112304458098237,0.7777777777777778,0.8444444444444446,-0.47777777777777786,1.3387723611256428
5386.25,5387.05,47.9797888,-81.8696768,7166.349,-11.319999999999999,-0.615,-0.097,11.350199493873655,0.018181818181818184,0.5727272727272726,-1.118181818181818,1.261271712441284
5386.25,5387.15,47.9797888,-81.8696768,7154.775,-10.732999999999999,0.5740000000000001,-0.177,10.80143166111414,0.04,0.5999999999999999,-0.8999999999999998,1.1048504938227939
5387.25,5387.25,47.9797888,-81.8696768,7148.07,-6.651111111111111,0.026666666666666696,1.7722222222222221,6.974678354440618,0.7444444444444445,0.3333333333333333,-0.17777777777777776,0.9189074970761859
5387.25,5387.35,47.9797888,-81.8696768,7146.4185,-10.974,0.325,1.1560000000000001,11.077058370769354,0.61,-0.47000000000000003,0.33,0.9612590129422911
5387.25,5387.45,47.9797888,-81.8696768,7146.5154999999995,-11.665,-0.544,-0.43499999999999994,11.702757161323913,-0.26666666666666666,-0.8444444444444446,0.7222222222222221,1.1501976376782723
5387.25,5387.55,47.9797888,-81.8696768,7152.344,-11.851999999999999,-0.9840000000000002,-0.9260000000000002,11.971469269035255,-0.7090909090909091,-0.8,0.7545454545454546,1.3240629689437549
5387.25,5387.65,47.9797888,-81.8696768,7165.0855,-6.184,-1.05,-2.217,6.661882356540394,-1.3399999999999999,-0.33,0.43,1.4709931639986162
5387.25,5387.75,47.9797888,-81.8696768,7175.309,-11.163,-0.866,-1.813,11.394233721155349,-1.4,0.3111111111111111,0.21111111111111114,1.4671155752646547
5387.25,5387.85,47.9797888,-81.8696768,7170.439,-11.782222222222222,-0.7566666666666666,-1.0411111111111113,11.855978280184965,-1.8,0.7700000000000001,0.13999999999999999,1.9637808346319925
5387.25,5387.95,47.9797888,-81.8696768,7166.349,-9.443,-0.4960000000000001,-1.1260000000000001,9.525180350559106,-2.2299999999999995,0.9,0.24,2.4175193328525273
5387.25,5388.05,47.9797888,-81.8696768,7158.761,-8.169,0.0060000000000000105,-1.196,8.270958359123279,-2.5200000000000005,0.7899999999999999,0.5299999999999999,2.696677017659628
5387.25,5388.15,47.9797888,-81.8696768,7155.648999999999,-7.55,-2.102,0.324,8.012302312090394,-2.87,0.15999999999999998,0.29999999999999993,2.914684774094419
5388.25,5388.25,47.9797888,-81.8696768,7160.122,-3.3,-0.618,-1.192,3.6220562711888817,-2.644444444444444,-0.15555555555555556,-0.35555555555555557,2.67737844917681
5388.25,5388.35,47.9797888,-81.8696768,7153.4145,-8.295555555555556,-1.4500000000000002,-0.9266666666666666,8.517623268180406,-2.07,0.32,-1.02,2.3486495428528382
5388.25,5388.45,47.9797888,-81.8696768,7134.677,-13.383333333333333,-0.7555555555555555,0.6922222222222222,13.444448691974765,-1.5,0.8400000000000001,-1.2400000000000002,2.129722453789533
5388.25,5388.55,47.9797888,-81.8696768,7124.5015,-13.694545454545455,-0.10181818181818181,0.8663636363636361,13.819439194063674,-1.0000000000000002,1.0000000000000002,-0.93,1.7002726213791992
5388.25,5388.65,47.9797888,-81.8696768,7119.95,-6.533333333333333,-0.6755555555555556,1.3833333333333333,6.740385203251551,-0.6300000000000001,0.67,-0.52,1.061347398306902
5388.25,5388.75,47.9797888,-81.8696768,7118.014,-10.544,0.152,0.4600000000000001,10.589549219852227,-0.7200000000000001,0.11000000000000001,-0.29000000000000004,0.8122075701640716
5388.25,5388.85,47.9797888,-81.8696768,7117.0470000000005,-5.772,-0.135,-0.612,5.809860447644974,-1.0999999999999999,0.0,-0.02,1.1010526075925828
5388.25,5388.95,47.9797888,-81.8696768,7114.724,-9.921111111111111,-0.5244444444444445,-0.22000000000000003,9.944711868168296,-1.1777777777777778,-0.13333333333333336,0.12222222222222223,1.1964190163144621
5388.25,5389.05,47.9797888,-81.8696768,7111.7265,-13.623636363636365,-0.6045454545454546,0.4309090909090909,13.658957060674185,-0.8699999999999999,-0.64,0.35,1.1641754154215556
5388.25,5389.15,47.9797888,-81.8696768,7107.182,-17.513333333333335,-0.21111111111111114,-0.5622222222222222,17.52853730054572,-0.74,-1.03,0.2,1.2887683303041624
5389.25,5389.25,47.9797888,-81.8696768,7105.0555,-11.854,0.015999999999999976,-2.9940000000000007,12.319734903500782,-0.41,-0.41000000000000003,0.01,0.6386258041413284
5389.25,5389.35,47.9797888,-81.8696768,7101.965,-2.386,0.269,-0.9280000000000002,2.5814801636516753,0.16,0.49000000000000005,0.16999999999999998,0.5439717443326514
5389.25,5389.45,47.9797888,-81.8696768,7100.612,-13.9375,-0.23624999999999996,0.62875,14.014701360644565,0.16666666666666666,0.7444444444444445,0.1888888888888889,0.7892541504286918
5389.25,5389.55,47.9797888,-81.8696768,7097.907999999999,-13.115454545454547,-0.7018181818181818,1.4490909090909092,13.330653504849982,-0.7181818181818181,-0.16363636363636364,-0.34545454545454546,0.854684392837536
5389.25,5389.65,47.9797888,-81.8696768,7095.012,-15.34,0.004444444444444445,-0.31555555555555553,15.345672424900478,-0.8444444444444446,-0.2666666666666667,-0.5111111111111111,1.0242968032053854
5389.25,5389.75,47.9797888,-81.8696768,7091.635,-4.159999999999999,0.825,-0.8320000000000001,4.354715635178165,-0.7,0.0,-0.25000000000000006,0.7545450282769827
5389.25,5389.85,47.9797888,-81.8696768,7089.609,-4.888181818181819,1.2718181818181817,-0.2718181818181818,5.089063304717645,-0.25,0.22999999999999998,0.21000000000000002,0.48377264675461246
5389.25,5389.95,47.9797888,-81.8696768,7086.7165,-13.61875,-0.65375,0.33499999999999996,13.712113174969591,0.0,0.2777777777777778,0.6777777777777777,0.7334167530811122
5389.25,5390.05,47.9797888,-81.8696768,7084.402,-13.162727272727272,-1.1636363636363636,0.9236363636363635,13.330157985846272,-0.03636363636363637,-0.21818181818181817,0.045454545454545456,0.29797162200505567
5389.25,5390.15,47.9797888,-81.8696768,7083.438,-6.903333333333333,0.1588888888888889,-0.15,6.914721386650664,0.0,-0.4111111111111111,-0.1,0.42348929292873067
5390.25,5390.25,47.9797888,-81.8696768,7080.9325,-10.426,-0.005999999999999994,0.076,10.455027844973362,-0.02,-0.22000000000000003,-0.06,0.23904441508356983
5390.25,5390.35,47.9797888,-81.8696768,7079.006,-10.198181818181817,0.9136363636363637,-0.7372727272727272,10.31286245371029,-0.25000000000000006,-0.08,-0.19,0.329639291656728
5390.25,5390.45,47.9797888,-81.8696768,7076.0195,-8.882222222222222,3.1311111111111107,-0.33555555555555555,9.501009932246562,-0.022222222222222223,0.1111111111111111,-0.1444444444444445,0.2053433663027191
5390.25,5390.55,47.9797888,-81.8696768,7072.457,-9.567000000000002,4.049999999999999,1.7,10.5802209079614,-0.18181818181818182,0.22727272727272732,-0.03636363636363637,0.3161909065676239
5390.25,5390.65,47.9797888,-81.8696768,7069.859,-11.733999999999998,4.683999999999999,1.6010000000000002,12.76114622815957,-0.47777777777777775,0.022222222222222223,0.03333333333333334,0.484012757697763
5390.25,5390.75,47.9797888,-81.8696768,7068.031,-9.158888888888889,2.7777777777777777,-0.038888888888888896,9.626140403735638,-0.8100000000000002,0.0,0.16999999999999998,0.8286572847922496
5390.25,5390.85,47.9797888,-81.8696768,7066.2995,-9.740909090909092,1.2272727272727273,-1.4845454545454546,9.937768746411608,-1.4727272727272727,0.02727272727272728,-0.02727272727272727,1.4772581996611704
5390.25,5390.95,47.9797888,-81.8696768,7064.8565,-9.736666666666666,1.9933333333333332,-1.1388888888888888,10.033465431122586,-1.3777777777777778,0.2888888888888889,-0.28888888888888886,1.44599345370742
5390.25,5391.05,47.9797888,-81.8696768,7063.606,-10.626999999999999,4.475,2.2649999999999997,11.798181406845117,-0.64,0.31,-0.19000000000000003,0.7380039300471537
5390.25,5391.15,47.9797888,-81.8696768,7063.222,-10.751999999999999,4.432,3.117,12.085025267704255,-0.3888888888888889,-0.18888888888888888,-0.05555555555555555,0.47557638294186017
5391.25,5391.25,47.9797888,-81.8696768,7062.837,-11.943333333333333,2.948888888888889,0.5211111111111112,12.440151571922712,0.45999999999999996,-0.7700000000000001,0.04,0.9562501546418372
5391.25,5391.35,47.9797888,-81.8696768,7060.722,-10.845454545454546,-1.5154545454545456,-0.46181818181818185,11.016847129780466,2.2363636363636363,-0.890909090909091,0.1,2.420226740454993
5391.25,5391.45,47.9797888,-81.8696768,7057.647,-11.84,-2.2030000000000003,-0.7150000000000001,12.098538931956474,3.411111111111111,-0.7222222222222222,0.044444444444444446,3.4883184724267347
5391.25,5391.55,47.9797888,-81.8696768,7055.053,-9.38888888888889,-0.9188888888888889,-2.0811111111111114,9.667936535889773,3.4200000000000004,-0.44000000000000006,-0.02,3.4504641277633916
5391.25,5391.65,47.9797888,-81.8696768,7054.3805,-7.808999999999999,-0.558,-2.362,8.191764098025129,3.16,-0.1,-0.17,3.168354355227463
5391.25,5391.75,47.9797888,-81.8696768,7051.307,-7.963333333333334,-0.8999999999999999,-2.8744444444444444,8.515847081574837,3.2777777777777777,0.2222222222222222,-0.5777777777777777,3.3388942989802226
5391.25,5391.85,47.9797888,-81.8696768,7048.0435,-11.118181818181819,-0.69,-1.8354545454545452,11.310814322556046,2.9909090909090907,0.15454545454545457,-1.0818181818181818,3.19119768512323
5391.25,5391.95,47.9797888,-81.8696768,7049.579,-14.522,-0.837,-1.637,14.645206462000075,2.688888888888889,-0.30000000000000004,-1.1777777777777778,2.957397956905863
5391.25,5392.05,47.9797888,-81.8696768,7066.398999999999,-13.21,1.531111111111111,-1.702222222222222,13.436220297577599,1.95,-0.6799999999999999,-0.25,2.1139271058206597
5391.25,5392.15,47.9797888,-81.8696768,7088.451,-9.347,-1.5679999999999998,-0.42299999999999993,9.533452767462176,1.2599999999999998,-0.39999999999999997,0.47000000000000003,1.4077860162171507
5392.25,5392.25,47.9797888,-81.8696768,7096.943,-5.938000000000001,-1.55,0.5389999999999999,6.163579679995523,1.0777777777777777,-0.1444444444444445,0.4555555555555556,1.1801883315149149
5392.25,5392.35,47.9797888,-81.8696768,7108.8255,-5.569000000000001,-1.1849999999999998,0.9269999999999999,5.775265354438501,0.9636363636363637,-0.009090909090909092,0.3363636363636363,1.021780855617738
5392.25,5392.45,47.9797888,-81.8696768,7114.144,-6.702000000000001,-0.8489999999999999,1.163,6.8631086155039185,0.8300000000000001,0.0,0.33999999999999997,0.8993041289095165
5392.25,5392.55,47.9797888,-81.8696768,7113.273999999999,-9.05777777777778,-0.2644444444444444,-0.55,9.105929950091895,0.3555555555555555,0.3333333333333333,0.3888888888888889,0.7011122618526086
5392.25,5392.65,47.9797888,-81.8696768,7107.376,-11.381111111111112,-0.2866666666666666,0.4300000000000001,11.424976850374675,-0.36,1.0,0.2,1.0965677587863694
5392.25,5392.75,47.9797888,-81.8696768,7092.119000000001,-10.961,0.23300000000000004,0.5920000000000001,10.985920582680494,-0.6666666666666665,1.1,0.2,1.3029517897750809
5392.25,5392.85,47.9797888,-81.8696768,7075.924,-10.84,-1.385,1.0300000000000002,10.988629907458819,-1.2090909090909092,0.7909090909090909,-0.1,1.4779293694930815
5392.25,5392.95,47.9797888,-81.8696768,7066.877,-7.956,-0.5920000000000001,0.866,8.034949817036537,-1.9,0.48,-0.45,2.0165160084333813
5392.25,5393.05,47.9797888,-81.8696768,7049.582,-14.767000000000001,-0.522,-0.23399999999999999,14.803125115579334,-2.6900000000000004,0.12000000000000002,-0.67,2.7752981543734285
5392.25,5393.15,47.9797888,-81.8696768,7026.571,-10.52625,-0.47750000000000004,-1.41375,10.640010670570797,-2.933333333333333,0.2222222222222222,-0.5555555555555556,2.9960295455325037
5393.25,5393.25,47.9797888,-81.8696768,7013.943499999999,-14.530000000000001,-0.985,-1.689,14.681863195591642,-2.94,0.43,-0.16,2.9787697218122426
5393.25,5393.35,47.9797888,-81.8696768,7009.929,-6.821,-0.607,-1.238,6.984115437069802,-2.4799999999999995,0.37,0.13999999999999999,2.5130705809952887
5393.25,5393.45,47.9797888,-81.8696768,7009.356,-11.076,-2.441,0.2870000000000001,11.414413978129959,-2.3099999999999996,0.10999999999999999,0.06999999999999999,2.3218682531960466
5393.25,5393.55,47.9797888,-81.8696768,7004.771,-8.955454545454545,-2.817272727272727,0.6609090909090909,9.445008142139754,-1.6300000000000001,-0.39,-1.0,1.9911722230765356
5393.25,5393.65,47.9797888,-81.8696768,7002.671,-15.5425,0.8575,-0.685,15.704385505231494,-1.4555555555555555,-0.34444444444444444,-1.5111111111111113,2.129365630117917
5393.25,5393.75,47.9797888,-81.8696768,6996.85,-13.994,2.918,-0.4370000000000001,14.492326156307618,-2.17,-0.13,-0.6199999999999999,2.316822565023677
5393.25,5393.85,47.9797888,-81.8696768,6993.893,-7.066000000000001,-0.18200000000000002,-0.876,7.1661709877617215,-2.7699999999999996,-0.32999999999999996,0.06999999999999999,2.79233733626791
5393.25,5393.95,47.9797888,-81.8696768,6994.274,-16.06,-0.7533333333333334,-1.3122222222222222,16.135667675050314,-2.74,-0.5599999999999999,0.02,2.797324827770884
5393.25,5394.05,47.9797888,-81.8696768,7002.671,-6.152727272727272,-0.5763636363636363,-1.5263636363636364,6.408894736861821,-2.8600000000000003,-0.44000000000000006,-0.19,2.9030190006507017
5393.25,5394.15,47.9797888,-81.8696768,7017.1939999999995,-6.6475,-0.7662499999999999,-2.235,7.083259699655812,-2.75,0.17500000000000002,-0.3,2.7764138173489785
5394.25,5394.25,47.9797888,-81.8696768,7016.238,-9.126999999999999,-0.7549999999999999,-1.3090000000000002,9.25800649557372,-3.0200000000000005,0.61,-0.12000000000000002,3.085326866438254
5394.25,5394.35,47.9797888,-81.8696768,7005.536,-11.763636363636364,-1.43,0.9800000000000001,12.225020563871704,-2.78,0.12999999999999998,0.06000000000000001,2.8062209673226
5394.25,5394.45,47.9797888,-81.8696768,7000.762,-10.223333333333333,-0.6322222222222222,-1.001111111111111,10.356929079435439,-2.4099999999999993,-0.47000000000000003,-0.17,2.464202849226601
5394.25,5394.55,47.9797888,-81.8696768,6994.846,-10.115454545454543,-0.05909090909090909,-0.5018181818181818,10.1362941491582,-2.527272727272728,-0.5727272727272726,-0.49090909090909085,2.638478419100294
5394.25,5394.65,47.9797888,-81.8696768,6986.553,-8.135555555555554,0.0,-0.8311111111111111,8.195034317622547,-2.6625,-0.4375,-0.6749999999999999,2.783704451044927
5394.25,5394.75,47.9797888,-81.8696768,6980.172,-9.027777777777779,1.2766666666666666,-2.1066666666666665,9.411175243403218,-3.0800000000000005,0.16,-0.18,3.1059024844883782
5394.25,5394.85,47.9797888,-81.8696768,6974.1755,-10.325454545454546,-0.8445454545454545,-0.9690909090909091,10.416887801970946,-3.0,0.28,0.48999999999999994,3.0556419938631065
5394.25,5394.95,47.9797888,-81.8696768,6970.085,-11.984444444444446,-1.3322222222222224,-0.7944444444444445,12.152018011832006,-3.033333333333333,-0.09999999999999999,0.4444444444444444,3.074079376255796
5394.25,5395.05,47.9797888,-81.8696768,6967.2325,-5.302727272727274,-1.6636363636363638,-0.68,5.708652401929815,-3.063636363636364,-0.3545454545454545,-0.19090909090909092,3.095327263119051
5394.25,5395.15,47.9797888,-81.8696768,6967.1375,-10.883,-0.952,-0.788,10.968035966620066,-2.933333333333333,-0.1222222222222222,-0.6333333333333333,3.0075388405874324
5395.25,5395.25,47.9797888,-81.8696768,6969.324,-7.4125,-1.0037500000000001,-0.91625,7.547369933814604,-2.988888888888889,0.26666666666666666,-0.6666666666666665,3.075719047755676
5395.25,5395.35,47.9797888,-81.8696768,6971.607,-8.175454545454546,-0.13272727272727272,0.9945454545454545,8.279070624123495,-3.1181818181818186,0.07272727272727274,-0.3454545454545455,3.149802359708036
5395.25,5395.45,47.9797888,-81.8696768,6980.362,-6.134444444444444,-1.1488888888888888,0.3855555555555556,6.305960374173095,-2.966666666666667,-0.5111111111111111,-0.27777777777777773,3.0291012207809866
5395.25,5395.55,47.9797888,-81.8696768,6984.7425,-12.370909090909093,0.9027272727272727,-0.97,12.54288309844681,-3.272727272727272,-0.9363636363636363,-0.2909090909090909,3.4189563011742408
5395.25,5395.65,47.9797888,-81.8696768,6978.648,-10.344,-0.23000000000000004,-1.693,10.517913918836756,-3.1666666666666665,-0.8555555555555556,-0.4,3.3058750980447824
5395.25,5395.75,47.9797888,-81.8696768,6967.232,-10.85125,0.48375,-1.82375,11.077988142679345,-3.1888888888888887,-0.3888888888888889,-0.4222222222222223,3.2479819966404744
5395.25,5395.85,47.9797888,-81.8696768,6953.555,-7.125454545454546,0.03181818181818179,-2.0100000000000002,7.4823861804828775,-3.4272727272727277,0.05454545454545454,0.08181818181818183,3.431263328794788
5395.25,5395.95,47.9797888,-81.8696768,6949.38,-10.763,-0.9209999999999999,-1.4829999999999999,10.917382742582497,-3.6555555555555554,0.06666666666666668,0.2777777777777778,3.6673149415934967
5395.25,5396.05,47.9797888,-81.8696768,6945.207,-9.19,-1.8259999999999998,-1.7399999999999998,9.562733624986699,-4.4363636363636365,0.0,-0.13636363636363635,4.440732029430289
5395.25,5396.15,47.9797888,-81.8696768,6941.604,-12.572,-1.21,-1.045,12.695964100646965,-4.76,0.0,-0.51,4.787900755392094
5396.25,5396.25,47.9797888,-81.8696768,6949.761,-14.855,-1.0775000000000001,-0.305,14.956084321555856,-4.0874999999999995,0.025,-0.5125,4.12006814453037
5396.25,5396.35,47.9797888,-81.8696768,6969.324,-9.749999999999998,-1.028181818181818,0.9181818181818181,9.960451925112057,-3.736363636363636,-0.05454545454545454,-0.36363636363636354,3.7589552855217097
5396.25,5396.45,47.9797888,-81.8696768,6976.554,-7.252,0.9099999999999999,1.0230000000000001,7.464740283116823,-3.4555555555555553,-0.7111111111111111,-0.24444444444444446,3.540438806218538
5396.25,5396.55,47.9797888,-81.8696768,6974.177,-11.686000000000002,1.948,-2.8369999999999997,12.360076677503974,-4.472727272727273,-1.0363636363636366,-0.11818181818181818,4.5975027842437415
5396.25,5396.65,47.9797888,-81.8696768,6947.672,-10.062999999999999,-0.6,-3.2359999999999998,10.689293299659472,-4.69,-0.51,0.11000000000000001,4.721850660164978
5396.25,5396.75,47.9797888,-81.8696768,6931.659,-10.991000000000001,-1.271,-2.2380000000000004,11.29704380651188,-3.4499999999999997,-0.2,0.4125,3.482323857888942
5396.25,5396.85,47.9797888,-81.8696768,6927.778,-15.214444444444446,-0.8066666666666666,-1.4755555555555555,15.349693413915682,-2.6181818181818186,-0.11818181818181818,0.5727272727272726,2.684503729336717
5396.25,5396.95,47.9797888,-81.8696768,6923.237999999999,-5.340999999999999,-1.407,-3.2,6.5002079087807445,-2.75,0.029999999999999992,0.33999999999999997,2.777399769838921
5396.25,5397.05,47.9797888,-81.8696768,6921.346,-3.6620000000000004,-2.503,-3.3600000000000003,5.629699789600229,-4.24,0.6700000000000002,-0.15,4.297349290984352
5396.25,5397.15,47.9797888,-81.8696768,6920.402,-18.657000000000004,-3.216,-2.101,19.492004945456262,-5.58,1.0,-0.25,5.677200643819503
5397.25,5397.25,47.9797888,-81.8696768,6942.3735,-9.136,-2.013,-2.4490000000000003,9.766183543840334,-6.455555555555556,0.3111111111111111,-0.18888888888888888,6.4677253239595665
5397.25,5397.35,47.9797888,-81.8696768,6966.662,-10.864444444444443,-1.9177777777777776,-0.8988888888888888,11.155107376449301,-5.2700000000000005,-0.1,-0.04,5.272895103325269
5397.25,5397.45,47.9797888,-81.8696768,6940.475,-8.267000000000001,-1.1360000000000001,-1.797,9.23411509228394,-4.6800000000000015,-0.20000000000000004,-0.24,4.691523283411574
5397.25,5397.55,47.9797888,-81.8696768,6914.164,-10.97909090909091,0.6336363636363637,-1.45,11.705238345537982,-4.8100000000000005,-0.13,-0.1,4.822138648860314
5397.25,5397.65,47.9797888,-81.8696768,6908.686,-4.791111111111111,-0.5611111111111111,-2.0344444444444445,5.871702227350124,-4.92,-0.82,0.27,5.002168964417985
5397.25,5397.75,47.9797888,-81.8696768,6902.458,-13.901,1.052,-3.229,14.505034798566935,-5.01,-1.1599999999999997,-0.02,5.143515134068175
5397.25,5397.85,47.9797888,-81.8696768,6909.067,-8.485555555555557,-0.9455555555555555,-3.5444444444444447,9.31504402227184,-5.7444444444444445,-0.6444444444444444,0.0,5.781314387519987
5397.25,5397.95,47.9797888,-81.8696768,6923.5255,-9.739,-2.23,-2.098,10.252039638585703,-4.88,-0.36,0.01,4.894140538213086
5397.25,5398.05,47.9797888,-81.8696768,6932.321,-11.673636363636364,-3.1190909090909087,-0.7527272727272728,12.186005823947886,-3.4599999999999995,-0.18,0.39,3.4913026498447457
5397.25,5398.15,47.9797888,-81.8696768,6919.361,-12.377777777777778,-1.0711111111111111,-1.1733333333333333,12.540582303259505,-2.5,-0.27,0.31,2.5386466527124303
5398.25,5398.25,47.9797888,-81.8696768,6912.653,-4.109,-0.343,-1.0310000000000001,4.402821362139035,-2.3699999999999997,-0.08,0.0,2.3729212063812506
5398.25,5398.35,47.9797888,-81.8696768,6900.0064999999995,-13.306999999999999,-0.604,0.298,13.347703645663847,-2.788888888888889,0.0,-0.1888888888888889,2.798903994767657
5398.25,5398.45,47.9797888,-81.8696768,6890.957,-10.38111111111111,-0.6522222222222223,-0.019999999999999993,10.419755613696884,-2.8,-0.06000000000000001,-0.4,2.829556535897755
5398.25,5398.55,47.9797888,-81.8696768,6887.0015,-10.32909090909091,0.6263636363636363,1.4381818181818184,10.552058638301505,-2.409090909090909,-0.23636363636363636,-0.11818181818181818,2.4376319276266973
5398.25,5398.65,47.9797888,-81.8696768,6884.7415,-5.417777777777777,1.401111111111111,0.7366666666666667,5.684088301010521,-2.255555555555555,-0.8999999999999999,0.3222222222222222,2.4546482683931354
5398.25,5398.75,47.9797888,-81.8696768,6882.106,-11.865,2.726,-2.3689999999999998,12.494802687242261,-2.82,-1.2499999999999998,0.55,3.1396760062643176
5398.25,5398.85,47.9797888,-81.8696768,6883.2355,-10.022727272727273,-0.32454545454545464,-5.241818181818181,11.506669391901886,-4.277777777777778,-0.5444444444444445,1.0222222222222224,4.439514115990279
5398.25,5398.95,47.9797888,-81.8696768,6892.276,-8.748750000000001,-1.4749999999999999,-2.78,9.31902113961302,-3.72,-0.29999999999999993,1.02,3.8693779611337953
5398.25,5399.05,47.9797888,-81.8696768,6912.371499999999,-12.083636363636366,-3.145454545454545,-1.6545454545454545,12.661324828065586,-3.2454545454545456,-0.1363636363636364,0.7090909090909091,3.3266907357196938
5398.25,5399.15,47.9797888,-81.8696768,6921.914,-15.84,-2.135,-0.514,16.08118257027273,-2.1555555555555554,-0.011111111111111112,0.2666666666666667,2.1729192215517887
5399.25,5399.25,47.9797888,-81.8696768,6919.645,-7.113333333333333,-1.5677777777777777,-0.16666666666666663,7.34712848294041,-2.1100000000000003,-0.05,0.04000000000000001,2.115936932799198
5399.25,5399.35,47.9797888,-81.8696768,6910.1990000000005,-5.533636363636364,-0.9445454545454548,0.5927272727272727,5.697947300327625,-2.5999999999999996,-0.2,-0.44000000000000006,2.647676076558052
5399.25,5399.45,47.9797888,-81.8696768,6891.71,-15.395,3.50875,-0.7849999999999999,16.090064851888343,-3.6375,-0.6125,-0.225,3.7136122831352054
5399.25,5399.55,47.9797888,-81.8696768,6869.4115,-11.806363636363635,-0.7454545454545453,-3.661818181818181,12.612083296456062,-4.581818181818182,-0.5818181818181819,0.6363636363636365,4.664296360992409
5399.25,5399.65,47.9797888,-81.8696768,6862.366,-13.187999999999999,-1.1179999999999999,-2.576,13.603274020759946,-3.6666666666666665,-0.5222222222222223,0.6333333333333333,3.7591244780484376
5399.25,5399.75,47.9797888,-81.8696768,6858.799,-6.748888888888889,-0.9188888888888889,-3.271111111111111,7.586325005371028,-3.22,-0.11999999999999997,0.24000000000000005,3.2372183387831073
5399.25,5399.85,47.9797888,-81.8696768,6855.233,-11.495454545454544,-1.7654545454545456,-3.392727272727272,12.14960181334496,-3.7,0.6181818181818182,0.09090909090909091,3.7561492104414125
5399.25,5399.95,47.9797888,-81.8696768,6854.108,-9.577777777777778,-1.6766666666666667,-3.183333333333333,10.254926420974336,-4.5,1.15,0.2125,4.652400340356369
5399.25,5400.05,47.9797888,-81.8696768,6865.3765,-13.032000000000002,-3.594,-2.311,13.90321880980267,-5.3999999999999995,0.6363636363636362,0.4090909090909091,5.471285016927142
5399.25,5400.15,47.9797888,-81.8696768,6908.309,-7.9799999999999995,-3.929,-3.006,9.464620251090997,-4.444444444444445,0.022222222222222223,-0.18888888888888888,4.457404914354588
5400.25,5400.25,47.9797888,-81.8696768,6908.9725,-10.404444444444444,-0.48444444444444446,-0.5544444444444444,10.463882059169073,-2.3,0.33999999999999997,-0.8200000000000001,2.4746925566092006
5400.25,5400.35,47.9797888,-81.8696768,6884.93,-11.579090909090908,-0.35727272727272735,0.1081818181818182,11.68401985861928,-1.818181818181818,0.5818181818181817,-0.490909090909091,1.9846497105101095
5400.25,5400.45,47.9797888,-81.8696768,6859.271000000001,-5.486666666666666,-0.10555555555555556,1.1355555555555554,5.7206279328239535,-1.6625,0.4875,-0.07500000000000001,1.7426936332387448
5400.25,5400.55,47.9797888,-81.8696768,6845.483,-13.233,-0.658,-0.03899999999999998,13.36633689382,-1.6181818181818182,-0.0818181818181818,0.19999999999999998,1.6356164956862103
5400.25,5400.65,47.9797888,-81.8696768,6842.298,-12.008,-0.9650000000000001,-0.507,12.07608331291576,-1.61,-0.36,0.26000000000000006,1.6728477869084633
5400.25,5400.75,47.9797888,-81.8696768,6838.9265,-10.795555555555556,-2.687777777777778,0.06222222222222223,11.159424261681226,-1.2000000000000002,-0.6111111111111112,-0.3888888888888889,1.4363771778126422
5400.25,5400.85,47.9797888,-81.8696768,6835.556,-13.431818181818182,0.7963636363636364,0.6372727272727273,13.625289332765233,-1.2,-0.7000000000000001,-0.9545454545454546,1.6964706346691614
5400.25,5400.95,47.9797888,-81.8696768,6832.7495,-6.257999999999999,2.2019999999999995,-0.34900000000000003,6.709361883523482,-2.1125,-0.9625,-0.39999999999999997,2.3670947817882193
5400.25,5401.05,47.9797888,-81.8696768,6829.008,-7.245555555555555,2.49,-2.3400000000000003,8.12988833240032,-3.1090909090909093,-0.9181818181818183,0.06363636363636363,3.253034019999899
5400.25,5401.15,47.9797888,-81.8696768,6824.0525,-12.068999999999999,0.37,-2.2430000000000003,12.454471174427102,-3.37,-0.8200000000000001,0.68,3.5449347599171497
5401.25,5401.25,47.9797888,-81.8696768,6821.156,-12.999,-0.7120000000000001,-1.685,13.199817391314792,-2.8777777777777778,-1.0777777777777777,0.7666666666666666,3.170796535327971
5401.25,5401.35,47.9797888,-81.8696768,6826.7645,-10.940999999999999,-0.11600000000000002,-6.172,12.677449364461104,-3.8272727272727276,-0.4636363636363636,0.5545454545454546,3.916746681667135
5401.25,5401.45,47.9797888,-81.8696768,6840.5235,-8.557,-1.232,-5.753,10.417645175700827,-5.09,0.31,0.5900000000000001,5.135743880866636
5401.25,5401.55,47.9797888,-81.8696768,6862.366,-10.256666666666668,-1.4144444444444444,-4.302222222222223,11.233983537779274,-5.755555555555556,0.24444444444444446,1.011111111111111,5.852037871527928
5401.25,5401.65,47.9797888,-81.8696768,6852.235500000001,-12.016,-4.407,-5.252000000000001,14.058381949287721,-6.6,-0.1,0.4000000000000001,6.63176792857835
5401.25,5401.75,47.9797888,-81.8696768,6820.969,-12.995,-2.78,-3.5450000000000004,13.920853540496324,-6.011111111111111,0.33333333333333337,-0.21111111111111114,6.029186694192359
5401.25,5401.85,47.9797888,-81.8696768,6809.8585,-10.053,-2.6700000000000004,-2.596,10.897932398945143,-5.6454545454545455,0.34545454545454546,0.23636363636363633,5.665436230667308
5401.25,5401.95,47.9797888,-81.8696768,6804.355,-4.238,-3.502,-1.114,5.746873912554083,-5.11,-0.22000000000000003,0.009999999999999998,5.119772537682536
5401.25,5402.05,47.9797888,-81.8696768,6815.835999999999,-7.67,-2.6420000000000003,-0.297,8.43733876760366,-4.311111111111111,-0.4,-0.8333333333333333,4.418829872506922
5401.25,5402.15,47.9797888,-81.8696768,6830.880999999999,-15.307777777777776,1.732222222222222,-0.9011111111111111,15.507692151729865,-4.83,-0.4,-1.03,4.962204664481216
5402.25,5402.25,47.9797888,-81.8696768,6835.744,-7.9159999999999995,-2.044,-0.15100000000000002,8.314720578017191,-4.7700000000000005,-0.2899999999999999,-0.4600000000000001,4.801508688933373
5402.25,5402.35,47.9797888,-81.8696768,6811.2595,-9.433,-0.968,-0.11399999999999999,9.495066400102493,-3.13,-0.39,-0.17,3.1599378831990483
5402.25,5402.45,47.9797888,-81.8696768,6800.067,-13.369,-1.4389999999999998,-0.417,13.520102306615106,-1.69,-0.43,0.05,1.7525628546480287
5402.25,5402.55,47.9797888,-81.8696768,6796.246,-11.093,-0.613,-0.647,11.194130090798852,-0.6000000000000001,-0.16666666666666666,0.20000000000000004,0.6589298810458619
5402.25,5402.65,47.9797888,-81.8696768,6794.291,-5.255555555555556,-1.8644444444444446,-1.7477777777777777,5.89447336953654,-0.39,0.27,-0.17,0.5423821520859823
5402.25,5402.75,47.9797888,-81.8696768,6791.683,-5.581,-0.76,-0.46699999999999997,5.718182216386015,-0.8400000000000001,0.6300000000000001,-0.5900000000000001,1.205533000638574
5402.25,5402.85,47.9797888,-81.8696768,6789.3555,-20.127000000000002,2.434,2.971,20.718541289195365,-1.4,-0.07000000000000006,-0.25,1.5597195391445287
5402.25,5402.95,47.9797888,-81.8696768,6787.774,-10.729999999999999,0.39555555555555555,-1.4222222222222223,10.884724255957657,-1.8,-0.9000000000000001,0.030000000000000006,2.0140064964006843
5402.25,5403.05,47.9797888,-81.8696768,6783.4935000000005,-7.129999999999999,1.3072727272727274,-3.0627272727272725,8.483934496333989,-2.22,-0.39,0.31999999999999995,2.2905828765499834
5402.25,5403.15,47.9797888,-81.8696768,6780.332,-5.765,0.29250000000000004,-3.535,6.821304544541108,-3.066666666666667,0.12222222222222223,0.6111111111111112,3.131366018497802
5403.25,5403.25,47.9797888,-81.8696768,6778.937,-12.026,-2.8080000000000003,-4.542,13.24196785051931,-4.300000000000001,0.6300000000000001,0.48999999999999994,4.380698968613066
5403.25,5403.35,47.9797888,-81.8696768,6791.496,-12.124545454545455,-2.596363636363636,-2.24,12.710868184182182,-5.199999999999999,0.75,0.19,5.258282370855856
5403.25,5403.45,47.9797888,-81.8696768,6816.859,-14.824444444444444,-1.9455555555555557,0.1433333333333334,15.141832885034956,-3.97,0.27999999999999997,0.30999999999999994,3.9962524383917994
5403.25,5403.55,47.9797888,-81.8696768,6833.871999999999,-9.623636363636365,-2.1763636363636363,-1.1945454545454546,10.108701025930154,-3.8,0.009090909090909092,0.05454545454545456,3.8052556126363695
5403.25,5403.65,47.9797888,-81.8696768,6823.399,-7.72111111111111,-2.0655555555555556,-0.6633333333333334,8.05500345639974,-4.1375,0.0,-0.4875,4.168432549479059
5403.25,5403.75,47.9797888,-81.8696768,6784.8060000000005,-6.613333333333333,-0.30000000000000004,-0.26333333333333336,6.674194060451491,-4.859999999999999,-0.06000000000000001,-0.63,4.902851598931463
5403.25,5403.85,47.9797888,-81.8696768,6766.953,-8.772727272727273,1.1918181818181819,-1.3881818181818182,9.138585482373854,-5.9,-0.53,-0.21000000000000002,5.934986421316131
5403.25,5403.95,47.9797888,-81.8696768,6762.220499999999,-14.877777777777778,-1.6722222222222223,-1.3777777777777778,15.1047267851417,-4.5,-1.1444444444444444,-0.13333333333333333,4.65266850108959
5403.25,5404.05,47.9797888,-81.8696768,6757.861,-13.989090909090908,-0.13454545454545455,-1.6927272727272729,14.138405405129634,-3.3272727272727267,-0.8636363636363636,-0.45454545454545453,3.474207084048958
5403.25,5404.15,47.9797888,-81.8696768,6759.901,-7.153333333333334,1.4888888888888892,-2.271111111111111,7.694354216367022,-2.525,-0.0875,-0.2375,2.5506578349290696
5404.25,5404.25,47.9797888,-81.8696768,6767.232,-6.106666666666666,0.5122222222222222,-2.1955555555555555,6.579387780041489,-2.21,0.4699999999999999,0.51,2.320302428677396
5404.25,5404.35,47.9797888,-81.8696768,6775.498,-13.086363636363636,-2.097272727272727,-1.3018181818181818,13.370222984900664,-2.9545454545454546,0.5818181818181819,0.6181818181818183,3.0898249455820737
5404.25,5404.45,47.9797888,-81.8696768,6790.847,-6.87,-1.9811111111111108,-1.4422222222222223,7.331527420003397,-4.099999999999999,0.26666666666666666,0.022222222222222227,4.110289052392235
5404.25,5404.55,47.9797888,-81.8696768,6796.712,-11.077272727272728,-1.2109090909090907,-0.4818181818181818,11.194937353918709,-4.036363636363637,0.16363636363636366,-0.15454545454545454,4.043247735332328
5404.25,5404.65,47.9797888,-81.8696768,6774.3885,-14.681111111111111,-0.6055555555555555,-0.7711111111111112,14.731760027194797,-3.4222222222222225,0.2888888888888889,-0.17777777777777778,3.4408390670440134
5404.25,5404.75,47.9797888,-81.8696768,6750.631,-9.384444444444444,-0.5066666666666666,-0.638888888888889,9.43544479934304,-3.3,0.3333333333333333,0.022222222222222223,3.3181245458137227
5404.25,5404.85,47.9797888,-81.8696768,6744.055,-8.25090909090909,-0.061818181818181814,-0.530909090909091,8.282683375368238,-3.463636363636364,-0.11818181818181818,0.22727272727272727,3.4764633936610227
5404.25,5404.95,47.9797888,-81.8696768,6741.5555,-14.306999999999999,0.194,-3.3190000000000004,14.814946909960597,-3.811111111111111,-0.2888888888888889,0.37777777777777777,3.844915367636405
5404.25,5405.05,47.9797888,-81.8696768,6737.854,-9.066,-1.3119999999999998,-2.7049999999999996,9.727133330406406,-4.781818181818182,0.22727272727272727,0.5454545454545454,4.819419794359643
5404.25,5405.15,47.9797888,-81.8696768,6739.335,-9.625,-3.2849999999999993,-0.019000000000000017,10.216287874312616,-4.119999999999999,0.23000000000000004,0.5,4.157462900173227
5405.25,5405.25,47.9797888,-81.8696768,6755.079,-11.17875,-2.8524999999999996,0.22625000000000006,11.766540365168623,-3.225,0.1875,0.0625,3.232181735038606
5405.25,5405.35,47.9797888,-81.8696768,6768.3465,-5.679090909090909,-1.1636363636363634,-0.9609090909090909,5.929142143794903,-2.9545454545454546,0.1,0.05454545454545456,2.957146838663367
5405.25,5405.45,47.9797888,-81.8696768,6772.525,-7.658000000000001,-1.1990000000000003,-0.752,7.9358375139399495,-2.8666666666666663,0.16666666666666666,-0.17777777777777778,2.8790392841898855
5405.25,5405.55,47.9797888,-81.8696768,6757.864,-8.376000000000001,-0.65,-0.697,8.440756983647756,-3.1181818181818177,0.23636363636363641,-0.3454545454545454,3.1468432662077905
5405.25,5405.65,47.9797888,-81.8696768,6742.115,-11.564,0.11199999999999996,-1.102,11.63492011580399,-3.17,0.2,-0.24,3.187329463823789
5405.25,5405.75,47.9797888,-81.8696768,6725.097,-7.615555555555556,0.41888888888888887,-0.39777777777777773,7.643570906307082,-2.6375,0.0625,0.11250000000000002,2.6427551506064826
5405.25,5405.85,47.9797888,-81.8696768,6721.7725,-10.711,0.040999999999999995,-0.13799999999999998,10.718035443391479,-2.227272727272727,-0.10909090909090909,0.19090909090909092,2.2403523888756585
5405.25,5405.95,47.9797888,-81.8696768,6718.634,-8.357,-0.317,-0.6799999999999999,8.399849690835396,-1.8000000000000003,-0.09000000000000001,0.06000000000000001,1.8054384911849843
5405.25,5406.05,47.9797888,-81.8696768,6716.511,-7.778999999999999,-0.8530000000000001,-1.1179999999999999,7.929262712771644,-1.36,0.3,-0.04,1.405778903135499
5405.25,5406.15,47.9797888,-81.8696768,6712.913,-16.535999999999998,-0.777,1.6299999999999997,16.661168701210364,-1.45,0.43,-0.35,1.5638531543551255
5406.25,5406.25,47.9797888,-81.8696768,6709.777,-10.193333333333335,-0.25888888888888884,0.7155555555555556,10.265527385231255,-1.3250000000000002,0.1125,-0.525,1.4301074199605432
5406.25,5406.35,47.9797888,-81.8696768,6705.721,-14.499,1.491,1.084,14.836700444752092,-1.1090909090909091,-0.045454545454545456,-0.19999999999999998,1.1644123748696102
5406.25,5406.45,47.9797888,-81.8696768,6703.325,-6.473999999999999,2.229,-0.23100000000000004,7.033797131789788,-1.54,-0.56,0.5599999999999999,1.7348873648889118
5406.25,5406.55,47.9797888,-81.8696768,6704.0625,-9.055454545454547,0.6936363636363637,-2.69,9.536969239329856,-2.19,-0.59,0.8800000000000001,2.441434635540211
5406.25,5406.65,47.9797888,-81.8696768,6712.728,-13.063333333333334,-2.8055555555555554,-2.671111111111111,13.69149306848456,-3.4,0.08,0.41999999999999993,3.448485417996905
5406.25,5406.75,47.9797888,-81.8696768,6733.231,-6.313333333333333,-2.0566666666666666,0.13555555555555554,6.676426728971673,-2.7444444444444445,0.4,0.1,2.7755634514437415
5406.25,5406.85,47.9797888,-81.8696768,6741.37,-11.437999999999999,-2.5159999999999996,0.593,11.747914017470785,-1.9600000000000002,0.47000000000000003,-0.04,2.019023592812185
5406.25,5406.95,47.9797888,-81.8696768,6737.669,-10.547999999999998,-1.411,0.262,10.694687687358059,-1.2599999999999998,0.49000000000000005,-0.19,1.366500887743298
5406.25,5407.05,47.9797888,-81.8696768,6728.978,-10.35909090909091,1.4736363636363636,1.6718181818181819,10.701385563994036,-1.1,-0.010000000000000009,0.15,1.1535329136462082
5406.25,5407.15,47.9797888,-81.8696768,6727.314,-11.346666666666666,0.7944444444444446,-0.9144444444444445,11.454101362460342,-1.7,-0.48,0.78,1.9326994726066182
5407.25,5407.25,47.9797888,-81.8696768,6731.473,-12.084999999999999,-0.915,-2.262,12.372283026334069,-2.08,-0.35000000000000003,0.9099999999999999,2.303223440402364
5407.25,5407.35,47.9797888,-81.8696768,6728.053,-7.675,-1.212,-2.588,8.212805179941615,-2.8888888888888893,0.022222222222222223,0.15555555555555556,2.901714338163903
5407.25,5407.45,47.9797888,-81.8696768,6708.7654999999995,-10.04,-0.7399999999999999,-0.8699999999999999,10.132321955409786,-2.6100000000000003,0.27999999999999997,-0.15000000000000002,2.632821506163703
5407.25,5407.55,47.9797888,-81.8696768,6688.045,-14.65090909090909,-0.7654545454545455,0.4645454545454545,14.69718864682561,-1.5727272727272728,0.4,-0.4,1.6761037946918231
5407.25,5407.65,47.9797888,-81.8696768,6683.816,-5.97,-0.22444444444444445,0.9922222222222222,6.114717090943753,-0.9777777777777776,0.26666666666666666,-0.23333333333333334,1.0464112234143077
5407.25,5407.75,47.9797888,-81.8696768,6678.9445,-5.928,1.307,1.084,6.27405318498185,-0.74,-0.18000000000000002,0.06999999999999999,0.7751039357144979
5407.25,5407.85,47.9797888,-81.8696768,6676.465,-16.363000000000003,-1.243,-0.806,16.55033289434609,-1.0666666666666669,-0.3888888888888889,0.5,1.2458306530327494
5407.25,5407.95,47.9797888,-81.8696768,6673.4345,-15.233333333333333,-1.3133333333333335,-0.20000000000000004,15.309701722391676,-0.86,-0.12000000000000002,0.33999999999999997,0.9342381710451857
5407.25,5408.05,47.9797888,-81.8696768,6670.772,-7.670909090909091,-2.44,0.20454545454545456,8.158930889966015,-0.7636363636363637,-0.06363636363636363,-0.33636363636363636,0.8698307451879855
5407.25,5408.15,47.9797888,-81.8696768,6667.5605,-5.619,-1.138,1.168,5.86824476943369,-1.3,-0.2222222222222222,-0.8888888888888888,1.5922192781528905
5408.25,5408.25,47.9797888,-81.8696768,6663.617,-9.344444444444445,2.0977777777777775,1.1344444444444444,9.743444712218892,-2.0100000000000002,-0.5999999999999999,-0.95,2.321422077203922
5408.25,5408.35,47.9797888,-81.8696768,6659.5830000000005,-11.142,2.945,-2.602,12.094957353321337,-3.0999999999999996,-0.6200000000000001,0.06,3.1849939932385207
5408.25,5408.45,47.9797888,-81.8696768,6657.1085,-11.983333333333333,-0.8011111111111111,-0.6733333333333333,12.09104797811646,-2.5222222222222217,-0.7222222222222222,0.7333333333333334,2.733794836270297
5408.25,5408.55,47.9797888,-81.8696768,6656.284,-11.457272727272729,-0.890909090909091,-1.018181818181818,11.544234485608904,-2.3363636363636364,-0.990909090909091,0.4,2.572416858454621
5408.25,5408.65,47.9797888,-81.8696768,6659.4,-12.919000000000002,-1.1780000000000002,-1.9790000000000003,13.134904406586637,-2.411111111111111,-0.6333333333333333,0.03333333333333335,2.5101887190188643
5408.25,5408.75,47.9797888,-81.8696768,6670.038,-5.982222222222223,-0.9888888888888887,-0.9844444444444446,6.149606247952988,-2.8599999999999994,-0.030000000000000006,-0.42000000000000004,2.892718105030036
5408.25,5408.85,47.9797888,-81.8696768,6674.261,-9.548,-0.15000000000000005,0.060999999999999985,9.736776505634216,-3.0000000000000004,0.14,-0.44000000000000006,3.037030535133281
5408.25,5408.95,47.9797888,-81.8696768,6671.507,-10.217,1.362,-0.5130000000000001,10.854037373845092,-3.966666666666667,-0.41111111111111115,0.05555555555555555,3.996039672793402
5408.25,5409.05,47.9797888,-81.8696768,6665.0845,-11.572,-1.641,-1.2629999999999997,11.79296837841785,-2.7363636363636363,-0.7363636363636363,0.25454545454545446,2.852978258643435
5408.25,5409.15,47.9797888,-81.8696768,6657.6595,-12.018999999999997,-0.43,-0.556,12.060131113244807,-1.5000000000000002,-0.69,0.21000000000000002,1.6657817537949307
5409.25,5409.25,47.9797888,-81.8696768,6654.635,-7.953333333333333,-0.98,-3.1055555555555556,8.606105992496312,-0.8555555555555556,0.07777777777777777,-0.011111111111111112,0.9015817712663866
5409.25,5409.35,47.9797888,-81.8696768,6650.515,-11.202727272727271,-1.6427272727272728,-1.5990909090909091,11.49905156517799,-1.4,0.99,-0.32999999999999996,1.7484042055367826
5409.25,5409.45,47.9797888,-81.8696768,6641.454,-12.192222222222224,-1.6288888888888886,0.5277777777777778,12.328577842056745,-2.1625,1.2125,-0.6499999999999999,2.570090528797996
5409.25,5409.55,47.9797888,-81.8696768,6638.1625,-10.812000000000001,-0.677,2.1160000000000005,11.10769884136166,-3.3818181818181823,0.2727272727272727,-0.4636363636363635,3.4543896021939826
5409.25,5409.65,47.9797888,-81.8696768,6633.958,-11.248000000000001,-1.1860000000000002,0.40199999999999997,11.349330041565624,-2.63,-0.5399999999999999,-0.23000000000000004,2.7086752011250437
5409.25,5409.75,47.9797888,-81.8696768,6631.764,-15.721111111111108,-0.07555555555555556,-0.30333333333333334,15.731548436784967,-1.2777777777777777,-0.8,-0.21111111111111114,1.5262696109798783
5409.25,5409.85,47.9797888,-81.8696768,6629.2985,-5.953636363636363,0.37000000000000005,-1.5436363636363637,6.278719276012327,-0.6636363636363636,-0.32727272727272727,-0.19090909090909092,0.777281516813741
5409.25,5409.95,47.9797888,-81.8696768,6627.746,-2.3233333333333333,0.38,-1.0033333333333332,2.739618992373196,-0.21111111111111114,0.17777777777777778,0.0,0.2979136523379946
5409.25,5410.05,47.9797888,-81.8696768,6624.0945,-9.084999999999999,0.028000000000000004,-0.43600000000000005,9.178796416856013,-0.2,0.5900000000000001,0.08,0.6299243097196575
5409.25,5410.15,47.9797888,-81.8696768,6621.357,-18.044,-0.6010000000000001,-0.03199999999999999,18.064562920956213,-0.07,0.54,0.030000000000000006,0.5518282522443014
5410.25,5410.25,47.9797888,-81.8696768,6617.981,-5.943,0.522,0.019000000000000006,5.979314995788108,0.0,0.3333333333333333,0.022222222222222223,0.33775939597409077
5410.25,5410.35,47.9797888,-81.8696768,6615.884,-11.228,0.08800000000000001,-0.196,11.24210848262299,-0.14545454545454548,0.22727272727272727,0.33636363636363636,0.4361987785044244
5410.25,5410.45,47.9797888,-81.8696768,6614.425,-5.907777777777778,-0.37111111111111117,-0.42999999999999994,5.968920575101992,-0.1888888888888889,0.3222222222222222,0.3666666666666667,0.5375836041179993
5410.25,5410.55,47.9797888,-81.8696768,6612.7845,-9.437000000000001,-1.7150000000000003,1.569,9.783460933968822,-1.2099999999999997,0.09000000000000001,-0.41,1.3237300708130264
5410.25,5410.65,47.9797888,-81.8696768,6611.873,-12.204,-0.078,1.5230000000000001,12.334831805065438,-1.4899999999999998,-0.48999999999999994,-1.01,1.8813497900270846
5410.25,5410.75,47.9797888,-81.8696768,6608.9575,-14.907999999999998,-0.07599999999999998,0.23699999999999996,14.916576467678102,-0.9444444444444444,-0.6111111111111112,-1.1,1.5750864972541687
5410.25,5410.85,47.9797888,-81.8696768,6606.042,-11.959,2.4539999999999997,-2.3289999999999997,12.737523397463956,-0.8727272727272727,-0.1818181818181818,-0.5999999999999999,1.154713500878434
5410.25,5410.95,47.9797888,-81.8696768,6604.9485,-4.482000000000001,1.2610000000000001,-2.3890000000000002,5.297220811176434,-1.6444444444444444,0.5444444444444444,0.2666666666666667,1.7617456916351317
5410.25,5411.05,47.9797888,-81.8696768,6603.674,-6.015000000000001,-0.23399999999999999,-0.9490000000000001,6.125121517331593,-2.0,0.6699999999999999,0.74,2.2396070797404746
5410.25,5411.15,47.9797888,-81.8696768,6608.228,-17.86777777777778,-3.5822222222222226,3.264444444444444,18.81776483721707,-1.54,-0.09999999999999999,0.58,1.747198555160058
5411.25,5411.25,47.9797888,-81.8696768,6617.618,-7.931,-0.6910000000000001,0.026000000000000034,8.076661763675549,-0.8000000000000002,-1.06,-0.19,1.352773281744776
5411.25,5411.35,47.9797888,-81.8696768,6631.034,-12.274000000000001,-0.098,-1.3530000000000002,12.403442369610804,-0.63,-0.74,-0.48,1.1030237401035894
5411.25,5411.45,47.9797888,-81.8696768,6638.345,-9.533000000000001,0.47400000000000003,-2.117,9.825803106057482,0.19,0.25,-0.3,0.5942433050210345
5411.25,5411.55,47.9797888,-81.8696768,6628.477,-7.669,0.09300000000000003,-0.714,7.731592511967508,0.8888888888888888,0.9333333333333333,-0.011111111111111112,1.28995713833998
5411.25,5411.65,47.9797888,-81.8696768,6608.0485,-19.816666666666666,-0.9133333333333334,1.2277777777777779,19.96909048516791,1.23,0.89,-0.19,1.5625928543322636
5411.25,5411.75,47.9797888,-81.8696768,6592.937,-9.21,0.01799999999999999,0.3929999999999999,9.44255156385558,1.2399999999999998,-0.06,-0.24000000000000005,1.2691475993635084
5411.25,5411.85,47.9797888,-81.8696768,6587.21,-12.32,0.045000000000000054,-0.7750000000000001,12.380558443958645,0.9900000000000002,0.009999999999999998,0.05,0.997207630838046
5411.25,5411.95,47.9797888,-81.8696768,6583.758,-8.184444444444445,-0.5633333333333334,-0.16333333333333333,8.21750104665682,0.8699999999999999,0.16999999999999998,0.04,0.8900218635851322
5411.25,5412.05,47.9797888,-81.8696768,6579.671,-9.583,-1.1220000000000003,0.618,9.68878191509096,0.5700000000000001,0.12000000000000002,-0.26,0.6762586923382201
5411.25,5412.15,47.9797888,-81.8696768,6576.403,-11.702222222222222,0.09666666666666666,1.1288888888888888,11.786126538091207,0.05555555555555555,-0.41111111111111115,-0.4444444444444444,0.655010463175929
5412.25,5412.25,47.9797888,-81.8696768,6574.043,-13.160999999999998,-0.6199999999999999,-0.388,13.194475985999267,-0.19,-0.7,-0.09,0.7387830252151175
5412.25,5412.35,47.9797888,-81.8696768,6574.406,-10.205454545454545,-1.0654545454545454,-0.13636363636363635,10.276052124592802,-0.12,-0.6699999999999999,-0.02,0.6835681753117341
5412.25,5412.45,47.9797888,-81.8696768,6575.314,-5.036666666666667,-1.37,-0.53,5.2502886422854305,-0.19,-0.42000000000000004,-0.2,0.5153880695396081
5412.25,5412.55,47.9797888,-81.8696768,6575.586,-10.159,-0.9130000000000003,0.081,10.24871908472867,-0.030000000000000006,-0.13000000000000003,-0.27,0.30715702053959115
5412.25,5412.65,47.9797888,-81.8696768,6574.4065,-8.895000000000001,-0.07800000000000001,0.121,8.931427687746734,0.4333333333333333,0.0,0.25555555555555554,0.5255571728313166
5412.25,5412.75,47.9797888,-81.8696768,6572.592,-9.142222222222223,-1.4344444444444444,0.29333333333333333,9.262679150314149,0.79,0.13999999999999999,0.5799999999999998,0.9913874561157539
5412.25,5412.85,47.9797888,-81.8696768,6569.6895,-9.607272727272727,-0.82,0.5681818181818182,9.66370509333014,0.8,0.27999999999999997,0.55,1.0121447226416111
5412.25,5412.95,47.9797888,-81.8696768,6564.794,-7.608888888888889,-0.40555555555555556,0.5044444444444445,7.637468151432738,0.8,0.3,0.37777777777777777,0.9359506223478546
5412.25,5413.05,47.9797888,-81.8696768,6559.177,-7.553999999999999,-0.7340000000000001,0.843,7.6379339823171915,0.5800000000000001,0.22000000000000003,0.08,0.6312448791640975
5412.25,5413.15,47.9797888,-81.8696768,6557.184,-6.554444444444444,-0.3866666666666667,0.5644444444444443,6.598705218252296,0.3333333333333333,0.022222222222222223,-0.15555555555555556,0.38128861541664694
5413.25,5413.25,47.9797888,-81.8696768,6554.83,-10.01,0.4088888888888889,-0.6166666666666667,10.04851625418065,0.25000000000000006,0.09,-0.29999999999999993,0.4141788666034169
5413.25,5413.35,47.9797888,-81.8696768,6552.0244999999995,-9.499090909090908,-0.16727272727272727,-0.23818181818181816,9.51745350972883,0.018181818181818184,0.29090909090909084,-0.29999999999999993,0.4207665683126198
5413.25,5413.45,47.9797888,-81.8696768,6548.134,-7.64777777777778,-0.3566666666666667,0.1488888888888889,7.661236510682887,0.0,0.3,-0.21111111111111114,0.36978740763545426
5413.25,5413.55,47.9797888,-81.8696768,6544.0645,-7.509999999999999,0.29636363636363644,0.5354545454545455,7.538960151859947,0.33636363636363636,0.26363636363636367,0.10909090909090911,0.47572953395719325
5413.25,5413.65,47.9797888,-81.8696768,6541.262,-7.296666666666667,-0.31666666666666665,0.048888888888888905,7.312218327741066,0.6666666666666666,0.2,0.37777777777777777,0.7924784216784038
5413.25,5413.75,47.9797888,-81.8696768,6539.6355,-14.348888888888887,-0.6322222222222222,-0.2455555555555555,14.366129520943348,0.8111111111111112,0.2,0.43333333333333335,0.942586461754153
5413.25,5413.85,47.9797888,-81.8696768,6536.925,-7.154545454545455,-0.04181818181818182,-0.19727272727272727,7.1588310246269655,0.8545454545454546,0.22727272727272727,0.3545454545454545,0.954684890144744
5413.25,5413.95,47.9797888,-81.8696768,6536.202,-10.435,0.092,-0.346,10.44274005069349,0.8,0.3,0.17777777777777778,0.8748575875136212
5413.25,5414.05,47.9797888,-81.8696768,6534.757,-9.559000000000001,-0.36900000000000005,0.5940000000000001,9.601497645419808,0.6363636363636364,0.17272727272727273,-0.018181818181818184,0.6770211733201125
5413.25,5414.15,47.9797888,-81.8696768,6534.215,-16.333333333333332,-0.25111111111111106,-0.05111111111111109,16.36380208426721,0.23333333333333334,-0.3333333333333333,-0.24444444444444446,0.4921225074122471
5414.25,5414.25,47.9797888,-81.8696768,6531.597,-12.945555555555558,-0.16,-0.5311111111111111,12.960375318250499,0.2888888888888889,-0.47777777777777775,-0.3888888888888889,0.6839920495833787
5414.25,5414.35,47.9797888,-81.8696768,6528.438,-7.412727272727272,-0.45909090909090905,-1.241818181818182,7.533941957903962,0.6363636363636364,-0.1636363636363636,-0.4,0.7933488755005541
5414.25,5414.45,47.9797888,-81.8696768,6526.543,-10.798,-0.01100000000000001,0.0019999999999999575,10.857215709396423,1.0666666666666667,0.07777777777777778,-0.2888888888888889,1.1135726155063912
5414.25,5414.55,47.9797888,-81.8696768,6524.107,-18.666999999999998,-0.716,1.159,18.860571942982567,2.209090909090909,-0.3636363636363636,0.5636363636363636,2.3196897852957044
5414.25,5414.65,47.9797888,-81.8696768,6523.927,-14.242222222222223,-2.2733333333333334,-1.3177777777777777,14.59645851806615,2.155555555555556,-0.1111111111111111,0.7666666666666667,2.299713192236755
5414.25,5414.75,47.9797888,-81.8696768,6523.476500000001,-1.7420000000000002,-0.9369999999999999,-0.07099999999999998,2.249319357049677,1.1,0.2,3.0839528461809902e-18,1.122135493723217
5414.25,5414.85,47.9797888,-81.8696768,6521.041,-1.877,-0.38,0.6490000000000001,2.1284340500722236,0.7909090909090909,0.1,-0.18181818181818182,0.8238399864739808
5414.25,5414.95,47.9797888,-81.8696768,6520.951,-18.154000000000003,-0.001000000000000023,0.273,18.237772023209743,0.37,-0.22000000000000003,-0.2,0.5074334156035112
5414.25,5415.05,47.9797888,-81.8696768,6520.68,-10.321,-0.281,-0.32599999999999996,10.572393594187146,0.12000000000000002,-0.030000000000000006,0.19,0.27183608666655457
5414.25,5415.15,47.9797888,-81.8696768,6520.2294999999995,-10.286000000000001,-0.6970000000000001,0.10100000000000002,10.389445131257787,0.5222222222222221,0.0,0.07777777777777778,0.5300107302653312
5415.25,5415.25,47.9797888,-81.8696768,6521.221,-5.671111111111111,-0.003333333333333361,-0.29888888888888887,5.800961542098504,0.5888888888888889,0.0,0.0,0.5888888888888889
5415.25,5415.35,47.9797888,-81.8696768,6522.934499999999,-14.132,1.213,-0.9369999999999999,14.322832331790229,0.790909090909091,0.43636363636363634,0.1272727272727273,0.9474943137316962
5415.25,5415.45,47.9797888,-81.8696768,6520.9515,-10.167,-0.0030000000000000035,-0.227,10.179860189898866,0.35,0.7,0.23000000000000004,0.8180590639075918
5415.25,5415.55,47.9797888,-81.8696768,6513.471,-8.158181818181818,-0.2718181818181818,-0.3618181818181818,8.18413417426084,0.30999999999999994,0.6799999999999999,0.18000000000000002,0.7705450286450027
5415.25,5415.65,47.9797888,-81.8696768,6508.068,-9.197777777777778,-1.2722222222222224,0.9144444444444445,9.34958535988624,0.35,0.33,-0.1,0.5386278307171855
5415.25,5415.75,47.9797888,-81.8696768,6503.747,-9.338888888888889,0.2644444444444444,0.18444444444444447,9.34925220372927,0.15555555555555556,-0.13333333333333333,-0.37777777777777777,0.458752445656239
5415.25,5415.85,47.9797888,-81.8696768,6503.4775,-10.424,-0.163,-0.6169999999999999,10.44857311516966,-0.06999999999999999,-0.47000000000000003,-0.25000000000000006,0.5421828744145754
5415.25,5415.95,47.9797888,-81.8696768,6503.927,-9.285,0.05900000000000001,-0.6450000000000001,9.311012607054431,-0.22999999999999998,-0.43,-0.1,0.5095038803380313
5415.25,5416.05,47.9797888,-81.8696768,6501.948,-9.461818181818181,-0.041818181818181824,-0.6036363636363635,9.49059767772054,-0.48999999999999994,-0.19000000000000003,0.12,0.5529139586371679
5415.25,5416.15,47.9797888,-81.8696768,6500.869,-10.526666666666667,-0.3922222222222222,-0.03444444444444445,10.53452513817109,-0.5999999999999999,-0.01,0.2,0.6332412212046368
5416.25,5416.25,47.9797888,-81.8696768,6496.732,-10.162222222222221,-0.18222222222222223,-0.035555555555555556,10.164099346809603,-0.6,0.0,0.2,0.6324555320336759
5416.25,5416.35,47.9797888,-81.8696768,6491.789,-7.064545454545454,0.04818181818181819,-0.010000000000000002,7.065263298380453,-0.5999999999999999,0.0,0.2,0.6324555320336759
5416.25,5416.45,47.9797888,-81.8696768,6487.567,-6.792222222222222,0.24333333333333332,-0.025555555555555554,6.797266418414941,-0.5999999999999999,0.09,0.2,0.6395267345723239
5416.25,5416.55,47.9797888,-81.8696768,6484.4245,-8.322727272727274,-1.1036363636363637,0.3918181818181818,8.443642704562727,-0.7909090909090909,0.06363636363636364,0.027272727272727282,0.8132987411903478
5416.25,5416.65,47.9797888,-81.8696768,6480.924,-9.879999999999999,-0.5955555555555556,0.2877777777777778,9.944000230651078,-0.9111111111111112,0.0,-0.6111111111111112,1.1042001728626485
5416.25,5416.75,47.9797888,-81.8696768,6478.232,-8.633333333333333,0.05666666666666667,0.43222222222222223,8.663587056848327,-1.0,0.0,-0.7,1.2212566244606873
5416.25,5416.85,47.9797888,-81.8696768,6473.748,-7.984545454545455,0.6381818181818182,0.38636363636363635,8.0233322605788,-1.31,-0.16,-0.6,1.457276710405213
5416.25,5416.95,47.9797888,-81.8696768,6469.804,-9.601111111111113,0.26555555555555554,-0.2755555555555556,9.613838088275998,-1.6800000000000002,-0.26000000000000006,-0.31000000000000005,1.7316848756389067
5416.25,5417.05,47.9797888,-81.8696768,6466.131,-10.131818181818181,-0.7372727272727272,-0.39454545454545453,10.170924155531097,-1.8909090909090907,-0.2,-0.02727272727272728,1.902185413481613
5416.25,5417.15,47.9797888,-81.8696768,6461.742,-9.037000000000003,-0.9259999999999999,-0.38899999999999996,9.09286025437107,-1.8666666666666667,-0.2,-0.022222222222222223,1.8779702624218417
5417.25,5417.25,47.9797888,-81.8696768,6458.43,-6.604444444444445,-0.8433333333333334,-0.36333333333333334,6.668698635818441,-1.7555555555555555,-0.2,-0.1111111111111111,1.7707195363794008
5417.25,5417.35,47.9797888,-81.8696768,6455.119,-10.582999999999998,-0.7540000000000001,-0.334,10.625044854775425,-1.6818181818181819,-0.16363636363636366,-0.18181818181818182,1.7004857162243743
5417.25,5417.45,47.9797888,-81.8696768,0.0,-11.97888888888889,0.1988888888888889,-0.3288888888888889,11.99644643884736,-1.2333333333333334,-0.011111111111111112,0.23333333333333334,1.2717158310549137
5417.25,5417.55,47.9797888,-81.8696768,6451.452499999999,-10.625454545454547,-0.7436363636363634,-0.22272727272727275,10.659205265890641,-1.0999999999999999,0.0,0.5,1.2083045973594575
5417.25,5417.65,47.9797888,-81.8696768,6449.932,-12.963999999999999,-0.38499999999999995,-0.13799999999999998,12.97653289645589,-1.1,0.0,0.39999999999999997,1.1721455555863338
5417.25,5417.75,47.9797888,-81.8696768,6449.754,-7.907777777777777,-0.29555555555555557,-0.5188888888888888,7.9495318153115715,-1.02,0.030000000000000006,0.27,1.057458933444143
5417.25,5417.85,47.9797888,-81.8696768,6451.184,-20.125999999999998,-0.5780000000000001,0.7870000000000001,20.167359612556293,-0.85,0.03000000000000001,0.13000000000000003,0.8688064595161228
5417.25,5417.95,47.9797888,-81.8696768,6453.42,-9.289,-0.23700000000000004,0.18999999999999997,9.308001872904834,-0.2777777777777778,-0.2777777777777778,0.0,0.4041148723743622
5417.25,5418.05,47.9797888,-81.8696768,6454.94,-15.108,-0.7959999999999999,-0.43800000000000006,15.16798796163836,-0.2545454545454546,-0.23636363636363641,-0.07272727272727274,0.3842428050697069
5417.25,5418.15,47.9797888,-81.8696768,6456.551,-9.456999999999999,-0.86,-0.288,9.616418229627376,-0.6399999999999999,0.01,-0.62,0.8951539506770079
5418.25,5418.25,47.9797888,-81.8696768,6455.834999999999,-18.471111111111114,0.13888888888888892,0.74,18.553791656250276,-0.4,0.16666666666666669,-0.5555555555555556,0.7074448305427974
5418.25,5418.35,47.9797888,-81.8696768,6451.184,-4.883,1.041,1.46,5.21733188046886,0.45,-0.17,0.21999999999999997,0.5486658775070521
5418.25,5418.45,47.9797888,-81.8696768,6449.843,-3.8280000000000003,0.68,0.21700000000000003,3.930077263550102,0.6111111111111112,-0.3,0.5666666666666668,0.893451776099562
5418.25,5418.55,47.9797888,-81.8696768,6449.754,-17.022,-1.431,-1.02,17.22753183364751,0.21818181818181823,-0.018181818181818184,0.6,0.7618493681774727
5418.25,5418.65,47.9797888,-81.8696768,6448.502,-3.7980000000000005,-0.668,1.207,4.211051762082482,-0.09,0.12000000000000002,0.08,0.2123721412105152
5418.25,5418.75,47.9797888,-81.8696768,6446.357,-18.220000000000002,-1.6077777777777778,2.5044444444444443,18.509886939967966,0.16666666666666666,-0.2777777777777778,-0.5111111111111111,0.6326600584489401
5418.25,5418.85,47.9797888,-81.8696768,6441.622,-8.983,-0.16,0.34099999999999997,8.994923329854853,0.64,-0.5,-0.6399999999999999,1.0360242345720434
5418.25,5418.95,47.9797888,-81.8696768,6438.05,-5.624,-0.20099999999999998,0.371,5.641517807208719,0.7,-0.5799999999999998,-0.54,1.0590470785361212
5418.25,5419.05,47.9797888,-81.8696768,6435.818,-11.187000000000001,-0.21500000000000002,-3.165,12.117496878215734,0.10999999999999996,0.23000000000000004,-0.45999999999999996,0.7684153897073907
5418.25,5419.15,47.9797888,-81.8696768,6428.325000000001,-15.522,-0.7300000000000001,-0.7619999999999999,15.634864762449784,0.27,1.0199999999999998,-0.5599999999999999,1.2210559272069255
5419.25,5419.25,47.9797888,-81.8696768,6414.78,-13.306000000000001,0.766,2.485,13.668997734204567,0.9777777777777776,0.8111111111111111,-0.2,1.3853796828360874
5419.25,5419.35,47.9797888,-81.8696768,6409.9735,-2.9490000000000003,0.998,0.37100000000000005,3.1531725265275674,1.56,0.13000000000000003,0.45999999999999996,1.6386377479849874
5419.25,5419.45,47.9797888,-81.8696768,6408.194,-12.514444444444443,0.4233333333333334,0.3122222222222223,12.65316220315576,1.3666666666666667,0.08888888888888889,0.8555555555555555,1.6201580032335214
5419.25,5419.55,47.9797888,-81.8696768,6406.326,-14.222999999999999,-2.9069999999999996,0.6239999999999999,14.599485386478467,2.0599999999999996,-0.13999999999999999,0.33999999999999997,2.135449502688886
5419.25,5419.65,47.9797888,-81.8696768,6405.3475,-5.26,-0.10400000000000001,-0.4790000000000001,5.287977338686003,2.2,-0.21000000000000002,0.18,2.2183239184579806
5419.25,5419.75,47.9797888,-81.8696768,6404.813,-15.558000000000002,-0.359,-0.8440000000000001,15.588692562813923,2.266666666666667,-0.2,0.3,2.2951761238966406
5419.25,5419.85,47.9797888,-81.8696768,6404.013,-8.419,-1.6199999999999997,-0.331,8.821950707392244,2.5727272727272728,-0.2090909090909091,0.045454545454545456,2.5871543037513343
5419.25,5419.95,47.9797888,-81.8696768,6403.213,-13.608888888888888,-0.3033333333333334,-0.025555555555555567,13.650984401578343,1.9444444444444444,-0.5444444444444444,-0.28888888888888886,2.0481814227451776
5419.25,5420.05,47.9797888,-81.8696768,6404.725,-10.08818181818182,0.17454545454545453,-0.31090909090909086,10.09913605385645,1.4900000000000002,-1.0299999999999998,-0.10999999999999999,1.8213632024464572
5419.25,5420.15,47.9797888,-81.8696768,6421.906,-10.656666666666666,0.11555555555555556,-2.782222222222222,11.123017421278723,1.15,-0.76,0.29999999999999993,1.4271105920380909
5420.25,5420.25,47.9797888,-81.8696768,6432.427,-6.016,-1.02,-1.5050000000000001,6.330560362508941,-0.04,0.25,0.019999999999999997,0.40946167822290463
5420.25,5420.35,47.9797888,-81.8696768,6425.2045,-10.517,-0.691,0.677,10.576996845175803,-0.6299999999999999,0.39999999999999997,-0.48999999999999994,0.9041155382169155
5420.25,5420.45,47.9797888,-81.8696768,6409.973,-14.924444444444443,-0.48777777777777775,0.6944444444444445,14.962847716810002,-0.2222222222222222,0.21111111111111114,-0.6,0.6858767905560181
5420.25,5420.55,47.9797888,-81.8696768,6403.124,-7.951818181818182,0.6309090909090909,1.0899999999999999,8.109197419676867,0.17,0.07,-0.28,0.40516024920407967
5420.25,5420.65,47.9797888,-81.8696768,6402.679,-4.390000000000001,1.2366666666666668,-0.037777777777777785,4.604045717327623,0.25,-0.08,0.15,0.3548146890808756
5420.25,5420.75,47.9797888,-81.8696768,6402.9465,-15.126,-0.20100000000000007,-1.6990000000000003,15.249527265928487,-0.49000000000000005,0.32,0.33999999999999997,0.8058255826702162
5420.25,5420.85,47.9797888,-81.8696768,6388.999,-10.623,1.5710000000000002,0.9969999999999999,10.824608613902019,-2.12,0.18,0.0,2.1425892553185952
5420.25,5420.95,47.9797888,-81.8696768,6382.788,-9.695,1.77875,0.77875,9.963136009594196,-2.744444444444445,-0.4222222222222223,-0.08888888888888889,2.7839386428101824
5420.25,5421.05,47.9797888,-81.8696768,6378.0885,-9.504545454545456,-0.5209090909090909,-0.15000000000000002,9.54401152521833,-2.2636363636363637,-0.6363636363636362,-0.23636363636363633,2.3647291274055777
5420.25,5421.15,47.9797888,-81.8696768,6375.341,-6.945555555555555,0.3188888888888889,-0.30222222222222217,7.036246514641974,-2.122222222222222,-0.48888888888888893,-0.2555555555555556,2.1942109365145632
5421.25,5421.25,47.9797888,-81.8696768,6371.0885,-6.732000000000001,1.2309999999999999,-1.827,7.125250557720714,-2.7399999999999998,-0.21000000000000002,0.18,2.7621840080441924
5421.25,5421.35,47.9797888,-81.8696768,6366.129,-11.625454545454547,-0.8627272727272728,-0.9781818181818184,11.750447034567399,-2.58,0.0,0.82,2.717017705691002
5421.25,5421.45,47.9797888,-81.8696768,6365.421,-9.277777777777779,-1.0811111111111111,-0.7022222222222223,9.383231405475449,-1.8800000000000001,-0.09,0.9000000000000001,2.0878110862822403
5421.25,5421.55,47.9797888,-81.8696768,6365.952,-9.790000000000001,-2.476,-1.157,10.281136422704545,-1.42,-0.13999999999999999,0.47000000000000003,1.5117234808437077
5421.25,5421.65,47.9797888,-81.8696768,6366.838,-4.761,-1.657,-0.446,5.095257804682404,-1.088888888888889,0.07777777777777778,-0.16666666666666666,1.1158088859464708
5421.25,5421.75,47.9797888,-81.8696768,6355.16,-15.318888888888889,0.6888888888888888,-0.7577777777777778,15.435964381235452,-1.44,0.18000000000000002,-0.39,1.5128755428526899
5421.25,5421.85,47.9797888,-81.8696768,6360.289,-9.865454545454545,-0.029090909090909067,-2.0000000000000004,10.378437011082442,-2.0800000000000005,0.13999999999999999,0.09,2.092411744234261
5421.25,5421.95,47.9797888,-81.8696768,6381.382,-8.945555555555556,-0.5511111111111112,-0.04444444444444446,8.967579829211033,-1.6777777777777778,0.12222222222222223,0.36666666666666664,1.723920083826545
5421.25,5422.05,47.9797888,-81.8696768,6403.746,-12.748999999999999,-3.6090000000000004,1.0220000000000002,13.407838368853712,-1.15,-0.12,0.030000000000000006,1.1982723995328517
5421.25,5422.15,47.9797888,-81.8696768,6410.418,-11.096,-0.6180000000000001,0.03200000000000005,11.230710974874537,-1.2777777777777777,-0.12222222222222223,-0.8555555555555555,1.5483641946247753
5422.25,5422.25,47.9797888,-81.8696768,6408.194,-17.551111111111112,2.687777777777778,2.6377777777777776,18.375202983189308,-0.62,-0.09000000000000001,-0.73,1.010441871864063
5422.25,5422.35,47.9797888,-81.8696768,6409.6175,-5.7718181818181815,1.3463636363636367,0.6390909090909092,6.136636849637304,0.10909090909090911,-0.5727272727272728,0.009090909090909089,0.6029580214988113
5422.25,5422.45,47.9797888,-81.8696768,6416.6505,-8.61111111111111,2.7077777777777774,-2.42,9.440525085582367,-0.5111111111111111,-0.4333333333333333,0.7666666666666667,1.1119768002119568
5422.25,5422.55,47.9797888,-81.8696768,6423.687,-12.742,-0.124,-2.4709999999999996,13.028010610318328,-1.61,0.32,1.1599999999999997,2.02129540324642
5422.25,5422.65,47.9797888,-81.8696768,6412.022,-10.901,-0.909,-1.3670000000000002,11.028763987363748,-2.25,0.51,1.1,2.5662079148897954
5422.25,5422.75,47.9797888,-81.8696768,6391.307,-12.386666666666668,-1.708888888888889,-2.3133333333333335,12.745504564720504,-3.2222222222222223,0.26666666666666666,0.3222222222222222,3.253139014162953
5422.25,5422.85,47.9797888,-81.8696768,6361.1805,-7.080909090909091,-0.7981818181818183,-1.0636363636363635,7.209769210896709,-2.7363636363636363,0.4272727272727273,0.018181818181818184,2.7701596990862942
5422.25,5422.95,47.9797888,-81.8696768,6340.321,-14.612,-0.791,0.12799999999999997,14.650985252647985,-2.4222222222222225,0.4666666666666667,0.022222222222222223,2.467387437076115
5422.25,5423.05,47.9797888,-81.8696768,6334.498,-7.372222222222222,-0.4444444444444444,-0.015555555555555557,7.450344036217427,-2.03,0.31000000000000005,0.22999999999999998,2.0694162322294645
5422.25,5423.15,47.9797888,-81.8696768,6332.293,-6.983333333333334,-1.1166666666666667,-0.9966666666666667,7.3303418851190685,-1.8699999999999999,0.12000000000000002,0.37,1.9113971329630222
5423.25,5423.25,47.9797888,-81.8696768,6329.561,-16.817777777777778,-1.7555555555555555,-0.7455555555555555,17.047525250806235,-1.322222222222222,0.5222222222222223,-0.04444444444444445,1.4386967071709025
5423.25,5423.35,47.9797888,-81.8696768,6325.772000000001,-8.992727272727272,-1.38,2.1536363636363633,9.521221502705366,-1.1727272727272728,0.7,-0.49090909090909096,1.4640805387536362
5423.25,5423.45,47.9797888,-81.8696768,6320.751,-11.772,1.058,3.696999999999999,12.502873738157572,-1.8333333333333333,0.12222222222222223,-0.7222222222222222,2.00387876521852
5423.25,5423.55,47.9797888,-81.8696768,6318.463,-6.022,1.5179999999999998,0.143,6.266609181475489,-2.827272727272727,-0.5363636363636363,-0.4636363636363638,2.91708445563799
5423.25,5423.65,47.9797888,-81.8696768,6318.111,-9.046666666666667,0.4766666666666668,-0.4488888888888889,9.094756297140494,-3.1222222222222222,-0.711111111111111,-0.3111111111111111,3.2177682587746728
5423.25,5423.75,47.9797888,-81.8696768,6324.979,-10.263000000000002,-0.06100000000000001,-1.32,10.354270209605577,-3.3666666666666663,-0.711111111111111,-0.3444444444444444,3.4591827913780184
5423.25,5423.85,47.9797888,-81.8696768,6350.8330000000005,-8.855,-0.024000000000000004,-1.481,8.984492539883265,-3.6999999999999997,-0.5454545454545454,-0.25454545454545463,3.7494613418894973
5423.25,5423.95,47.9797888,-81.8696768,6363.297,-8.030000000000001,-0.772,-1.458,8.227693156656311,-3.46,-0.42000000000000004,-0.12000000000000002,3.4878689538110073
5423.25,5424.05,47.9797888,-81.8696768,6347.9169999999995,-8.618,-1.0710000000000002,-1.844,8.891352651986969,-2.6599999999999997,-0.15,-0.05,2.666578411166408
5423.25,5424.15,47.9797888,-81.8696768,6325.155,-9.407777777777776,-0.6944444444444444,-1.0033333333333334,9.487783676036761,-2.2000000000000006,-0.03333333333333334,0.0,2.200757184851508
5424.25,5424.25,47.9797888,-81.8696768,6312.831,-4.0,-0.38499999999999995,-0.784,4.096583075275675,-2.1,0.0,-0.044444444444444446,2.101057601850162
5424.25,5424.35,47.9797888,-81.8696768,6308.082,-12.764,-1.202,0.545,12.923806234735313,-1.8818181818181818,-0.07272727272727274,-0.018181818181818184,1.8903037483232084
5424.25,5424.45,47.9797888,-81.8696768,6305.621,-9.277,-0.907,0.26899999999999996,9.439117601602089,-1.14,-0.57,-0.30999999999999994,1.3209673382836626
5424.25,5424.55,47.9797888,-81.8696768,6302.106,-12.17,0.12454545454545457,-0.6527272727272727,12.222833934623049,-1.1099999999999999,-0.5599999999999999,-0.37,1.3005469519997366
5424.25,5424.65,47.9797888,-81.8696768,6298.768,-8.002500000000001,0.79625,-1.87,8.274972155999777,-1.411111111111111,-0.14444444444444446,-0.05555555555555555,1.431011106680846
5424.25,5424.75,47.9797888,-81.8696768,6296.3099999999995,-10.266,-0.37499999999999994,-0.5810000000000001,10.322677717121595,-1.69,0.21000000000000002,0.13,1.7104516527785858
5424.25,5424.85,47.9797888,-81.8696768,6292.448,-12.552000000000001,-0.51,-0.129,12.564862032475064,-1.7400000000000002,0.29999999999999993,0.14,1.7731679212868001
5424.25,5424.95,47.9797888,-81.8696768,6289.9915,-9.534,-0.9279999999999999,0.194,9.591907802643046,-1.98,0.21000000000000002,-0.04,1.9957517871613646
5424.25,5425.05,47.9797888,-81.8696768,6286.307,-14.19272727272727,-0.3909090909090909,-0.3963636363636364,14.21320734599887,-2.12,-0.09,-0.2,2.133177861298628
5424.25,5425.15,47.9797888,-81.8696768,6287.535,-7.705555555555555,0.024444444444444446,-0.5077777777777777,7.737330329935255,-1.511111111111111,-0.12222222222222223,-0.03333333333333334,1.517894655662866
5425.25,5425.25,47.9797888,-81.8696768,6285.7815,-11.854444444444445,-0.11666666666666664,0.02333333333333333,11.860054179944209,-1.0100000000000002,-0.02,0.08,1.0150029426069214
5425.25,5425.35,47.9797888,-81.8696768,6285.606,-10.806363636363637,-0.9854545454545455,-1.06,10.964295275346414,-1.02,0.27,0.05000000000000001,1.0644879653146708
5425.25,5425.45,47.9797888,-81.8696768,6286.5705,-10.130000000000003,-1.6522222222222223,0.3211111111111111,10.278246136302473,-1.6600000000000001,0.49000000000000005,-0.4,1.7827134986197486
5425.25,5425.55,47.9797888,-81.8696768,6291.746,-9.905454545454544,-0.46818181818181814,0.42454545454545456,9.941493237392176,-2.3363636363636364,0.23636363636363636,-0.7999999999999999,2.4843615030623902
5425.25,5425.65,47.9797888,-81.8696768,6303.952499999999,-8.742222222222223,0.08999999999999997,0.3444444444444444,8.764792803373075,-3.055555555555556,-0.022222222222222223,-0.5555555555555556,3.110260468780368
5425.25,5425.75,47.9797888,-81.8696768,6317.231,-11.194444444444446,-0.16555555555555557,-0.9955555555555556,11.251164865005746,-3.166666666666667,-0.3,-0.26666666666666666,3.1940824505427448
5425.25,5425.85,47.9797888,-81.8696768,6316.966,-10.25090909090909,-0.5263636363636364,-1.7000000000000002,10.420397836378113,-2.7499999999999996,-0.48,0.04,2.7936898103264647
5425.25,5425.95,47.9797888,-81.8696768,6313.094999999999,-12.30111111111111,-0.55,-0.9888888888888889,12.393032422495931,-1.97,-0.4,0.05,2.0135904303221026
5425.25,5426.05,47.9797888,-81.8696768,6302.633,-4.531818181818182,0.10727272727272727,-1.299090909090909,4.73493779832953,-1.3181818181818181,0.15454545454545457,0.11818181818181818,1.3439819999400795
5425.25,5426.15,47.9797888,-81.8696768,6285.696,-10.666,-0.9949999999999999,-0.71,10.761015171085514,-1.3555555555555554,0.43333333333333335,0.14444444444444446,1.4348537201189808
5426.25,5426.25,47.9797888,-81.8696768,6270.189,-11.8125,-0.51375,0.7562500000000001,11.869104577722176,-2.1222222222222222,0.17777777777777776,-0.2444444444444444,2.1525384135658245
5426.25,5426.35,47.9797888,-81.8696768,6263.7145,-13.673636363636364,0.046363636363636364,0.7272727272727273,13.71433799929825,-1.3363636363636362,-0.2727272727272727,-0.13636363636363638,1.3831820119626246
5426.25,5426.45,47.9797888,-81.8696768,6260.916,-13.065555555555555,-0.060000000000000005,0.05333333333333333,13.100986001687092,-0.8111111111111112,-0.4,0.011111111111111112,0.905415394091368
5426.25,5426.55,47.9797888,-81.8696768,6258.818499999999,-4.114545454545455,1.1127272727272728,-1.1936363636363636,4.49177489491889,-0.8363636363636363,-0.19999999999999998,0.4,0.9633430709000496
5426.25,5426.65,47.9797888,-81.8696768,6257.5075,-9.692,-0.983,-4.345999999999999,10.780025218355146,-1.6666666666666667,0.4222222222222222,0.5,1.8262178797717203
5426.25,5426.75,47.9797888,-81.8696768,6253.751,-14.850000000000001,-0.76875,-1.4125,15.01678577537595,-3.211111111111111,1.0444444444444445,0.011111111111111112,3.378386449893284
5426.25,5426.85,47.9797888,-81.8696768,6248.773499999999,-11.924545454545454,0.011818181818181823,-0.8354545454545452,12.02430963456099,-3.9818181818181824,0.3181818181818182,0.1,4.00847578146764
5426.25,5426.95,47.9797888,-81.8696768,6246.068,-8.731,-0.8470000000000001,-1.7710000000000001,8.964769477981964,-3.6999999999999997,-0.25555555555555554,0.06666666666666668,3.7126944901251284
5426.25,5427.05,47.9797888,-81.8696768,6264.7685,-14.239,-0.666,-0.042000000000000016,14.258648141173335,-2.3090909090909095,-0.3727272727272727,-0.15454545454545454,2.345508889930429
5426.25,5427.15,47.9797888,-81.8696768,6288.588,-3.027,-0.13,0.10200000000000001,3.0667283708187636,-2.03,-0.27999999999999997,-0.19,2.0585723983973443
5427.25,5427.25,47.9797888,-81.8696768,6299.998,-4.055555555555555,0.23222222222222222,-0.15000000000000002,4.082008475648184,-1.9375,-0.275,-0.0625,1.9591256540241422
5427.25,5427.35,47.9797888,-81.8696768,6309.313,-11.747,-0.686,-1.6340000000000003,11.969098285422078,-2.209090909090909,-0.01818181818181819,0.24545454545454543,2.230725226368303
5427.25,5427.45,47.9797888,-81.8696768,6304.215,-7.7,-1.229,-0.3,7.839808229863083,-1.7555555555555555,0.17777777777777778,0.4666666666666667,1.827022542164267
5427.25,5427.55,47.9797888,-81.8696768,6292.361000000001,-11.288,-1.0030000000000001,-0.10899999999999999,11.349918098218835,-1.5636363636363635,0.0,0.45454545454545453,1.6308340064172093
5427.25,5427.65,47.9797888,-81.8696768,6280.698,-8.448000000000002,-1.2479999999999998,0.267,8.552791934162547,-1.72,-0.21000000000000002,0.05000000000000001,1.7406239064998374
5427.25,5427.75,47.9797888,-81.8696768,6266.865,-9.406666666666668,-0.5788888888888889,-0.4722222222222222,9.439972529902017,-1.8333333333333333,-0.36666666666666664,-0.26666666666666666,1.889800166570649
5427.25,5427.85,47.9797888,-81.8696768,6248.686,-13.157999999999998,0.476,-2.826,13.650698256182798,-2.0900000000000003,-0.009999999999999998,-0.05,2.105777735252437
5427.25,5427.95,47.9797888,-81.8696768,6235.95,-9.187999999999999,-0.623,-1.689,9.40274615766317,-2.01,0.38999999999999996,0.4,2.091814621904907
5427.25,5428.05,47.9797888,-81.8696768,6227.848,-13.413999999999998,-1.9250000000000003,-0.6799999999999999,13.664605662627611,-1.59,0.25,0.38,1.6574387358223184
5427.25,5428.15,47.9797888,-81.8696768,6224.452,-8.924000000000001,-2.9579999999999997,0.251,9.416929595133084,-1.4500000000000002,0.15000000000000002,-0.44000000000000006,1.5490900200853257
5428.25,5428.25,47.9797888,-81.8696768,6221.3195,-8.95,-1.61,0.233,9.12457477689392,-2.3666666666666667,0.1111111111111111,-1.2666666666666666,2.6871854666612345
5428.25,5428.35,47.9797888,-81.8696768,6217.317,-13.041111111111112,1.8466666666666665,0.9344444444444444,13.48918655019157,-3.2399999999999998,-0.1,-1.1800000000000002,3.480131845535689
5428.25,5428.45,47.9797888,-81.8696768,6214.8825,-5.606,-0.5129999999999999,0.02899999999999999,5.756829362509714,-3.4200000000000004,-0.25999999999999995,-0.6899999999999998,3.4993540191134485
5428.25,5428.55,47.9797888,-81.8696768,6212.622,-11.225000000000001,-0.07799999999999999,0.8560000000000001,11.301846153015239,-2.63,-0.7200000000000001,-0.38999999999999996,2.766361878590936
5428.25,5428.65,47.9797888,-81.8696768,6211.579,-12.883000000000001,-0.3389999999999999,-0.8400000000000001,12.934316820887489,-1.22,-0.8800000000000001,-0.2,1.5436002575181338
5428.25,5428.75,47.9797888,-81.8696768,6213.144,-14.220999999999998,-0.44200000000000006,-0.8859999999999999,14.349183724924847,-0.37777777777777777,-0.6555555555555554,-0.08888888888888889,0.7647225033123718
5428.25,5428.85,47.9797888,-81.8696768,6217.317,-6.391111111111112,-0.921111111111111,-2.621111111111111,7.0154754936618,-0.89,0.22999999999999998,-0.18000000000000002,0.9594924609186612
5428.25,5428.95,47.9797888,-81.8696768,6217.491,-8.458000000000002,-0.8739999999999999,-0.6409999999999999,8.59791396434046,-1.4,0.8,-0.41,1.6659261443994673
5428.25,5429.05,47.9797888,-81.8696768,6213.665,-12.458181818181817,2.001818181818182,1.675454545454545,12.948727755378231,-2.02,0.22000000000000003,0.059999999999999984,2.088343699568859
5428.25,5429.15,47.9797888,-81.8696768,6228.460499999999,-9.85888888888889,0.8344444444444444,-0.024444444444444467,9.935058307768081,-1.53,-0.55,0.78,1.8518267256173508
5429.25,5429.25,47.9797888,-81.8696768,6250.956,-8.404,-0.386,-0.724,8.4594827626599,-0.7699999999999999,-0.74,0.8099999999999999,1.3417332253663103
5429.25,5429.35,47.9797888,-81.8696768,6268.7895,-6.266,-1.06,-1.6480000000000001,6.576140861282424,-0.4666666666666667,-0.3111111111111111,0.4222222222222223,0.7500193204170545
5429.25,5429.45,47.9797888,-81.8696768,6276.4055,-6.088888888888889,-1.4922222222222221,-1.2711111111111109,6.3998269282667115,-1.2888888888888888,0.10000000000000002,-0.30000000000000004,1.340843036831797
5429.25,5429.55,47.9797888,-81.8696768,6278.946,-9.615454545454547,-0.8572727272727273,-0.43636363636363634,9.720431317700537,-1.6199999999999999,0.57,-0.8300000000000001,1.9170649121958945
5429.25,5429.65,47.9797888,-81.8696768,6258.8235,-12.551111111111112,-0.45222222222222225,0.2511111111111111,12.579393335398207,-1.27,0.8200000000000001,-0.8099999999999999,1.7171673486711434
5429.25,5429.75,47.9797888,-81.8696768,6230.548,-6.76,0.776,1.0130000000000001,6.897482678834066,-1.27,0.6300000000000001,-0.32,1.4683758032100518
5429.25,5429.85,47.9797888,-81.8696768,6211.7545,-11.93,0.5536363636363636,0.6890909090909092,12.042118477225522,-1.18,0.019999999999999997,0.25,1.2320989087583438
5429.25,5429.95,47.9797888,-81.8696768,6202.545,-8.333749999999998,-0.675,-0.54,8.387232830964345,-1.1,-0.2777777777777778,0.36666666666666664,1.193892738178988
5429.25,5430.05,47.9797888,-81.8696768,6199.16,-10.008181818181818,-0.42545454545454553,-0.2072727272727273,10.024982343659095,-1.1818181818181819,-0.3909090909090909,0.08181818181818183,1.25090262928843
5429.25,5430.15,47.9797888,-81.8696768,6196.2965,-11.225555555555554,-0.5466666666666666,-0.05333333333333336,11.258685138622795,-1.0222222222222224,-0.3111111111111111,-0.23333333333333334,1.1024317360255738
5430.25,5430.25,47.9797888,-81.8696768,6190.052,-15.056000000000001,-0.272,0.15900000000000003,15.065853375987563,-0.8200000000000001,-0.17,-0.39,0.9250014080672317
5430.25,5430.35,47.9797888,-81.8696768,6184.6795,-10.866363636363637,2.5763636363636366,-1.3081818181818183,11.40872742760758,-0.9299999999999999,0.03,0.2,1.0007325335353738
5430.25,5430.45,47.9797888,-81.8696768,6176.885,-5.74125,1.16625,-1.48,6.112620664870917,-1.5777777777777777,0.26666666666666666,0.9666666666666666,1.8710041077850275
5430.25,5430.55,47.9797888,-81.8696768,6173.5965,-13.826363636363636,-3.080909090909091,-2.772727272727273,14.559877482993198,-2.5000000000000004,0.6181818181818183,0.8545454545454546,2.7783532730335594
5430.25,5430.65,47.9797888,-81.8696768,6170.482,-7.007000000000001,-2.966,-1.98,7.894581484890959,-3.8777777777777778,0.8777777777777778,-0.08888888888888889,3.9799531654304143
5430.25,5430.75,47.9797888,-81.8696768,6167.369,-16.02777777777778,-1.5022222222222221,-0.11888888888888889,16.198211435303218,-3.7600000000000002,0.9800000000000001,-0.15,3.8925126055749724
5430.25,5430.85,47.9797888,-81.8696768,6163.3925,-11.429999999999998,-0.7345454545454545,0.5972727272727272,11.487342056091537,-3.5100000000000002,0.31,-0.030000000000000006,3.5289928097779635
5430.25,5430.95,47.9797888,-81.8696768,6168.579,-13.255,-0.7562500000000001,-0.43374999999999997,13.293530263134656,-2.6125000000000003,0.0,0.0,2.6125000000000003
5430.25,5431.05,47.9797888,-81.8696768,6190.403,-5.138181818181818,-0.45909090909090905,0.4145454545454545,5.236365996279854,-2.372727272727273,-0.2090909090909091,0.0,2.387034469219762
5430.25,5431.15,47.9797888,-81.8696768,6216.448,-3.55,-0.136,-0.005000000000000016,3.569166961846718,-2.3,-0.47777777777777775,-0.05555555555555555,2.3506341021930193
5431.25,5431.25,47.9797888,-81.8696768,6231.4195,-11.012222222222224,0.5377777777777778,-2.2622222222222224,11.360015352619552,-2.53,-0.32999999999999996,-0.02,2.5620805236729463
5431.25,5431.35,47.9797888,-81.8696768,6223.93,-8.91090909090909,-1.6281818181818182,-1.06,9.172396986870822,-2.6818181818181817,0.18181818181818182,0.23636363636363633,2.6994903222248996
5431.25,5431.45,47.9797888,-81.8696768,6204.976,-10.632222222222222,-0.9866666666666668,-0.6944444444444443,10.717689451924757,-2.3666666666666667,0.1111111111111111,0.33333333333333326,2.39414621520863
5431.25,5431.55,47.9797888,-81.8696768,6177.754999999999,-9.362,-0.96,-0.30999999999999994,9.423445563489981,-2.3399999999999994,-0.05,0.16,2.3496706999456114
5431.25,5431.65,47.9797888,-81.8696768,6156.136,-11.544,-0.644,-0.298,11.578849221789033,-2.4699999999999998,-0.35,-0.08,2.4996511732529396
5431.25,5431.75,47.9797888,-81.8696768,6148.2835,-11.706666666666669,-0.04333333333333332,-1.59,11.8756428260373,-2.3000000000000003,-0.3777777777777778,-0.16666666666666666,2.340642951835901
5431.25,5431.85,47.9797888,-81.8696768,6143.54,-9.965454545454547,-0.13545454545454547,-1.130909090909091,10.04807431042485,-1.7090909090909088,-0.06363636363636364,0.09090909090909091,1.7172142858514015
5431.25,5431.95,47.9797888,-81.8696768,6139.747,-12.204,-0.521,-0.142,12.218776596745032,-1.311111111111111,0.0,0.1888888888888889,1.3249479140271694
5431.25,5432.05,47.9797888,-81.8696768,6136.301,-9.02111111111111,-1.531111111111111,-1.5877777777777777,9.331725888126352,-1.1600000000000001,0.31,-0.009999999999999998,1.212982546825748
5431.25,5432.15,47.9797888,-81.8696768,6135.095,-4.853,-1.259,-0.6619999999999999,5.082104520806995,-1.61,0.65,-0.3,1.7627590012874006
5432.25,5432.25,47.9797888,-81.8696768,6132.34,-14.84222222222222,-0.5399999999999999,1.9944444444444445,15.111221683604661,-2.177777777777778,0.4333333333333333,-0.5222222222222221,2.3083994334464606
5432.25,5432.35,47.9797888,-81.8696768,6130.446,-5.7309090909090905,-0.25818181818181823,-0.6554545454545455,5.873565933606912,-2.7818181818181817,-0.4636363636363637,-0.41818181818181815,2.853247884053223
5432.25,5432.45,47.9797888,-81.8696768,6127.7775,-12.628,-0.08699999999999997,-0.678,12.67968548924065,-2.566666666666667,-0.3222222222222222,-0.6,2.6557492425974063
5432.25,5432.55,47.9797888,-81.8696768,6127.52,-11.118888888888888,0.3011111111111111,-0.5322222222222223,11.171562771534651,-2.6399999999999997,-0.39,-0.31000000000000005,2.6886205723949006
5432.25,5432.65,47.9797888,-81.8696768,6147.166499999999,-9.200999999999999,-0.406,-1.067,9.289203079821727,-2.69,-0.26,-0.18000000000000002,2.7107308024206285
5432.25,5432.75,47.9797888,-81.8696768,6169.617,-11.305,-0.298,-1.026,11.378523588693605,-2.588888888888889,0.06666666666666667,0.06666666666666668,2.5928411851283473
5432.25,5432.85,47.9797888,-81.8696768,6176.3655,-8.299000000000001,-0.3970000000000001,-0.4600000000000001,8.327045212080488,-2.4090909090909083,0.11818181818181821,0.2,2.4205774307409436
5432.25,5432.95,47.9797888,-81.8696768,6176.7119999999995,-14.552000000000001,-0.24299999999999997,1.285,14.703368903004284,-2.29,-0.25,0.19,2.328577817518647
5432.25,5433.05,47.9797888,-81.8696768,6176.193,-14.173333333333334,-0.5444444444444444,1.1911111111111112,14.25679863798667,-1.7222222222222223,-0.7888888888888889,-0.2222222222222222,1.9230475551843764
5432.25,5433.15,47.9797888,-81.8696768,6173.9425,-10.603333333333333,0.8322222222222222,-0.5466666666666666,10.690019067565101,-1.03,-0.5900000000000001,-0.25,1.217467908262807
5433.25,5433.25,47.9797888,-81.8696768,6170.482,-5.875000000000001,1.732,-2.1350000000000002,6.506783508705394,-0.46666666666666656,0.1,0.3777777777777778,0.6499457463222613
5433.25,5433.35,47.9797888,-81.8696768,6157.09,-8.553,0.257,-1.3830000000000002,8.698438432173663,-1.1272727272727272,0.7000000000000001,0.9,1.6045342599862322
5433.25,5433.45,47.9797888,-81.8696768,6132.684,-17.154,-1.7369999999999997,-0.051999999999999914,17.30357620603044,-1.83,0.96,0.79,2.25013935057066
5433.25,5433.55,47.9797888,-81.8696768,6111.701,-8.215454545454547,-1.3627272727272726,0.6372727272727272,8.385046993528457,-2.19,0.38000000000000006,0.16999999999999998,2.2351209864187886
5433.25,5433.65,47.9797888,-81.8696768,6107.493,-8.93125,-1.295,1.1587500000000002,9.152692316387384,-1.6,0.16666666666666666,-0.06666666666666668,1.6137404397510227
5433.25,5433.75,47.9797888,-81.8696768,6104.66,-14.106,-0.293,1.292,14.180472586412984,-0.7899999999999999,-0.030000000000000006,-0.35,0.8751805275738553
5433.25,5433.85,47.9797888,-81.8696768,6101.057,-4.944999999999999,0.537,-0.007999999999999985,5.049585942514391,-0.5700000000000001,0.0,-0.34,0.6705577512620338
5433.25,5433.95,47.9797888,-81.8696768,6097.455,-6.142,1.206,-2.191,6.683729801592489,-1.03,0.34,0.03,1.10264263260501
5433.25,5434.05,47.9797888,-81.8696768,6095.483,-15.096363636363636,-1.389090909090909,-0.09545454545454546,15.244928118233737,-1.57,0.89,0.2,1.8212933792362889
5433.25,5434.15,47.9797888,-81.8696768,6090.941,-15.97875,-1.085,0.24999999999999997,16.082103994723628,-1.5555555555555556,0.7111111111111111,-0.044444444444444446,1.712166935944524
5434.25,5434.25,47.9797888,-81.8696768,6087.686,-8.807,0.399,1.7670000000000001,9.125298075954372,-1.48,0.12,-0.04,1.5061195806334755
5434.25,5434.35,47.9797888,-81.8696768,6085.3735,-4.472727272727273,0.7445454545454545,0.7572727272727273,4.777431189056412,-2.1100000000000003,-0.5599999999999999,0.0,2.1874968412271225
5434.25,5434.45,47.9797888,-81.8696768,6085.288,-13.21888888888889,-0.016666666666666656,-1.2933333333333334,13.333679354013977,-2.3,-0.8800000000000001,0.0,2.4628860721119916
5434.25,5434.55,47.9797888,-81.8696768,6094.885,-8.601818181818182,-0.31,-2.521818181818182,9.049494657519453,-2.7454545454545456,-0.0818181818181818,0.009090909090909092,2.7553199605006906
5434.25,5434.65,47.9797888,-81.8696768,6115.137,-10.1125,-1.4325,-0.82375,10.286969821973397,-2.2125,0.35,0.15000000000000002,2.248177724940323
5434.25,5434.75,47.9797888,-81.8696768,6124.164000000001,-11.318000000000001,-0.969,-0.171,11.38357746004219,-1.69,0.5,0.22999999999999998,1.778370320006088
5434.25,5434.85,47.9797888,-81.8696768,6126.831,-11.82090909090909,-1.1018181818181818,0.83,11.958074644313207,-1.6300000000000001,0.33999999999999997,0.13999999999999999,1.6836684555265506
5434.25,5434.95,47.9797888,-81.8696768,6129.24,-4.826666666666666,-0.7544444444444445,1.2188888888888887,5.038129294524303,-2.19,-0.24,-0.19000000000000003,2.2180857914554957
5434.25,5435.05,47.9797888,-81.8696768,6135.526,-8.9,-0.5436363636363636,0.5581818181818181,9.00524455091893,-2.7636363636363632,-0.7,-0.6545454545454544,2.927761376426996
5434.25,5435.15,47.9797888,-81.8696768,6128.896,-12.684999999999999,2.06,-1.5669999999999997,13.0444595130924,-3.2249999999999996,-0.675,-0.5125,3.347906691485383
5435.25,5435.25,47.9797888,-81.8696768,6094.035,-6.89375,-0.48750000000000004,-1.0162499999999999,7.032200313112742,-3.2700000000000005,-0.34,0.06999999999999999,3.29065240147973
5435.25,5435.35,47.9797888,-81.8696768,6071.941,-9.859090909090911,-0.7599999999999999,-1.2281818181818183,9.977938311273304,-2.018181818181818,-0.14545454545454548,0.4363636363636363,2.0761124677125924
5435.25,5435.45,47.9797888,-81.8696768,6068.095499999999,-12.952222222222222,-1.29,-0.5988888888888888,13.05082388861189,-1.3444444444444443,-0.16666666666666669,0.5666666666666667,1.472994017551485
5435.25,5435.55,47.9797888,-81.8696768,6063.909,-8.765454545454547,-2.4963636363636366,-0.5,9.155946001075135,-0.6,-0.27272727272727276,-0.07272727272727274,0.7182820201067895
5435.25,5435.65,47.9797888,-81.8696768,6062.885,-6.952,-1.0030000000000001,0.047,7.080817196438289,-0.27777777777777773,-0.13333333333333333,-0.6222222222222222,0.6980830827870773
5435.25,5435.75,47.9797888,-81.8696768,6059.043,-18.5375,1.9075000000000002,-0.81875,18.70383094737776,-0.6333333333333333,-0.17777777777777778,-0.4666666666666667,0.9050683798507229
5435.25,5435.85,47.9797888,-81.8696768,6055.715,-5.95,-0.37636363636363634,-0.7463636363636365,6.132713422475859,-1.3545454545454545,0.06363636363636363,0.18181818181818182,1.3747742161650194
5435.25,5435.95,47.9797888,-81.8696768,6054.0085,-16.66,-1.593,-0.629,16.783357563487982,-0.7555555555555556,0.41111111111111115,0.3888888888888889,0.9818429548852937
5435.25,5436.05,47.9797888,-81.8696768,6052.302,-6.772,-1.763,1.017,7.171265618762644,-0.08181818181818182,0.16363636363636364,0.09090909090909091,0.24175681577632363
5435.25,5436.15,47.9797888,-81.8696768,6049.1475,-6.517999999999999,-0.24600000000000005,2.28,6.944394809970672,-0.34,-0.36,-0.22000000000000003,0.5580668742534675
5436.25,5436.25,47.9797888,-81.8696768,6046.164,-13.62625,0.36500000000000005,0.4525,13.808959734672737,-0.9874999999999999,-1.25,-0.3,1.621668918465219
5436.25,5436.35,47.9797888,-81.8696768,6043.4375,-11.627272727272727,-0.19727272727272727,-3.527272727272727,12.321751740355149,-1.6545454545454548,-0.6727272727272727,-0.2,1.8580862017342457
5436.25,5436.45,47.9797888,-81.8696768,6041.223,-11.997000000000002,-1.768,-2.087,12.36941522282817,-1.4444444444444442,0.5444444444444445,-0.12222222222222223,1.628202790357444
5436.25,5436.55,47.9797888,-81.8696768,6038.668,-14.075999999999999,-1.561,-0.5999999999999999,14.206314938020821,-0.10909090909090907,1.1727272727272726,0.06363636363636363,1.1981658849204224
5436.25,5436.65,47.9797888,-81.8696768,6035.943499999999,-7.720999999999999,-1.106,2.63,8.405617820821389,0.21000000000000002,0.71,-0.02,0.7538333554175821
5436.25,5436.75,47.9797888,-81.8696768,6035.262,-2.442222222222222,0.49444444444444435,1.6933333333333334,3.041900112612219,-0.6625000000000001,-0.3,-0.037500000000000006,0.7423138880018931
5436.25,5436.85,47.9797888,-81.8696768,6033.219999999999,-3.437,-0.514,0.645,3.556830277236289,-1.4,-0.8272727272727274,-0.05454545454545456,1.6289799017224247
5436.25,5436.95,47.9797888,-81.8696768,6030.497,-18.686,-1.261,-0.16899999999999996,18.792601161164633,-1.2399999999999998,-1.22,-0.33999999999999997,1.7806116082417698
5436.25,5437.05,47.9797888,-81.8696768,6028.541,-14.173000000000002,-0.55,-0.39,14.205688855162654,-1.1,-0.9800000000000002,-0.32999999999999996,1.5125105766138436
5436.25,5437.15,47.9797888,-81.8696768,6028.6265,-10.450999999999999,-0.9890000000000001,-0.7219999999999999,10.561409768451485,-0.9800000000000001,-0.6500000000000001,-0.37,1.2391888982165573
5437.25,5437.25,47.9797888,-81.8696768,6029.987,-6.447,-0.31399999999999995,-0.567,6.574273807606145,-0.5,-0.1111111111111111,-0.25555555555555554,0.5800833874423732
5437.25,5437.35,47.9797888,-81.8696768,6029.307,-12.655555555555555,1.5366666666666666,-0.3633333333333334,12.844371110743696,0.39999999999999997,0.01,0.55,0.6901728215435137
5437.25,5437.45,47.9797888,-81.8696768,6025.565,-10.925999999999998,0.07899999999999999,-2.1420000000000003,11.173681637541154,0.12,0.4600000000000001,1.32,1.4280787264033596
5437.25,5437.55,47.9797888,-81.8696768,6024.63,-13.579000000000002,-1.2759999999999998,0.16899999999999998,13.71816493118152,-0.43000000000000005,1.0300000000000002,1.1500000000000001,1.6198925507993043
5437.25,5437.65,47.9797888,-81.8696768,6024.715,-11.046999999999999,-2.898,2.1540000000000004,11.797472345385103,-1.0799999999999998,0.21000000000000002,0.36,1.2348736822150803
5437.25,5437.75,47.9797888,-81.8696768,6027.605,-7.492,-3.496999999999999,-0.093,8.390424585451099,-0.5444444444444444,-0.3222222222222222,-0.4444444444444444,0.861420058761421
5437.25,5437.85,47.9797888,-81.8696768,6029.0515,-12.931111111111111,-0.15333333333333335,-1.3433333333333333,13.080071916054063,-0.06000000000000001,-0.36,-0.8100000000000002,0.8900996427544501
5437.25,5437.95,47.9797888,-81.8696768,6033.56,-10.873000000000001,-1.3649999999999998,-1.183,11.308881759875678,0.45,-0.11000000000000001,-0.5000000000000001,0.7443323688861552
5437.25,5438.05,47.9797888,-81.8696768,6019.1955,-7.848181818181818,-0.23818181818181824,-0.5627272727272726,7.989694089673861,0.78,0.19,-0.25000000000000006,0.8491655212710375
5437.25,5438.15,47.9797888,-81.8696768,6013.331,-12.671111111111111,-0.47111111111111115,1.7111111111111112,12.846154923768264,1.12,0.09,-0.02000000000000001,1.1416869739325928
5438.25,5438.25,47.9797888,-81.8696768,6005.6095000000005,-5.24,-0.339,-0.40800000000000003,5.296691173109693,1.5100000000000002,-0.06,0.29,1.5420669426042248
5438.25,5438.35,47.9797888,-81.8696768,6003.489,-9.50888888888889,0.09222222222222223,-0.39,9.524023225651028,0.6555555555555554,0.0,0.47777777777777775,0.855074009615882
5438.25,5438.45,47.9797888,-81.8696768,6002.641,-9.889,-0.4640000000000001,0.014000000000000007,9.904172351001794,0.01,0.10999999999999999,0.41,0.4371815486892604
5438.25,5438.55,47.9797888,-81.8696768,5999.3355,-6.756363636363637,-1.221818181818182,0.6663636363636365,6.932732607736603,-0.27999999999999997,0.030000000000000006,-0.029999999999999992,0.3201285010846909
5438.25,5438.65,47.9797888,-81.8696768,5997.048,-5.007777777777778,-1.23,0.3533333333333333,5.212017883096785,-0.33999999999999997,-0.01,-0.47000000000000003,0.590731659015427
5438.25,5438.75,47.9797888,-81.8696768,5995.6925,-15.951999999999998,-0.098,0.027000000000000003,15.974618349749274,-0.2899999999999999,-0.11000000000000001,-0.76,0.8228286696091105
5438.25,5438.85,47.9797888,-81.8696768,5993.828,-3.882,0.44299999999999995,0.38,3.9405714639878346,-0.3888888888888889,-0.2,-0.39999999999999997,0.599522967705964
5438.25,5438.95,47.9797888,-81.8696768,5992.3885,-10.70777777777778,0.7577777777777779,-0.42777777777777776,10.76478102445299,-0.5,-0.19,-0.09,0.5629082720738385
5438.25,5439.05,47.9797888,-81.8696768,5993.151,-11.791818181818183,-0.6281818181818183,-0.7863636363636363,11.866788642462263,-0.9818181818181819,0.23636363636363636,0.3181818181818181,1.0685010484451765
5438.25,5439.15,47.9797888,-81.8696768,5993.151,-9.922222222222224,-0.8344444444444444,-0.06999999999999999,9.971573088127009,-0.8444444444444446,0.3333333333333333,0.4555555555555555,1.0187060251361033
5439.25,5439.25,47.9797888,-81.8696768,5994.6755,-12.057,-1.2439999999999998,1.0619999999999998,12.208087486260741,-0.41999999999999993,0.04000000000000001,0.4800000000000001,0.6709340153142052
5439.25,5439.35,47.9797888,-81.8696768,5998.403,-10.085454545454546,-0.44181818181818183,0.019999999999999997,10.117674811782372,-0.030000000000000006,-0.35,0.4,0.5372174021909569
5439.25,5439.45,47.9797888,-81.8696768,6003.744,-11.0125,-1.04375,-0.9075,11.129184981717152,-0.3444444444444444,-0.2222222222222222,0.17777777777777778,0.5365654219062629
5439.25,5439.55,47.9797888,-81.8696768,6011.973,-7.843636363636363,-0.20181818181818184,-1.3581818181818182,8.597474907335588,-1.1272727272727274,0.2545454545454545,-0.14545454545454545,1.1724947758329514
5439.25,5439.65,47.9797888,-81.8696768,6018.002,-7.494999999999999,0.8830000000000002,-0.9149999999999998,8.085367623184293,-1.4,0.5111111111111111,-0.15555555555555556,1.4996802389972101
5439.25,5439.75,47.9797888,-81.8696768,6020.975,-12.55888888888889,0.4600000000000001,0.7822222222222223,12.60409619426381,-1.3399999999999999,0.17,-0.030000000000000006,1.359249668695862
5439.25,5439.85,47.9797888,-81.8696768,6028.711499999999,-9.799090909090909,-0.4081818181818182,1.5118181818181817,9.984180602820013,-0.29090909090909095,-0.2818181818181818,0.09090909090909091,0.5312928710067548
5439.25,5439.95,47.9797888,-81.8696768,6033.731,-11.9525,-0.4175,0.265,11.965318905078654,0.175,-0.4,0.15000000000000002,0.46740751275184084
5439.25,5440.05,47.9797888,-81.8696768,6039.179,-7.24,0.16909090909090907,-0.5209090909090909,7.311999020634982,0.27272727272727276,-0.29090909090909095,0.3181818181818181,0.528225325698461
5439.25,5440.15,47.9797888,-81.8696768,6041.393,-4.943,-0.369,-1.7570000000000001,5.30892822906339,-0.044444444444444446,0.14444444444444446,0.35555555555555557,0.45620490596726904
5440.25,5440.25,47.9797888,-81.8696768,6039.69,-14.626666666666665,-1.4655555555555555,0.5433333333333333,14.754835988745473,-0.8,0.43,-0.3,0.9964259237928619
5440.25,5440.35,47.9797888,-81.8696768,6035.773499999999,-11.331818181818182,-0.25,0.739090909090909,11.411425972586652,-0.5272727272727272,0.22727272727272732,-0.5818181818181818,0.823407677755609
5440.25,5440.45,47.9797888,-81.8696768,6029.136,-13.25,0.9533333333333334,0.6588888888888889,13.397451508573532,-0.15000000000000002,0.15000000000000002,-0.275,0.3656990599953695
5440.25,5440.55,47.9797888,-81.8696768,6023.864,-4.837,0.9869999999999999,-0.018000000000000002,5.008975045732521,0.02727272727272728,0.009090909090909092,0.38181818181818183,0.38766714389213425
5440.25,5440.65,47.9797888,-81.8696768,6023.949,-15.299000000000001,-1.8960000000000001,-0.513,15.50718685738924,-0.21000000000000002,0.19,0.37,0.6116364181985046
5440.25,5440.75,47.9797888,-81.8696768,6020.975,-8.33,-2.2544444444444443,-0.14777777777777779,8.721928688977167,-1.0555555555555556,0.07777777777777778,-0.5777777777777778,1.2212615442558887
5440.25,5440.85,47.9797888,-81.8696768,6016.9825,-13.396363636363638,0.30999999999999994,0.9745454545454546,13.602864242095718,-0.5272727272727272,-0.0818181818181818,-0.5363636363636364,0.8029490249875539
5440.25,5440.95,47.9797888,-81.8696768,6015.539,-11.341999999999999,0.491,0.11400000000000002,11.470553472665907,0.0,-0.2875,-0.125,0.3246204533934364
5440.25,5441.05,47.9797888,-81.8696768,6020.380999999999,-4.683333333333334,0.9411111111111112,-0.7233333333333333,4.869788362759617,-0.03636363636363637,-0.23636363636363641,0.3181818181818182,0.422715344251934
5440.25,5441.15,47.9797888,-81.8696768,6024.715,-15.216999999999999,-1.5239999999999998,-1.19,15.427681932372133,-0.44000000000000006,0.15,0.4600000000000001,0.7279803408603067
5441.25,5441.25,47.9797888,-81.8696768,5998.234,-4.016666666666667,-1.0744444444444445,-0.38333333333333336,4.267265283828057,-1.1888888888888889,0.4,-0.16666666666666666,1.2670779641692114
5441.25,5441.35,47.9797888,-81.8696768,5992.8189999999995,-12.782727272727273,0.6681818181818181,0.13272727272727272,12.86218673412374,-1.3818181818181816,0.24545454545454548,-0.1,1.4236865051706589
5441.25,5441.45,47.9797888,-81.8696768,5971.16,-8.459,-0.24599999999999994,-0.09799999999999999,8.493839600878768,-1.5,-0.03333333333333334,0.0,1.5012497607603197
5441.25,5441.55,47.9797888,-81.8696768,5960.1865,-11.103333333333333,-0.12777777777777777,-0.12111111111111111,11.113532632279272,-1.0899999999999999,-0.16,0.0,1.1032298063730432
5441.25,5441.65,47.9797888,-81.8696768,5959.68,-10.576,-1.1270000000000002,-1.246,10.738078850746167,-0.6399999999999999,0.05,-0.14,0.7123178021846854
5441.25,5441.75,47.9797888,-81.8696768,5958.499,-5.483,-0.438,-0.27999999999999997,5.537512192839381,-0.1888888888888889,0.5,-0.3,0.6159007379270636
5441.25,5441.85,47.9797888,-81.8696768,5941.816,-18.907999999999998,0.3669999999999999,1.475,19.065349065022737,0.027272727272727268,0.309090909090909,-0.2818181818181818,0.47690836841137346
5441.25,5441.95,47.9797888,-81.8696768,5939.964,-7.442,0.9849999999999998,0.25100000000000006,7.549953146107653,-0.10999999999999999,-0.30999999999999994,0.09000000000000001,0.3563504453086428
5441.25,5442.05,47.9797888,-81.8696768,5939.6275000000005,-11.732222222222223,0.811111111111111,-0.6044444444444445,11.81887644055476,-0.4444444444444444,-0.34444444444444444,0.6666666666666665,0.8826201838180747
5441.25,5442.15,47.9797888,-81.8696768,5939.29,-7.263,-0.8079999999999998,-1.6669999999999998,7.569617239498212,-0.8299999999999998,-2.7755575615628915e-18,0.7299999999999999,1.1240657862012515
5442.25,5442.25,47.9797888,-81.8696768,5931.721,-4.974,-1.607,-1.415,5.439726253372879,-1.6222222222222225,0.35555555555555557,0.2111111111111111,1.6852310361160243
5442.25,5442.35,47.9797888,-81.8696768,5921.973,-12.910000000000002,-1.0379999999999998,0.279,13.020286372537806,-2.2636363636363637,0.5090909090909093,-0.2454545454545454,2.335971480276199
5442.25,5442.45,47.9797888,-81.8696768,5918.447,-11.943999999999999,-0.475,0.374,11.983374536291596,-1.7900000000000003,0.31999999999999995,-0.37,1.8572431767314121
5442.25,5442.55,47.9797888,-81.8696768,5915.09,-9.406,-0.157,0.156,9.425055472670927,-1.5222222222222221,0.30000000000000004,-0.3333333333333333,1.5887965100925436
5442.25,5442.65,47.9797888,-81.8696768,5912.237,-11.552222222222222,1.0033333333333334,0.3255555555555556,11.620346291431837,-1.6600000000000001,-0.04,-0.11000000000000001,1.6721065544874822
5442.25,5442.75,47.9797888,-81.8696768,5910.14,-6.215000000000001,0.56,-0.42300000000000004,6.2676341431751945,-1.97,-0.2899999999999999,0.26999999999999996,2.0105346651128064
5442.25,5442.85,47.9797888,-81.8696768,5908.379,-10.000000000000002,-0.82,-1.8559999999999999,10.3214215158489,-2.13,-0.24,0.24,2.1698747270573873
5442.25,5442.95,47.9797888,-81.8696768,5907.540999999999,-8.876,-1.612,-1.9989999999999994,9.31753298812465,-2.69,0.53,-0.22999999999999998,2.763195910969199
5442.25,5443.05,47.9797888,-81.8696768,5905.027,-14.034545454545453,-1.6481818181818182,1.5627272727272727,14.33307681795746,-1.7777777777777777,0.7444444444444446,-0.23333333333333334,1.9447642992733196
5442.25,5443.15,47.9797888,-81.8696768,5902.512500000001,-14.035,-0.50875,1.2637500000000002,14.250754312190168,-0.72,0.32,-0.25000000000000006,0.8296266932751294
5443.25,5443.25,47.9797888,-81.8696768,5899.832,-4.715,0.203,1.996,5.259173925617017,-0.33999999999999997,-0.27,-0.04,0.46596023277468934
5443.25,5443.35,47.9797888,-81.8696768,5906.2845,-17.043636363636367,1.612727272727273,-1.4445454545454546,17.27491993802909,-0.8,-0.51,0.5000000000000001,1.1221277926168285
5443.25,5443.45,47.9797888,-81.8696768,5916.602000000001,-5.3677777777777775,-0.01777777777777777,-1.3711111111111112,5.557007114869056,-1.52,-0.030000000000000006,0.95,1.7945943795340078
5443.25,5443.55,47.9797888,-81.8696768,5939.122,-12.644545454545455,-2.348181818181818,-0.6681818181818181,12.913273488412138,-2.1090909090909093,0.0,0.509090909090909,2.2186274550685634
5443.25,5443.65,47.9797888,-81.8696768,5967.5335,-9.21875,-2.045,0.7737499999999999,9.843442070781814,-1.9000000000000001,0.037500000000000006,-0.275,1.9285275175190635
5443.25,5443.75,47.9797888,-81.8696768,5980.288,-10.778,-0.46399999999999997,0.40599999999999997,10.809984201025548,-1.2999999999999998,0.05,-0.39,1.3594679247401562
5443.25,5443.85,47.9797888,-81.8696768,5976.061,-7.612727272727272,-0.019999999999999987,0.8809090909090909,7.713072676385599,-1.0,0.06000000000000001,-0.17,1.0209451440275719
5443.25,5443.95,47.9797888,-81.8696768,5970.315,-5.215555555555556,1.3566666666666667,0.07999999999999997,5.437430103072519,-0.89,-0.04,0.16,0.9183409810462662
5443.25,5444.05,47.9797888,-81.8696768,5966.1775,-12.274545454545455,-0.5518181818181818,-1.002727272727273,12.392417584468882,-1.4000000000000001,0.09090909090909091,0.7181818181818183,1.5826155325894187
5443.25,5444.15,47.9797888,-81.8696768,5958.079,-11.077777777777776,-2.4133333333333336,0.060000000000000005,11.43860083962823,-2.0500000000000003,0.25,0.325,2.1018908166719
5444.25,5444.25,47.9797888,-81.8696768,5935.421,-12.445555555555554,-1.8533333333333333,1.1155555555555556,12.782631213034076,-1.35,0.04,-0.2,1.3750507615650627
5444.25,5444.35,47.9797888,-81.8696768,5916.9375,-9.620909090909091,-0.24727272727272734,0.6709090909090909,9.687056209406496,-0.9636363636363636,-0.03636363636363637,-0.309090909090909,1.0152445959553764
5444.25,5444.45,47.9797888,-81.8696768,5902.68,-7.098888888888888,1.3777777777777778,1.4755555555555555,7.40687154817899,-1.2999999999999998,-0.5333333333333333,-0.07777777777777778,1.4162782146220827
5444.25,5444.55,47.9797888,-81.8696768,5891.4605,-9.394545454545455,2.3109090909090906,-0.9690909090909091,9.799466663078139,-1.8909090909090909,-0.8636363636363638,0.4090909090909091,2.1306831035392224
5444.25,5444.65,47.9797888,-81.8696768,5880.589,-14.426666666666668,-0.5400000000000001,-4.551111111111111,15.30521850311901,-2.7375,-0.425,0.925,2.9422434655728082
5444.25,5444.75,47.9797888,-81.8696768,5873.573,-8.926666666666668,-3.1944444444444446,-0.2622222222222222,9.691726709539985,-2.0,0.09,0.6,2.0916603199852846
5444.25,5444.85,47.9797888,-81.8696768,5868.1465,-11.289090909090909,-3.3045454545454547,0.5190909090909092,11.801474765001872,-0.9,0.25454545454545446,-0.018181818181818174,0.9812935758806473
5444.25,5444.95,47.9797888,-81.8696768,5864.059,-9.16,-1.3820000000000001,0.196,9.280254939500178,0.05555555555555555,0.3888888888888889,-0.3888888888888889,0.5654962938657184
5444.25,5445.05,47.9797888,-81.8696768,5861.6404999999995,-4.75,-0.06500000000000003,0.748,4.845689124541507,0.3636363636363636,0.11818181818181818,-0.32727272727272727,0.5165055274031107
5444.25,5445.15,47.9797888,-81.8696768,5859.056,-11.584,1.082,-0.34,11.672662129886472,0.14,0.0,0.09,0.28023661750969237
5445.25,5445.25,47.9797888,-81.8696768,5857.3060000000005,-11.383750000000001,-0.62625,-0.275,11.428116688862858,-0.075,0.1875,0.575,0.6140469217819186
5445.25,5445.35,47.9797888,-81.8696768,5855.556,-10.588181818181818,-1.1454545454545453,0.6227272727272727,10.730762445712418,0.09090909090909091,0.14545454545454548,0.5454545454545454,0.5911257650655609
5445.25,5445.45,47.9797888,-81.8696768,5853.556,-6.903999999999999,-0.19699999999999998,1.6149999999999998,7.1485936442540154,0.15555555555555556,-0.24444444444444446,0.3333333333333333,0.4898415628957463
5445.25,5445.55,47.9797888,-81.8696768,5851.8075,-8.564,-0.255,0.20999999999999996,8.574403307316292,0.0,-0.6818181818181818,0.3909090909090909,0.7861784201646753
5445.25,5445.65,47.9797888,-81.8696768,5850.392,-9.067,-0.8550000000000001,-0.061,9.126440364841134,-0.05,-0.5700000000000001,0.24,0.6333551778966606
5445.25,5445.75,47.9797888,-81.8696768,5850.6415,-7.358888888888889,-0.7333333333333333,0.1322222222222222,7.407099323202402,-0.08750000000000001,-0.2875,-0.0625,0.3222707479111899
5445.25,5445.85,47.9797888,-81.8696768,5848.394,-6.688,-0.024,0.493,6.712117749025237,0.19090909090909092,-0.02727272727272728,-0.18181818181818182,0.28705235000727936
5445.25,5445.95,47.9797888,-81.8696768,5847.145,-6.526000000000001,0.15999999999999998,-0.306,6.541834503179961,0.55,0.17,-0.07,0.5902715178088274
5445.25,5446.05,47.9797888,-81.8696768,0.0,-11.214,-0.154,0.30400000000000005,11.226061423458264,0.8100000000000002,0.6100000000000001,0.0,1.0144611157074424
5445.25,5446.15,47.9797888,-81.8696768,5841.238,-9.394,-0.196,0.16799999999999998,9.398332901117273,1.01,0.7,0.0,1.2295150101186716
5446.25,5446.25,47.9797888,-81.8696768,5837.994,-10.344444444444443,-0.2922222222222222,-0.19777777777777775,10.351182676179619,1.1625,0.7875000000000001,-0.025,1.4052703215380749
5446.25,5446.35,47.9797888,-81.8696768,5835.417,-7.529000000000001,-0.30700000000000005,-0.2659999999999999,7.567604116375136,1.3363636363636364,0.7636363636363637,-0.15454545454545454,1.5500726721012041
5446.25,5446.45,47.9797888,-81.8696768,5835.251,-12.609,0.03700000000000003,2.0170000000000003,12.863097210700207,1.9400000000000002,0.08000000000000002,-0.14,1.9821334427536812
5446.25,5446.55,47.9797888,-81.8696768,5836.082,-9.700000000000001,-0.25,-1.1400000000000001,9.788674313367308,1.92,-0.47000000000000003,0.43,2.032828740559359
5446.25,5446.65,47.9797888,-81.8696768,5846.814,-9.237,-0.462,-0.8109999999999999,9.303304242179529,1.8,-0.08,0.76,1.9595390383040185
5446.25,5446.75,47.9797888,-81.8696768,5860.224,-15.205999999999998,-1.609,1.291,15.389845323885714,1.422222222222222,-0.044444444444444446,0.36666666666666664,1.496091676137861
5446.25,5446.85,47.9797888,-81.8696768,5868.898999999999,-14.067777777777778,-0.6055555555555555,0.09888888888888889,14.113115616651978,0.9,-0.6599999999999999,0.0,1.117412175507106
5446.25,5446.95,47.9797888,-81.8696768,5877.5830000000005,-13.866999999999999,-0.7849999999999999,-1.192,14.016671345039601,0.9800000000000001,-0.48,0.0,1.107830732378415
5446.25,5447.05,47.9797888,-81.8696768,5886.441,-4.75,-0.9145454545454546,-0.8190909090909092,4.9389018893493715,0.64,0.09,-0.11000000000000001,0.6736250596498972
5446.25,5447.15,47.9797888,-81.8696768,5880.088,-11.333333333333334,-0.7677777777777777,-0.011111111111111106,11.37787493484941,0.38,0.27999999999999997,-0.43,0.6451485966401492
5447.25,5447.25,47.9797888,-81.8696768,0.0,-11.373000000000001,0.21799999999999997,-0.067,11.396838366180473,0.3,0.29,-0.41,0.5882702478399537
5447.25,5447.35,47.9797888,-81.8696768,5859.889999999999,-9.10222222222222,0.6533333333333333,1.1466666666666667,9.229006355414432,0.2111111111111111,0.13333333333333336,0.15555555555555556,0.35059916548368947
5447.25,5447.45,47.9797888,-81.8696768,5856.389,-8.543000000000001,-0.337,0.649,8.610604300227147,0.6900000000000001,-0.05,0.5499999999999999,0.885523406085959
5447.25,5447.55,47.9797888,-81.8696768,5858.138999999999,-13.175454545454546,-0.6709090909090909,0.390909090909091,13.210673075565797,0.78,-0.030000000000000006,0.69,1.0430100321367175
5447.25,5447.65,47.9797888,-81.8696768,5855.8060000000005,-11.637777777777778,-0.8377777777777777,2.2755555555555556,11.907573145732663,0.9100000000000001,-0.19,0.45000000000000007,1.0502885323969342
5447.25,5447.75,47.9797888,-81.8696768,5850.891,-13.15,-0.24,0.12200000000000003,13.166213172200198,1.54,-0.53,0.4,1.6780270137799094
5447.25,5447.85,47.9797888,-81.8696768,5839.4095,-7.492999999999999,0.199,-0.784,7.63738001368997,1.6,-0.3555555555555555,0.5333333333333332,1.7300973012111531
5447.25,5447.95,47.9797888,-81.8696768,5823.124,-3.111111111111111,0.02333333333333334,-1.9933333333333334,3.7237013494948363,1.23,0.09,0.53,1.35452683951953
5447.25,5448.05,47.9797888,-81.8696768,5810.849,-8.071818181818182,-1.4981818181818183,-0.41636363636363655,8.403190844990808,0.2818181818181818,0.5727272727272726,-0.15454545454545454,0.7997689045352785
5447.25,5448.15,47.9797888,-81.8696768,5806.043,-17.016666666666666,-1.0555555555555556,2.445555555555556,17.323546030067746,-0.7888888888888889,0.06666666666666667,-1.2555555555555555,1.5125003213053931
5448.25,5448.25,47.9797888,-81.8696768,5805.381,-17.592000000000002,0.375,-0.5469999999999999,17.66444926080224,-0.9000000000000001,0.04,-1.4300000000000002,1.6933399471464388
5448.25,5448.35,47.9797888,-81.8696768,5799.088,-6.627000000000001,1.6190000000000002,-0.393,6.856706013959024,-0.5,0.3,-0.6888888888888889,0.9139721793222785
5448.25,5448.45,47.9797888,-81.8696768,5795.944,-8.812222222222223,0.43333333333333324,-0.8533333333333333,8.957670742475958,-0.32999999999999996,0.48,-0.04,0.598356325532678
5448.25,5448.55,47.9797888,-81.8696768,5792.718000000001,-10.575454545454546,-1.1845454545454546,2.0581818181818186,10.960666865230506,0.29090909090909095,0.018181818181818188,0.17272727272727273,0.5653575539582825
5448.25,5448.65,47.9797888,-81.8696768,5789.824,-12.347999999999999,0.13299999999999995,0.742,12.482819927302073,0.7555555555555555,-0.6777777777777778,0.3111111111111111,1.0859803425870203
5448.25,5448.75,47.9797888,-81.8696768,5791.4775,-10.466666666666667,-0.6144444444444445,-0.8777777777777778,10.545409612709825,0.6399999999999999,-0.8,0.6900000000000001,1.2388694291104856
5448.25,5448.85,47.9797888,-81.8696768,5792.966,-8.34,-1.3772727272727272,-1.2281818181818183,8.57291564955027,0.16999999999999998,-0.28,0.38,0.5178788345128474
5448.25,5448.95,47.9797888,-81.8696768,5794.124,-12.39375,-2.07125,-0.7825,12.595948655056535,-0.4666666666666667,0.022222222222222223,-0.30000000000000004,0.5810251752546267
5448.25,5449.05,47.9797888,-81.8696768,5793.545,-8.593636363636364,-1.2736363636363637,-0.48181818181818187,8.724459602152901,-0.9363636363636363,0.38181818181818183,-1.0454545454545452,1.4565958678267004
5448.25,5449.15,47.9797888,-81.8696768,5787.344,-15.959000000000003,1.825,1.2129999999999999,16.23034086973022,-1.2777777777777777,0.48888888888888893,-1.011111111111111,1.748433432117252
5449.25,5449.25,47.9797888,-81.8696768,5782.967500000001,-6.192222222222222,0.0033333333333333487,0.9222222222222223,6.61565501494761,-2.2300000000000004,-0.24000000000000005,0.05,2.259888557533862
5449.25,5449.35,47.9797888,-81.8696768,5801.074,-12.858181818181817,-1.257272727272727,-0.7554545454545455,13.005527420389786,-1.6909090909090907,-0.6363636363636362,0.3636363636363636,1.851399702923993
5449.25,5449.45,47.9797888,-81.8696768,5813.916,-14.36111111111111,-1.2922222222222224,-0.7555555555555556,14.514016526876523,-0.7625,-0.45,0.275,0.9341348152474991
5449.25,5449.55,47.9797888,-81.8696768,5822.958,-4.0329999999999995,-2.032,-1.291,4.730590296386493,-0.16363636363636364,0.0,-0.2818181818181818,0.4052607457483681
5449.25,5449.65,47.9797888,-81.8696768,5819.473,-4.242000000000001,-1.511,-0.202,4.5320976941017985,-0.5799999999999998,0.25999999999999995,-0.9099999999999999,1.114658067774545
5449.25,5449.75,47.9797888,-81.8696768,5805.6314999999995,-15.773333333333332,1.3933333333333333,0.1466666666666666,16.070585335974343,-0.9333333333333333,0.3111111111111111,-1.0,1.42557332059459
5449.25,5449.85,47.9797888,-81.8696768,5789.162,-8.105454545454547,0.6681818181818181,-0.2345454545454545,8.292188553285618,-1.4272727272727272,-0.11818181818181818,0.16363636363636364,1.4519575507059945
5449.25,5449.95,47.9797888,-81.8696768,5779.2485,-8.876666666666667,-0.7755555555555556,-0.6766666666666666,8.968703096203008,-1.5,-0.2,0.3625,1.5568015634264647
5449.25,5450.05,47.9797888,-81.8696768,5771.325,-9.99,-0.454,-0.46399999999999997,10.02283793444759,-1.5,-0.11818181818181821,0.3454545454545454,1.5450205231258594
5449.25,5450.15,47.9797888,-81.8696768,5762.174,-6.8199999999999985,-1.174,-0.9959999999999999,7.014375076967641,-1.61,-0.07,0.19,1.628249649638601
5450.25,5450.25,47.9797888,-81.8696768,5753.032,-10.922,-1.326,-0.48200000000000004,11.05923686429229,-2.311111111111112,0.0,-0.47777777777777775,2.365521821265152
5450.25,5450.35,47.9797888,-81.8696768,5748.2595,-14.657,0.207,0.31799999999999995,14.752458917329008,-2.5454545454545454,-0.16363636363636364,-0.7090909090909091,2.649335198613915
5450.25,5450.45,47.9797888,-81.8696768,5745.3805,-14.793333333333335,0.21111111111111108,-0.3733333333333333,14.869296585964024,-2.2111111111111112,-0.2222222222222222,-0.5666666666666667,2.295055720343448
5450.25,5450.55,47.9797888,-81.8696768,5741.188,-8.476,2.888,-0.39300000000000007,9.241734220474205,-2.1599999999999997,-0.27999999999999997,0.23999999999999994,2.2094400020601226
5450.25,5450.65,47.9797888,-81.8696768,5738.8045,-6.956,1.034,-1.584,7.258280981938688,-2.7599999999999993,-0.41,0.9199999999999999,2.939334174566548
5450.25,5450.75,47.9797888,-81.8696768,5738.229,-12.536000000000001,-1.9160000000000004,-4.6530000000000005,13.614402286949783,-3.522222222222222,-0.16666666666666666,0.711111111111111,3.624306537527969
5450.25,5450.85,47.9797888,-81.8696768,5743.9015,-5.966,-1.5159999999999998,-2.416,6.726060437286849,-3.8818181818181823,0.49090909090909085,0.2,3.9229924734721093
5450.25,5450.95,47.9797888,-81.8696768,5764.235,-13.163,-2.016,0.31100000000000005,13.363915588885908,-3.1399999999999997,0.5399999999999999,0.4600000000000001,3.22083718869559
5450.25,5451.05,47.9797888,-81.8696768,5784.95,-12.176666666666668,-1.0544444444444445,-0.3622222222222223,12.25465549561418,-2.4666666666666663,0.20000000000000004,0.48888888888888893,2.5236744114656426
5450.25,5451.15,47.9797888,-81.8696768,5796.359,-9.387777777777778,-0.9277777777777777,-0.21333333333333332,9.445561832501985,-2.24,-0.030000000000000006,0.41,2.279840437834135
5451.25,5451.25,47.9797888,-81.8696768,5808.695,-11.046999999999999,-0.386,-0.192,11.057115435217593,-2.0444444444444443,-0.26666666666666666,0.15555555555555556,2.06880404902313
5451.25,5451.35,47.9797888,-81.8696768,5809.689,-7.261,0.38999999999999996,-0.747,7.326163454032548,-2.0090909090909093,-0.18181818181818185,0.29999999999999993,2.0427559688191597
5451.25,5451.45,47.9797888,-81.8696768,5798.261,-10.673,-0.9560000000000001,-0.929,10.769067165478173,-2.1000000000000005,-0.05000000000000001,0.4,2.14029184476135
5451.25,5451.55,47.9797888,-81.8696768,5773.0655,-10.475,-1.006,-0.5309999999999999,10.548046790337434,-2.3333333333333335,0.2777777777777778,0.20000000000000004,2.3597217954303096
5451.25,5451.65,47.9797888,-81.8696768,5739.051,-5.4222222222222225,-0.9322222222222223,-0.35111111111111115,5.523267997069635,-2.56,0.29999999999999993,0.06000000000000001,2.578700473880876
5451.25,5451.75,47.9797888,-81.8696768,5724.436,-8.107000000000001,-0.76,-0.518,8.162932567694273,-2.69,0.22000000000000003,0.0,2.699304420019112
5451.25,5451.85,47.9797888,-81.8696768,5716.2365,-9.807,-0.7030000000000001,-0.819,9.867810814122805,-2.6100000000000003,0.11000000000000001,0.0,2.6128534799978
5451.25,5451.95,47.9797888,-81.8696768,5711.157,-8.556999999999999,-0.704,-0.8629999999999999,8.633888493545644,-2.5100000000000002,0.0,0.0,2.5100000000000002
5451.25,5452.05,47.9797888,-81.8696768,5708.1275000000005,-13.225999999999999,-0.6930000000000001,-0.9450000000000001,13.278410165529138,-2.4000000000000004,0.0,0.0,2.4000000000000004
5451.25,5452.15,47.9797888,-81.8696768,5706.244,-9.502222222222223,-0.56,-0.6933333333333334,9.54675147015115,-2.2299999999999995,0.0,0.0,2.2299999999999995
5452.25,5452.25,47.970718399999996,-81.86185599999999,5704.8525,-12.516000000000002,-0.522,-0.6450000000000001,12.54618822259133,-2.05,0.0,0.0,2.05
5452.25,5452.35,47.961657599999995,-81.8540256,5704.28,-10.22090909090909,-1.2290909090909092,-0.4636363636363637,10.31830563956909,-2.19,0.030000000000000006,-0.37,2.229082468908442
5452.25,5452.45,47.9616672,-81.854016,5707.227,-9.098888888888888,0.5711111111111111,-0.011111111111111146,9.171705432180751,-2.3299999999999996,0.15000000000000002,-0.5599999999999999,2.402825778886803
5452.25,5452.55,47.9616672,-81.854016,5721.157999999999,-14.229999999999999,2.079,0.132,14.388627197482148,-2.54,-0.24,-0.07000000000000002,2.5658836588585396
5452.25,5452.65,47.9616672,-81.854016,5745.627,-10.197500000000002,0.40875,-0.065,10.213739867016312,-1.9000000000000001,-0.6555555555555554,0.2777777777777778,2.0352037121425446
5452.25,5452.75,47.9616672,-81.854016,5770.585999999999,-11.997,-0.5069999999999999,-1.5150000000000001,12.152734155419608,-1.3900000000000001,-0.57,0.07,1.5108607653549762
5452.25,5452.85,47.9616672,-81.854016,5781.396,-4.800909090909092,-0.45363636363636367,-1.7899999999999998,5.147984223013416,-0.72,0.35,0.0,0.8185114767492049
5452.25,5452.95,47.9616672,-81.854016,5765.228,-7.887777777777777,-1.0533333333333335,-1.4288888888888889,8.134125926116194,-1.1300000000000001,0.9299999999999999,-0.13,1.471383099540587
5452.25,5453.05,47.9616672,-81.854016,5726.405,-13.129090909090907,-0.049090909090909074,0.3190909090909091,13.18591423474552,-1.4181818181818182,1.1272727272727272,-0.16363636363636364,1.8265909620614187
5452.25,5453.15,47.9616672,-81.854016,5718.86,-10.850000000000001,-0.9522222222222223,1.3544444444444443,11.016844022066692,-1.3875,0.5125000000000001,0.0,1.4910610868601746
5453.25,5453.25,47.9616672,-81.854016,5701.744,-5.854444444444445,-1.1755555555555555,-0.006666666666666685,6.032842387209911,-0.86,0.1,-0.22000000000000003,0.9038679058762668
5453.25,5453.35,47.9616672,-81.854016,5693.157,-13.618181818181819,-0.0018181818181818197,-0.15,13.653790902862182,-0.5909090909090909,-0.12727272727272726,-0.4181818181818182,0.7426853728395
5453.25,5453.45,47.9616672,-81.854016,5689.1535,-7.785555555555555,-0.27666666666666667,-0.5588888888888888,7.814022104784128,-0.5,-0.2,-0.4,0.6708203932499369
5453.25,5453.55,47.9616672,-81.854016,5686.785,-11.272727272727273,-0.5618181818181819,-0.17,11.289294723515514,-0.4,-0.10909090909090911,-0.3636363636363636,0.5572873746585995
5453.25,5453.65,47.9616672,-81.854016,5683.6,-9.955555555555556,-0.49,-0.22666666666666668,9.974349423636525,-0.2875,0.0,-0.4,0.49340169943749473
5453.25,5453.75,47.9616672,-81.854016,5680.58,-16.495555555555555,1.0233333333333334,0.8255555555555555,16.633338957940857,-0.36,-0.33,-0.1,0.5808195748059698
5453.25,5453.85,47.9616672,-81.854016,5678.54,-12.036363636363637,1.7345454545454546,-1.758181818181818,12.334783963708428,-0.8818181818181817,-0.5181818181818181,0.6636363636363637,1.2547841324519136
5453.25,5453.95,47.9616672,-81.854016,5675.848,-7.67,0.817,-2.162,8.021918399496698,-1.411111111111111,-0.13333333333333333,1.1444444444444446,1.8269100149168587
5453.25,5454.05,47.9616672,-81.854016,5671.282,-11.001000000000001,-2.7849999999999997,-4.013,12.128486774439716,-2.3636363636363638,0.36363636363636365,0.8636363636363636,2.612049055356928
5453.25,5454.15,47.9616672,-81.854016,5670.1404999999995,-5.55111111111111,-1.9155555555555555,-2.1933333333333334,6.285618115507443,-3.6999999999999997,0.8777777777777778,0.06666666666666667,3.8042292603629275
5454.25,5454.25,47.9616672,-81.854016,5667.044,-11.24888888888889,-2.2344444444444442,-1.6344444444444446,11.644886076497869,-3.6666666666666665,1.1888888888888889,0.12222222222222223,3.8593319759195066
5454.25,5454.35,47.9616672,-81.854016,5661.75,-10.655454545454546,-1.1236363636363635,-0.5363636363636364,10.729008819007001,-3.2,1.1545454545454545,0.3727272727272727,3.4247334558375466
5454.25,5454.45,47.9616672,-81.854016,5662.157,-10.555,-1.483,-0.749,10.68912998701431,-3.755555555555555,0.7999999999999999,0.47777777777777775,3.876352519384478
5454.25,5454.55,47.9616672,-81.854016,5699.2255000000005,-8.207,-1.768,-0.9339999999999999,8.453462630169707,-3.9636363636363643,0.28181818181818186,0.2090909090909091,3.9808003999312636
5454.25,5454.65,47.9616672,-81.854016,5727.397,-9.05,-0.865,-0.76,9.143683287551491,-3.2888888888888888,0.28888888888888886,0.16666666666666669,3.307816673649497
5454.25,5454.75,47.9616672,-81.854016,5742.174,-8.626666666666665,-0.6044444444444443,-0.31555555555555553,8.659141822746582,-2.9000000000000004,0.2888888888888889,0.4222222222222222,2.9468192240099054
5454.25,5454.85,47.9616672,-81.854016,5727.475,-9.771,-0.625,-0.531,9.811313291987002,-2.7363636363636363,0.045454545454545456,0.5909090909090907,2.8007844379579967
5454.25,5454.95,47.9616672,-81.854016,5702.153,-13.282,-1.1990000000000003,-1.6979999999999997,13.484651703213263,-2.3499999999999996,0.27,0.54,2.4341317131274076
5454.25,5455.05,47.9616672,-81.854016,5670.963,-11.322,-2.33,-1.591,11.694190611007619,-2.8000000000000003,0.7,0.19,2.8977502756845785
5454.25,5455.15,47.9616672,-81.854016,5647.675,-10.604999999999999,-2.686,-0.9700000000000001,10.996517392042982,-3.5599999999999996,0.8,-0.15000000000000002,3.6534511138045906
5455.25,5455.25,47.9616672,-81.854016,5643.124,-9.696666666666665,-2.5744444444444445,-0.5144444444444445,10.049838806826308,-4.3125,0.6625,-0.45,4.388166253363915
5455.25,5455.35,47.9616672,-81.854016,5638.657,-6.917999999999999,-2.026,-1.2959999999999998,7.349785759662991,-5.145454545454545,0.4090909090909091,-0.5,5.186283200967593
5455.25,5455.45,47.9616672,-81.854016,5636.789,-11.133,-1.943,-1.6,11.427005567103492,-5.51,0.24000000000000005,-0.53,5.540992596873538
5455.25,5455.55,47.9616672,-81.854016,5662.8235,-7.086,-1.3559999999999999,-1.562,7.425552249668785,-4.64,0.27,-0.4600000000000001,4.671583225055654
5455.25,5455.65,47.9616672,-81.854016,5697.572,-12.139,-0.3370000000000001,1.126,12.24891178674569,-3.7400000000000007,0.22000000000000003,-0.22000000000000003,3.757140498739175
5455.25,5455.75,47.9616672,-81.854016,5694.629,-11.424444444444443,-0.6233333333333333,1.3144444444444443,11.524743041035908,-2.4444444444444446,-0.2444444444444444,-0.2,2.469000070497909
5455.25,5455.85,47.9616672,-81.854016,5682.212,-8.806000000000001,-0.11400000000000002,-0.11299999999999999,8.817198740078018,-1.6800000000000002,-0.11000000000000001,-0.24000000000000005,1.7045802934121173
5455.25,5455.95,47.9616672,-81.854016,5671.119,-6.2780000000000005,0.054000000000000006,-0.077,6.28265080483189,-1.2,0.030000000000000006,0.02,1.2030727836684645
5455.25,5456.05,47.9616672,-81.854016,5647.837,-11.79909090909091,-1.1081818181818182,-0.17454545454545453,11.880625192610148,-1.18,0.31,0.16000000000000003,1.2378989273690444
5455.25,5456.15,47.9616672,-81.854016,5635.166,-12.348888888888888,-1.37,0.3877777777777778,12.46193576519993,-0.71,0.41000000000000003,0.01,0.8257367222800432
5456.25,5456.25,47.9616672,-81.854016,5627.1335,-7.36888888888889,-0.5366666666666666,1.7111111111111112,7.666239139581624,-0.3111111111111111,0.12222222222222223,-0.044444444444444446,0.3635429704572859
5456.25,5456.35,47.9616672,-81.854016,5622.837,-9.283,0.853,1.325,9.518656633701779,-0.5700000000000001,-0.52,0.06000000000000001,0.7817598359249358
5456.25,5456.45,47.9616672,-81.854016,5621.216,-14.826000000000002,0.40800000000000003,-1.919,15.038304556623576,-0.9,-0.52,0.45999999999999996,1.182461839023119
5456.25,5456.55,47.9616672,-81.854016,5618.623,-9.57181818181818,-0.47181818181818175,-2.498181818181818,9.973661973914508,-1.57,0.19,0.47000000000000003,1.6641957509700702
5456.25,5456.65,47.9616672,-81.854016,5615.059,-13.854444444444445,-0.9666666666666666,-1.1122222222222224,13.954395232250631,-2.3,0.6599999999999999,0.11000000000000001,2.4006686916612323
5456.25,5456.75,47.9616672,-81.854016,5610.445,-9.093,0.08700000000000002,-0.127,9.102451501315118,-2.81,0.43,0.0,2.847633506920552
5456.25,5456.85,47.9616672,-81.854016,5606.965,-11.11,0.507,-0.5569999999999999,11.141012793721362,-3.3111111111111113,-0.17777777777777778,0.0,3.3219467757245527
5456.25,5456.95,47.97144,-81.8586112,5603.9725,-11.617777777777778,-0.3711111111111111,0.0011111111111111243,11.638076934069796,-2.4,-0.5799999999999998,-0.02,2.471865820866639
5456.25,5457.05,47.97144,-81.8586112,5604.377,-5.124545454545455,-0.14818181818181822,-0.16454545454545455,5.14174552013173,-1.7545454545454549,-0.48181818181818187,-0.1,1.8228399674916915
5456.25,5457.15,47.97144,-81.8586112,5613.764999999999,-9.48777777777778,0.27666666666666667,-1.832222222222222,9.701632632096485,-1.911111111111111,-0.04444444444444444,0.0,1.9258064272623336
5457.25,5457.25,47.965556266666674,-81.85285973333333,5622.675,-7.565,-1.1320000000000001,-0.493,7.698876151724329,-1.8399999999999999,0.45,0.27999999999999997,1.9226388648616357
5457.25,5457.35,47.9626144,-81.849984,5623.567,-17.243000000000002,-2.0140000000000002,0.044,17.400112491749464,-0.8333333333333335,0.5888888888888889,0.3222222222222222,1.0789154877334484
5457.25,5457.45,47.9626144,-81.849984,5620.325,-9.873333333333333,-1.88,1.5333333333333334,10.309954086005732,-0.11999999999999997,0.2,0.13,0.3156997438535332
5457.25,5457.55,47.9626144,-81.849984,5616.679,-6.517272727272728,0.035454545454545454,1.7281818181818183,6.815698433148174,-0.08181818181818183,-0.43636363636363634,0.0,0.4589030100742905
5457.25,5457.65,47.9626144,-81.849984,5795.526,-18.663,0.533,-1.598,18.832286373963505,-0.4333333333333333,-0.711111111111111,0.16666666666666666,0.9078184332775794
5457.25,5457.75,47.9626144,-81.849984,5981.302,-7.6644444444444435,-1.3044444444444445,-0.2122222222222223,7.831317162791551,-0.77,-0.030000000000000006,0.19,0.8012411230736577
5457.25,5457.85,47.9626144,-81.849984,5984.1785,-12.211,-2.543,1.488,12.676229327860202,0.18,0.030000000000000006,-0.21000000000000002,0.46344875455148593
5457.25,5457.95,47.9626144,-81.849984,5977.243,-9.53111111111111,-0.9688888888888888,0.4411111111111111,9.59927195617099,0.9666666666666666,-0.022222222222222223,-0.3888888888888889,1.0450115666263677
5457.25,5458.05,47.9626144,-81.849984,5966.009,-4.484545454545454,0.3736363636363636,0.14909090909090914,4.542570223088739,1.1272727272727272,-0.17272727272727273,-0.16363636363636366,1.1575785321215253
5457.25,5458.15,47.9626144,-81.849984,5960.523499999999,-10.876,1.0390000000000001,-2.226,11.21317458653979,0.7444444444444445,0.08888888888888889,0.2666666666666667,0.8818672409365158
5458.25,5458.25,47.9626144,-81.849984,5949.226,-11.706666666666665,-0.8622222222222222,0.33666666666666667,11.814711946818598,0.17,0.8700000000000001,0.32,0.95140054394027
5458.25,5458.35,47.9626144,-81.849984,5593.7915,-11.666999999999998,-0.8139999999999998,0.9339999999999999,11.806478243104452,0.53,0.79,0.11000000000000001,0.970616038618519
5458.25,5458.45,47.9626144,-81.849984,5578.053,-8.325555555555555,-0.47777777777777763,2.0444444444444443,8.712541349668612,1.088888888888889,0.15555555555555556,0.0,1.1399634457938028
5458.25,5458.55,47.9626144,-81.849984,5571.687,-10.737,-0.229,-0.16599999999999998,10.754967553324121,1.1909090909090907,-0.35454545454545455,0.17272727272727273,1.2590352907733613
5458.25,5458.65,47.9626144,-81.849984,5569.673,-11.572,-1.1740000000000002,-0.75,11.737436700358863,1.15,-0.19,0.15,1.1894469471802671
5458.25,5458.75,47.9626144,-81.849984,5567.74,-8.82,-0.6055555555555556,-0.23555555555555552,8.874609372276435,0.7333333333333334,0.0,-0.3111111111111111,0.8044216300017628
5458.25,5458.85,47.9626144,-81.849984,5563.9565,-12.158181818181816,-0.32181818181818184,-0.03272727272727273,12.166122267928332,0.7727272727272727,-0.05454545454545454,-0.49090909090909096,0.9191550145824255
5458.25,5458.95,47.9626144,-81.849984,5561.622,-11.174444444444443,-0.15888888888888886,-0.41111111111111115,11.218945182224537,0.9875,-0.0625,-0.36250000000000004,1.0599847325774594
5458.25,5459.05,47.9626144,-81.849984,5558.968000000001,-6.481999999999999,0.29500000000000004,-1.369,6.658561477575086,0.8818181818181817,0.21818181818181817,-0.02727272727272728,0.929240083719971
5458.25,5459.15,47.9626144,-81.849984,5557.279,-12.026,-0.659,-0.19,12.051732562130121,0.7299999999999999,0.5799999999999998,0.0,0.9330237282054968
5459.25,5459.25,47.9626144,-81.849984,5554.7055,-11.327000000000002,-0.38199999999999995,-0.01699999999999997,11.348113961342062,0.8666666666666667,0.4888888888888888,0.0,1.0002168327164087
5459.25,5459.35,47.9626144,-81.849984,5889.619,-8.223,0.6319999999999999,1.24,8.350474730151156,0.6727272727272727,0.0090909090909091,0.08181818181818183,0.7122925372070021
5459.25,5459.45,47.9626144,-81.849984,5888.281,-11.562222222222221,0.5677777777777778,0.3877777777777777,11.662381864892566,0.2777777777777778,-0.4888888888888888,0.5,0.7723845526119006
5459.25,5459.55,47.9626144,-81.849984,5886.1065,-12.045999999999998,-0.8480000000000001,-0.666,12.112007781734103,0.25,-0.41,0.7700000000000001,0.9162426178333762
5459.25,5459.65,47.9626144,-81.849984,5883.097,-11.879,-2.774,0.011999999999999988,12.355386420687545,0.48,-0.22000000000000003,0.36,0.6874464394521601
5459.25,5459.75,47.9626144,-81.849984,5882.094,-5.677,-1.1629999999999998,0.8959999999999999,5.924679665822143,0.38888888888888895,-0.3222222222222222,-0.4444444444444444,0.7151339513258855
5459.25,5459.85,47.9626144,-81.849984,5880.422,-13.353,0.372,-0.4109999999999999,13.433276903149041,0.13636363636363638,-0.5909090909090908,-0.6363636363636364,0.8820581735288555
5459.25,5459.95,47.9626144,-81.849984,5879.085,-8.387777777777778,1.1666666666666667,-1.5066666666666666,8.623014444060665,-0.15555555555555556,-0.17777777777777776,-0.09999999999999999,0.35071826729287775
5459.25,5460.05,47.9626144,-81.849984,5876.913,-8.469,-0.376,-1.123,8.648217592443823,-0.58,0.41,0.08,0.7277721989777652
5459.25,5460.15,47.9626144,-81.849984,5875.243,-13.604444444444445,-2.48,0.6577777777777779,13.857014228079578,-0.11000000000000001,0.76,-0.030000000000000006,0.819930178648111
5460.25,5460.25,47.9626144,-81.849984,5872.237,-11.374,-0.672,1.5939999999999999,11.657535192506485,0.6100000000000001,0.5900000000000001,-0.16000000000000003,0.9116192823164674
5460.25,5460.35,47.9626144,-81.849984,5868.898,-6.386,2.4050000000000002,1.8720000000000003,7.195443952068326,0.56,-0.33,0.35,0.8512060734063503
5460.25,5460.45,47.9626144,-81.849984,5866.978499999999,-11.934000000000001,1.7340000000000004,-1.1320000000000001,12.229531544273765,-0.09,-0.52,1.1800000000000002,1.3162723786528658
5460.25,5460.55,47.9626144,-81.849984,5866.728,-11.516000000000002,-1.6689999999999998,-2.115,11.870263263358144,-0.9777777777777779,0.1222222222222222,1.177777777777778,1.5990217745664674
5460.25,5460.65,47.9626144,-81.849984,5864.1425,-5.612222222222223,-1.8022222222222222,-0.5222222222222223,5.9341551446608305,-1.69,0.27,0.43,1.784709171427967
5460.25,5460.75,47.9626144,-81.849984,5863.225,-9.530999999999999,-1.989,0.869,9.79778083809658,-1.97,0.08,-0.25,2.000099307922535
5460.25,5460.85,47.9626144,-81.849984,5859.9735,-10.985000000000001,-1.3490000000000002,1.21,11.199149334219213,-0.95,0.01,-0.8800000000000001,1.3434195139750948
5460.25,5460.95,47.9626144,-81.849984,5857.889499999999,-11.760000000000002,1.193,0.4959999999999999,11.89017271643242,-0.07999999999999999,0.16999999999999998,-0.5999999999999999,0.7154874773076301
5460.25,5461.05,47.9626144,-81.849984,5854.89,-4.293000000000001,1.563,-0.657,4.6539050056726206,0.41111111111111115,0.35555555555555557,0.16666666666666666,0.5993717465866051
5460.25,5461.15,47.9626144,-81.849984,5851.4745,-12.63888888888889,0.36666666666666664,-2.075555555555556,12.94084665541969,-0.2,0.9888888888888889,0.611111111111111,1.1970728610559906
5461.25,5461.25,47.9626144,-81.849984,5848.227,-12.825,-0.683,-0.043999999999999984,12.872331859220049,-1.3599999999999999,1.1099999999999999,0.2,1.8559720068835053
5461.25,5461.35,47.9626144,-81.849984,5845.148,-8.261818181818182,-1.598181818181818,0.15818181818181817,8.445499640522074,-2.84,0.08,0.01,2.8591516621606528
5461.25,5461.45,47.9626144,-81.849984,5849.393,-10.654444444444444,-1.6800000000000002,-0.7311111111111112,10.876596500858305,-2.5900000000000003,-0.51,-0.32,2.671309329715052
5461.25,5461.55,47.9626144,-81.849984,5866.564,-9.091000000000001,-0.29800000000000004,0.03899999999999999,9.101541632864928,-1.7700000000000002,-0.41,-0.67,1.940122148410192
5461.25,5461.65,47.9626144,-81.849984,5874.9925,-8.76888888888889,0.2288888888888889,-0.20555555555555555,8.77877395658782,-1.2555555555555555,-0.05555555555555555,-0.5,1.3564397430443667
5461.25,5461.75,47.9626144,-81.849984,5878.918,-9.759,-0.10800000000000001,-0.6000000000000001,9.789943332583096,-1.09,0.25,-0.07,1.1272789131725198
5461.25,5461.85,47.9626144,-81.849984,5875.3265,-10.90181818181818,-0.8936363636363637,0.13818181818181818,10.944687716073245,-1.0000000000000002,0.39,0.18000000000000002,1.092274940793419
5461.25,5461.95,47.9626144,-81.849984,5869.065,-8.294444444444444,-0.8288888888888889,1.8766666666666667,8.60871111307976,-0.51,0.06999999999999999,0.38,0.6751914758520138
5461.25,5462.05,47.9626144,-81.849984,5870.7345000000005,-8.095999999999998,0.031000000000000028,1.791,8.367826676652035,0.020000000000000004,-0.66,0.45,0.8070626758403708
5461.25,5462.15,47.9626144,-81.849984,5880.756,-10.574444444444445,-0.8455555555555556,-0.6422222222222221,10.661452070213208,-0.011111111111111112,-0.9666666666666668,0.5777777777777777,1.1268421072147372
5462.25,5462.25,47.9626144,-81.849984,5889.285,-9.132222222222222,-1.358888888888889,-1.1533333333333333,9.760494262623428,-0.5700000000000001,-0.21999999999999997,0.10999999999999999,0.7246607825473503
5462.25,5462.35,47.9626144,-81.849984,5891.46,-7.259999999999999,-0.7363636363636363,-0.41727272727272735,7.3813818415583645,-0.6636363636363636,0.24545454545454543,-0.13636363636363635,0.7428242519607143
5462.25,5462.45,47.9626144,-81.849984,5886.441,-11.263333333333334,-1.0466666666666666,0.7577777777777777,11.358067609623605,-0.39999999999999997,0.5,-0.28888888888888886,0.7088493218330525
5462.25,5462.55,47.9626144,-81.849984,5874.575000000001,-12.396363636363638,0.18999999999999997,0.5354545454545454,12.465768157847178,-0.1272727272727273,0.45454545454545453,-0.15454545454545454,0.5145783693552505
5462.25,5462.65,47.9626144,-81.849984,5864.393,-8.118888888888888,2.186666666666667,0.6866666666666668,8.455102303154625,-0.0125,0.21250000000000002,0.375,0.4699969946041625
5462.25,5462.75,47.9626144,-81.849984,5862.558,-12.286666666666667,0.6288888888888889,-0.01666666666666667,12.372819571425547,-0.27999999999999997,0.06000000000000001,1.19,1.225311841124616
5462.25,5462.85,47.9626144,-81.849984,5864.893,-13.021818181818183,-3.5090909090909093,-0.0509090909090909,13.606141489872876,-0.5363636363636363,0.0,0.6545454545454545,1.0420523348757789
5462.25,5462.95,47.9626144,-81.849984,5865.56,-7.428,-0.984,0.74,7.586741472095025,-1.2000000000000002,-0.022222222222222223,-0.5222222222222223,1.312463004466427
5462.25,5463.05,47.9626144,-81.849984,5862.725,-13.059999999999999,-0.5780000000000001,0.39599999999999996,13.126969456042286,-1.4818181818181815,-0.21818181818181825,-1.109090909090909,1.8656857043676418
5462.25,5463.15,47.9626144,-81.849984,5853.556,-12.867777777777778,1.96,-0.62,13.154782552933394,-1.6555555555555557,-0.03333333333333334,-0.8666666666666667,1.902693908222708
5463.25,5463.25,47.9626144,-81.849984,5836.0845,-5.546666666666667,2.1722222222222225,-0.5555555555555555,5.99197436680139,-2.0222222222222226,0.17777777777777778,0.14444444444444446,2.0528099271058897
5463.25,5463.35,47.9626144,-81.849984,5815.989,-13.932727272727272,0.22818181818181815,-0.6618181818181819,14.027359930784185,-2.336363636363636,0.08181818181818182,1.0090909090909088,2.5512143041926767
5463.25,5463.45,47.9626144,-81.849984,5805.7945,-11.479000000000001,-0.704,-0.9209999999999999,11.555259880628313,-2.511111111111111,-0.1888888888888889,1.0555555555555556,2.7379630206252434
5463.25,5463.55,47.9626144,-81.849984,5801.737,-12.077000000000002,-2.529,-1.0799999999999998,12.429183256571214,-1.9000000000000001,-0.4090909090909091,0.18181818181818177,1.9752894486556303
5463.25,5463.65,47.9626144,-81.849984,5801.074,-8.015555555555556,-0.9155555555555556,0.6344444444444446,8.107483943851141,-0.6,-0.2666666666666667,-0.39999999999999997,0.7877260244412079
5463.25,5463.75,47.9626144,-81.849984,5800.412,-9.831,0.27899999999999997,0.27899999999999997,9.854350280501562,-6.1679056923619804e-18,-0.044444444444444446,-0.4,0.44829394709657183
5463.25,5463.85,47.9626144,-81.849984,5797.93,-5.007,1.087,-0.08700000000000001,5.1307364423604,0.7454545454545456,0.2545454545454545,0.1272727272727273,0.8108659240320774
5463.25,5463.95,47.9626144,-81.849984,5795.117,-8.916,0.04700000000000002,-0.329,8.948167390196653,0.72,0.5599999999999999,0.38,1.000306944450913
5463.25,5464.05,47.9626144,-81.849984,5791.477,-14.395,-0.9879999999999999,1.677,14.636394369702112,0.07999999999999999,0.6799999999999999,-0.2,0.7643387155887102
5463.25,5464.15,47.9626144,-81.849984,5787.7575,-14.481,-0.133,1.159,14.613697113912846,0.4444444444444444,0.1,-0.3,0.5841948375366672
5464.25,5464.25,47.9626144,-81.849984,5785.196,-11.151111111111112,1.5155555555555555,0.1455555555555556,11.344451204799846,0.6111111111111112,-0.16666666666666669,-0.10000000000000002,0.6797001358926534
5464.25,5464.35,47.9626144,-81.849984,5783.956,-4.303999999999999,1.252,-1.6019999999999999,4.8491762835993395,0.09999999999999999,-0.0818181818181818,0.49090909090909085,0.5603299293084474
5464.25,5464.45,47.9626144,-81.849984,5782.469499999999,-5.601,-1.009,-2.7470000000000003,6.384726628076696,-0.6299999999999999,0.6300000000000001,0.44000000000000006,1.056510232010566
5464.25,5464.55,47.9626144,-81.849984,5780.57,-16.186,-1.863,1.7389999999999997,16.62206116528766,-1.86,0.79,-0.29000000000000004,2.1017471045229104
5464.25,5464.65,47.9626144,-81.849984,5778.093,-10.73,-0.3990000000000001,0.8949999999999999,10.8576083753225,-1.73,0.08,-0.62,1.8452206317825108
5464.25,5464.75,47.9626144,-81.849984,5773.47,-11.134444444444444,0.1711111111111111,0.51,11.17429660205833,-1.2777777777777777,0.0,-0.7,1.457871324610923
5464.25,5464.85,47.9626144,-81.849984,5770.005499999999,-9.616,1.472,0.46900000000000003,9.789243657069381,-1.6300000000000001,-0.32999999999999996,-0.41,1.723899016116512
5464.25,5464.95,47.9626144,-81.849984,5766.872,-6.767999999999999,1.5880000000000003,-1.786,7.253618115693863,-2.13,-0.28,0.08,2.1579227624192123
5464.25,5465.05,47.9626144,-81.849984,5764.8935,-8.55909090909091,-0.16,-1.550909090909091,8.875194352572988,-2.68,0.1,0.42000000000000004,2.7164911956997697
5464.25,5465.15,47.9626144,-81.849984,5765.6355,-12.729999999999999,-0.99,0.3422222222222222,12.795191169999493,-2.7800000000000002,0.06000000000000001,0.33000000000000007,2.8034709098020514
5465.25,5465.25,47.9626144,-81.849984,5773.966,-5.637777777777777,-0.5311111111111111,-0.16444444444444445,5.680930610183052,-2.6333333333333337,-0.05555555555555555,0.2,2.6420087512840613
5465.25,5465.35,47.9626144,-81.849984,5794.5405,-8.116,-0.9460000000000001,0.286,8.204001167724169,-2.3699999999999997,-0.1,0.11000000000000001,2.3755659964739677
5465.25,5465.45,47.9626144,-81.849984,5811.844,-9.038,-1.0239999999999998,0.37699999999999995,9.108017437907515,-2.05,-0.06000000000000001,0.0,2.0514180361047716
5465.25,5465.55,47.9626144,-81.849984,5815.823,-8.28,-0.4645454545454546,0.3154545454545455,8.308827194091258,-1.67,0.0,0.030000000000000006,1.6717543200210385
5465.25,5465.65,47.9626144,-81.849984,5812.507,-7.252222222222222,-0.3466666666666667,0.42111111111111105,7.278130270170992,-1.2399999999999998,-0.030000000000000006,0.30999999999999994,1.283498839333246
5465.25,5465.75,47.9626144,-81.849984,5809.689,-11.184444444444445,-1.048888888888889,-0.11555555555555554,11.24640836774257,-1.077777777777778,-0.07777777777777778,0.47777777777777775,1.1831383660150794
5465.25,5465.85,47.9626144,-81.849984,5804.3045,-10.406363636363636,-1.6863636363636365,0.023636363636363653,10.572503235178493,-0.9399999999999998,0.08,0.31000000000000005,0.9979196488637851
5465.25,5465.95,47.9626144,-81.849984,5795.944,-14.466666666666665,-0.8933333333333334,0.6566666666666667,14.531961041653318,-0.5799999999999998,0.18000000000000002,0.1,0.6198965851403152
5465.25,5466.05,47.9626144,-81.849984,5787.5095,-4.488181818181818,-0.36818181818181817,0.8654545454545454,4.6594735393848,-0.8181818181818183,-0.05454545454545456,-0.14545454545454545,0.8369592071768931
5465.25,5466.15,47.9626144,-81.849984,5779.579,-12.846666666666668,1.2044444444444444,0.10333333333333335,12.967388087941474,-1.0666666666666669,-0.2777777777777778,0.02222222222222223,1.115487370668599
5466.25,5466.25,47.9626144,-81.849984,5770.914000000001,-10.637,-0.9229999999999998,-0.716,10.995891070707383,-1.53,-0.04,0.6699999999999999,1.673248417642953
5466.25,5466.35,47.9626144,-81.849984,5760.114,-16.36,-3.5469999999999997,0.36000000000000004,16.81002971448815,-0.8111111111111111,0.1111111111111111,0.15555555555555556,0.880727912776845
5466.25,5466.45,47.9626144,-81.849984,5752.867,-13.427777777777779,-0.9133333333333334,0.7744444444444444,13.521914562603662,-0.11000000000000003,0.28,-0.26,0.4097953181890272
5466.25,5466.55,47.9626144,-81.849984,5746.3675,-7.463636363636363,-0.5218181818181818,1.770909090909091,7.799146732450578,-0.2636363636363636,-0.08181818181818182,-0.6181818181818182,0.6984280499838392
5466.25,5466.65,47.9626144,-81.849984,5741.68,-11.114999999999998,4.137,0.529,12.043240211213192,-1.1222222222222222,-0.711111111111111,-0.033333333333333326,1.4232431146217523
5466.25,5466.75,47.9626144,-81.849984,5736.8325,-9.968888888888888,1.0044444444444443,-4.283333333333333,10.954218047146899,-2.45,-0.41,0.8200000000000001,2.644405510221239
5466.25,5466.85,47.9626144,-81.849984,5729.852,-13.312999999999999,-1.0929999999999997,-0.931,13.437073852471391,-2.7399999999999998,0.030000000000000006,1.0399999999999998,2.9361260410345955
5466.25,5466.95,47.9626144,-81.849984,5725.585,-12.833333333333334,-1.7944444444444443,-0.4744444444444445,12.990542724293668,-2.477777777777778,-0.09999999999999999,0.9333333333333333,2.659116841436208
5466.25,5467.05,47.9626144,-81.849984,5722.303,-9.310000000000002,-2.643636363636364,-1.6927272727272729,9.911224992002273,-3.6,-0.09090909090909091,0.11818181818181818,3.6172164383203937
5466.25,5467.15,47.9626144,-81.849984,5720.335,-14.822999999999999,-3.091,0.221,15.194569632830817,-3.333333333333334,0.14444444444444446,-0.5777777777777778,3.3961390515208394
5467.25,5467.25,47.9626144,-81.849984,5717.384,-13.505555555555555,-1.497777777777778,0.5911111111111113,13.692949631885334,-2.28,0.36,-0.4699999999999999,2.359845516878411
5467.25,5467.35,47.9626144,-81.849984,5714.925,-2.621,-1.0000000000000002,0.685,2.953895711177035,-1.6600000000000001,0.030000000000000006,-0.29999999999999993,1.68778550309015
5467.25,5467.45,47.9626144,-81.849984,5715.8265,-4.513,0.859,0.6039999999999999,4.786768156372591,-1.6777777777777778,-0.16666666666666666,-0.26666666666666666,1.7119213617463889
5467.25,5467.55,47.9626144,-81.849984,5719.187,-15.094,0.4699999999999999,-0.414,15.288659915290225,-2.0545454545454547,-0.6727272727272727,0.509090909090909,2.2440392327211818
5467.25,5467.65,47.956192,-81.8552384,5732.4,-9.906,-1.1549999999999998,-0.876,10.032839320045671,-1.56,-0.99,0.43,1.9041767177917026
5467.25,5467.75,47.9561888,-81.8552064,5748.589,-6.477777777777778,-1.9344444444444444,-1.7544444444444445,7.007942499516464,-1.0,-0.5888888888888889,-0.16666666666666666,1.1933206270667673
5467.25,5467.85,47.9561888,-81.8552064,5750.9745,-8.074000000000002,-0.812,-0.3580000000000001,8.176196497547918,-0.38,-2.7755575615628915e-18,-0.57,0.7008115115924496
5467.25,5467.95,47.9561888,-81.8552064,5747.683999999999,-13.484444444444446,-0.38999999999999996,0.508888888888889,13.507533594325587,-0.10000000000000002,0.044444444444444446,-0.4666666666666667,0.48557501790927154
5467.25,5468.05,47.9561888,-81.8552064,5742.667,-6.714,0.223,-0.58,6.751834719821863,0.0,0.12727272727272726,-0.04545454545454546,0.17264277077195062
5467.25,5468.15,47.9561888,-81.8552064,5737.9005,-10.610999999999999,-0.7020000000000001,-0.081,10.64463970351873,-0.05,0.37,0.15,0.40751928130071907
5468.25,5468.25,47.9561888,-81.8552064,5730.837,-11.257,-0.736,-0.188,11.283271703156162,0.022222222222222223,0.4,0.12222222222222223,0.4227231268036226
5468.25,5468.35,47.9561888,-81.8552064,5723.2875,-8.762,-1.0900000000000003,0.5860000000000001,8.87332726259347,0.19090909090909092,0.2545454545454546,-0.018181818181818184,0.3462740603358219
5468.25,5468.45,47.9561888,-81.8552064,5718.696,-5.195555555555556,-0.4588888888888888,0.8933333333333332,5.305489148747881,0.08888888888888889,-0.10000000000000002,-0.15555555555555556,0.23846608989187215
5468.25,5468.55,47.9560928,-81.8550848,5720.0895,-14.398999999999997,0.9949999999999999,-1.169,14.724843934938471,-0.22000000000000003,-0.45999999999999996,0.2,0.6235769785042427
5468.25,5468.65,47.9560928,-81.8550848,5722.303,-13.523999999999997,-0.699,-1.071,13.61269364243041,-0.08,-0.18000000000000002,0.7,0.7468863875282541
5468.25,5468.75,47.9560928,-81.8550848,5725.42,-9.130999999999998,-1.9779999999999998,-0.305,9.44400534074924,0.13333333333333336,-0.03333333333333334,0.4666666666666667,0.49285442209341035
5468.25,5468.85,47.9560928,-81.8550848,5724.272,-4.2780000000000005,-1.483,0.7829999999999999,4.632988171353182,-0.3181818181818182,-0.05454545454545456,-0.2,0.38586053670308657
5468.25,5468.95,47.9560928,-81.8550848,5722.303,-12.606666666666667,-0.12999999999999998,1.3433333333333333,12.736983567222984,-0.911111111111111,-0.5555555555555555,-0.6222222222222222,1.2448478200331792
5468.25,5469.05,47.9560928,-81.8550848,5724.928,-9.564,1.0050000000000003,-1.083,9.714959495779711,-1.3,-0.5599999999999999,-0.32,1.481319110461552
5468.25,5469.15,47.9560928,-81.8550848,5720.664,-8.356666666666666,-1.0,-0.31555555555555553,8.548847424286894,-0.8500000000000002,-0.07,0.010000000000000004,0.8575131968723314
5469.25,5469.25,47.9560928,-81.8550848,5716.565,-7.885000000000001,-0.5589999999999999,-0.10099999999999998,7.9199064703658735,-0.31999999999999995,0.01,0.08,0.33996319302911443
5469.25,5469.35,47.9560928,-81.8550848,5711.157499999999,-13.517999999999997,-1.197,-0.14900000000000002,13.579161575321212,-0.07,0.19,0.25999999999999995,0.3423351537923164
5469.25,5469.45,47.9560928,-81.8550848,5706.08,-7.433333333333334,-0.5166666666666667,0.5511111111111111,7.5025482898987566,0.0,0.15555555555555556,0.21111111111111114,0.2691091428243836
5469.25,5469.55,47.9560928,-81.8550848,5702.807,-9.768181818181818,0.8718181818181819,1.5963636363636362,10.018240122354443,-0.34,-0.42000000000000004,0.27999999999999997,0.618483560377348
5469.25,5469.65,47.9560928,-81.8550848,5705.753,-17.30666666666667,-0.6088888888888888,-1.2633333333333334,17.39110042032538,-0.6799999999999999,-0.7,0.54,1.130053470910764
5469.25,5469.75,47.9560928,-81.8550848,5705.098,-8.386,-1.8510000000000002,-1.0310000000000001,8.776664164126283,-1.1099999999999999,-0.16999999999999998,0.27999999999999997,1.1817424467496123
5469.25,5469.85,47.9560928,-81.8550848,5698.063,-11.145,-3.2079999999999997,1.075,11.671709821999416,-0.38,0.16999999999999998,-0.43,0.7464587759160223
5469.25,5469.95,47.9560928,-81.8550848,5691.359,-10.326,-0.9270000000000002,0.352,10.418732673340969,0.4,0.24,-0.8300000000000001,0.9680168157080107
5469.25,5470.05,47.9560928,-81.8550848,5689.889,-11.272,1.251,0.6330000000000001,11.381113927970375,1.3111111111111111,0.3222222222222222,-0.2555555555555555,1.420197766894118
5469.25,5470.15,47.9560928,-81.8550848,5696.264,-6.001111111111111,0.44222222222222224,-0.08555555555555557,6.046024163001707,1.9777777777777779,0.33333333333333326,0.3888888888888889,2.0455403847141254
5470.25,5470.25,47.9560928,-81.8550848,5702.316,-15.739,-1.6099999999999999,-0.473,15.849332306535501,2.12,0.6199999999999999,0.31,2.241869285284278
5470.25,5470.35,47.9560928,-81.8550848,5694.465,-9.827272727272726,-0.42,0.5981818181818181,9.940496535900586,2.2800000000000002,0.47999999999999987,-0.21000000000000002,2.357559336635558
5470.25,5470.45,47.9560928,-81.8550848,5680.0095,-8.377777777777778,1.9744444444444444,0.6722222222222222,8.72844397845057,1.8400000000000003,-0.16,-0.19,1.8758230825557678
5470.25,5470.55,47.9560928,-81.8550848,5674.707,-15.774000000000001,-0.3969999999999999,-0.829,15.837101480810281,1.25,-0.18,0.4600000000000001,1.3563584332917613
5470.25,5470.65,47.9560928,-81.8550848,5670.14,-3.243333333333334,-0.7866666666666666,0.17222222222222222,3.361206410744886,0.8999999999999999,0.08888888888888889,0.2111111111111111,0.9334826805082572
5470.25,5470.75,47.9560928,-81.8550848,5657.1095000000005,-11.081,-0.9889999999999999,0.30799999999999994,11.2080677622024,0.73,-0.05,-0.06999999999999999,0.7398713762013543
5470.25,5470.85,47.9560928,-81.8550848,5652.228,-8.902727272727274,-0.29090909090909095,-0.21363636363636365,8.91693570068051,0.96,-0.2,-0.30999999999999994,1.028866190731072
5470.25,5470.95,47.9560928,-81.8550848,5645.317999999999,-11.38,-0.5411111111111111,-0.15555555555555556,11.400206318462654,1.1600000000000001,-0.16000000000000003,-0.4,1.2391158644799145
5470.25,5471.05,47.9560928,-81.8550848,5638.412,-13.115,-0.8960000000000001,-0.8760000000000001,13.188064997070716,1.69,0.12,-0.51,1.7715359213308648
5470.25,5471.15,47.9560928,-81.8550848,5633.38,-11.088,-0.642,-0.091,11.114375294337536,1.8333333333333333,0.15555555555555556,-0.6555555555555554,1.954920426533267
5471.25,5471.25,47.9560928,-81.8550848,5629.972,-7.015555555555555,1.232222222222222,0.40555555555555567,7.220375365175304,1.6199999999999999,-0.22999999999999998,-0.45,1.7120854286648406
5471.25,5471.35,47.9560928,-81.8550848,5629.648,-5.846363636363637,1.8927272727272728,-1.8818181818181818,6.506011529663632,0.7363636363636364,-0.0818181818181818,0.5272727272727272,1.017273192025639
5471.25,5471.45,47.9560928,-81.8550848,5629.485500000001,-9.741111111111111,-0.6122222222222222,-0.6999999999999998,9.856998489755592,0.12222222222222223,0.5888888888888889,0.8999999999999999,1.096295748261281
5471.25,5471.55,47.9560928,-81.8550848,5627.052,-11.113000000000001,-2.0629999999999997,1.7200000000000002,11.47452120138412,0.11000000000000001,0.63,0.44000000000000006,0.801563343729973
5471.25,5471.65,47.9560928,-81.8550848,5622.836499999999,-6.745555555555557,-0.7255555555555555,0.33555555555555555,6.83523746515873,0.6222222222222222,0.4222222222222223,0.044444444444444446,0.7628014838082606
5471.25,5471.75,47.9560928,-81.8550848,5619.92,-7.611111111111111,-0.3033333333333334,1.181111111111111,7.713442105179627,0.55,0.12,-0.12,0.5966988701892819
5471.25,5471.85,47.9560928,-81.8550848,5618.137,-8.461818181818181,-0.17181818181818184,-0.006363636363636385,8.480164822110096,0.309090909090909,-0.25454545454545446,-0.1363636363636364,0.43149259251448663
5471.25,5471.95,47.9560928,-81.8550848,5615.545,-6.889,-0.279,0.10400000000000001,6.908461955170246,0.3,-0.24444444444444446,-0.044444444444444446,0.39403724612758484
5471.25,5472.05,47.9560928,-81.8550848,5614.169,-11.843,-0.624,1.2310000000000003,11.93058739406344,0.1818181818181818,-0.22727272727272727,-0.16363636363636364,0.36294158215616884
5471.25,5472.15,47.9560928,-81.8550848,5613.1975,-8.384444444444446,-0.46222222222222226,0.5588888888888889,8.421086819213164,0.3111111111111111,-0.3,-0.3333333333333333,0.5493049005813673
5472.25,5472.25,47.9560928,-81.8550848,5611.821,-11.823333333333332,0.1922222222222222,0.10888888888888888,11.83647769493177,0.7444444444444446,-0.12222222222222223,-0.1111111111111111,0.7841533091625288
5472.25,5472.35,47.9560928,-81.8550848,5610.6065,-8.474545454545453,0.6727272727272727,-1.8163636363636362,8.724829542866258,0.7363636363636363,0.3,0.2818181818181818,0.9180934304341789
5472.25,5472.45,47.9560928,-81.8550848,5608.422,-11.757,-0.7630000000000001,-1.52,11.919964014634186,0.08888888888888889,1.1111111111111114,0.19999999999999998,1.159859516453206
5472.25,5472.55,47.9560928,-81.8550848,5603.892,-13.330000000000002,-0.8459999999999999,1.193,13.447304924422365,-0.5545454545454546,1.1363636363636365,-0.21818181818181817,1.3464891267645278
5472.25,5472.65,47.9560928,-81.8550848,5601.467,-7.745555555555557,0.12444444444444443,1.511111111111111,7.908009193673286,-1.2555555555555555,0.41111111111111115,-0.3555555555555555,1.3901647386722429
5472.25,5472.75,47.9560928,-81.8550848,5599.85,-11.04,0.6569999999999999,1.3719999999999999,11.199297958770245,-1.3888888888888888,-0.3777777777777777,-0.07777777777777778,1.4750240032507447
5472.25,5472.85,47.9560928,-81.8550848,5596.9400000000005,-14.507,0.18,-0.244,14.517875561540256,-0.5454545454545455,-0.8545454545454546,0.10909090909090913,1.0341416279027076
5472.25,5472.95,47.9560928,-81.8550848,5594.355,-7.767,0.06500000000000002,-1.948,8.308023406584962,-0.26999999999999996,-0.48,0.1,0.5839806934365203
5472.25,5473.05,47.9560928,-81.8550848,5592.3355,-2.1790000000000003,-0.48200000000000004,-1.2770000000000001,2.634019465553903,-0.74,0.1,0.030000000000000006,0.7535578028944269
5472.25,5473.15,47.9560928,-81.8550848,5590.479,-13.48,-2.2733333333333334,-0.5822222222222222,13.866655667118472,-1.5444444444444443,0.4111111111111111,-0.4222222222222222,1.6669798549752015
5473.25,5473.25,47.9560928,-81.8550848,5587.895,-15.317000000000002,0.339,-0.35400000000000004,15.34850485198982,-2.322222222222222,0.43333333333333335,-0.8222222222222223,2.504898794031304
5473.25,5473.35,47.9560928,-81.8550848,5586.281,-10.782,-0.13799999999999996,-0.07299999999999998,10.815647397983522,-1.5090909090909093,0.4272727272727273,-0.19999999999999998,1.5864498601243964
5473.25,5473.45,47.9560928,-81.8550848,5585.796,-9.056999999999999,-0.623,-0.546,9.124819473464495,-1.2499999999999998,0.45000000000000007,0.1,1.3352724319329492
5473.25,5473.55,47.9560928,-81.8550848,5586.7654999999995,-8.648,-1.5269999999999997,-0.9179999999999999,8.888838285565194,-0.97,0.30999999999999994,0.030000000000000006,1.0235639177580822
5473.25,5473.65,47.9560928,-81.8550848,5588.703,-8.361,-0.908,-0.025999999999999957,8.473372482416838,-0.8888888888888888,0.23333333333333334,-0.2888888888888889,0.9730428206238396
5473.25,5473.75,47.9560928,-81.8550848,5589.3485,-6.681111111111111,0.5155555555555555,0.7288888888888889,6.752407900314793,-0.89,-0.09000000000000001,-0.36,0.9718790450924338
5473.25,5473.85,47.9560928,-81.8550848,5592.417,-11.792,0.475,0.5790000000000001,11.841602229181444,-1.2600000000000002,-0.76,-0.35,1.5174893127861726
5473.25,5473.95,47.9560928,-81.8550848,5604.055,-11.918000000000001,-0.10899999999999999,-0.556,11.935202824644149,-1.4,-1.0,-0.4,1.7663521732655696
5473.25,5474.05,47.9560928,-81.8550848,5615.869,-9.938181818181818,2.0872727272727274,-1.9909090909090907,10.4926050286782,-1.7599999999999998,-0.76,-0.13999999999999999,1.9569069985919783
5473.25,5474.15,47.9560928,-81.8550848,5620.082,-6.5488888888888885,1.4100000000000001,-2.0344444444444445,7.045842585258988,-2.41,-0.2,0.43,2.4630513952891957
5474.25,5474.25,47.9560928,-81.8550848,5614.331,-12.44111111111111,-0.6977777777777777,-1.6122222222222224,12.574574864593886,-2.788888888888889,-0.03333333333333334,0.7444444444444444,2.8888741895937806
5474.25,5474.35,47.9560928,-81.8550848,5598.395,-11.453,-0.624,-0.6100000000000001,11.51104541650569,-3.44,0.01,0.44000000000000006,3.4700181168869975
5474.25,5474.45,47.9560928,-81.8550848,5574.348,-10.987,-0.9730000000000001,-0.28300000000000003,11.042373324141936,-3.7300000000000004,-0.05,0.13999999999999999,3.7350444186255927
5474.25,5474.55,47.9560928,-81.8550848,5563.232,-12.588181818181818,-1.3654545454545455,-0.8418181818181818,12.694713159258542,-3.4299999999999997,-0.05,0.0,3.43070665560818
5474.25,5474.65,47.9560928,-81.8550848,5557.8415,-7.304444444444444,-1.1233333333333333,-0.47888888888888886,7.422156910418162,-3.0699999999999994,-0.18000000000000002,0.0,3.0770414767219556
5474.25,5474.75,47.9560928,-81.8550848,5554.385,-8.922222222222224,1.362222222222222,-0.18666666666666668,9.067876399815603,-3.0444444444444447,-0.5,0.06666666666666668,3.089555891560582
5474.25,5474.85,47.9560928,-81.8550848,5553.2585,-14.810909090909092,1.5663636363636366,-1.651818181818182,15.030687022553826,-3.75,-0.85,0.6199999999999999,3.8979496086909493
5474.25,5474.95,47.9560928,-81.8550848,5558.1645,-10.725555555555555,0.6822222222222221,-3.395555555555555,11.303491222446176,-4.43,-0.8800000000000001,0.6499999999999999,4.564527951735813
5474.25,5475.05,47.9560928,-81.8550848,5585.313,-7.46090909090909,1.8,-3.273636363636364,8.384431216994509,-4.745454545454546,-0.5272727272727273,0.6818181818181818,4.825742246545694
5474.25,5475.15,47.9560928,-81.8550848,5596.4555,-10.573333333333332,0.9444444444444444,-2.9766666666666666,11.054101531789392,-4.211111111111111,-0.36666666666666664,0.9333333333333333,4.329452620675556
5475.25,5475.25,47.9560928,-81.8550848,5581.279,-13.748888888888889,0.4111111111111111,-2.135555555555556,13.953148379829502,-4.911111111111111,-0.17777777777777778,0.7555555555555555,4.973857027567714
5475.25,5475.35,47.9560928,-81.8550848,5551.412,-11.63,-0.4863636363636364,-2.286363636363636,11.953964336841272,-6.11,-0.18000000000000002,0.56,6.1399542984098066
5475.25,5475.45,47.9560928,-81.8550848,5540.888,-8.545555555555557,0.07888888888888888,-3.7688888888888883,9.382383561431688,-6.8199999999999985,-0.5399999999999999,0.28,6.848247451170816
5475.25,5475.55,47.9560928,-81.8550848,5538.2405,-11.780000000000001,-2.7754545454545454,-2.8127272727272725,12.586327494807461,-5.8181818181818175,-0.43636363636363634,-0.14545454545454548,5.840675772659359
5475.25,5475.65,47.9560928,-81.8550848,5543.218,-9.401,-1.85,-2.849,10.159522256605392,-5.2444444444444445,-0.055555555555555566,-0.43333333333333335,5.26368499625307
5475.25,5475.75,47.9560928,-81.8550848,5556.153,-2.5066666666666664,-1.3655555555555554,-3.2088888888888887,4.714659955432281,-5.200000000000001,0.27999999999999997,-0.31000000000000005,5.218332953687242
5475.25,5475.85,47.9560928,-81.8550848,5548.68,-10.334,-3.526,-0.05800000000000009,11.256451373708673,-5.29,0.1,-0.33999999999999997,5.316218886344365
5475.25,5475.95,47.9560928,-81.8550848,5535.592,-5.202222222222222,-2.996666666666667,-1.4122222222222223,6.440812925393043,-4.688888888888888,-0.08888888888888889,-1.1555555555555557,4.84005846273876
5475.25,5476.05,47.9560928,-81.8550848,5529.8994999999995,-16.04909090909091,-0.44272727272727275,-1.3363636363636362,16.22025944214014,-4.436363636363637,0.5272727272727272,-1.1545454545454545,4.6222437812733
5475.25,5476.15,47.9560928,-81.8550848,5524.37,-8.734,-1.366,-2.5140000000000002,9.425782005497233,-5.133333333333333,0.6000000000000001,-0.5111111111111112,5.199464802653953
5476.25,5476.25,47.9560928,-81.8550848,5522.127,-9.303333333333335,-3.7522222222222226,-0.7111111111111111,10.088425212631769,-4.779999999999999,0.14,-0.05,4.7884711398675135
5476.25,5476.35,47.9560928,-81.8550848,5319.605,-10.142,-1.689,-0.48599999999999993,10.431777253055602,-2.9800000000000004,-0.43,-0.37,3.0392683340799165
5476.25,5476.45,47.9560928,-81.8550848,5128.152,-12.88,0.21400000000000002,-0.5359999999999999,12.949268202619681,-2.3555555555555556,-0.23333333333333328,-0.5111111111111112,2.4256584591975003
5476.25,5476.55,47.9560928,-81.8550848,5139.624,-4.2909999999999995,1.0059999999999998,-0.38900000000000007,4.581897703101266,-1.6909090909090911,0.06363636363636363,0.06363636363636363,1.7028950804346465
5476.25,5476.65,47.9560928,-81.8550848,5142.686,-12.854999999999999,0.21099999999999994,-1.214,13.025373408078185,-1.8199999999999998,0.29,0.5599999999999999,1.9309656768725705
5476.25,5476.75,47.9560928,-81.8550848,5140.696,-13.704444444444443,-1.671111111111111,-0.6055555555555556,13.843428778161673,-2.4,0.41111111111111115,0.32222222222222224,2.4663690976168144
5476.25,5476.85,47.9560928,-81.8550848,5132.128,-8.901,-0.205,0.9189999999999999,8.963505514747576,-2.1900000000000004,-0.05,0.17,2.203498220911063
5476.25,5476.95,47.9560928,-81.8550848,5126.929,-12.741999999999999,-0.8089999999999999,0.19299999999999998,12.779694178485604,-2.0555555555555554,-0.48888888888888893,-0.08888888888888889,2.1220430267396506
5476.25,5477.05,47.9560928,-81.8550848,5118.451,-12.049999999999999,-0.011999999999999978,-0.7,12.087661843204792,-1.2272727272727275,-0.11818181818181818,-0.30000000000000004,1.2823061579622748
5476.25,5477.15,47.9560928,-81.8550848,5108.913,-8.301,0.783,-1.3190000000000002,8.452461359141342,-0.78,0.5,0.10000000000000002,0.9518229615930671
5477.25,5477.25,47.9560928,-81.8550848,5096.950000000001,-11.571,1.829,-0.30900000000000005,11.73438648644365,-1.2,0.9444444444444444,0.39999999999999997,1.5828503076226033
5477.25,5477.35,47.9560928,-81.8550848,5085.002,-14.121,-3.6040000000000005,0.9920000000000002,14.846164900537058,-2.0900000000000003,0.85,0.24,2.307830015541135
5477.25,5477.45,47.9560928,-81.8550848,5082.112999999999,-4.8999999999999995,-2.1655555555555557,0.9655555555555555,5.505695097061367,-3.5699999999999994,0.18,-0.63,3.6364275110604005
5477.25,5477.55,47.9560928,-81.8550848,5077.705,-7.5920000000000005,-2.595,-0.00899999999999999,8.115557650408102,-4.99,0.1,-1.29,5.156165772994499
5477.25,5477.65,47.9560928,-81.8550848,5074.819,-15.584999999999999,-0.43099999999999994,-0.5619999999999999,15.638478739953609,-6.04,0.18000000000000002,-1.32,6.190875056876213
5477.25,5477.75,47.9560928,-81.8550848,5078.238,-8.46,-2.2340000000000004,-1.281,8.979983730946769,-5.833333333333333,0.022222222222222223,-0.6444444444444444,5.869117568878574
5477.25,5477.85,47.9560928,-81.8550848,5097.482,-7.4159999999999995,-1.1019999999999999,-1.614,7.735834973246478,-4.7727272727272725,0.17272727272727273,-0.4636363636363638,4.798939116677889
5477.25,5477.95,47.9560928,-81.8550848,5101.0625,-10.414444444444445,-0.6233333333333334,-0.45222222222222225,10.497817574009138,-3.8999999999999995,0.08888888888888889,-0.34444444444444444,3.9168019003261776
5477.25,5478.05,47.9560928,-81.8550848,5089.11,-12.142,-0.396,-1.117,12.205660081959092,-3.2399999999999998,0.02,-0.2,3.2464812889931474
5477.25,5478.15,47.9560928,-81.8550848,5074.211499999999,-9.934444444444445,-0.2833333333333334,-1.4877777777777779,10.092786668542592,-3.12,0.16,-0.05,3.1265271155115393
5478.25,5478.25,47.9560928,-81.8550848,5067.075,-7.741,-0.246,-1.7559999999999998,7.974932523853558,-3.29,0.48,0.35000000000000003,3.3466581782981946
5478.25,5478.35,47.9560928,-81.8550848,5063.661,-12.075,-1.7770000000000004,-2.54,12.536233926553386,-3.54,0.5,0.5700000000000001,3.625232184758139
5478.25,5478.45,47.9560928,-81.8550848,5061.6134999999995,-8.013333333333334,-2.1344444444444446,-2.2244444444444444,8.606972434311478,-4.433333333333334,0.5777777777777777,0.08888888888888889,4.474652022338383
5478.25,5478.55,47.9560928,-81.8550848,5061.007,-10.213636363636363,-1.469090909090909,-2.308181818181818,10.585636123049376,-4.6000000000000005,0.57,-0.030000000000000006,4.635707916471086
5478.25,5478.65,47.9560928,-81.8550848,5074.5175,-12.245555555555557,0.19666666666666666,-1.4099999999999997,12.37694904795068,-4.779999999999999,0.6599999999999999,-0.04,4.826218273074367
5478.25,5478.75,47.9560928,-81.8550848,5091.239,-14.155000000000001,-0.586,-0.413,14.252367010377569,-5.06,0.21999999999999997,0.23000000000000004,5.077881707458888
5478.25,5478.85,47.9560928,-81.8550848,5085.917,-8.788,0.271,-5.275,10.758309037655778,-5.430000000000001,-0.24000000000000005,0.01,5.435814319663201
5478.25,5478.95,47.9560928,-81.8550848,5055.701,-7.228888888888889,0.8933333333333334,-6.265555555555555,9.627503904789107,-5.633333333333334,-0.044444444444444446,0.011111111111111112,5.633831192114233
5478.25,5479.05,47.9560928,-81.8550848,5048.9595,-15.644545454545455,-0.7881818181818182,-3.4954545454545456,16.2582170616024,-5.13,-0.21000000000000002,0.31999999999999995,5.147470185824355
5478.25,5479.15,47.9560928,-81.8550848,5046.0825,-12.107777777777777,-0.6322222222222221,-1.578888888888889,12.285769749816788,-4.555555555555555,-0.6666666666666666,0.3222222222222222,4.618816047330011
5479.25,5479.25,47.9560928,-81.8550848,5044.039,-6.337999999999999,1.162,-1.597,6.674205880498993,-4.46,-1.22,0.27,4.633178503611616
5479.25,5479.35,47.9560928,-81.8550848,5061.6955,-9.320909090909092,2.6999999999999997,-4.745454545454546,10.875044253124639,-5.1899999999999995,-1.3099999999999998,0.24,5.364094124757927
5479.25,5479.45,47.9560928,-81.8550848,5082.417,-7.077777777777778,-0.08333333333333331,-4.335555555555556,8.392463400620171,-5.51,-1.0899999999999999,0.55,5.64525150985639
5479.25,5479.55,47.9560928,-81.8550848,5064.1965,-9.212,-0.977,-2.773,9.701766748694494,-4.45,-1.2900000000000003,0.24,4.64248916878317
5479.25,5479.65,47.9560928,-81.8550848,5042.98,-11.106666666666667,-0.9588888888888888,-2.256666666666667,11.380736713121864,-3.5333333333333337,-1.2444444444444445,-0.06666666666666668,3.7477683286134016
5479.25,5479.75,47.9560928,-81.8550848,5038.593,-10.664,-0.499,-1.553,10.805233996145883,-2.9199999999999995,-1.03,-0.25,3.107636592359529
5479.25,5479.85,47.9560928,-81.8550848,5032.998,-9.448181818181821,-0.11545454545454546,-2.527272727272727,9.803108738991284,-3.14,-0.54,-0.18000000000000002,3.1994440904245587
5479.25,5479.95,47.9560928,-81.8550848,5029.22,-7.006666666666666,-1.338888888888889,-1.4744444444444447,7.2976002417005805,-3.29,-0.13000000000000003,-0.1,3.294399819863062
5479.25,5480.05,47.9560928,-81.8550848,5027.1810000000005,-13.37,-1.51,1.4789999999999999,13.786190068181961,-2.85,-0.27999999999999997,-0.05,2.8947901243402114
5479.25,5480.15,47.9560928,-81.8550848,5026.048,-11.825000000000001,-0.53,0.6359999999999999,11.95553737403303,-1.711111111111111,-1.288888888888889,-0.14444444444444446,2.157487786682209
5480.25,5480.25,47.9560928,-81.8550848,5024.8405,-15.525555555555554,1.5666666666666664,-1.1588888888888886,15.688430258612833,-1.78,-1.53,-0.14,2.3538187696044863
5480.25,5480.35,47.9560928,-81.8550848,5036.324,-10.435454545454544,2.079090909090909,-3.475454545454545,11.260284572478524,-2.3909090909090907,-0.990909090909091,0.24545454545454543,2.63999854548976
5480.25,5480.45,47.9560928,-81.8550848,5051.761,-6.363333333333333,0.9144444444444445,-2.4766666666666666,6.916441946329642,-2.7666666666666666,-0.06666666666666667,0.5888888888888889,2.8361574938054
5480.25,5480.55,47.9560928,-81.8550848,5062.675,-10.653,-0.51,-1.353,10.801509308378296,-2.75,0.22999999999999998,0.8200000000000001,2.880246328219301
5480.25,5480.65,47.9560928,-81.8550848,5060.097,-10.642,-1.5260000000000002,0.30399999999999994,10.759782284331596,-2.433333333333333,0.21111111111111114,0.7333333333333333,2.55121469792468
5480.25,5480.75,47.9560928,-81.8550848,5052.141,-9.844444444444443,-1.6711111111111112,0.2288888888888889,9.992086548072239,-2.1500000000000004,0.02,0.3,2.1761064450108445
5480.25,5480.85,47.9560928,-81.8550848,5042.375,-10.67,-1.2100000000000002,0.1118181818181818,10.76966303486486,-1.6363636363636365,0.0,-0.06363636363636363,1.6384663040442966
5480.25,5480.95,47.9560928,-81.8550848,5032.3189999999995,-4.676000000000001,-0.323,-0.029000000000000005,4.6994589459534994,-1.3555555555555556,-0.03333333333333334,-0.1,1.3605204393373593
5480.25,5481.05,47.9560928,-81.8550848,5022.878,-8.463333333333333,1.3255555555555556,-0.1711111111111111,8.58232025322269,-1.46,-0.21000000000000002,0.1,1.4861352291766785
5480.25,5481.15,47.9560928,-81.8550848,5016.69,-8.671111111111111,-0.16888888888888895,-0.25666666666666665,8.700022747075868,-1.6599999999999997,-0.29999999999999993,0.5199999999999999,1.766649491617152
5481.25,5481.25,47.9560928,-81.8550848,5011.638,-11.671111111111111,-1.1566666666666665,-0.08888888888888889,11.734985700882907,-1.4666666666666668,-0.2666666666666667,0.4222222222222222,1.55130406348452
5481.25,5481.35,47.9560928,-81.8550848,5007.191,-6.808181818181819,-0.32363636363636367,0.33,6.827344590760279,-1.1181818181818182,-0.11818181818181821,0.1363636363636364,1.13401232615805
5481.25,5481.45,47.9560928,-81.8550848,5004.2535,-9.692,-0.43600000000000005,0.488,9.716795262954626,-1.011111111111111,-0.08888888888888889,0.1,1.0203720864569858
5481.25,5481.55,47.9560928,-81.8550848,5002.07,-9.200000000000001,-0.619,0.225,9.233716248266608,-0.9,0.05454545454545454,0.018181818181818184,0.9040280100463576
5481.25,5481.65,47.9560928,-81.8550848,4998.3055,-7.97111111111111,0.004444444444444461,-0.12999999999999998,8.006368633416491,-0.8222222222222223,0.17777777777777778,0.1111111111111111,0.8544467489503809
5481.25,5481.75,47.9560928,-81.8550848,4994.844,-15.667000000000002,1.052,-1.0590000000000002,15.807151555702436,-1.3888888888888888,0.7666666666666667,0.37777777777777777,1.633347347615214
5481.25,5481.85,47.9560928,-81.8550848,4989.8805,-12.703999999999999,-0.8140000000000001,-0.15499999999999997,12.792804095551954,-2.2727272727272725,0.8181818181818182,0.5545454545454546,2.482155208702687
5481.25,5481.95,47.9560928,-81.8550848,4988.001,-10.084999999999999,-3.5060000000000002,-0.5349999999999999,10.809711520552721,-2.92,0.55,0.03000000000000001,2.9858666825815163
5481.25,5482.05,47.9560928,-81.8550848,4986.122,-11.99,-3.6199999999999997,-0.86,12.631228994548827,-4.02,0.5800000000000001,-0.8899999999999999,4.161486396927094
5481.25,5482.15,47.9560928,-81.8550848,4988.226,-13.404444444444444,-1.7744444444444445,-0.11333333333333334,13.532793113317048,-4.644444444444444,0.6333333333333333,-0.9888888888888892,4.793781614750788
5482.25,5482.25,47.9560928,-81.8550848,5000.113,-9.187999999999999,-2.6239999999999997,-0.026000000000000006,9.581515232403834,-4.955555555555556,0.2888888888888889,-0.6888888888888888,5.013598625092545
5482.25,5482.35,47.9560928,-81.8550848,4999.887500000001,-9.089,-2.4709999999999996,-0.06599999999999998,9.463932667531143,-4.172727272727273,0.06363636363636364,-0.5909090909090908,4.21525144223796
5482.25,5482.45,47.9560928,-81.8550848,4991.535,-15.712000000000003,-0.10700000000000003,-0.726,15.83622748434081,-2.5300000000000002,0.0,-0.41,2.5659055191205526
5482.25,5482.55,47.9560928,-81.8550848,4982.365,-8.615,-0.06200000000000001,-0.15899999999999997,8.625340758404388,-1.2799999999999998,0.01,0.0,1.280415945787923
5482.25,5482.65,47.9560928,-81.8550848,4979.360500000001,-7.344444444444444,-0.13222222222222224,-0.8077777777777777,7.642764572886203,-0.9888888888888892,0.2222222222222222,0.0,1.0214796168783615
5482.25,5482.75,47.9560928,-81.8550848,4975.156,-7.912000000000001,-0.826,-0.5169999999999999,8.01967849964985,-0.9099999999999999,0.5499999999999999,-0.01,1.0646783750926478
5482.25,5482.85,47.9560928,-81.8550848,4973.205,-10.076,-1.796,1.732,10.4257401016769,-2.07,0.15999999999999998,-0.79,2.2335266336375392
5482.25,5482.95,47.9560928,-81.8550848,4969.754,-14.005,0.506,0.7479999999999999,14.132041018174235,-2.5800000000000005,-0.2,-1.03,2.7878849993373698
5482.25,5483.05,47.9560928,-81.8550848,4965.779500000001,-10.370909090909091,1.6618181818181819,-0.9000000000000002,10.576256230460674,-2.17,-0.16,-0.43,2.229777959768026
5482.25,5483.15,47.9560928,-81.8550848,4963.156,-10.424444444444443,1.3677777777777778,-0.73,10.555619038025831,-1.8200000000000003,-0.2,0.22999999999999998,1.85590086614134
5483.25,5483.25,47.9560928,-81.8550848,4961.207,-15.735555555555557,-0.017777777777777767,-0.07555555555555554,15.749410061808517,-0.9777777777777779,-0.3,0.7444444444444445,1.2727026959522396
5483.25,5483.35,47.9560928,-81.8550848,4960.083500000001,-5.894,-1.3760000000000001,-2.1,6.480573293575541,-0.9,0.020000000000000007,0.43999999999999995,1.041694642471795
5483.25,5483.45,47.9560928,-81.8550848,4959.259,-5.375,-2.349,-1.1989999999999998,6.064109806214047,-1.81,0.39,-0.21000000000000002,1.8729608754699818
5483.25,5483.55,47.9560928,-81.8550848,4957.6865,-14.581818181818182,-0.6590909090909091,1.0363636363636364,14.808596712646688,-2.12,0.39,-0.78,2.296230632329533
5483.25,5483.65,47.9560928,-81.8550848,4955.964,-15.661111111111113,-0.2588888888888889,0.4722222222222222,15.7158360270537,-1.08,0.08,-0.45,1.1750993944668258
5483.25,5483.75,47.9560928,-81.8550848,4954.317,-4.827777777777778,1.2344444444444445,1.4233333333333333,5.239623015663241,-0.47777777777777775,-0.10000000000000002,0.04444444444444444,0.52821690281606
5483.25,5483.85,47.9560928,-81.8550848,4955.215,-5.947272727272727,1.7736363636363635,-0.3018181818181818,6.3453543133104935,-0.5799999999999998,-0.29999999999999993,0.67,0.94130111675874
5483.25,5483.95,47.9560928,-81.8550848,4958.66,-14.024444444444445,-1.6577777777777776,-2.0900000000000003,14.359029681350766,-1.16,0.029999999999999992,0.7899999999999999,1.4717725316711372
5483.25,5484.05,47.9560928,-81.8550848,4965.93,-11.734545454545456,-1.3945454545454543,0.8927272727272726,11.883584994845878,-1.4272727272727272,0.19090909090909092,0.04545454545454546,1.446332895170549
5483.25,5484.15,47.9560928,-81.8550848,4971.404,-6.1288888888888895,-0.07444444444444445,0.42777777777777776,6.159415418718145,-0.9444444444444444,0.1,-0.08888888888888889,0.9543904356462547
5484.25,5484.25,47.9560928,-81.8550848,4973.055,-9.827777777777778,-0.06555555555555555,0.19777777777777777,9.834648442536515,-0.8222222222222223,0.1,0.022222222222222223,0.8296681758559945
5484.25,5484.35,47.9560928,-81.8550848,4975.006,-9.555454545454547,-0.20999999999999996,0.20181818181818179,9.563685041316953,-0.6899999999999998,0.11000000000000001,0.24,0.743436825447652
5484.25,5484.45,47.9560928,-81.8550848,4974.630999999999,-9.712222222222222,-0.5011111111111111,-0.7311111111111112,9.761662095790301,-0.78,0.38,0.24000000000000005,0.908077540969096
5484.25,5484.55,47.9560928,-81.8550848,4972.605,-10.563636363636364,-1.3736363636363635,0.4609090909090909,10.681349408478498,-1.3818181818181816,0.4636363636363637,-0.23636363636363636,1.4994969538410616
5484.25,5484.65,47.9560928,-81.8550848,4970.504,-5.945,-0.335,0.7210000000000001,6.061320599864027,-1.5555555555555558,0.4555555555555556,-0.4222222222222223,1.6760280275600836
5484.25,5484.75,47.9560928,-81.8550848,4963.530500000001,-13.774444444444445,-0.7311111111111112,1.7877777777777777,13.921224405353367,-1.2333333333333334,0.1,-0.4555555555555555,1.3246448702883513
5484.25,5484.85,47.9560928,-81.8550848,4956.863,-9.794999999999998,-0.30600000000000005,0.051000000000000004,9.818070231619398,-0.6545454545454544,-0.1454545454545455,-0.49090909090909096,0.8346712616739249
5484.25,5484.95,47.9560928,-81.8550848,4953.867,-9.276666666666667,1.2088888888888887,-0.7322222222222222,9.393649789617745,-0.7444444444444445,-0.044444444444444446,-0.13333333333333336,0.7820401242807
5484.25,5485.05,47.9560928,-81.8550848,4948.927,-10.788181818181819,-0.13818181818181818,-0.5427272727272727,10.832045786597666,-0.990909090909091,0.15454545454545454,0.3909090909090909,1.0830968904078628
5484.25,5485.15,47.9560928,-81.8550848,4940.85,-9.009,-0.6599999999999999,0.132,9.044824093039917,-0.9000000000000001,0.2,0.5444444444444445,1.0718414766410893
5485.25,5485.25,47.9560928,-81.8550848,4935.619,-11.613333333333333,-0.9944444444444444,0.7844444444444444,11.758581896489355,-0.7,-0.07999999999999999,0.22000000000000003,0.774327737406497
5485.25,5485.35,47.9560928,-81.8550848,4933.303,-11.53,-0.277,0.7409999999999999,11.601327241122762,-0.96,-0.6699999999999999,-0.12,1.1814820546800067
5485.25,5485.45,47.9560928,-81.8550848,4932.929,-8.788,0.41200000000000003,-0.364,8.858707005548048,-0.9222222222222223,-0.7777777777777779,-0.17777777777777778,1.2210420771932604
5485.25,5485.55,47.9560928,-81.8550848,4932.781,-7.148999999999999,1.5990000000000002,-1.8060000000000003,7.583758611330213,-1.3909090909090907,-0.20909090909090908,0.30000000000000004,1.4679301722248466
5485.25,5485.65,47.9560928,-81.8550848,4927.032,-10.410999999999998,-0.164,-1.191,10.510420964596143,-1.7899999999999998,0.16,0.7299999999999999,1.9428533577059244
5485.25,5485.75,47.9560928,-81.8550848,4919.647,-12.488888888888887,-2.712222222222222,-1.2866666666666666,12.914269530707259,-2.2777777777777772,0.6777777777777777,0.4666666666666667,2.4296047607855122
5485.25,5485.85,47.9560928,-81.8550848,4913.088,-10.054999999999998,-1.018,0.23700000000000002,10.156330636794653,-1.8699999999999999,0.71,0.22000000000000003,2.012766041304837
5485.25,5485.95,47.9560928,-81.8550848,4909.364,-8.748999999999999,-1.353,0.264,8.865997907060315,-2.0,0.5777777777777778,0.07777777777777778,2.090069893317253
5485.25,5486.05,47.9560928,-81.8550848,4905.2685,-10.695,-0.495,-0.32999999999999996,10.724467912838461,-2.2636363636363632,0.3181818181818181,-0.03636363636363637,2.2869564045804602
5485.25,5486.15,47.9560928,-81.8550848,4903.482,-9.361999999999998,-0.42300000000000004,-0.553,9.388511340021378,-2.1400000000000006,0.22000000000000003,0.030000000000000006,2.1522985626611364
5486.25,5486.25,47.9560928,-81.8550848,4901.771,-10.540000000000001,-0.6159999999999999,-1.4789999999999999,10.672791212120885,-2.1,0.3,0.1,2.1257260793944175
5486.25,5486.35,47.9560928,-81.8550848,4901.398999999999,-7.569999999999999,-0.51,-0.6066666666666668,7.627527915464605,-1.7599999999999998,0.5,0.06999999999999999,1.8320028866015352
5486.25,5486.45,47.9560928,-81.8550848,4902.812,-10.806999999999999,-0.45299999999999996,-0.41500000000000004,10.8261123794053,-1.45,0.5,0.030000000000000006,1.5348661544400932
5486.25,5486.55,47.9560928,-81.8550848,4905.4915,-9.226999999999999,-0.40499999999999997,0.359,9.249627459466854,-1.6300000000000001,0.34,-0.13,1.6759839940897134
5486.25,5486.65,47.9560928,-81.8550848,4910.554,-10.036,-0.13199999999999998,0.45600000000000007,10.05358584679902,-1.8399999999999999,0.010000000000000004,-0.25999999999999995,1.8612439182523288
5486.25,5486.75,47.9560928,-81.8550848,4916.218,-9.28,-0.020999999999999998,-0.32,9.286213311124024,-1.7999999999999998,-0.1,-0.34444444444444444,1.8363089245590913
5486.25,5486.85,47.9560928,-81.8550848,4922.7045,-8.192,-0.334,-0.32699999999999996,8.209950411516948,-1.6,-0.030000000000000006,-0.4,1.6502078115227037
5486.25,5486.95,47.9560928,-81.8550848,4923.973,-9.335555555555555,-0.5666666666666668,-0.5611111111111111,9.372708401005424,-1.344444444444444,0.08888888888888889,-0.36666666666666664,1.3990094591284863
5486.25,5487.05,47.9560928,-81.8550848,4918.007,-9.901,-0.5929999999999999,-0.244,9.922610823848915,-1.06,0.2,-0.24000000000000005,1.105768157131792
5486.25,5487.15,47.9560928,-81.8550848,4911.597,-7.743333333333333,-0.5166666666666667,-0.17555555555555558,7.7633308898308275,-0.86,0.16000000000000003,-0.2,0.8984000619955055
5487.25,5487.25,47.9560928,-81.8550848,4904.523999999999,-8.440000000000001,-0.337,0.11499999999999999,8.449136165909081,-0.7,0.030000000000000006,-0.18000000000000002,0.7258809275518214
5487.25,5487.35,47.9560928,-81.8550848,4898.795,-8.853,-0.43199999999999994,-0.17099999999999999,8.866805005975555,-0.6599999999999999,-0.09,-0.07,0.6719091154844337
5487.25,5487.45,47.9560928,-81.8550848,4896.563,-9.302222222222222,-0.5833333333333334,-0.23999999999999996,9.32577761125125,-0.4666666666666667,-0.13333333333333333,0.0,0.4890928230587307
5487.25,5487.55,47.9560928,-81.8550848,4894.481,-8.61909090909091,-0.6845454545454546,-0.08545454545454546,8.647190722607062,-0.29000000000000004,-0.2,0.0,0.35457309661557673
5487.25,5487.65,47.9560928,-81.8550848,4891.657,-8.773333333333333,-0.6377777777777778,0.10666666666666666,8.798027701287303,-0.08,-0.2,0.0,0.2260112615949154
5487.25,5487.75,47.9560928,-81.8550848,4891.211,-6.7780000000000005,-0.584,0.221,6.807166720533071,0.02,-0.2,0.0,0.2047213595499958
5487.25,5487.85,47.9560928,-81.8550848,4890.468,-10.279,-0.7470000000000001,0.38500000000000006,10.31384211142415,0.21000000000000002,-0.13000000000000003,0.0,0.2606551850567226
5487.25,5487.95,47.9560928,-81.8550848,4891.954,-7.76111111111111,-0.6000000000000001,0.18666666666666665,7.7920257497364815,0.41111111111111115,-0.044444444444444446,0.022222222222222223,0.4192181507134104
5487.25,5488.05,47.9560928,-81.8550848,4892.995,-10.107272727272727,-0.6963636363636364,-0.6645454545454546,10.154812272320866,0.43,0.24,0.05,0.5227617557622148
5487.25,5488.15,47.9560928,-81.8550848,4889.13,-8.17,-0.5211111111111112,0.07555555555555556,8.190823024009326,0.3555555555555555,0.6,-0.022222222222222223,0.7002927017926939
5488.25,5488.25,47.9560928,-81.8550848,4883.858,-11.629,-0.5719999999999998,-0.14900000000000002,11.644995185050524,0.5299999999999999,0.6699999999999999,-0.16,0.8722795177374527
5488.25,5488.35,47.9560928,-81.8550848,4877.698,-7.595454545454547,-0.64,-0.42636363636363633,7.640187878818429,0.6799999999999999,0.58,-0.32999999999999996,0.9550034015629445
5488.25,5488.45,47.9560928,-81.8550848,4873.098,-11.561111111111112,0.6599999999999999,0.26333333333333336,11.613660724157747,0.6555555555555554,0.30000000000000004,-0.23333333333333328,0.7694428058309982
5488.25,5488.55,47.9560928,-81.8550848,4870.874,-6.8629999999999995,-0.762,0.25999999999999995,6.918713387891204,0.5363636363636364,-0.02727272727272728,0.12727272727272726,0.555153702909774
5488.25,5488.65,47.9560928,-81.8550848,4871.393,-11.583333333333334,-0.9011111111111111,0.47333333333333333,11.63069465986077,0.9444444444444444,-0.3333333333333333,0.3666666666666667,1.0705470388716567
5488.25,5488.75,47.9560928,-81.8550848,4874.433,-12.047,-1.0690000000000002,-0.344,12.105770071904816,1.2200000000000002,-0.5,0.59,1.44514149468514
5488.25,5488.85,47.9560928,-81.8550848,4877.697,-9.021818181818182,-1.241818181818182,-0.33636363636363636,9.166663932397016,1.4899999999999998,-0.30000000000000004,0.5900000000000001,1.6392804776326428
5488.25,5488.95,47.9560928,-81.8550848,4876.213,-6.676666666666667,-2.397777777777778,-0.4833333333333333,7.15048292042415,1.8800000000000001,0.04,0.24,1.904420071637667
5488.25,5489.05,47.9560928,-81.8550848,4865.39,-14.041,-2.846,1.1219999999999999,14.45282139639868,2.6399999999999997,0.29999999999999993,-0.25999999999999995,2.672035381504518
5488.25,5489.15,47.9560928,-81.8550848,4847.0380000000005,-7.867,-0.542,-0.538,7.92144989187441,3.0555555555555554,0.16666666666666666,-0.4444444444444444,3.0936162996938195
5489.25,5489.25,47.9560928,-81.8550848,4837.431,-15.927777777777777,-0.8277777777777778,-0.4255555555555556,15.963062327778728,3.1900000000000004,-0.11000000000000001,-0.34,3.2127766029799725
5489.25,5489.35,47.9560928,-81.8550848,4834.699500000001,-9.385454545454547,-0.9009090909090909,-0.8318181818181817,9.470559921318895,3.336363636363636,-0.29999999999999993,-0.05454545454545454,3.3509237491775776
5489.25,5489.45,47.9560928,-81.8550848,4834.626,-13.5,-1.5844444444444445,-1.2077777777777778,13.68781997772719,3.477777777777778,-0.22222222222222227,-0.03333333333333334,3.486261927290026
5489.25,5489.55,47.9560928,-81.8550848,4836.5455,-8.04,-1.7880000000000003,-0.629,8.352029255827201,3.2,-0.26,-0.54,3.260542421840795
5489.25,5489.65,47.9560928,-81.8550848,4838.5395,-15.487,-0.8089999999999999,-2.39,15.756364645534376,3.3,-0.41111111111111115,-0.6777777777777777,3.3972564534746477
5489.25,5489.75,47.9560928,-81.8550848,4848.811,-11.507777777777777,1.0155555555555555,-3.347777777777778,12.081431231574477,3.8300000000000005,0.22000000000000003,-0.4800000000000001,3.870945538289141
5489.25,5489.85,47.9560928,-81.8550848,4856.652,-15.94181818181818,0.9500000000000001,-1.9109090909090911,16.156048642542274,3.1090909090909093,0.4727272727272727,-0.4727272727272727,3.1821326540485995
5489.25,5489.95,47.9560928,-81.8550848,4852.656,-12.422999999999998,1.327,-0.574,12.699783681461001,2.877777777777778,0.2888888888888889,-0.30000000000000004,2.920365101027409
5489.25,5490.05,47.9560928,-81.8550848,4843.710999999999,-2.6677777777777782,0.49222222222222217,-0.38111111111111107,2.7676789100551304,2.9300000000000006,0.0,0.32,2.9495706293951267
5489.25,5490.15,47.9560928,-81.8550848,4833.002,-12.32,-1.252,1.301,12.514202144549028,3.55,-0.06000000000000001,0.72,3.6250011685904084
5490.25,5490.25,47.9560928,-81.8550848,4823.119,-10.426666666666668,-2.2844444444444445,-2.17,11.27840828782825,4.800000000000001,-0.2888888888888889,0.7,4.8625873007289355
5490.25,5490.35,47.9560928,-81.8550848,4815.0875,-10.18727272727273,-2.1527272727272733,-2.8672727272727276,10.867518409860612,4.745454545454546,0.12727272727272726,0.32727272727272727,4.766372133857602
5490.25,5490.45,47.9560928,-81.8550848,4814.131,-12.308000000000002,-1.052,-2.726,12.767013524919648,3.988888888888889,0.15555555555555556,-0.2111111111111111,4.00033583175637
5490.25,5490.55,47.9560928,-81.8550848,4813.467500000001,-8.454999999999998,0.03399999999999999,-1.8539999999999999,8.767286353345025,3.31,0.01,-0.18,3.319006475517972
5490.25,5490.65,47.9560928,-81.8550848,4814.131,-7.265555555555555,-0.006666666666666654,-2.5566666666666666,7.719263275543144,2.922222222222222,0.39999999999999997,0.17777777777777778,2.9650287788067433
5490.25,5490.75,47.9560928,-81.8550848,4819.2865,-8.722,-0.41900000000000004,-1.8489999999999998,8.963586324850112,2.7333333333333334,1.0666666666666669,0.03333333333333334,2.9379815815185175
5490.25,5490.85,47.9560928,-81.8550848,4824.151,-12.818999999999999,-0.06699999999999999,0.21000000000000005,12.900886684427476,3.8,1.1909090909090911,0.0,3.9975211272856965
5490.25,5490.95,47.9560928,-81.8550848,4827.543,-7.702,0.511,-1.366,7.9069233597261,4.55,0.6199999999999999,0.14,4.59648356608951
5490.25,5491.05,47.9560928,-81.8550848,4822.088,-9.585,-0.043000000000000003,-2.1239999999999997,9.855046091233188,4.37,0.6199999999999999,0.5700000000000001,4.453638629673998
5490.25,5491.15,47.9560928,-81.8550848,4804.563,-12.472222222222221,-1.1755555555555555,-1.2688888888888892,12.608175633451808,3.9444444444444446,0.911111111111111,0.4666666666666667,4.078792284676875
5491.25,5491.25,47.9560928,-81.8550848,4796.549499999999,-10.010000000000002,-0.44400000000000006,0.8060000000000003,10.313969682253749,3.388888888888889,0.7777777777777778,-0.06666666666666668,3.4853382045422916
5491.25,5491.35,47.9560928,-81.8550848,4794.124,-10.395,-0.476,-0.22799999999999998,10.88587434519087,3.2,0.009090909090909094,-0.1,3.2048230475027015
5491.25,5491.45,47.9560928,-81.8550848,4793.4635,-8.565000000000001,-1.026,-0.9359999999999999,8.687164543168281,3.1800000000000006,-0.09,0.02,3.1817333563422143
5491.25,5491.55,47.9560928,-81.8550848,4794.271,-7.972999999999999,-0.7150000000000001,-0.9119999999999999,8.091167539980148,3.06,0.05,0.16,3.0660928498520876
5491.25,5491.65,47.9560928,-81.8550848,0.0,-6.36125,-0.61625,-1.455,6.577946995234861,2.822222222222222,0.43333333333333335,0.10000000000000002,2.861808094011803
5491.25,5491.75,47.9560928,-81.8550848,4799.0485,-8.498,-0.5389999999999999,-0.45,8.537432071525467,2.76,0.59,-0.13,2.8266474492510945
5491.25,5491.85,47.9560928,-81.8550848,4803.827,-9.222999999999999,-1.0630000000000002,-0.6170000000000001,9.309628091882784,2.98,0.28,-0.35,3.0155692399947536
5491.25,5491.95,47.9560928,-81.8550848,4809.492,-8.184000000000001,-1.108,-0.502,8.275350774165027,2.8899999999999997,0.0,-0.37,2.9145722726289955
5491.25,5492.05,47.9560928,-81.8550848,4810.89,-8.557272727272727,-0.5563636363636365,-0.6445454545454545,8.604136784234585,2.7,-0.14000000000000004,-0.11000000000000001,2.7081813713183687
5491.25,5492.15,47.9560928,-81.8550848,4807.8735,-6.853333333333334,-0.7366666666666667,-0.6422222222222222,6.924266183126387,2.5444444444444443,0.011111111111111112,0.044444444444444446,2.5459906637687513
5492.25,5492.25,47.9560928,-81.8550848,4796.916,-7.75,-0.9744444444444444,-0.9588888888888888,7.87147854439183,2.3099999999999996,0.27999999999999997,-0.04,2.332372176088282
5492.25,5492.35,47.9560928,-81.8550848,4781.7195,-9.613,-0.661,-0.22200000000000003,9.643444303768828,1.94,0.4800000000000001,-0.5,2.0664850453607935
5492.25,5492.45,47.9560928,-81.8550848,4774.46,-10.139,-0.649,-0.203,10.162021871743741,1.8999999999999997,0.30000000000000004,-0.74,2.0629738298065066
5492.25,5492.55,47.9560928,-81.8550848,4769.33,-11.354545454545455,-0.5127272727272728,-0.419090909090909,11.382345128241935,1.9799999999999998,0.04,-0.7,2.1027664948002345
5492.25,5492.65,47.9560928,-81.8550848,4767.4995,-8.193333333333335,0.09555555555555556,-0.5033333333333334,8.210630332963598,1.8,0.0,-0.28,1.8267292188948372
5492.25,5492.75,47.9560928,-81.8550848,4767.426,-9.713333333333331,-0.7677777777777778,0.15555555555555556,9.755656736898095,1.6333333333333333,0.06666666666666667,0.044444444444444446,1.6367588489513534
5492.25,5492.85,47.9560928,-81.8550848,4766.548000000001,-8.625454545454545,-0.7009090909090909,0.4827272727272728,8.669444933033713,1.7,0.16,0.1,1.711134576338214
5492.25,5492.95,47.9560928,-81.8550848,4765.523,-14.172222222222222,-0.8044444444444445,0.5077777777777778,14.206030975157447,1.73,0.36,0.08,1.77139707211358
5492.25,5493.05,47.9560928,-81.8550848,4763.107,-11.315454545454545,-0.36363636363636365,0.09454545454545454,11.323314474324029,1.8,0.5727272727272726,-0.06363636363636363,1.8915521911560695
5492.25,5493.15,47.9560928,-81.8550848,4760.838,-11.83,-0.32666666666666666,-0.31222222222222223,11.842157954870238,1.8333333333333333,0.4888888888888888,-0.25555555555555554,1.917392714692342
5493.25,5493.25,47.9560928,-81.8550848,4759.083,-14.32888888888889,1.03,1.3855555555555557,14.50628183687577,1.6555555555555557,-0.13333333333333333,-0.23333333333333328,1.6976465736258912
5493.25,5493.35,47.9560928,-81.8550848,4759.741,-8.950909090909091,0.14181818181818187,-0.0381818181818182,8.990074481198414,1.2399999999999998,-0.55,0.23000000000000004,1.3819671382511263
5493.25,5493.45,47.9560928,-81.8550848,4766.109,-14.912222222222223,-0.9955555555555554,-1.1666666666666667,15.1522448793077,0.86,-0.28,0.15,0.9366059624566583
5493.25,5493.55,47.9560928,-81.8550848,4768.085,-7.054545454545456,-0.37909090909090915,-1.718181818181818,7.41655842799249,0.6454545454545454,0.07272727272727274,-0.4545454545454545,0.7980104564505915
5493.25,5493.65,47.9560928,-81.8550848,4767.426,-16.309000000000005,-0.040999999999999995,-0.315,16.325318383111355,1.2000000000000002,0.36666666666666664,-0.5,1.3638088479017358
5493.25,5493.75,47.9560928,-81.8550848,4766.841,-10.855,-0.445,-0.10499999999999998,10.896312994648376,1.6555555555555554,0.3444444444444444,-0.2666666666666667,1.7152846448464658
5493.25,5493.85,47.9560928,-81.8550848,4769.331,-14.444545454545453,-1.2236363636363636,-0.47090909090909094,14.509217580805194,1.8272727272727272,0.2909090909090909,-0.2,1.8613647020985213
5493.25,5493.95,47.9560928,-81.8550848,4770.503,-11.326666666666666,-0.9022222222222221,1.17,11.481007614177026,2.3000000000000003,-0.08888888888888889,-0.12222222222222223,2.3143265457347013
5493.25,5494.05,47.9560928,-81.8550848,4771.8945,-6.838181818181818,-0.7699999999999999,-0.3418181818181818,6.937953610864505,2.4454545454545453,-0.38181818181818183,0.06363636363636363,2.477431960871026
5493.25,5494.15,47.9560928,-81.8550848,4770.649,-13.727999999999998,-0.906,-1.221,13.838763781058717,2.411111111111111,-0.18888888888888888,0.26666666666666666,2.4404912448289386
5494.25,5494.25,47.9560928,-81.8550848,4758.938,-8.984444444444444,-0.42555555555555563,-0.29666666666666663,9.072969064449275,2.02,0.48,0.08,2.0811034877637824
5494.25,5494.35,47.9560928,-81.8550848,4741.397,-13.012,-0.361,-0.24100000000000002,13.02543462352321,2.0200000000000005,0.57,-0.05,2.1007228802033815
5494.25,5494.45,47.9560928,-81.8550848,4734.099,-13.581999999999999,-0.348,-0.7030000000000001,13.612203329146032,2.1444444444444444,0.4555555555555556,-0.1,2.1953670118585453
5494.25,5494.55,47.9560928,-81.8550848,4728.1925,-5.964,0.27799999999999997,-0.686,6.0263151239505826,2.072727272727273,0.4,-0.009090909090909092,2.11120070006518
5494.25,5494.65,47.9560928,-81.8550848,0.0,-15.132,-1.491,2.055,15.484528778129743,2.27,-2.2204460492503132e-17,-0.04,2.298643518140215
5494.25,5494.75,47.9560928,-81.8550848,4726.0064999999995,-10.664444444444445,-1.0733333333333333,-0.04444444444444446,10.769130780284947,1.877777777777778,-1.1333333333333333,0.022222222222222223,2.2011176125777334
5494.25,5494.85,47.9560928,-81.8550848,4723.311,-13.560000000000002,-1.154,-2.2800000000000002,13.875910757196593,1.42,-0.69,0.23000000000000004,1.6073212710072782
5494.25,5494.95,47.9560928,-81.8550848,4722.5825,-5.8839999999999995,-1.516,-1.8340000000000003,6.363739780061924,0.5777777777777778,0.08888888888888889,-0.08888888888888888,0.6568227539019605
5494.25,5495.05,47.9560928,-81.8550848,4720.98,-9.231000000000002,-0.6709999999999999,-0.0010000000000000037,9.280055769417872,0.21818181818181817,0.4454545454545455,-0.4454545454545455,0.6673427198253257
5494.25,5495.15,47.9560928,-81.8550848,4719.378,-13.642000000000001,-0.529,0.509,13.693722564038442,0.32999999999999996,0.43,-0.47000000000000003,0.7248926976678549
5495.25,5495.25,47.9560928,-81.8550848,4716.9025,-4.0809999999999995,-0.030000000000000006,0.462,4.130029810287622,0.36666666666666664,0.05555555555555555,-0.2666666666666667,0.4610986352700536
5495.25,5495.35,47.9560928,-81.8550848,4715.156,-14.325555555555557,0.922222222222222,-0.34666666666666673,14.372495485788225,0.009999999999999992,-0.02,0.22999999999999998,0.3232508289561468
5495.25,5495.45,47.9560928,-81.8550848,4713.4825,-9.687999999999999,-0.6369999999999999,-0.05499999999999999,9.72198171082111,-0.13000000000000003,0.0,0.6599999999999999,0.6753175013086634
5495.25,5495.55,47.9560928,-81.8550848,4711.227,-11.233,-1.0790000000000002,-0.242,11.299124513171645,-0.06000000000000001,0.030000000000000006,0.61,0.617132298246201
5495.25,5495.65,47.9560928,-81.8550848,4709.4085,-9.157,-1.2550000000000001,0.7819999999999999,9.369410204423518,0.1,-0.08,0.37,0.4303560692978639
5495.25,5495.75,47.9560928,-81.8550848,4707.445,-6.316,-0.6719999999999999,0.39299999999999996,6.395724247395814,0.3777777777777778,-0.34444444444444444,0.07777777777777778,0.5266204321434548
5495.25,5495.85,47.9560928,-81.8550848,4706.6455,-11.776,-0.155,-1.0899999999999999,11.890522807635708,0.61,-0.22000000000000003,0.0,0.6767187858337677
5495.25,5495.95,47.9560928,-81.8550848,4705.772999999999,-8.553333333333335,0.16666666666666669,-0.8844444444444446,8.64418760127679,0.6699999999999999,0.17,-0.12,0.7175644970402457
5495.25,5496.05,47.9560928,-81.8550848,4702.793,-9.281,-0.198,-0.097,9.285062908032288,0.5999999999999999,0.26000000000000006,-0.2,0.685329983228432
5495.25,5496.15,47.9560928,-81.8550848,4701.4125,-12.773333333333333,-0.14444444444444446,0.18222222222222223,12.793701987398299,0.5999999999999999,0.13,-0.16,0.642196729116869
5496.25,5496.25,47.9560928,-81.8550848,4698.724,-7.324000000000001,0.384,0.24599999999999994,7.350447828154715,0.5700000000000001,-0.08,0.09,0.59122182214396
5496.25,5496.35,47.9560928,-81.8550848,4698.216,-13.796000000000001,-0.508,-0.4050000000000001,13.829738494767772,0.49000000000000005,-0.07,0.37,0.6213430486728837
5496.25,5496.45,47.9560928,-81.8550848,4696.981,-7.87,-0.31555555555555553,-0.7711111111111111,7.959021661908021,0.2222222222222222,0.23333333333333334,0.2888888888888889,0.4599729486168951
5496.25,5496.55,47.9560928,-81.8550848,4694.948,-7.565454545454545,-0.2809090909090909,0.28090909090909094,7.620542979361705,0.12,0.38,0.18000000000000002,0.44143920333194603
5496.25,5496.65,47.9560928,-81.8550848,4693.6415,-11.864444444444445,-1.16,0.6955555555555556,11.98153636238031,0.24000000000000005,0.04,-0.16,0.3690917236633885
5496.25,5496.75,47.9560928,-81.8550848,4691.319,-9.678999999999998,-0.09,-0.316,9.686323775468527,0.1,-0.18,-0.4,0.4514588693388529
5496.25,5496.85,47.9560928,-81.8550848,4689.359,-12.079,-0.199,-0.274,12.087730583774169,0.1,-0.18000000000000002,-0.28,0.351542397955414
5496.25,5496.95,47.9560928,-81.8550848,4688.416,-9.212222222222222,0.1488888888888889,-0.8577777777777779,9.256947391099704,0.011111111111111112,0.011111111111111112,-0.03333333333333334,0.07940293744379968
5496.25,5497.05,47.9560928,-81.8550848,4685.442,-6.895454545454546,-0.0818181818181818,0.22090909090909092,6.943833433922792,-0.1,0.2,0.0,0.22360679774997902
5496.25,5497.15,47.9560928,-81.8550848,4683.485,-14.592222222222224,0.6144444444444445,1.8811111111111112,14.907375522915522,-0.20000000000000004,-0.2888888888888889,0.022222222222222223,0.39843130447495656
5497.25,5497.25,47.9560928,-81.8550848,4682.324,-7.843999999999999,-0.04499999999999999,0.5489999999999998,7.986629099603169,0.12,-0.8600000000000001,0.18,0.8909667946267377
5497.25,5497.35,47.9560928,-81.8550848,4683.485000000001,-7.753636363636363,-0.6863636363636364,-2.5136363636363637,8.273286353846542,0.42000000000000004,-0.32,0.15000000000000002,0.6277210517217726
5497.25,5497.45,47.9560928,-81.8550848,4685.225,-7.22875,-0.72875,-1.9487500000000002,7.576601012220051,0.03333333333333333,0.4666666666666667,-0.08888888888888889,0.5278622735225365
5497.25,5497.55,47.9560928,-81.8550848,4678.991,-13.814545454545453,-0.6054545454545456,-0.0681818181818182,13.842588831058817,-0.4272727272727272,0.8727272727272729,-0.4272727272727272,1.0689591803552914
5497.25,5497.65,47.9560928,-81.8550848,4674.064,-11.242222222222221,-0.671111111111111,1.7466666666666666,11.42770503596126,-0.8888888888888888,0.4888888888888888,-0.7444444444444445,1.2982463559942852
5497.25,5497.75,47.9560928,-81.8550848,4670.298500000001,-6.074,0.449,0.9890000000000001,6.1782384019916154,-1.54,-0.030000000000000006,-0.72,1.7065464308250795
5497.25,5497.85,47.9560928,-81.8550848,4667.983,-10.229090909090909,0.2536363636363636,0.5554545454545455,10.277694422298815,-1.9700000000000002,-0.5,-0.51,2.099672977536721
5497.25,5497.95,47.9560928,-81.8550848,4666.39,-9.356666666666666,-0.17777777777777778,-1.0922222222222222,9.453079143255968,-1.9,-0.6599999999999999,-0.42000000000000004,2.055118880797897
5497.25,5498.05,47.9560928,-81.8550848,4663.2075,-10.339,-0.3539999999999999,-0.74,10.391647872996277,-1.7,-0.51,-0.39,1.818137306440028
5497.25,5498.15,47.9560928,-81.8550848,4659.737,-10.671000000000001,0.418,-1.2469999999999999,10.786719448681087,-1.8888888888888888,-0.30000000000000004,-0.1111111111111111,1.9222909131871475
5498.25,5498.25,47.9560928,-81.8550848,4657.2785,-6.77,-0.8033333333333332,-0.5933333333333334,6.845345681340238,-2.0,-0.12000000000000002,0.0,2.0039937764048985
5498.25,5498.35,47.9560928,-81.8550848,4655.833,-9.007272727272726,-0.719090909090909,-0.5036363636363637,9.07351082871748,-1.9909090909090907,-0.1,0.0,1.9934194685040758
5498.25,5498.45,47.9560928,-81.8550848,4653.9545,-16.04111111111111,-0.09888888888888889,1.5455555555555556,16.150927860436788,-1.411111111111111,-0.6000000000000001,0.2444444444444444,1.593972772899918
5498.25,5498.55,47.9560928,-81.8550848,4654.388,-14.561000000000002,-0.40700000000000003,-0.7689999999999999,14.613644070459213,-1.1999999999999997,-0.9800000000000001,0.32999999999999996,1.5849753217428233
5498.25,5498.65,47.9560928,-81.8550848,4657.134,-8.234000000000002,0.5109999999999999,-3.149,8.920890725533134,-1.5444444444444447,-0.4222222222222223,0.3,1.6632129000492784
5498.25,5498.75,47.9560928,-81.8550848,4666.6810000000005,-4.75,0.26,-2.4322222222222223,5.365462719466247,-2.19,0.32999999999999996,0.4699999999999999,2.2675736631404186
5498.25,5498.85,47.9560928,-81.8550848,4678.121,-12.71909090909091,-1.2363636363636366,-1.2609090909090908,12.915524494760819,-2.8636363636363638,0.6636363636363636,0.609090909090909,3.005327865672532
5498.25,5498.95,47.9560928,-81.8550848,4686.530000000001,-9.485999999999999,-1.3270000000000004,-0.19099999999999995,9.65450318382643,-3.1555555555555554,0.5222222222222223,0.4,3.2245949663470825
5498.25,5499.05,47.9560928,-81.8550848,4686.53,-10.705555555555556,-1.3433333333333333,0.6433333333333334,10.817101182293449,-2.9499999999999997,0.13,0.19,2.9631671332539593
5498.25,5499.15,47.9560928,-81.8550848,4677.3965,-9.537,-1.192,0.6400000000000001,9.644237287320143,-2.4200000000000004,0.0,-0.05,2.4211594039366258
5499.25,5499.25,47.9560928,-81.8550848,4665.233,-7.812222222222222,-0.7,0.44555555555555565,7.857426668928056,-1.8111111111111111,0.08888888888888889,-0.1,1.8163593102506814
5499.25,5499.35,47.9560928,-81.8550848,4651.282499999999,-7.906363636363636,0.1827272727272727,-0.11545454545454546,7.945293307279211,-1.718181818181818,0.1,0.07272727272727274,1.7271956761681702
5499.25,5499.45,47.9560928,-81.8550848,4643.99,-9.192,0.0009999999999999788,-0.37599999999999995,9.224165581907625,-1.9222222222222223,0.08888888888888889,0.5222222222222223,1.99735608953774
5499.25,5499.55,47.9560928,-81.8550848,4637.785,-10.002,-1.172,0.18,10.079840278807442,-1.8999999999999997,-0.01,0.6499999999999999,2.0093763249631933
5499.25,5499.65,47.9560928,-81.8550848,4634.037,-9.063333333333333,-0.8788888888888889,0.13888888888888887,9.11737311457832,-1.75,-0.13,0.38999999999999996,1.7996684417907551
5499.25,5499.75,47.9560928,-81.8550848,4632.019,-7.005,-0.23899999999999996,0.2,7.012847448360096,-1.6666666666666665,-0.21111111111111114,0.2222222222222222,1.696012949540383
5499.25,5499.85,47.9560928,-81.8550848,4629.8565,-8.937999999999999,-0.19799999999999998,-0.041000000000000016,8.958067436559102,-1.5272727272727273,-0.22727272727272732,0.11818181818181818,1.551678950571214
5499.25,5499.95,47.9560928,-81.8550848,4628.128,-8.458,-0.05800000000000001,-0.093,8.477249017369695,-1.06,0.06000000000000001,0.38,1.1380759135344554
5499.25,5500.05,47.9560928,-81.8550848,4624.672,-7.572999999999999,-0.30599999999999994,0.6759999999999999,7.611208085972576,-0.79,0.2,0.5799999999999998,1.0018793566992108
5499.25,5500.15,47.9560928,-81.8550848,4624.023499999999,-11.09,-0.8711111111111111,-0.17888888888888882,11.145889014503645,-0.7555555555555555,0.26666666666666666,0.5555555555555556,0.9813186082002946
5500.25,5500.25,47.9560928,-81.8550848,4621.36,-9.142,-0.8539999999999999,-0.094,9.184184033890492,-1.0666666666666669,0.5555555555555556,0.2222222222222222,1.2315076669311478
5500.25,5500.35,47.9560928,-81.8550848,4618.6255,-10.499,-0.99,0.266,10.551958761386633,-1.6454545454545453,0.5727272727272728,-0.10909090909090909,1.7502931236747679
5500.25,5500.45,47.9560928,-81.8550848,4616.179,-12.266000000000002,-0.765,0.5839999999999999,12.30545712160156,-2.0100000000000002,0.34,-0.35,2.0724244572303157
5500.25,5500.55,47.9560928,-81.8550848,4618.985000000001,-8.482000000000001,-0.5960000000000001,0.05300000000000001,8.512073576411392,-2.2600000000000002,0.02,-0.47000000000000003,2.3091099424283152
5500.25,5500.65,47.9560928,-81.8550848,4623.952,-12.815,-0.8099999999999999,-0.9025000000000001,12.87749492821279,-2.2777777777777772,0.022222222222222223,-0.4666666666666667,2.3259391242481566
5500.25,5500.75,47.9560928,-81.8550848,4627.408,-13.407999999999998,0.197,-1.208,13.502442687843594,-2.35,0.15000000000000005,0.0,2.3635165140828445
5500.25,5500.85,47.9560928,-81.8550848,4630.289000000001,-12.531,-1.4170000000000003,-0.413,12.63832455241032,-2.07,-0.06999999999999999,0.24000000000000005,2.089943681992069
5500.25,5500.95,47.9560928,-81.8550848,4632.451,-11.742999999999999,-2.077,-0.42000000000000004,11.94397857871446,-1.5100000000000002,-0.30999999999999994,-0.2,1.571006895003708
5500.25,5501.05,47.9560928,-81.8550848,4631.586,-9.585454545454546,0.8781818181818182,-0.16818181818181818,9.845493253759471,-1.21,-0.22000000000000003,-0.65,1.3934537450116504
5500.25,5501.15,47.9560928,-81.8550848,4626.544,-15.26125,2.24625,-0.25125,15.576877163281592,-1.6555555555555554,-0.41111111111111115,-0.05555555555555555,1.7226842738081143
5501.25,5501.25,47.9560928,-81.8550848,4620.4965,-11.384,0.713,-0.483,11.47780796335055,-1.9,-0.6799999999999999,0.48,2.077527900064579
5501.25,5501.35,47.9560928,-81.8550848,4614.597,-12.852,-0.8870000000000001,-2.459,13.389240393830496,-1.55,-0.39,0.35,1.6530140556630613
5501.25,5501.45,47.9560928,-81.8550848,4610.283,-6.8966666666666665,-0.7266666666666667,-1.8811111111111112,7.269688093052711,-1.3399999999999999,0.3,0.29,1.4108809321172375
5501.25,5501.55,47.9560928,-81.8550848,4600.585999999999,-15.002727272727276,-0.3609090909090909,0.14181818181818182,15.028892294147319,-1.6,0.59,0.2,1.7172379782290144
5501.25,5501.65,47.9560928,-81.8550848,4594.198,-7.762222222222222,-0.7788888888888889,1.0066666666666668,7.894602884818036,-1.8555555555555554,0.06666666666666667,0.03333333333333334,1.8615337653239594
5501.25,5501.75,47.9560928,-81.8550848,4590.970499999999,-6.737777777777778,-1.208888888888889,0.1988888888888889,6.887757711679207,-1.7111111111111112,-0.14444444444444446,-0.1888888888888889,1.7336415417950237
5501.25,5501.85,47.9560928,-81.8550848,4588.031,-12.477272727272727,-0.2890909090909091,-0.11272727272727275,12.48208309923134,-1.4700000000000002,-0.12000000000000002,-0.48,1.5521884255102538
5501.25,5501.95,47.9560928,-81.8550848,4585.5225,-9.213333333333331,-0.51,-0.03222222222222223,9.228085153222768,-1.3900000000000001,-0.05,-0.5,1.4789098539521484
5501.25,5502.05,47.9560928,-81.8550848,4582.298,-10.706363636363635,-0.9945454545454545,0.1290909090909091,10.754766852158973,-1.2545454545454542,0.045454545454545456,-0.3727272727272727,1.31148193586613
5501.25,5502.15,47.9560928,-81.8550848,4580.292,-8.137777777777778,-1.0722222222222224,-0.04111111111111112,8.209762611090532,-1.1444444444444444,0.17777777777777778,-0.23333333333333334,1.1829691426896007
5502.25,5502.25,47.9560928,-81.8550848,4577.356,-10.09888888888889,-0.8766666666666667,-0.31666666666666665,10.148356653492469,-1.0666666666666669,0.2,-0.08888888888888889,1.09121821228939
5502.25,5502.35,47.9560928,-81.8550848,4575.423,-9.43090909090909,-0.3136363636363636,-0.18454545454545454,9.440390522095159,-0.8100000000000002,0.19,0.22000000000000003,0.8781906126048364
5502.25,5502.45,47.9560928,-81.8550848,4574.063,-10.48111111111111,-0.4677777777777778,-0.2555555555555556,10.501142794797396,-0.38999999999999996,0.08,0.6799999999999999,0.8026739624307189
5502.25,5502.55,47.9560928,-81.8550848,4572.704,-11.271818181818183,-0.6709090909090909,-0.53,11.30634806383373,-0.17272727272727276,0.0,0.9,0.9174773733886851
5502.25,5502.65,47.9560928,-81.8550848,4571.129,-11.323,-1.552,-0.6619999999999999,11.47137601119659,-0.08888888888888889,0.0,0.6333333333333333,0.6403818983077975
5502.25,5502.75,47.9560928,-81.8550848,4568.983,-8.93625,-1.04875,-0.93625,9.057695511297453,0.08888888888888889,0.044444444444444446,0.044444444444444446,0.1592871028906206
5502.25,5502.85,47.9560928,-81.8550848,4567.2665,-9.743636363636364,-0.13454545454545452,-0.7445454545454546,9.779780009511683,0.29999999999999993,0.1,-0.2818181818181818,0.4326303567204713
5502.25,5502.95,47.9560928,-81.8550848,4566.5515,-11.242222222222221,0.17222222222222222,-1.0311111111111109,11.29173906473346,0.3,0.07777777777777778,-0.4,0.5077015177238834
5502.25,5503.05,47.9560928,-81.8550848,4565.836,-11.129090909090907,0.2763636363636363,-0.7281818181818182,11.178997792071856,0.16363636363636366,-0.12727272727272726,-0.21818181818181817,0.3267119870700614
5502.25,5503.15,47.9560928,-81.8550848,4563.4055,-10.173,-0.7699999999999999,-1.1139999999999999,10.263965910341302,0.1,-0.2,-0.03333333333333334,0.23072085659275862
5503.25,5503.25,47.9560928,-81.8550848,4561.548,-10.734444444444444,-0.3933333333333333,-0.8155555555555555,10.774221882976796,0.1,-0.23333333333333334,0.10000000000000002,0.2809071702352303
5503.25,5503.35,47.9560928,-81.8550848,4558.261,-10.842999999999998,-0.6869999999999999,-0.869,10.899804856145177,0.1,-0.29999999999999993,0.3909090909090909,0.5045724861670724
5503.25,5503.45,47.9560928,-81.8550848,4556.69,-10.126000000000001,-0.40800000000000003,-0.704,10.159325177287993,0.15555555555555556,-0.21111111111111114,0.5444444444444444,0.6069479719737313
5503.25,5503.55,47.9560928,-81.8550848,4554.6895,-11.195000000000002,-1.0130000000000001,-0.505,11.262501827470695,0.36363636363636365,-0.19090909090909092,0.5000000000000001,0.6704201396979387
5503.25,5503.65,47.9560928,-81.8550848,4553.476000000001,-9.985999999999999,-0.21100000000000002,-0.73,10.024630449840332,0.76,-0.1,0.22000000000000003,0.7995831199976994
5503.25,5503.75,47.9560928,-81.8550848,4551.977,-10.165555555555555,-0.14777777777777776,-0.6922222222222223,10.192820244197081,0.9333333333333333,-0.16666666666666666,0.07777777777777778,0.9545495357980902
5503.25,5503.85,47.9560928,-81.8550848,4549.836,-10.751,0.038,-0.907,10.789762269487248,1.06,-0.22000000000000003,0.0,1.0831702416072084
5503.25,5503.95,47.9560928,-81.8550848,4548.266,-11.014999999999999,-0.019,-0.885,11.050757347794937,1.1777777777777776,-0.3,0.011111111111111112,1.2158787045454613
5503.25,5504.05,47.9560928,-81.8550848,4546.554,-11.427,-0.127,-0.8150000000000001,11.457178611337522,1.3000000000000003,-0.29999999999999993,0.13636363636363635,1.341938614473144
5503.25,5504.15,47.9560928,-81.8550848,4544.699,-13.233,-0.271,-0.6779999999999999,13.253351022618137,1.43,-0.26000000000000006,0.25999999999999995,1.4782338501228491
5504.25,5504.25,47.9560928,-81.8550848,0.0,-12.391000000000002,-0.25199999999999995,-0.657,12.411155067709243,1.5777777777777777,-0.10000000000000002,0.3888888888888889,1.6298176879513437
5504.25,5504.35,47.9560928,-81.8550848,4542.061,-11.11111111111111,-0.2755555555555556,-0.8288888888888889,11.145723463506354,1.7400000000000002,0.030000000000000006,0.47000000000000003,1.8035928552360556
5504.25,5504.45,47.9560928,-81.8550848,4541.277,-10.171,-0.33399999999999996,-1.113,10.238948453606582,1.8399999999999999,0.21000000000000002,0.41000000000000003,1.8982328961956334
5504.25,5504.55,47.9560928,-81.8550848,4540.064,-9.124,-0.585,-1.355,9.246708086887365,1.95,0.29999999999999993,0.26,1.991305792046235
5504.25,5504.65,47.9560928,-81.8550848,4538.425,-8.714,-0.9139999999999999,-0.74,8.796219127774654,1.8900000000000001,0.13999999999999999,0.08,1.9006935533986045
5504.25,5504.75,47.9560928,-81.8550848,4538.7815,-8.004999999999999,-0.34900000000000003,-1.3209999999999997,8.126936257036503,1.6888888888888889,-0.09999999999999999,0.06666666666666668,1.6959834476691575
5504.25,5504.85,47.9560928,-81.8550848,4539.423,-7.173333333333334,-0.8577777777777778,-1.3299999999999998,7.359214658373061,1.55,-0.18000000000000002,0.29999999999999993,1.5916634081731889
5504.25,5504.95,47.9560928,-81.8550848,4539.993,-8.267777777777777,-1.5300000000000002,-0.7711111111111111,8.444840397125017,1.5,-0.07,0.44000000000000006,1.566152395369048
5504.25,5505.05,47.9560928,-81.8550848,4538.924,-8.881000000000002,-1.342,-0.6410000000000001,9.005652708598916,1.5,0.030000000000000006,0.5,1.5820865665915786
5504.25,5505.15,47.9560928,-81.8550848,4535.432,-10.668888888888889,-1.231111111111111,-0.6699999999999999,10.76094365811366,1.56,0.16,0.5,1.646635761678242
5505.25,5505.25,47.9560928,-81.8550848,4529.379,-11.449000000000002,-1.137,-0.7129999999999999,11.527580659766157,1.7,0.27999999999999997,0.44000000000000006,1.7795155151470734
5505.25,5505.35,47.9560928,-81.8550848,4521.907,-10.905,-0.958,-0.685,10.968565687245718,1.9,0.29999999999999993,0.26000000000000006,1.9418113543097157
5505.25,5505.45,47.9560928,-81.8550848,4517.2855,-9.612222222222222,-0.8066666666666669,-0.6311111111111112,9.66669316738173,2.0,0.3,0.06666666666666667,2.0245691335866076
5505.25,5505.55,47.9560928,-81.8550848,4513.803,-9.746363636363636,-0.869090909090909,-0.6127272727272728,9.80451015967494,2.1100000000000003,0.29999999999999993,-0.09,2.134711438021046
5505.25,5505.65,47.9560928,-81.8550848,4512.523,-9.605555555555554,-1.0622222222222222,-0.4811111111111111,9.676539043957822,2.21,0.29999999999999993,-0.25999999999999995,2.2458880087752524
5505.25,5505.75,47.9560928,-81.8550848,4511.102500000001,-10.606,-1.366,-0.43100000000000005,10.702491452348788,2.3299999999999996,0.2,-0.33999999999999997,2.3635544344399593
5505.25,5505.85,47.9560928,-81.8550848,4510.819,-10.555,-1.561,-0.23800000000000004,10.67288674928631,2.48,0.13000000000000003,-0.4,2.515905403684177
5505.25,5505.95,47.9560928,-81.8550848,4513.021,-11.023333333333333,-1.7422222222222221,-0.014444444444444447,11.160678291057728,2.6333333333333333,0.1,-0.4,2.6654262297282685
5505.25,5506.05,47.9560928,-81.8550848,4518.067,-10.757272727272728,-1.7027272727272729,0.2736363636363637,10.896245579959078,2.7800000000000002,0.1,-0.48,2.823111218408222
5505.25,5506.15,47.9560928,-81.8550848,4532.9415,-12.514444444444443,-1.0699999999999998,0.32333333333333336,12.567603484843024,2.9,0.0,-0.5333333333333333,2.9489980556056783
5506.25,5506.25,47.9560928,-81.8550848,4546.553,-12.49,-0.666,0.8399999999999999,12.538121819264664,2.8999999999999995,-0.01,-0.5999999999999999,2.9615873688935332
5506.25,5506.35,47.9560928,-81.8550848,4555.0470000000005,-12.47,0.00181818181818184,0.6163636363636363,12.493261294669121,2.9699999999999998,-0.22000000000000003,-0.5599999999999999,3.031676863394522
5506.25,5506.45,47.9560928,-81.8550848,4555.1895,-11.7375,0.5925,-0.37,11.761966411441392,3.077777777777778,-0.3555555555555555,-0.3444444444444445,3.118888526393178
5506.25,5506.55,47.9560928,-81.8550848,4542.559,-9.873636363636363,0.6463636363636364,-1.6090909090909091,10.03763912820253,3.136363636363637,-0.22727272727272732,-0.11818181818181821,3.1478701211803357
5506.25,5506.65,47.9560928,-81.8550848,4517.5735,-8.901111111111113,0.3811111111111111,-2.0166666666666666,9.137021513341441,3.1,-0.022222222222222223,-0.1,3.1019706274058128
5506.25,5506.75,47.9560928,-81.8550848,4497.901,-7.679999999999998,-0.35200000000000004,-2.392,8.058692033179792,3.1000000000000005,0.0,-0.1,3.1016124838541645
5506.25,5506.85,47.9560928,-81.8550848,4493.361500000001,-7.425454545454545,-0.7872727272727275,-2.1709090909090905,7.7883407416275565,3.0700000000000003,-0.08,-0.07,3.0731107080236293
5506.25,5506.95,47.9560928,-81.8550848,4493.22,-8.71,-0.5977777777777777,-1.4555555555555555,8.85485015408112,2.84,-0.26999999999999996,0.2,2.8640525662477097
5506.25,5507.05,47.9560928,-81.8550848,4490.8815,-10.863,-1.142,-1.101,10.978992308398208,2.6300000000000003,-0.26000000000000006,0.6399999999999999,2.7221541138622056
5506.25,5507.15,47.9560928,-81.8550848,4488.614,-12.697,-1.2950000000000004,-1.084,12.810404243617768,2.5444444444444443,-0.03333333333333334,0.8666666666666667,2.689928938552117
5507.25,5507.25,47.9560928,-81.8550848,4486.701,-12.565555555555555,-0.7744444444444445,-0.8255555555555555,12.6175549472294,2.6000000000000005,0.27999999999999997,0.7899999999999999,2.7350831866853196
5507.25,5507.35,47.9560928,-81.8550848,4486.206,-11.092727272727272,-1.0463636363636364,-0.5636363636363636,11.158578807896033,2.654545454545455,0.47272727272727283,0.2727272727272727,2.717413548509688
5507.25,5507.45,47.9560928,-81.8550848,4487.976,-10.635555555555555,-0.8466666666666667,-0.5188888888888888,10.687802278300328,2.4777777777777774,0.2888888888888889,-0.16666666666666666,2.5047133440750162
5507.25,5507.55,47.9560928,-81.8550848,4493.0085,-10.647,-0.884,-0.73,10.710537011696895,2.3999999999999995,-0.030000000000000006,-0.45999999999999996,2.4459969820926397
5507.25,5507.65,47.9560928,-81.8550848,4501.305,-10.456,-1.033,-0.784,10.537357513165114,2.4,-0.3,-0.4222222222222222,2.457408451758833
5507.25,5507.75,47.9560928,-81.8550848,4507.694,-11.092222222222222,-1.37,-0.5033333333333334,11.194075865663429,2.3999999999999995,-0.45000000000000007,-0.16,2.4492523505749153
5507.25,5507.85,47.9560928,-81.8550848,4515.224,-10.276363636363637,-1.302727272727273,-0.7090909090909091,10.39377482207058,2.3090909090909086,-0.07272727272727274,0.0,2.314042908216706
5507.25,5507.95,47.9560928,-81.8550848,4512.666,-10.171,-1.1079999999999999,0.06400000000000002,10.232938076635293,2.1333333333333337,0.2777777777777778,-0.05555555555555555,2.156006847953835
5507.25,5508.05,47.9560928,-81.8550848,4497.0515,-10.763333333333332,-0.26111111111111107,0.5755555555555555,10.78570767814525,1.9599999999999997,0.4,-0.35,2.033673276536547
5507.25,5508.15,47.9560928,-81.8550848,4479.338,-10.470000000000002,-0.013000000000000001,0.35200000000000004,10.476978549510552,1.8999999999999997,0.31000000000000005,-0.58,2.012689957092163
5508.25,5508.25,47.9560928,-81.8550848,4470.2135,-12.08111111111111,-0.25555555555555554,0.11555555555555556,12.084882152780954,1.9777777777777779,0.08888888888888889,-0.7,2.101285043804318
5508.25,5508.35,47.9560928,-81.8550848,4465.903,-10.888181818181819,-0.4509090909090908,-0.021818181818181816,10.897742753285797,2.0909090909090913,-0.009090909090909092,-0.5636363636363636,2.166428667189919
5508.25,5508.45,47.9560928,-81.8550848,4463.924,-9.884,-0.4109999999999999,-0.121,9.894310813278441,2.2,-0.1,-0.4222222222222222,2.243231066030079
5508.25,5508.55,47.9560928,-81.8550848,4462.8645,-8.844444444444443,-0.21666666666666667,-0.24888888888888885,8.85251759906328,2.2,-0.1,-0.16,2.209065267461198
5508.25,5508.65,47.9560928,-81.8550848,4462.512,-8.304444444444444,-0.19333333333333336,-0.08,8.307369269677558,2.2700000000000005,-0.01,-0.02,2.2706812323059387
5508.25,5508.75,47.9560928,-81.8550848,4461.876,-7.986,0.012,-0.189,7.9887256884074045,2.2777777777777772,0.0,0.0,2.2777777777777772
5508.25,5508.85,47.9560928,-81.8550848,4462.512,-8.917,-0.061,-0.404,8.928925834607078,2.1727272727272733,0.0,-0.05454545454545456,2.1744367844006978
5508.25,5508.95,47.9560928,-81.8550848,4466.0435,-10.421,-0.5589999999999999,-0.14700000000000002,10.439177543096894,1.92,-0.13,-0.33999999999999997,1.9615479884879448
5508.25,5509.05,47.9560928,-81.8550848,4470.426,-11.296000000000001,-0.173,-0.552,11.311668972426865,1.7099999999999997,-0.48,-0.4600000000000001,1.8372857191480183
5508.25,5509.15,47.9560928,-81.8550848,4475.376,-11.761111111111113,-0.39111111111111113,-0.4355555555555556,11.776117527192877,1.7999999999999998,-0.6444444444444444,-0.30000000000000004,1.9376131946236432
5509.25,5509.25,47.9560928,-81.8550848,4485.6395,-11.849,-0.5050000000000001,-0.17200000000000001,11.862568344608729,1.8333333333333333,-0.6333333333333333,-0.05555555555555555,1.9430850997015598
5509.25,5509.35,47.9560928,-81.8550848,4492.086,-10.164,-0.321,-1.109,10.237431356612493,1.7090909090909092,-0.19090909090909092,0.1,1.7305164523305812
5509.25,5509.45,47.9560928,-81.8550848,4490.669,-10.963999999999999,-0.31199999999999994,-0.40499999999999997,10.976866865363043,1.47,0.22999999999999998,0.04,1.495158949514979
5509.25,5509.55,47.9560928,-81.8550848,4479.621,-11.409,-0.12700000000000003,-0.11200000000000002,11.412066125177963,1.27,0.5199999999999999,-0.16,1.3877264327617511
5509.25,5509.65,47.9560928,-81.8550848,4464.35,-12.10125,-0.17250000000000001,-0.2975,12.107092551735125,1.2,0.5222222222222223,-0.3888888888888889,1.3677752980352378
5509.25,5509.75,47.9560928,-81.8550848,4449.385,-11.942,-0.5120000000000001,-0.689,11.973802720160823,1.2400000000000002,0.38,-0.5,1.3925388598441004
5509.25,5509.85,47.9560928,-81.8550848,4438.954,-11.094,-0.254,-0.537,11.110842270281559,1.18,0.1,-0.42000000000000004,1.2612657866938703
5509.25,5509.95,47.9560928,-81.8550848,4437.616,-10.739,-0.10300000000000001,-0.388,10.746914169409498,1.02,-0.06999999999999999,-0.13999999999999999,1.039349541362156
5509.25,5510.05,47.9560928,-81.8550848,4434.167,-10.17,-0.5909090909090908,-0.42454545454545456,10.200576923954145,0.79,-0.2,0.14,0.8330319999637045
5509.25,5510.15,47.9560928,-81.8550848,4432.336499999999,-9.01125,-0.8999999999999999,-0.27125,9.060334853512458,0.7,-0.2,0.3222222222222222,0.7970144760435425
5510.25,5510.25,47.9560928,-81.8550848,4430.084,-8.437000000000001,-0.716,-0.027000000000000003,8.467761036979596,0.7,-0.13000000000000003,0.4,0.8178814042120595
5510.25,5510.35,47.9560928,-81.8550848,4428.0445,-7.674000000000001,-0.513,0.092,7.691972611511927,0.7,-0.030000000000000006,0.38,0.7991495016712845
5510.25,5510.45,47.9560928,-81.8550848,4425.443,-7.771111111111111,-0.41111111111111115,0.09555555555555556,7.782710600722148,0.7,0.0,0.29999999999999993,0.7615773105863909
5510.25,5510.55,47.9560928,-81.8550848,4424.1065,-8.45909090909091,-0.3645454545454545,0.009090909090909092,8.467097130951764,0.79,0.0,0.29999999999999993,0.845118068137217
5510.25,5510.65,47.9560928,-81.8550848,4422.4895,-8.516666666666667,-0.27666666666666667,-0.03666666666666667,8.521394160219343,0.8,0.044444444444444446,0.3,0.8569924421639796
5510.25,5510.75,47.9560928,-81.8550848,4419.959,-7.428888888888888,-0.13555555555555554,-0.1111111111111111,7.431235682633589,0.8999999999999999,0.08888888888888889,0.3,0.9533552121540088
5510.25,5510.85,47.9560928,-81.8550848,4418.202499999999,-8.997272727272726,-0.04090909090909091,-0.18545454545454546,8.999560928038175,0.9,0.1,0.29999999999999993,0.9539392014169457
5510.25,5510.95,47.9560928,-81.8550848,4417.149,-7.998888888888889,0.14555555555555555,-0.29666666666666663,8.006260532919175,0.96,0.11000000000000001,0.29999999999999993,1.0122815627792006
5510.25,5511.05,47.9560928,-81.8550848,4415.9545,-8.956363636363637,0.3281818181818182,-0.5036363636363637,8.977107456629886,1.0,0.2,0.21818181818181823,1.044395655655058
5510.25,5511.15,47.9560928,-81.8550848,4414.479,-8.34,0.1311111111111111,-0.23000000000000004,8.34714440073308,0.9111111111111112,0.1111111111111111,0.03333333333333334,0.9218043650047607
5511.25,5511.25,47.9560928,-81.8550848,4413.216,-8.851111111111111,0.23777777777777778,-0.4211111111111111,8.870182836077513,0.7222222222222222,-0.08888888888888889,-0.07777777777777778,0.7370413331415104
5511.25,5511.35,47.9560928,-81.8550848,4411.5305,-8.079090909090908,0.16090909090909092,-1.0090909090909093,8.14402542452697,0.7,-0.2,-0.1,0.7348469228349533
5511.25,5511.45,47.9560928,-81.8550848,4409.706,-8.797777777777776,-0.022222222222222223,-0.9444444444444444,8.849213968178333,0.7,-0.24444444444444446,-0.06666666666666668,0.7474534578578668
5511.25,5511.55,47.9560928,-81.8550848,4408.5125,-9.0,-0.16909090909090907,-0.8172727272727272,9.038962812966092,0.7000000000000001,-0.29999999999999993,0.0,0.7615773105863909
5511.25,5511.65,47.9560928,-81.8550848,4406.057,-9.156,-0.265,-0.6950000000000001,9.186593437283445,0.7555555555555555,-0.3,0.0,0.8131456794449254
5511.25,5511.75,47.9560928,-81.8550848,4404.442499999999,-9.965,-0.36875,-0.5225,9.985799761775521,0.8,-0.3,0.0,0.8544003745317532
5511.25,5511.85,47.9560928,-81.8550848,4402.128,-11.239090909090908,-0.4690909090909091,-0.2781818181818182,11.253625059307838,0.8363636363636364,-0.16363636363636366,0.009090909090909092,0.85454607047458
5511.25,5511.95,47.9560928,-81.8550848,4401.287,-7.822222222222221,-0.44777777777777783,-1.067777777777778,7.936552599820394,0.8999999999999999,0.08888888888888889,0.05555555555555555,0.9152036622881019
5511.25,5512.05,47.9560928,-81.8550848,4399.3935,-7.5663636363636355,-0.4627272727272727,-0.7072727272727272,7.632468400865817,0.7363636363636363,0.4454545454545454,0.0,0.8660907259221632
5511.25,5512.15,47.9560928,-81.8550848,4398.343,-9.647,-0.531,-0.611,9.68449349712846,0.7,0.5777777777777777,-0.08888888888888889,0.9144355144026282
5512.25,5512.25,47.9560928,-81.8550848,4397.4315,-10.533333333333333,0.6444444444444445,0.6844444444444444,10.62039660278488,0.5111111111111111,0.24444444444444446,-0.1111111111111111,0.5889373409620933
5512.25,5512.35,47.9560928,-81.8550848,4396.661,-15.030000000000001,-0.307,-0.5010000000000001,15.089600070258808,-0.01818181818181818,-0.27272727272727265,0.41818181818181815,0.5170222184645005
5512.25,5512.45,47.9560928,-81.8550848,4394.208,-6.327000000000001,-0.5189999999999999,-0.719,6.404338966298889,-0.1,-0.2555555555555556,0.6666666666666666,0.7233684262056795
5512.25,5512.55,47.9560928,-81.8550848,4392.037,-6.627000000000001,-0.29400000000000004,-0.7110000000000001,6.679672427371995,-0.22727272727272727,-0.09090909090909091,0.6818181818181818,0.730490695673629
5512.25,5512.65,47.9560928,-81.8550848,4390.496,-16.225,-1.5980000000000003,1.526,16.465740482620674,-0.9199999999999999,-0.33,0.16,1.1032662229078067
5512.25,5512.75,47.9560928,-81.8550848,4387.9755000000005,-14.365555555555554,-0.30444444444444446,-0.014444444444444458,14.407364374470664,-1.4444444444444444,-0.9222222222222223,-0.6777777777777777,1.849536676310628
5512.25,5512.85,47.9560928,-81.8550848,4385.455,-14.791000000000002,1.6320000000000001,-1.4869999999999999,15.033532322374526,-0.6,-0.20999999999999996,-0.42000000000000004,0.7949303300087633
5512.25,5512.95,47.9560928,-81.8550848,4382.7265,-5.212999999999999,1.199,-0.09099999999999994,5.384435120571111,0.47777777777777775,0.28888888888888886,0.37777777777777777,0.6827364458895857
5512.25,5513.05,47.9560928,-81.8550848,4381.817,-12.915000000000001,-1.531,1.1170000000000002,13.199365366580091,0.9272727272727274,0.36363636363636365,0.6545454545454545,1.204940696234773
5512.25,5513.15,47.9560928,-81.8550848,4381.467500000001,-11.938,-2.6160000000000005,1.262,12.478135897561904,1.7899999999999998,-0.27,-0.1,1.8367664894198483
5513.25,5513.25,47.9560928,-81.8550848,4388.676,-8.581,-0.08700000000000001,-0.4870000000000001,8.605236002556984,1.9333333333333331,-0.5,-0.07777777777777778,2.0000805458181596
5513.25,5513.35,47.9560928,-81.8550848,4399.8855,-11.163333333333334,-0.24555555555555555,-0.44,11.175610751911819,2.0,-0.47000000000000003,0.15000000000000002,2.062999467203393
5513.25,5513.45,47.9560928,-81.8550848,4406.969,-4.339,0.052000000000000005,-0.389,4.3582339062829885,2.0,-0.33999999999999997,0.38,2.0654150137153264
5513.25,5513.55,47.9560928,-81.8550848,4413.075,-11.389999999999999,-1.325,-0.852,11.54205434708238,1.48,-0.05,0.09,1.502980389778914
5513.25,5513.65,47.9560928,-81.8550848,4408.793,-12.033000000000001,0.10700000000000001,-0.19899999999999998,12.055380918459905,0.9,-0.22000000000000003,-0.45999999999999996,1.0402522911195622
5513.25,5513.75,47.9560928,-81.8550848,4404.233,-10.677,0.063,-0.466,10.693154985955175,0.8999999999999999,-0.3444444444444444,-0.39999999999999997,1.0462619191509468
5513.25,5513.85,47.9560928,-81.8550848,4400.025,-7.703333333333333,0.21777777777777776,-2.0233333333333334,8.010746073622107,0.7100000000000001,0.06999999999999999,-0.25000000000000006,0.7815445071677958
5513.25,5513.95,47.9560928,-81.8550848,4390.776,-5.827,0.004000000000000001,-0.9960000000000001,5.937683246333204,0.71,0.5700000000000001,-0.2,0.9359437655777778
5513.25,5514.05,47.9560928,-81.8550848,4379.16,-14.384,-0.20700000000000002,1.149,14.555627805923612,0.8400000000000001,0.47000000000000003,-0.18000000000000002,1.0222723015287092
5513.25,5514.15,47.9560928,-81.8550848,4373.217000000001,-10.554444444444446,0.5922222222222222,0.1577777777777778,10.608759461273896,1.04,-0.5,0.009999999999999998,1.180261424504367
5514.25,5514.25,47.9560928,-81.8550848,4370.911,-9.009,-0.027000000000000003,-1.1199999999999999,9.08993875051651,0.72,-0.6,0.45,1.050119716946087
5514.25,5514.35,47.9560928,-81.8550848,4369.1645,-9.038,-0.858,-1.6099999999999999,9.252207197113616,0.12999999999999998,0.02,0.43000000000000005,0.49313835064832956
5514.25,5514.45,47.9560928,-81.8550848,4367.418,-12.276666666666666,-0.48000000000000004,0.08777777777777776,12.307246158473465,-0.30000000000000004,0.20000000000000004,0.05555555555555555,0.38481267525499063
5514.25,5514.55,47.9560928,-81.8550848,4368.396000000001,-11.563636363636364,0.38727272727272727,0.5572727272727274,11.612902053857905,-0.76,-0.22000000000000003,-0.07,0.8179269171266071
5514.25,5514.65,47.9560928,-81.8550848,4373.985,-12.368888888888888,0.26111111111111107,0.11666666666666667,12.379289038475877,-0.19,-0.62,0.05,0.6845103406576334
5514.25,5514.75,47.9560928,-81.8550848,4377.76,-7.994999999999999,-0.030999999999999993,0.244,8.004388023973302,0.08,-0.6599999999999999,0.1,0.6736550534977825
5514.25,5514.85,47.9560928,-81.8550848,4380.487999999999,-10.598,-1.392,-1.763,10.906734403232093,-0.22000000000000003,-0.30999999999999994,-0.12,0.6074477698627978
5514.25,5514.95,47.9560928,-81.8550848,4383.635,-11.216666666666667,-1.2444444444444445,-0.13111111111111107,11.5176407470807,-0.5333333333333333,0.15555555555555556,-0.8,1.005204684841116
5514.25,5515.05,47.9560928,-81.8550848,4379.299,-13.91818181818182,0.18000000000000002,0.9754545454545454,14.02781774663696,-0.16,0.35,-0.6900000000000001,0.7984487228305349
5514.25,5515.15,47.9560928,-81.8550848,4371.469,-6.731111111111111,1.24,1.7244444444444444,7.072327355932927,0.7777777777777778,-0.011111111111111112,0.15555555555555556,0.8191628041838618
5515.25,5515.25,47.9560928,-81.8550848,4366.9995,-7.346000000000001,0.19699999999999998,0.251,7.391340161063253,1.15,-0.09,0.6,1.3060136365043555
5515.25,5515.35,47.9560928,-81.8550848,4360.438,-18.35909090909091,-2.3718181818181816,0.2354545454545454,18.698947344309946,0.9099999999999999,0.02,0.32,1.0497176108078334
5515.25,5515.45,47.9560928,-81.8550848,4353.881,-6.418750000000001,0.19250000000000003,0.27749999999999997,6.698666175453795,0.36666666666666664,0.011111111111111112,-0.47777777777777775,0.6046898624821431
5515.25,5515.55,47.9560928,-81.8550848,4346.8415,-8.506363636363636,0.6818181818181818,0.9409090909090909,8.62845198268581,0.18181818181818182,-0.2,-0.17272727272727273,0.36318871760782784
5515.25,5515.65,47.9560928,-81.8550848,4345.239,-8.309999999999999,-0.15888888888888889,0.3644444444444444,8.33605756676831,0.3,-0.4666666666666667,0.0,0.5553967929896866
5515.25,5515.75,47.9560928,-81.8550848,4345.0305,-15.214000000000002,-1.6049999999999998,-2.154,15.524746674496493,0.36,0.06999999999999998,-0.13999999999999999,0.5341415265723393
5515.25,5515.85,47.9560928,-81.8550848,4335.911,-12.160909090909088,-0.51,0.33818181818181814,12.216569225930352,0.8300000000000001,0.6499999999999999,-0.58,1.2078347332402977
5515.25,5515.95,47.9560928,-81.8550848,4324.0225,-6.8533333333333335,-0.15777777777777777,0.41888888888888887,6.90716147685476,0.82,0.26000000000000006,-0.7,1.1164405210746515
5515.25,5516.05,47.9560928,-81.8550848,4317.702,-13.873999999999999,1.6670000000000003,-0.567,14.034365853117796,0.45999999999999996,0.01,-0.35,0.5937722423318775
5515.25,5516.15,47.9560928,-81.8550848,4315.481,-4.777,0.826,-0.5309999999999999,4.909535598295578,-0.022222222222222223,0.23333333333333334,0.23333333333333328,0.34249315255352175
5516.25,5516.25,47.9560928,-81.8550848,4314.023,-10.432222222222222,-1.458888888888889,0.3844444444444444,10.65307627818715,0.06999999999999999,0.29999999999999993,0.37,0.5077935625702671
5516.25,5516.35,47.9560928,-81.8550848,4311.178,-10.401818181818182,-0.7763636363636363,0.24818181818181817,10.488817325927004,0.5818181818181819,0.23636363636363641,0.11818181818181821,0.6474880524098019
5516.25,5516.45,47.9560928,-81.8550848,4308.264999999999,-10.027777777777779,-0.7333333333333333,0.4811111111111112,10.113088943615836,0.8222222222222222,-0.03333333333333334,0.0,0.82713105066331
5516.25,5516.55,47.9560928,-81.8550848,4306.047,-9.02,-0.30500000000000005,-0.409,9.038276089332584,0.8800000000000001,-0.22999999999999998,0.0,0.9105064373045048
5516.25,5516.65,47.9560928,-81.8550848,4304.452,-12.371,-1.19,-1.6949999999999998,12.629819133533289,0.9666666666666666,-0.03333333333333333,-0.022222222222222223,0.9833331719992109
5516.25,5516.75,47.9560928,-81.8550848,4301.611,-11.273333333333333,-0.6244444444444445,-0.16,11.310290843383317,1.36,0.2,-0.17,1.3863474041332116
5516.25,5516.85,47.9560928,-81.8550848,4300.0165,-10.097272727272728,0.5581818181818182,1.4481818181818185,10.359570679811604,1.0636363636363635,-0.20909090909090908,-0.31818181818181823,1.1746176359274618
5516.25,5516.95,47.9560928,-81.8550848,4299.116,-8.55,1.1869999999999998,0.667,8.756301900589492,0.3888888888888889,-0.8,0.16666666666666666,0.9426719283107986
5516.25,5517.05,47.9560928,-81.8550848,0.0,-14.03777777777778,-1.098888888888889,-1.9200000000000002,14.31692410068391,0.19,-0.6599999999999999,0.42000000000000004,0.8212736640594794
5516.25,5517.15,47.9560928,-81.8550848,4299.116,-6.635,-1.23,-1.2590000000000001,7.062592561391307,-0.26,0.09000000000000001,0.13999999999999999,0.3744187302434875
5517.25,5517.25,47.9560928,-81.8550848,4295.376,-7.234444444444445,-0.5588888888888889,0.35555555555555557,7.280650035007095,-0.6888888888888889,0.43333333333333335,-0.13333333333333333,0.8266176056827095
5517.25,5517.35,47.9560928,-81.8550848,4292.7455,-14.390000000000002,-0.629090909090909,0.2572727272727273,14.411811792938908,-0.6363636363636362,0.5636363636363636,-0.18181818181818182,0.8727640035577562
5517.25,5517.45,47.9560928,-81.8550848,4289.008,-7.210000000000001,-0.3000000000000001,0.44699999999999995,7.2523412096170405,-0.5222222222222223,0.5444444444444445,-0.03333333333333334,0.7569961821861555
5517.25,5517.55,47.9560928,-81.8550848,4286.656,-10.155555555555557,-0.34,-0.057777777777777754,10.208522008314382,-0.21000000000000002,0.25,0.22000000000000003,0.4074330720227121
5517.25,5517.65,47.9560928,-81.8550848,4285.6875,-9.392222222222223,-0.41222222222222227,-0.26888888888888896,9.426085068488597,-0.13000000000000003,0.2,0.38,0.45093131705026146
5517.25,5517.75,47.9560928,-81.8550848,4283.89,-8.253,-1.75,1.226,8.541677546035222,0.2666666666666667,-0.08888888888888889,0.26666666666666666,0.4613892380571293
5517.25,5517.85,47.9560928,-81.8550848,4281.8155,-7.9300000000000015,-0.9060000000000002,0.10200000000000001,8.020014464024202,0.8363636363636364,-0.45454545454545453,-0.02727272727272728,0.9546871493103669
5517.25,5517.95,47.9560928,-81.8550848,4280.019,-10.737,-0.271,-0.23000000000000004,10.743989845207158,1.0,-0.5499999999999999,-0.05,1.1443437975006212
5517.25,5518.05,47.9560928,-81.8550848,4278.6365000000005,-9.187000000000001,-0.344,-1.2710000000000001,9.372862217519964,0.74,-0.41999999999999993,0.0,0.8517586146342154
5517.25,5518.15,47.9560928,-81.8550848,4277.945,-8.8,-0.9855555555555556,-1.3755555555555556,8.983026934394696,-0.06666666666666667,-0.011111111111111115,-0.044444444444444446,0.1936509226187253
5518.25,5518.25,47.9560928,-81.8550848,4276.425,-13.2,-2.0639999999999996,-0.4720000000000001,13.406674658230397,-1.0333333333333334,0.6666666666666666,-0.5666666666666667,1.3657258470557259
5518.25,5518.35,47.9560928,-81.8550848,4272.419,-13.046000000000001,-0.03399999999999999,1.198,13.179260161348562,-0.5909090909090909,0.7727272727272727,-0.509090909090909,1.100705666995179
5518.25,5518.45,47.9542496,-81.84878293333334,4269.519,-9.491,2.065,2.488,10.066648022303088,-0.97,-0.08,0.11000000000000001,1.049226770481084
5518.25,5518.55,47.9533312,-81.8456064,4268.4835,-7.077,-0.46499999999999997,0.975,7.190756195449414,-1.01,-0.9800000000000001,0.5,1.5085373724419338
5518.25,5518.65,47.9533312,-81.8456064,4266.759,-14.83,-0.70875,-0.35124999999999995,14.860588880101794,-0.9777777777777779,-1.3777777777777778,0.4555555555555556,1.7507750381742615
5518.25,5518.75,47.9533312,-81.8456064,4267.035,-9.914,0.4129999999999999,-2.782,10.515631784533573,-1.4700000000000002,-0.82,0.38,1.7669558828297087
5518.25,5518.85,47.9533312,-81.8456064,4272.971,-3.6809999999999996,-0.07799999999999999,-2.786,4.680900156622958,-1.98,-0.06,0.16,2.0056151642011053
5518.25,5518.95,47.9533312,-81.8456064,4278.498,-14.455000000000002,-0.43,-1.293,14.675565890999607,-1.3199999999999998,0.82,0.45999999999999996,1.6746911876152435
5518.25,5519.05,47.9533312,-81.8456064,4276.356,-13.515454545454547,-1.008181818181818,-0.015454545454545448,13.568876150572452,-0.78,1.07,0.7,1.5005733288223264
5518.25,5519.15,47.9533312,-81.8456064,4271.038,-11.8,-0.19375,1.17,11.87713731829436,-0.7333333333333333,0.6777777777777777,0.7,1.2396555332509667
5519.25,5519.25,47.9533312,-81.8456064,4273.179,-10.120000000000001,-0.8779999999999999,0.777,10.205494581462625,-0.6000000000000001,0.04,0.61,0.8658397716904449
5519.25,5519.35,47.9533312,-81.8456064,4278.636,-9.010000000000002,-3.138000000000001,-0.522,9.579665670038775,0.2899999999999999,-0.030000000000000006,-0.12000000000000002,0.5678582878804193
5519.25,5519.45,47.9533312,-81.8456064,4271.66,-7.254444444444445,-1.2622222222222224,1.2655555555555555,7.4905296430054245,0.33999999999999997,-0.11000000000000001,-1.04,1.1395404778262976
5519.25,5519.55,47.9533312,-81.8456064,4264.826,-14.410000000000002,-0.3054545454545455,0.6181818181818182,14.458054303988206,0.0,-0.53,-1.47,1.5663341120078647
5519.25,5519.65,47.9533312,-81.8456064,4263.171,-11.886666666666667,2.3211111111111107,0.015555555555555569,12.21191047439096,-0.41111111111111104,-0.788888888888889,-1.0,1.391142739194255
5519.25,5519.75,47.9533312,-81.8456064,4269.244000000001,-5.647777777777779,3.1599999999999997,-1.4311111111111112,6.662188579381155,-1.2999999999999998,-0.6000000000000001,-0.033333333333333326,1.466254533056558
5519.25,5519.85,47.9533312,-81.8456064,4278.222,-5.487272727272727,1.9363636363636365,-1.3427272727272728,6.021978229119494,-2.17,-0.30999999999999994,0.89,2.371233597320383
5519.25,5519.95,47.9533312,-81.8456064,4285.4805,-15.222222222222221,-0.17444444444444443,-0.9799999999999999,15.329924497655306,-2.56,-0.51,1.45,2.988874484888202
5519.25,5520.05,47.9533312,-81.8456064,4294.407,-13.618181818181817,-0.0027272727272727396,-3.0281818181818183,14.100209466838777,-3.4818181818181824,-0.5454545454545455,0.9818181818181817,3.679311228864576
5519.25,5520.15,47.9533312,-81.8456064,4280.714,-7.858888888888889,0.4744444444444444,-4.0344444444444445,8.882973292424754,-4.666666666666667,-0.16666666666666666,0.5111111111111112,4.70136055204933
5520.25,5520.25,47.9533312,-81.8456064,4246.219,-13.536666666666667,0.4555555555555557,-2.2111111111111112,13.778957094524237,-4.811111111111112,0.12222222222222223,0.4111111111111111,4.832715772548771
5520.25,5520.35,47.9533312,-81.8456064,4235.486999999999,-11.504545454545454,-1.4227272727272726,-1.3327272727272728,11.702275182753358,-3.85,-0.009999999999999998,0.6900000000000001,3.912774258247856
5520.25,5520.45,47.9533312,-81.8456064,4232.4619999999995,-8.207777777777778,-1.17,-1.0366666666666666,8.411583514731516,-3.5888888888888895,-0.47777777777777775,0.34444444444444444,3.640819479830591
5520.25,5520.55,47.9533312,-81.8456064,4230.126,-12.532727272727273,-0.5863636363636364,-1.1145454545454547,12.602412383875379,-3.5090909090909084,-0.6,-0.10909090909090909,3.5635870437268378
5520.25,5520.65,47.9533312,-81.8456064,4230.126,-11.568999999999999,0.6449999999999999,-1.8679999999999999,11.773844969202994,-2.744444444444445,-0.08888888888888889,0.13333333333333333,2.7637121171308916
5520.25,5520.75,47.9533312,-81.8456064,4233.287,-6.8825,0.4375,-1.9025,7.1637554101517065,-2.2555555555555555,0.3,0.7888888888888889,2.41401638075077
5520.25,5520.85,47.9533312,-81.8456064,4244.7065,-15.341818181818184,-0.7463636363636365,-1.311818181818182,15.449028006197636,-2.409090909090909,0.3545454545454545,1.218181818181818,2.724093932856736
5520.25,5520.95,47.9533312,-81.8456064,4262.619,-9.814444444444444,-2.7555555555555555,-2.041111111111111,10.498042924802915,-3.155555555555556,0.2222222222222222,0.7333333333333332,3.2699466644580784
5520.25,5521.05,47.9533312,-81.8456064,4279.258,-3.6427272727272735,-2.7063636363636365,-3.063636363636364,5.515030696019287,-3.981818181818181,0.4272727272727273,-0.11818181818181818,4.015005753556472
5520.25,5521.15,47.9533312,-81.8456064,4271.7325,-9.956,-1.78,-2.459,10.659784857386501,-3.5888888888888886,1.011111111111111,-0.17777777777777778,3.7370079104124603
5521.25,5521.25,47.9533312,-81.8456064,4237.688,-16.35222222222222,-0.4744444444444444,-2.066666666666667,16.52671083577492,-3.9777777777777774,1.1111111111111112,0.05555555555555555,4.13827373956835
5521.25,5521.35,47.9533312,-81.8456064,4218.111,-7.294,-2.548,-3.7640000000000002,8.762824546407419,-5.0181818181818185,0.4090909090909091,0.13636363636363638,5.040110512162065
5521.25,5521.45,47.9533312,-81.8456064,4214.338,-8.802000000000001,-2.2869999999999995,-5.0680000000000005,10.53491434472019,-4.466666666666667,0.30000000000000004,-0.13333333333333333,4.482848336086702
5521.25,5521.55,47.9533312,-81.8456064,4210.978,-10.862,0.39,-1.8679999999999999,11.16721473107155,-3.772727272727273,0.7272727272727273,-0.1636363636363636,3.849571480383302
5521.25,5521.65,47.9533312,-81.8456064,4209.676,-10.958,-0.984,0.74,11.054438164077723,-3.25,0.31,0.2,3.2788758071007655
5521.25,5521.75,47.9533312,-81.8456064,4215.709,-7.995555555555555,-1.0066666666666668,-0.055555555555555566,8.07571999596265,-2.6666666666666665,-0.09999999999999999,0.24444444444444446,2.6813324879881457
5521.25,5521.85,47.9533312,-81.8456064,4237.21,-11.138,-1.213,-0.906,11.272508049142102,-2.59,-0.14,-0.13,2.6012770413576067
5521.25,5521.95,47.9533312,-81.8456064,4256.827,-6.825,-0.265,-1.2799999999999998,6.978274886032887,-2.5999999999999996,0.1888888888888889,-0.2666666666666667,2.624123994010023
5521.25,5522.05,47.9533312,-81.8456064,4255.5869999999995,-10.529,0.015,0.86,10.670850565234566,-2.2454545454545456,0.5636363636363636,-0.03636363636363637,2.3164044104039125
5521.25,5522.15,47.9533312,-81.8456064,4241.677,-10.658999999999999,0.018999999999999996,1.672,10.96063411715136,-1.8,0.35000000000000003,0.08,1.838777649436437
5522.25,5522.25,47.9533312,-81.8456064,4230.6075,-8.238,-0.884,3.353,9.357544140363952,-1.3666666666666667,-0.2888888888888889,0.16666666666666669,1.424949338519238
5522.25,5522.35,47.9533312,-81.8456064,4226.279,-9.727777777777778,-0.03222222222222223,-0.9655555555555555,9.948335466599541,-1.4300000000000002,-0.5200000000000001,0.01,1.526379113937774
5522.25,5522.45,47.9533312,-81.8456064,4221.885,-9.594999999999999,-0.35900000000000004,-0.8029999999999999,9.655839659494886,-1.72,-0.27,0.0,1.7434286998567932
5522.25,5522.55,47.9533312,-81.8456064,4210.225,-9.998000000000001,0.28600000000000003,-0.49399999999999994,10.067297158647117,-2.3,0.01,0.0,2.3028795574196734
5522.25,5522.65,47.9533312,-81.8456064,4196.526,-9.855,-0.315,1.7269999999999999,10.11166493010977,-2.42,0.2,0.05,2.429555931803278
5522.25,5522.75,47.9533312,-81.8456064,4190.505999999999,-10.784,-1.295,2.6699999999999995,11.19529571346268,-0.9888888888888892,0.07777777777777778,-0.03333333333333334,0.9966569222585014
5522.25,5522.85,47.9533312,-81.8456064,4187.087,-6.725555555555555,-0.6166666666666667,0.33,6.797790374572957,0.06999999999999999,0.0,-0.09,0.14714776642118865
5522.25,5522.95,47.9533312,-81.8456064,4185.9935000000005,-9.366666666666667,-0.6544444444444445,-0.12222222222222223,9.390721411731459,0.29,0.0,-0.04,0.296099386061228
5522.25,5523.05,47.95307946666667,-81.84507733333334,4183.807,-8.26,-0.07999999999999999,-0.163,8.276808973418703,0.39,0.0,-0.06000000000000001,0.39738633753705965
5522.25,5523.15,47.9529472,-81.8447936,4183.259,-9.31111111111111,-0.2922222222222222,-0.17777777777777776,9.32371918260712,0.29999999999999993,0.0,0.05,0.30811388300841897
5523.25,5523.25,47.9529472,-81.8447936,4180.869000000001,-10.210999999999999,-0.656,-0.099,10.233024336394532,0.33999999999999997,0.0,0.1,0.3546608846348092
5523.25,5523.35,47.9529472,-81.8447936,4179.298,-11.876000000000001,-0.663,-0.087,11.895463975761034,0.5599999999999999,-0.13,0.1,0.5846430782268635
5523.25,5523.45,47.9529472,-81.8447936,4178.342000000001,-6.933333333333333,-0.35333333333333333,-0.05222222222222223,6.950390606863126,0.711111111111111,-0.2,0.1,0.7454930854412705
5523.25,5523.55,47.9529472,-81.8447936,4178.752,-12.77090909090909,-0.5218181818181818,-0.7990909090909092,12.844546463482839,1.29,0.17,0.14000000000000004,1.3184931633895418
5523.25,5523.65,47.9529472,-81.8447936,4179.6395,-8.84,-0.76,-0.18888888888888888,8.897949897072442,1.22,0.48,-0.13,1.3232307581109355
5523.25,5523.75,47.9529472,-81.8447936,4179.571,-13.105,0.6809999999999999,1.088,13.199798742911597,0.9099999999999999,0.1,-0.24000000000000005,0.9665502164819577
5523.25,5523.85,47.9529472,-81.8447936,4183.737999999999,-9.517,0.5950000000000001,0.623,9.6127282127934,0.43,-0.4699999999999999,0.19,0.6903511197107599
5523.25,5523.95,47.9529472,-81.8447936,4188.728,-11.974444444444444,-0.9833333333333335,-0.49444444444444435,12.047305746383156,0.23333333333333334,-0.4666666666666667,0.2111111111111111,0.5772880578456497
5523.25,5524.05,47.9529472,-81.8447936,4194.336,-9.680909090909092,-0.5918181818181818,-1.3190909090909089,9.998600709985306,-0.02,-5.551115123125783e-18,-0.02,0.16559265477474688
5523.25,5524.15,47.9529472,-81.8447936,4189.5485,-8.586666666666666,-0.2822222222222222,0.09666666666666666,8.738320228294185,-0.1,0.47777777777777775,-0.1111111111111111,0.5014062028555428
5524.25,5524.25,47.9529472,-81.8447936,4178.888,-12.675999999999998,0.21200000000000002,1.6320000000000001,12.85565336974857,-0.11000000000000001,0.25000000000000006,-0.14,0.3169434145910031
5524.25,5524.35,47.9529472,-81.8447936,4176.4985,-8.401818181818184,-0.43363636363636365,0.7854545454545456,8.489745236091261,0.5599999999999999,-0.16,0.0,0.5838211354064606
5524.25,5524.45,47.9529472,-81.8447936,4182.303,-10.25375,-0.45625,-0.02,10.264399285723034,0.8,-0.2,0.09999999999999999,0.8332900507282018
5524.25,5524.55,47.9529472,-81.8447936,4183.1925,-13.298181818181815,-0.6563636363636364,-0.7518181818181818,13.516068940147848,0.5909090909090909,0.009090909090909084,0.11818181818181818,0.6315162142405751
5524.25,5524.65,47.9529472,-81.8447936,4183.3295,-2.9244444444444446,-0.7511111111111112,-0.46777777777777785,3.3862534612936246,0.23333333333333334,0.2777777777777778,-0.17777777777777778,0.42495954409683256
5524.25,5524.75,47.9529472,-81.8447936,4182.713,-15.331999999999999,0.743,-0.08900000000000001,15.387947890826249,-0.06999999999999999,0.21000000000000002,-0.28,0.44152713450711456
5524.25,5524.85,47.9529472,-81.8447936,4176.225,-8.969999999999999,-0.2927272727272727,-0.3145454545454546,9.137231885911984,-0.6799999999999999,-0.02,-0.02,0.6828715590232772
5524.25,5524.95,47.9529472,-81.8447936,4171.106,-12.587777777777779,-0.44999999999999996,0.025555555555555567,12.60032373898441,-0.4800000000000001,0.0,0.0,0.4800000000000001
5524.25,5525.05,47.9529472,-81.8447936,4165.991,-11.949,-0.34500000000000003,-0.19799999999999995,11.963546534666449,-0.4,0.08,0.05,0.42016179076887195
5524.25,5525.15,47.9529472,-81.8447936,4160.06,-9.044,-0.766,-0.202,9.099969015633798,-0.4666666666666667,0.26666666666666666,0.05555555555555555,0.544711975186027
5525.25,5525.25,47.9529472,-81.8447936,4154.884,-10.303333333333335,-0.7766666666666668,1.1444444444444446,10.435739208893288,-0.9400000000000001,0.2,-0.26,1.0090777557602126
5525.25,5525.35,47.9529472,-81.8447936,4145.696,-8.268181818181818,0.029090909090909025,0.12090909090909087,8.33042526430304,-1.8272727272727274,-0.43636363636363634,-0.3272727272727272,1.9097839252265152
5525.25,5525.45,47.9529472,-81.8447936,4141.139,-8.770000000000001,0.40222222222222226,-1.2822222222222224,8.919822558716788,-1.7222222222222223,-0.3888888888888889,-0.2111111111111111,1.7836993159694547
5525.25,5525.55,47.9529472,-81.8447936,4137.0605,-11.273,-0.49000000000000005,-1.29,11.374282165499578,-1.19,-0.040000000000000015,0.11000000000000001,1.2114699191083895
5525.25,5525.65,47.9529472,-81.8447936,4132.713,-10.217000000000002,-0.932,-0.011,10.269583245240701,-0.07777777777777777,0.13333333333333333,0.3,0.4379088447918074
5525.25,5525.75,47.9529472,-81.8447936,4131.558,-10.393333333333333,-0.8177777777777778,-0.10888888888888888,10.442270581091517,0.57,0.21000000000000002,0.11000000000000001,0.6274231906617036
5525.25,5525.85,47.9529472,-81.8447936,4130.267,-8.24909090909091,-0.6763636363636364,1.5618181818181818,8.517772505510472,0.13636363636363635,-0.10909090909090909,-0.3909090909090909,0.5607267075372702
5525.25,5525.95,47.9529472,-81.8447936,4129.182,-8.620000000000001,0.5479999999999999,0.8789999999999999,8.71573032124568,-0.5111111111111111,-0.7222222222222222,-0.5111111111111112,1.0362972911137203
5525.25,5526.05,47.9529472,-81.8447936,4127.416499999999,-11.684444444444445,2.5555555555555554,-0.6766666666666667,12.046487369363954,-1.31,-0.7899999999999999,-0.04000000000000001,1.5705863731020835
5525.25,5526.15,47.9529472,-81.8447936,4124.566,-6.739,1.517,-1.1090000000000002,7.019298184146581,-2.12,-0.45,0.38,2.205554393960577
5526.25,5526.25,47.9529472,-81.8447936,4121.1065,-11.314444444444444,0.1877777777777778,-1.0633333333333335,11.374271569391231,-2.522222222222222,-0.16666666666666666,0.5777777777777777,2.594345008796495
5526.25,5526.35,47.9529472,-81.8447936,4118.597,-9.825454545454544,0.012727272727272728,-1.0972727272727274,9.890157742929993,-3.2454545454545456,-0.018181818181818184,0.4090909090909091,3.2729600996596755
5526.25,5526.45,47.9529472,-81.8447936,4116.021000000001,-11.91,-0.6500000000000001,0.3330000000000001,11.95799484500861,-3.7222222222222223,-0.044444444444444446,0.2222222222222222,3.730575558271925
5526.25,5526.55,47.9529472,-81.8447936,4118.055,-9.63,-1.0244444444444445,-0.45333333333333337,9.71871210968335,-3.09,-0.27999999999999997,0.0,3.1029796989083787
5526.25,5526.65,47.9529472,-81.8447936,4127.281,-7.640000000000001,-0.7622222222222222,-0.7077777777777778,7.7174589936856925,-2.85,-0.26999999999999996,-0.08,2.8645773379840307
5526.25,5526.75,47.9529472,-81.8447936,4144.54,-7.006,0.35500000000000004,-0.34199999999999997,7.03576032649215,-2.9000000000000004,-0.48888888888888893,-0.05555555555555555,2.9431316560076297
5526.25,5526.85,47.9529472,-81.8447936,4157.471,-10.353,1.783,-1.7260000000000002,10.656518524636748,-3.3909090909090907,-0.5999999999999999,0.19090909090909092,3.4529965170948724
5526.25,5526.95,47.9529472,-81.8447936,4150.8685,-10.141000000000002,0.36599999999999994,-1.6489999999999998,10.324179988831848,-3.7999999999999994,-0.6699999999999999,0.64,3.9128538001707134
5526.25,5527.05,47.9529472,-81.8447936,4130.267,-11.171000000000001,-0.31500000000000006,-2.066,11.386464269139221,-3.94,-0.8800000000000001,0.43,4.061380760476353
5526.25,5527.15,47.9529472,-81.8447936,4111.2785,-10.363333333333333,0.9388888888888888,-3.1344444444444446,10.875084126416782,-4.077777777777778,-0.5666666666666668,0.4111111111111111,4.14169997370156
5527.25,5527.25,47.9529472,-81.8447936,4103.151,-8.111,-0.0030000000000000027,-2.64,8.54091313226443,-3.744444444444445,-0.3666666666666667,0.6111111111111112,3.812446871018951
5527.25,5527.35,47.9529472,-81.8447936,4098.957,-13.001,-1.19,-1.443,13.187777258909065,-3.645454545454545,-0.06363636363636363,0.5181818181818182,3.6833453767823516
5527.25,5527.45,47.9529472,-81.8447936,4097.333500000001,-11.133999999999999,-1.342,-1.091,11.294466138605504,-3.03,-0.13999999999999999,0.42000000000000004,3.062982821024336
5527.25,5527.55,47.9529472,-81.8447936,4096.251,-9.312,-0.9439999999999997,-0.769,9.405597989712623,-2.8999999999999995,-0.2899999999999999,0.10999999999999999,2.9195852825428887
5527.25,5527.65,47.9529472,-81.8447936,4107.08,-8.817499999999999,-0.54125,-0.8200000000000001,8.877406815366932,-2.9,-0.3,-0.2,2.923462815451342
5527.25,5527.75,47.9529472,-81.8447936,4123.752,-9.175,-0.15,-0.796,9.24369458831908,-2.92,-0.22000000000000003,-0.29,2.9430600211955587
5527.25,5527.85,47.9529472,-81.8447936,4130.743,-9.881,0.9530000000000001,-0.669,10.004983016413458,-3.3,-0.19,0.22999999999999998,3.3195869810099956
5527.25,5527.95,47.9529472,-81.8447936,4127.417,-11.737,-1.107,-0.8800000000000001,11.851128198027668,-2.81,-0.39,0.5899999999999999,2.900244009871108
5527.25,5528.05,47.9529472,-81.8447936,4118.7335,-12.562727272727273,-0.990909090909091,-0.9900000000000001,12.686540551639638,-2.42,-0.31999999999999995,0.39999999999999997,2.47451704891498
5527.25,5528.15,47.9529472,-81.8447936,4111.1425,-7.0975,-1.3912499999999999,-1.475,7.492246277620669,-2.066666666666667,-0.13333333333333336,0.08888888888888889,2.079024057504373
5528.25,5528.25,47.9529472,-81.8447936,4096.386,-5.488,-1.3029999999999997,-1.226,5.821777717784108,-1.7099999999999997,0.32999999999999996,-0.2,1.7614448328424743
5528.25,5528.35,47.9529472,-81.8447936,4084.7625,-12.794,-0.51,0.11599999999999999,12.830709235455753,-2.0599999999999996,0.55,-0.42000000000000004,2.1757235608672185
5528.25,5528.45,47.9529472,-81.8447936,4080.036,-5.267777777777778,0.021111111111111115,0.8200000000000001,5.348225074348125,-2.4699999999999998,0.15,-0.32999999999999996,2.502052134437492
5528.25,5528.55,47.9529472,-81.8447936,4077.067,-8.659090909090908,-0.7400000000000001,0.4072727272727272,8.718969654176915,-2.92,-0.26999999999999996,-0.21000000000000002,2.9438932275883305
5528.25,5528.65,47.9529472,-81.8447936,4074.503,-10.91777777777778,-1.657777777777778,-1.098888888888889,11.119747130029989,-2.9,-0.5,-0.3222222222222222,2.960664022535073
5528.25,5528.75,47.9529472,-81.8447936,4071.671,-7.015555555555555,-0.991111111111111,-2.078888888888889,7.391963421482337,-2.9555555555555557,-0.3111111111111111,-0.43333333333333335,3.006156034774005
5528.25,5528.85,47.9529472,-81.8447936,4069.446,-12.086363636363638,-2.0500000000000003,-1.7263636363636365,12.484364233937988,-3.19,0.17,-0.16999999999999998,3.2054837184788374
5528.25,5528.95,47.9529472,-81.8447936,4070.592,-11.863333333333333,-2.461111111111111,-0.8433333333333333,12.196622087394458,-2.63,0.19000000000000003,0.18,2.6440445239636436
5528.25,5529.05,47.9529472,-81.8447936,4079.4975,-7.29909090909091,-1.4590909090909092,-0.15545454545454546,7.469378483977919,-1.6636363636363638,0.018181818181818184,0.08181818181818182,1.6688877599844212
5528.25,5529.15,47.9529472,-81.8447936,4090.572,-8.719999999999999,-1.2366666666666668,0.17000000000000004,8.830898153600936,-1.8333333333333333,-0.23333333333333328,-0.4,1.8977804376737315
5529.25,5529.25,47.9529472,-81.8447936,4102.882,-11.738888888888889,0.7033333333333334,-1.2622222222222224,11.94464624797299,-2.0444444444444447,-0.3333333333333333,-0.7444444444444444,2.2028322985071345
5529.25,5529.35,47.9529472,-81.8447936,4105.453,-14.774545454545454,1.419090909090909,-1.7345454545454544,15.039494610013229,-1.7100000000000002,-0.24000000000000005,-0.12999999999999998,1.7408536837887627
5529.25,5529.45,47.9529472,-81.8447936,4109.922,-12.478888888888887,0.22333333333333336,-0.26333333333333336,12.534097217226439,-1.088888888888889,-0.1444444444444445,0.30000000000000004,1.1453587830715923
5529.25,5529.55,47.9529472,-81.8447936,4108.567999999999,-8.82090909090909,-0.05363636363636362,-1.3163636363636364,8.97466273551467,-1.0454545454545454,0.009090909090909089,0.7090909090909091,1.2674497908080327
5529.25,5529.65,47.9529472,-81.8447936,4105.453,-10.623999999999999,-2.732,-2.201,11.280800210117139,-1.9222222222222218,0.43333333333333335,0.2555555555555555,2.0155812748334587
5529.25,5529.75,47.9529472,-81.8447936,4086.2515000000003,-7.077500000000001,-1.3849999999999998,-1.3537500000000002,7.4047433680693775,-2.5777777777777775,0.6,-0.27777777777777773,2.662198538420551
5529.25,5529.85,47.9529472,-81.8447936,4060.082,-10.49909090909091,-0.23545454545454547,-1.3136363636363635,10.605815303385372,-3.1181818181818177,0.5272727272727273,-0.31818181818181823,3.1819881775553998
5529.25,5529.95,47.9529472,-81.8447936,4051.3320000000003,-8.28,-0.49555555555555564,-1.3722222222222222,8.416045886458548,-3.1,0.37777777777777777,-3.0839528461809902e-18,3.124146386204467
5529.25,5530.05,47.9529472,-81.8447936,4047.969,-9.886363636363635,-1.0736363636363637,-0.7845454545454547,9.979257168135044,-2.709090909090909,0.009090909090909104,0.018181818181818184,2.7123173411267847
5529.25,5530.15,47.9529472,-81.8447936,4046.893,-10.404,-0.688,-0.47300000000000003,10.447423439707112,-1.9777777777777779,-0.2,-0.03333333333333334,1.9891117104047413
5530.25,5530.25,47.9529472,-81.8447936,4044.7425000000003,-10.772222222222222,-0.47333333333333333,-0.031111111111111103,10.787454973911862,-1.0444444444444445,-0.10000000000000002,-0.26666666666666666,1.0877906724390711
5530.25,5530.35,47.9529472,-81.8447936,4042.457,-8.008,-0.183,0.15799999999999997,8.013310425672607,-0.8272727272727274,0.10909090909090909,-0.33636363636363636,0.9032371868854315
5530.25,5530.45,47.9529472,-81.8447936,4039.5685,-10.846,-0.05499999999999999,1.527,10.962131895908378,-0.7333333333333334,0.21111111111111114,-0.4444444444444444,0.9052962542543086
5530.25,5530.55,47.9529472,-81.8447936,4037.084,-12.218999999999998,-0.4640000000000001,0.718,12.298016886388952,0.15454545454545457,0.06363636363636364,-0.4454545454545455,0.4912110014766492
5530.25,5530.65,47.9529472,-81.8447936,4034.263,-6.09,0.7140000000000001,1.1420000000000001,6.320320121087123,0.45000000000000007,-0.18,-0.11000000000000001,0.525323736246715
5530.25,5530.75,47.9529472,-81.8447936,4033.056,-15.20444444444444,1.0255555555555556,-1.267777777777778,15.315360626810424,0.04444444444444444,-0.10000000000000002,0.5111111111111111,0.6135216079801091
5530.25,5530.85,47.9529472,-81.8447936,4031.4445,-7.573,-0.508,-0.085,7.6163179937888215,-0.6599999999999999,0.35,0.6499999999999999,0.9975119060277515
5530.25,5530.95,47.9529472,-81.8447936,4030.1695,-9.876999999999999,-1.0690000000000002,0.382,9.955989044729922,-1.3444444444444446,0.3111111111111111,0.33333333333333337,1.4402174397098255
5530.25,5531.05,47.9529472,-81.8447936,4027.821,-10.364999999999998,-1.084,1.0790000000000002,10.479072444416406,-1.9363636363636365,2.523234146875356e-18,-0.09090909090909091,1.9421794095054346
5530.25,5531.15,47.9529472,-81.8447936,4027.151,-10.724,-0.7250000000000002,0.26999999999999996,10.762257813055198,-1.2799999999999998,-0.1,-0.2,1.299486937203482
5531.25,5531.25,47.9529472,-81.8447936,4027.017,-6.608,0.501,0.5810000000000001,6.6867413583692255,-1.1,-0.2,-0.08888888888888889,1.1281097972279084
5531.25,5531.35,47.9529472,-81.8447936,4033.1229999999996,-7.311111111111111,1.478888888888889,-0.5555555555555556,7.50043095607922,-1.3599999999999999,-0.38,0.36,1.4655792438484727
5531.25,5531.45,47.9529472,-81.8447936,4048.911,-10.352,0.12899999999999995,-1.8210000000000002,10.535322077208864,-1.77,-0.18,0.74,1.9315377857950597
5531.25,5531.55,47.9529472,-81.8447936,4067.898,-10.061,-1.5170000000000001,-0.9099999999999999,10.2347797797984,-2.13,0.15,0.48,2.1934640568519805
5531.25,5531.65,47.9529472,-81.8447936,4076.4605,-8.605,-1.4160000000000001,0.701,8.778902232370509,-1.5699999999999998,0.2,0.22000000000000003,1.59893743322575
5531.25,5531.75,47.9529472,-81.8447936,4080.982,-12.315999999999999,-1.645,1.684,12.546382548524358,-0.788888888888889,0.044444444444444446,-0.10000000000000002,0.8104888631596031
5531.25,5531.85,47.9529472,-81.8447936,4079.0240000000003,-8.745555555555555,-0.5877777777777777,0.5644444444444444,8.7848377119298,-0.17,0.0,-0.33999999999999997,0.38276621056600235
5531.25,5531.95,47.9529472,-81.8447936,4074.773,-9.906666666666668,-0.28555555555555556,0.2733333333333333,9.92134628863289,-0.030000000000000006,0.0,-0.16,0.1656062329783655
5531.25,5532.05,47.9529472,-81.8447936,4070.525,-12.17818181818182,0.1318181818181818,-0.03999999999999993,12.222917521851082,-0.51,0.38,0.0,0.6383407041545701
5531.25,5532.15,47.9529472,-81.8447936,4060.62,-13.632222222222222,-1.1733333333333333,0.8811111111111111,13.752650109880003,-0.21000000000000002,0.5999999999999999,0.0,0.6662215538420755
5532.25,5532.25,47.9529472,-81.8447936,4052.677,-10.333000000000002,-1.261,2.2849999999999997,10.764345683227539,0.4499999999999999,0.12999999999999998,-0.04,0.552398454390666
5532.25,5532.35,47.9529472,-81.8447936,4049.5159999999996,-5.627,1.007,1.16,5.887423545301543,0.55,-0.6199999999999999,0.06999999999999999,0.8677851563459882
5532.25,5532.45,47.9529472,-81.8447936,4056.581,-14.708888888888888,1.0266666666666664,-1.0955555555555556,14.825839811165942,0.13333333333333333,-0.7555555555555556,0.5777777777777778,0.9898640034981878
5532.25,5532.55,47.9529472,-81.8447936,4067.8289999999997,-9.102727272727272,-0.33181818181818185,-1.168181818181818,9.209652287402555,-0.64,-0.11000000000000001,0.74,1.0311357322007624
5532.25,5532.65,47.9529472,-81.8447936,4071.401,-9.43,-0.8888888888888888,-0.2444444444444444,9.48597886403798,-1.1400000000000001,0.15,0.39,1.2263912541816517
5532.25,5532.75,47.9529472,-81.8447936,4067.4915,-8.363,-0.748,0.099,8.400727546336494,-1.33,0.27999999999999997,0.04,1.3612373741060337
5532.25,5532.85,47.9529472,-81.8447936,4057.254,-9.093,-0.562,1.028,9.194678490439516,-1.09,0.30000000000000004,0.0,1.1311706031878916
5532.25,5532.95,47.9529472,-81.8447936,4049.449,-11.211111111111112,-0.45999999999999996,0.2711111111111111,11.226865329985946,-0.7555555555555555,0.21111111111111114,0.0,0.7854128781098008
5532.25,5533.05,47.9529472,-81.8447936,4038.4939999999997,-6.756363636363637,-0.36,0.0909090909090909,6.767177438084139,-0.6799999999999999,0.2,0.06,0.713205649453859
5532.25,5533.15,47.9529472,-81.8447936,4028.492,-10.932222222222222,-1.1177777777777778,-0.011111111111111108,11.014303482251986,-0.5444444444444445,0.2,0.06666666666666668,0.5860909126858974
5533.25,5533.25,47.9529472,-81.8447936,4019.8435,-9.938,-1.124,0.052000000000000005,10.015114355847667,-0.15,0.2,-0.26999999999999996,0.40093350278467577
5533.25,5533.35,47.9529472,-81.8447936,4012.541,-10.226363636363637,-0.09636363636363637,0.6672727272727271,10.259168383722828,-0.04,0.05000000000000001,-0.39,0.41587630906445694
5533.25,5533.45,47.9529472,-81.8447936,4008.993,-12.855,0.21625,0.075,12.861692903880307,-0.2,-0.23333333333333334,-0.16666666666666666,0.3786465242312107
5533.25,5533.55,47.9529472,-81.8447936,4006.919,-7.733636363636363,0.3145454545454545,-0.509090909090909,7.762903854855366,-0.3818181818181818,-0.13636363636363638,0.10909090909090909,0.43828422973434916
5533.25,5533.65,47.9529472,-81.8447936,4003.842,-10.326666666666666,-0.22111111111111112,-0.7911111111111111,10.36371135486767,-0.6333333333333333,0.14444444444444446,0.3,0.7237910151483191
5533.25,5533.75,47.9529472,-81.8447936,3992.3450000000003,-8.791999999999998,-0.185,0.06499999999999999,8.795221694427973,-0.8,0.4,0.29999999999999993,0.9433981132056604
5533.25,5533.85,47.9529472,-81.8447936,3983.532,-10.367272727272729,0.13,0.8372727272727272,10.410928217522226,-0.96,0.24,0.25000000000000006,1.0371568169588607
5533.25,5533.95,47.9529472,-81.8447936,3977.395,-13.605555555555556,0.46888888888888886,1.4455555555555557,13.694791500023237,-0.8400000000000001,-0.21000000000000002,0.16999999999999998,0.9121183375591352
5533.25,5534.05,47.9529472,-81.8447936,3975.527,-11.635000000000002,0.11400000000000002,0.5240000000000001,11.650188101189437,-0.27,-0.43,0.13000000000000003,0.527732495960465
5533.25,5534.15,47.9529472,-81.8447936,3976.261,-9.501,-0.023999999999999997,-1.1640000000000001,9.632207651568041,-0.14444444444444446,-0.2111111111111111,0.08888888888888889,0.3218128399192184
5534.25,5534.25,47.9529472,-81.8447936,3973.528,-6.087777777777778,-0.5177777777777778,-1.66,6.339789524388747,-0.66,0.5,-0.030000000000000006,0.8302801463714259
5534.25,5534.35,47.9529472,-81.8447936,3967.8645,-12.693636363636363,-1.1509090909090909,0.2781818181818182,12.826637581943107,-1.4636363636363634,0.8636363636363634,-0.4454545454545454,1.7703794075605008
5534.25,5534.45,47.9529472,-81.8447936,3965.2015,-13.326666666666666,0.8488888888888889,0.9433333333333334,13.403624270723801,-1.9111111111111114,0.43333333333333335,-0.4888888888888888,2.030868328686747
5534.25,5534.55,47.9529472,-81.8447936,3961.274,-9.133000000000001,0.23000000000000004,0.568,9.173066978987228,-1.6199999999999999,0.08,-0.13,1.6300556797405528
5534.25,5534.65,47.9529472,-81.8447936,3959.0115,-11.174,0.194,0.09499999999999996,11.21031492555819,-1.2,-0.03333333333333334,0.011111111111111112,1.2027572243836222
5534.25,5534.75,47.9529472,-81.8447936,3956.218,-6.92,0.17111111111111113,0.15666666666666665,6.9545157602112475,-1.25,-0.35,0.24,1.3218624893283266
5534.25,5534.85,47.9529472,-81.8447936,3955.4855,-10.703636363636365,-0.7218181818181818,-1.8863636363636365,11.001044100463163,-1.5181818181818185,-0.16363636363636364,0.21818181818181823,1.5667566030016564
5534.25,5534.95,47.9529472,-81.8447936,3953.291,-7.6209999999999996,-1.0870000000000002,-1.131,7.8263185842231975,-2.3,0.4,-0.044444444444444446,2.337763830444453
5534.25,5535.05,47.9529472,-81.8447936,3952.0285,-9.85888888888889,-0.5655555555555556,-0.27,9.895409371212686,-2.7699999999999996,0.47000000000000003,-0.15,2.8157287824587103
5534.25,5535.15,47.9529472,-81.8447936,3953.0254999999997,-10.175,-0.47700000000000004,-0.6609999999999999,10.237939733931466,-2.91,0.5,-0.06999999999999999,2.954178406846249
5535.25,5535.25,47.9529472,-81.8447936,3961.673,-10.275555555555558,-1.0433333333333334,0.051111111111111156,10.412561378531956,-2.611111111111111,0.30000000000000004,0.13333333333333333,2.636460325888374
5535.25,5535.35,47.9529472,-81.8447936,3977.9970000000003,-10.566363636363635,-1.2,0.10909090909090911,10.717232824127843,-2.0818181818181816,-0.1,0.018181818181818184,2.0884989130077916
5535.25,5535.45,47.9529472,-81.8447936,3992.478,-15.214999999999998,-0.37300000000000005,-0.43,15.230678539347196,-1.7999999999999998,-0.2555555555555556,-0.1,1.8213947495042209
5535.25,5535.55,47.9529472,-81.8447936,3998.7595,-5.601000000000001,-0.292,-0.125,5.624729728041688,-1.7,-0.11000000000000001,-0.01,1.7041090549281985
5535.25,5535.65,47.9529472,-81.8447936,3998.224,-14.774444444444445,-1.9644444444444444,-0.5711111111111111,14.927059358026574,-1.52,-0.010000000000000004,-0.09000000000000001,1.5304897706455196
5535.25,5535.75,47.9529472,-81.8447936,3992.21,-15.281,-0.7569999999999999,0.141,15.312631526274677,-1.011111111111111,0.28888888888888886,-0.4,1.1268228113119232
5535.25,5535.85,47.9529472,-81.8447936,3978.1965,-8.145999999999999,0.257,1.909,8.46974116583601,-1.2090909090909092,0.027272727272727282,-0.48181818181818187,1.3197830749871962
5535.25,5535.95,47.9529472,-81.8447936,3964.602,-7.518000000000001,2.0380000000000003,1.541,7.986107727194145,-1.9400000000000002,-0.6799999999999999,-0.2,2.077551344992236
5535.25,5536.05,47.9529472,-81.8447936,3950.5675,-11.355999999999998,1.793,-1.6350000000000002,11.706859272910558,-2.88,-1.2199999999999998,0.30999999999999994,3.1471238713447636
5535.25,5536.15,47.9529472,-81.8447936,3937.217,-9.57888888888889,-0.4122222222222222,-2.3866666666666667,9.930727897729092,-3.3777777777777778,-0.9777777777777779,0.36666666666666664,3.5365641931547174
5536.25,5536.25,47.9529472,-81.8447936,3931.1135,-9.022,-1.321,-1.274,9.215805751397001,-2.477777777777778,-0.6555555555555556,0.21111111111111114,2.5720185433803255
5536.25,5536.35,47.9529472,-81.8447936,3927.931,-8.398000000000001,-0.857,-1.259,8.544119036709764,-1.6727272727272726,-0.1636363636363636,0.2545454545454545,1.7082023182147927
5536.25,5536.45,47.9529472,-81.8447936,3925.28,-11.475999999999999,-1.927,-0.4640000000000001,11.655667623017724,-0.9299999999999999,0.08,0.4,1.0263609757448895
5536.25,5536.55,47.9529472,-81.8447936,3922.8945000000003,-13.232999999999999,-1.509,0.388,13.360292829310842,-0.22999999999999998,0.11000000000000001,0.34,0.4397069506262546
5536.25,5536.65,47.9529472,-81.8447936,3920.245,-2.8912500000000003,-0.7175,0.64125,3.1209266550795407,0.06666666666666667,-0.12222222222222223,0.12222222222222223,0.20216559101032278
5536.25,5536.75,47.9529472,-81.8447936,3918.9865,-16.641,0.321,-0.937,16.737383912256767,0.05000000000000001,-0.21000000000000002,0.12000000000000002,0.3011366977950135
5536.25,5536.85,47.9529472,-81.8447936,3916.934,-6.782000000000001,1.1649999999999998,0.5950000000000001,7.199812173029502,-0.42000000000000004,0.09,0.63,0.7652284848349068
5536.25,5536.95,47.9529472,-81.8447936,3915.676,-10.972999999999999,-1.5330000000000001,-1.8329999999999997,11.419852600372437,-0.8300000000000001,0.19,0.35,0.9692451711266494
5536.25,5537.05,47.9529472,-81.8447936,3913.228,-9.950000000000001,-1.309090909090909,-1.0636363636363635,10.30486763142086,-1.04,0.35,-0.22999999999999998,1.1362895458548443
5536.25,5537.15,47.9529472,-81.8447936,3911.507,-12.457777777777778,0.22333333333333336,0.6788888888888889,12.492510644612784,-0.8222222222222223,0.23333333333333334,-0.3444444444444444,0.9295730604130203
5537.25,5537.25,47.9529472,-81.8447936,3909.7205,-11.364444444444445,-0.3188888888888889,0.3377777777777778,11.38108982625163,-0.33999999999999997,0.01,-0.18000000000000002,0.38967026608259603
5537.25,5537.35,47.9529472,-81.8447936,3908.464,-5.905,0.5640000000000001,0.030999999999999993,5.957962019098789,-0.08,0.0,-0.05,0.10071067811865475
5537.25,5537.45,47.9529472,-81.8447936,3905.2905,-10.666666666666666,2.6222222222222222,0.03222222222222223,10.989562804444661,-0.2,0.0,0.11000000000000001,0.2339801514804642
5537.25,5537.55,47.9529472,-81.8447936,3903.571,-8.745454545454544,0.9481818181818183,0.3581818181818182,8.880227325751607,-0.6799999999999999,-0.06000000000000001,0.24000000000000005,0.7321136870943215
5537.25,5537.65,47.9529472,-81.8447936,3901.7214999999997,-11.385555555555557,-0.9988888888888889,1.4355555555555555,11.537367834785515,-0.1222222222222222,-0.4444444444444444,0.12222222222222223,0.5425624106885224
5537.25,5537.75,47.9529472,-81.8447936,3901.192,-7.627777777777778,-0.6355555555555555,0.5822222222222222,7.691612351829771,0.48888888888888893,-0.6222222222222222,0.0,0.7962248108144172
5537.25,5537.85,47.9529472,-81.8447936,3899.342,-9.81909090909091,-0.6345454545454546,0.01636363636363638,9.846911546388078,0.49000000000000005,-0.51,0.0,0.7078191640826331
5537.25,5537.95,47.9529472,-81.8447936,3899.0119999999997,-8.284444444444444,-0.56,0.060000000000000005,8.30576477677146,0.39,-0.20000000000000004,-0.13,0.4698964267964995
5537.25,5538.05,47.9529472,-81.8447936,3897.625,-9.507272727272726,-0.31090909090909097,0.41,9.527148044856114,0.5,-0.009090909090909092,-0.2636363636363636,0.5677216660033843
5537.25,5538.15,47.9529472,-81.8447936,3895.115,-9.027777777777779,-0.29,0.5988888888888888,9.052816347225585,0.6000000000000001,0.08888888888888889,-0.2666666666666667,0.666404603384199
5538.25,5538.25,47.9529472,-81.8447936,3892.87,-6.904444444444445,0.13,0.15888888888888889,6.910010572422668,0.7,0.1,-0.13333333333333336,0.7225628715492779
5538.25,5538.35,47.9529472,-81.8447936,3890.4285,-10.618181818181817,-0.6763636363636364,0.49272727272727274,10.667717710272813,0.75,0.22000000000000003,0.0,0.7822719069074362
5538.25,5538.45,47.9529472,-81.8447936,3887.855,-11.135555555555557,-1.0355555555555556,0.45888888888888896,11.200731480802643,0.911111111111111,0.2,-0.35555555555555557,1.0014568661520962
5538.25,5538.55,47.9529472,-81.8447936,3885.48,-8.766363636363637,-0.46818181818181814,2.523234146875356e-18,8.779924043142225,1.0454545454545452,0.09090909090909091,-0.49090909090909096,1.1603953666951847
5538.25,5538.65,47.9529472,-81.8447936,3884.6225,-7.44,-0.07999999999999999,0.062,7.449321127811284,1.1,0.0,-0.34444444444444444,1.1545455799341247
5538.25,5538.75,47.9529472,-81.8447936,3882.974,-8.67875,-0.14125,0.47000000000000003,8.699828899154035,1.1333333333333333,-0.08888888888888889,-0.1444444444444445,1.1476163033563
5538.25,5538.85,47.9529472,-81.8447936,3881.4579999999996,-8.729090909090909,0.006363636363636364,0.3827272727272728,8.74272188087229,1.4363636363636365,-0.018181818181818184,-0.018181818181818184,1.4377581241931277
5538.25,5538.95,47.9529472,-81.8447936,3880.997,-6.674444444444444,-0.5622222222222223,0.044444444444444446,6.701552254681225,1.6666666666666667,0.044444444444444446,0.0,1.6679727273745066
5538.25,5539.05,47.9529472,-81.8447936,3881.59,-9.090909090909092,-1.1427272727272728,0.6818181818181818,9.199659667252568,1.5272727272727273,0.16363636363636364,-0.07272727272727274,1.5413478614767309
5538.25,5539.15,47.9529472,-81.8447936,3884.161,-7.4670000000000005,-0.557,0.961,7.553099749172373,1.6333333333333335,0.08888888888888889,-0.28888888888888886,1.661668478317993
5539.25,5539.25,47.9529472,-81.8447936,3887.987,-11.815555555555555,-0.6977777777777778,0.47777777777777775,11.854499705276577,2.28,0.04,-0.39,2.3143415024789187
5539.25,5539.35,47.9529472,-81.8447936,3902.317,-9.306999999999999,-1.123,-0.46099999999999997,9.396359543910776,2.7399999999999998,0.04,-0.53,2.791960816127385
5539.25,5539.45,47.9529472,-81.8447936,3916.934,-10.731999999999998,-0.341,-1.269,10.821378925938408,2.988888888888889,0.0,-0.3777777777777778,3.014831014683224
5539.25,5539.55,47.9529472,-81.8447936,3921.371,-9.546,0.173,-1.7340000000000004,9.708563450651257,2.7090909090909094,0.3727272727272727,-0.018181818181818184,2.7415134499059524
5539.25,5539.65,47.9529472,-81.8447936,3907.142,-10.748999999999999,-0.5279999999999999,-0.763,10.80261018630437,2.5,0.76,-0.05,2.6150781507935226
5539.25,5539.75,47.9529472,-81.8447936,3879.221,-16.635555555555552,-0.4322222222222222,0.04777777777777777,16.704715647010804,2.6333333333333333,0.6222222222222222,-0.23333333333333334,2.7237766592806754
5539.25,5539.85,47.9529472,-81.8447936,3861.374,-7.528999999999999,0.627,-0.638,7.688059506495631,2.66,0.14000000000000004,0.08,2.6674864939769813
5539.25,5539.95,47.9529472,-81.8447936,3858.35,-15.562999999999999,-1.042,-0.799,15.622661544389729,2.5555555555555554,0.23333333333333334,0.28888888888888886,2.583334610147579
5539.25,5540.05,47.9529472,-81.8447936,3856.3125,-9.350999999999999,-0.599,-0.8020000000000002,9.433656692002327,2.6000000000000005,0.4,0.07272727272727274,2.633005266632556
5539.25,5540.15,47.9529472,-81.8447936,3854.143,-10.45,0.666,-0.19799999999999998,10.580493417932658,2.4400000000000004,0.25,-0.06000000000000001,2.4587400473716365
5540.25,5540.25,47.9529472,-81.8447936,3852.9605,-13.294,0.656,-0.5589999999999999,13.434341567550703,1.4555555555555557,0.06666666666666667,0.6333333333333334,1.60850191626517
5540.25,5540.35,47.9529472,-81.8447936,3851.253,-11.594444444444445,-1.8244444444444443,0.6088888888888889,11.870131028332215,1.65,0.31,0.8400000000000001,1.883668836612154
5540.25,5540.45,47.9529472,-81.8447936,3850.4645,-11.266,-3.022,2.1089999999999995,12.020495177610268,2.3800000000000003,-0.22999999999999998,0.26000000000000006,2.4246484254149845
5540.25,5540.55,47.9529472,-81.8447936,3850.202,-10.813999999999998,-0.601,0.615,10.970146625478737,2.2600000000000002,-1.0999999999999999,0.21000000000000002,2.532557906222143
5540.25,5540.65,47.9529472,-81.8447936,3855.72,-12.403,-1.7709999999999997,-2.002,13.493453184010173,2.0200000000000005,-0.95,0.48,2.2870370143898473
5540.25,5540.75,47.9529472,-81.8447936,3874.6710000000003,-8.984,-2.431,-1.6659999999999997,9.57912857852207,0.6222222222222222,-0.1111111111111111,-0.26666666666666666,0.8585290344812994
5540.25,5540.85,47.9529472,-81.8447936,3876.383,-9.318999999999999,-0.41100000000000003,0.48200000000000004,9.432095456974759,-0.04,0.22000000000000003,-0.97,0.9974057537901011
5540.25,5540.95,47.9529472,-81.8447936,3868.6130000000003,-12.592222222222222,0.42222222222222217,-0.11888888888888892,12.650825477452067,0.13,0.39,-0.82,0.9534898622316474
5540.25,5541.05,47.9529472,-81.8447936,3863.611,-10.696363636363635,1.2909090909090908,-0.13181818181818183,10.785976536546276,1.23,0.74,0.07,1.4726027850512982
5540.25,5541.15,47.9529472,-81.8447936,3865.3215,-5.962222222222222,0.3255555555555556,0.5044444444444445,6.030547964202167,1.95,0.75,0.41999999999999993,2.134800164410829
5541.25,5541.25,47.9529472,-81.8447936,3866.243,-19.344,-1.049,-0.905,19.410471520354115,2.3299999999999996,0.6199999999999999,0.35,2.440065033780952
5541.25,5541.35,47.9529472,-81.8447936,3853.7505,-3.5730000000000004,-0.453,-0.372,3.8978817670700865,2.3999999999999995,0.53,0.030000000000000006,2.4602868772286333
5541.25,5541.45,47.9529472,-81.8447936,3848.363,-14.475555555555555,0.6088888888888888,-1.5922222222222222,14.66254909702522,2.233333333333333,0.23333333333333334,0.12222222222222223,2.253575342596092
5541.25,5541.55,47.9529472,-81.8447936,3836.682,-8.434545454545455,-0.8545454545454546,-1.1036363636363637,8.69226024204179,2.5700000000000003,0.37,0.44000000000000006,2.6349263518505586
5541.25,5541.65,47.9529472,-81.8447936,3829.538,-12.132222222222222,0.3955555555555555,0.24888888888888885,12.247957764814895,2.4799999999999995,0.38,0.43,2.5545139210526813
5541.25,5541.75,47.952984,-81.84166400000001,3824.756,-11.298,-0.24000000000000005,1.657,11.486035669463678,2.3,-0.10999999999999999,0.97,2.5043227353140027
5541.25,5541.85,47.9530208,-81.8385344,3822.2675,-10.029,-1.3059999999999998,0.020000000000000007,10.123147089484993,2.78,-0.1,1.19,3.0278377692068283
5541.25,5541.95,47.9530208,-81.8385344,3820.959,-9.775,-2.75875,0.80625,10.192684918548004,3.377777777777778,-0.06666666666666668,0.8999999999999999,3.5027295903601927
5541.25,5542.05,47.9530208,-81.8385344,3820.37,-11.993636363636364,-3.070909090909091,-0.38272727272727275,12.441223215509115,4.2727272727272725,-0.4272727272727273,0.3727272727272728,4.315313635316861
5541.25,5542.15,47.9530208,-81.8385344,3819.8464999999997,-4.844444444444445,-0.8033333333333333,-1.6022222222222222,5.1821625155209405,4.344444444444445,-0.5888888888888889,0.39999999999999997,4.404006014759036
5542.25,5542.25,47.9530208,-81.8385344,3821.613,-11.103,-2.616,-1.827,11.588360987329569,4.49,-0.44000000000000006,0.3,4.52547398576054
5542.25,5542.35,47.9530208,-81.8385344,3838.7160000000003,-8.185454545454546,-0.10090909090909089,-2.61,8.637952518928904,4.24,-0.5799999999999998,0.05,4.281037631402368
5542.25,5542.45,47.9530208,-81.8385344,3844.161,-13.604444444444445,-0.6866666666666666,-4.27,14.407274549620077,3.5888888888888886,-0.4666666666666667,0.2777777777777778,3.6310448063575387
5542.25,5542.55,47.9530208,-81.8385344,3834.9120000000003,-6.212000000000001,-0.883,-0.6809999999999999,6.540262309593983,2.9545454545454537,-0.03636363636363637,0.19090909090909092,2.9628147981113018
5542.25,5542.65,47.9530208,-81.8385344,3819.257,-7.837000000000001,-0.522,-0.7649999999999999,7.951452676683573,2.8333333333333335,0.0,0.022222222222222223,2.8337163612687513
5542.25,5542.75,47.9530208,-81.8385344,3809.97,-14.253333333333334,0.31,-1.8277777777777777,14.418266642507355,2.3600000000000003,0.13999999999999999,0.0,2.3657798743698977
5542.25,5542.85,47.9530208,-81.8385344,3804.9385,-9.760000000000002,0.04727272727272727,-0.6345454545454545,9.821910732699886,1.8900000000000001,0.14,0.0,1.8961876679821124
5542.25,5542.95,47.9530208,-81.8385344,3802.913,-6.486666666666666,-0.7022222222222223,-0.29555555555555557,6.58697591356354,1.8599999999999999,0.0,0.09,1.8624105467460255
5542.25,5543.05,47.9530208,-81.8385344,3801.607,-13.634,-1.7890000000000001,0.19800000000000004,13.891016057683391,2.2699999999999996,-0.34,-0.16999999999999998,2.3146675148242686
5542.25,5543.15,47.9530208,-81.8385344,3799.517,-7.831,-0.606,-0.6649999999999999,7.904699583583394,1.8333333333333333,-0.7555555555555555,-0.21111111111111114,1.9979521961579383
5543.25,5543.25,47.9530208,-81.8385344,3799.0605,-10.268888888888888,-0.5833333333333334,-1.4644444444444442,10.533111491304622,1.56,-0.5700000000000001,-0.02,1.6656730989654132
5543.25,5543.35,47.9530208,-81.8385344,3800.17,-6.63909090909091,-0.5027272727272727,-1.3263636363636364,6.947361612978782,1.0,0.11818181818181817,-0.05454545454545454,1.0237820583684287
5543.25,5543.45,47.9530208,-81.8385344,3799.125,-10.530000000000001,0.09222222222222223,0.5277777777777778,10.568763943029893,0.9333333333333333,0.4,-0.06666666666666668,1.018973252137584
5543.25,5543.55,47.9530208,-81.8385344,3796.7105,-12.407,1.178,1.1929999999999998,12.532395334010301,0.35,0.21000000000000002,0.12000000000000002,0.4804818290670315
5543.25,5543.65,47.9530208,-81.8385344,3795.079,-10.912,-0.121,0.332,10.923546698008142,-0.07777777777777778,0.011111111111111112,0.3,0.3144246809038559
5543.25,5543.75,47.9530208,-81.8385344,3792.404,-7.737777777777778,-0.9166666666666666,0.9533333333333336,7.944857061162876,-0.11000000000000001,-0.19,0.16,0.31101612407244816
5543.25,5543.85,47.9530208,-81.8385344,3791.556,-11.423636363636364,-2.1954545454545453,-1.0927272727272728,11.733102395724059,0.4636363636363636,-0.17272727272727273,-0.34545454545454546,0.7052741584702292
5543.25,5543.95,47.9530208,-81.8385344,3791.295,-9.803,-0.197,-0.9069999999999998,9.929508082285007,1.5333333333333332,0.36666666666666664,-0.5,1.6661088363314964
5543.25,5544.05,47.9530208,-81.8385344,3791.817,-12.470000000000002,0.43222222222222223,1.21,12.561738544902296,1.26,0.22000000000000003,-0.13999999999999999,1.2943066479083305
5543.25,5544.15,47.9530208,-81.8385344,3793.774,-8.912,0.05899999999999998,0.6620000000000001,8.94963705167627,0.85,-0.030000000000000006,0.06999999999999999,0.856318937240748
5544.25,5544.25,47.9530208,-81.8385344,3798.081,-12.49,-0.3377777777777778,0.2466666666666667,12.50271082344106,0.6555555555555554,-0.011111111111111112,0.03333333333333334,0.6608935963352058
5544.25,5544.35,47.9530208,-81.8385344,3801.868,-7.391818181818182,-1.6854545454545453,-0.19727272727272727,7.601714605670394,0.509090909090909,-0.09090909090909091,-0.4090909090909091,0.6698960490996216
5544.25,5544.45,47.9530208,-81.8385344,3804.415,-7.646000000000001,-1.231,-1.581,7.921773476601122,0.9444444444444444,0.07777777777777778,-0.8333333333333334,1.2674104050911523
5544.25,5544.55,47.9530208,-81.8385344,3807.748,-13.255,0.5730000000000001,-1.152,13.36164344154994,1.8599999999999999,0.6,-0.75,2.113016022744437
5544.25,5544.65,47.9530208,-81.8385344,3817.687,-7.094444444444445,0.4122222222222222,-1.1844444444444444,7.236967534609249,2.9222222222222225,0.7,-0.07777777777777778,3.00791564306201
5544.25,5544.75,47.9530208,-81.8385344,3818.079,-10.932999999999998,-0.162,-0.982,10.999274720127367,3.2555555555555555,0.7666666666666666,0.08888888888888889,3.347396393480791
5544.25,5544.85,47.9530208,-81.8385344,3799.066,-12.923000000000002,-1.9560000000000002,-1.254,13.20947603323645,4.2,0.7181818181818183,0.2,4.267051120610109
5544.25,5544.95,47.9530208,-81.8385344,3779.6335,-7.726999999999999,-1.9469999999999998,-2.047,8.42080982435255,4.95,0.55,2.7755575615628915e-18,4.982127178578823
5544.25,5545.05,47.9530208,-81.8385344,3765.246,-12.728,-1.423,-1.274,12.908283159704416,4.319999999999999,-0.14,-0.29000000000000004,4.336531567259489
5544.25,5545.15,47.9530208,-81.8385344,3764.661,-8.35,-0.09666666666666666,-0.9977777777777779,8.463380769283027,3.211111111111111,-0.4444444444444444,-0.022222222222222227,3.2454227771398556
5545.25,5545.25,47.9530208,-81.8385344,3765.376,-8.128,-1.4629999999999999,-1.721,8.471646956884559,2.277777777777778,-0.19999999999999998,0.022222222222222227,2.291818133124189
5545.25,5545.35,47.9530208,-81.8385344,3764.8559999999998,-7.822,-2.854,-1.098,8.443086557079388,1.6090909090909091,0.3909090909090909,-0.6000000000000001,1.7815865164245042
5545.25,5545.45,47.9530208,-81.8385344,3763.556,-16.544000000000004,-0.5279999999999999,-1.264,16.66366550777855,2.1399999999999997,0.7699999999999999,-1.05,2.506183005800703
5545.25,5545.55,47.9530208,-81.8385344,3766.4175,-9.34,1.419,-1.6509999999999998,9.654050639002048,2.95,0.75,-0.56,3.108692316516188
5545.25,5545.65,47.9530208,-81.8385344,3776.3745,-6.7075000000000005,0.93625,-1.7137499999999999,6.992004152826058,3.7777777777777777,0.7,-0.06666666666666668,3.843876740138103
5545.25,5545.75,47.9530208,-81.8385344,3796.515,-7.090999999999999,0.85,-2.856,7.723782079218357,4.43,0.9099999999999999,0.25999999999999995,4.531752547769271
5545.25,5545.85,47.9530208,-81.8385344,3785.761,-15.854000000000003,-1.078,-1.996,16.05636501143255,4.49,1.1,0.08,4.627256021055546
5545.25,5545.95,47.9530208,-81.8385344,3756.018,-9.460999999999999,-0.595,-1.78,9.672682866935789,4.1,0.55,-0.41,4.162077843849366
5545.25,5546.05,47.9530208,-81.8385344,3747.3845,-11.777272727272726,-0.0890909090909091,-0.46454545454545465,11.82042854479933,3.0,-0.02,-0.31000000000000005,3.0203412015795186
5545.25,5546.15,47.9530208,-81.8385344,3746.152,-9.542222222222222,-0.9333333333333333,-0.06444444444444447,9.616763768142981,2.2222222222222223,-0.20000000000000004,-0.011111111111111112,2.2323213650517784
5546.25,5546.25,47.9530208,-81.8385344,3746.022,-6.405555555555556,-1.6244444444444446,-2.474444444444445,7.09189228436551,1.9300000000000002,0.18,-0.15,1.9598301909890359
5546.25,5546.35,47.9530208,-81.8385344,3745.697,-6.796000000000001,-1.032,-2.909,7.494248385878062,2.66,1.0100000000000002,-0.57,2.9065362584222165
5546.25,5546.45,47.9530208,-81.8385344,3743.687,-14.374444444444444,-0.2644444444444444,-1.708888888888889,14.491094771068422,3.4,1.3,-1.02,3.7847101548467657
5546.25,5546.55,47.9530208,-81.8385344,3745.049,-9.947272727272725,0.07909090909090909,-2.6672727272727275,10.352866970228176,4.59,0.8,-0.9199999999999999,4.757682980276259
5546.25,5546.65,47.9530208,-81.8385344,3771.881,-6.408888888888889,0.7866666666666666,-4.053333333333333,7.671735906904388,4.544444444444444,0.4,-0.3777777777777778,4.579372332495405
5546.25,5546.75,47.9530208,-81.8385344,3798.7995,-9.157777777777778,0.6066666666666667,-2.8555555555555556,9.67387388195041,2.9,0.7222222222222222,-0.011111111111111112,2.998662981198307
5546.25,5546.85,47.9530208,-81.8385344,3791.817,-12.24818181818182,0.30272727272727273,-0.04818181818181817,12.27456171051253,1.41,0.93,0.0,1.7021872598830303
5546.25,5546.95,47.9530208,-81.8385344,3780.084,-13.759999999999998,-0.4666666666666667,0.9055555555555556,13.86388744300132,0.6599999999999999,0.63,-0.06000000000000001,0.9223145194425049
5546.25,5547.05,47.9530208,-81.8385344,3766.8075,-6.829090909090909,-1.0390909090909093,0.5772727272727273,7.030861757621352,0.6,-0.018181818181818184,-0.29999999999999993,0.6811673510725554
5546.25,5547.15,47.9530208,-81.8385344,3761.346,-15.562222222222223,-0.006666666666666672,-0.7155555555555555,15.58855014026296,0.8222222222222223,-0.16666666666666666,-0.4,0.937227714600977
5547.25,5547.25,47.9530208,-81.8385344,3751.151,-5.3,1.0222222222222224,-1.1955555555555555,5.628822667737378,1.3666666666666667,0.17777777777777778,0.04444444444444444,1.3906126312416938
5547.25,5547.35,47.9530208,-81.8385344,3743.037,-8.930000000000001,0.6181818181818182,-0.6409090909090909,9.071239698866748,2.1499999999999995,0.56,0.55,2.2912758718588906
5547.25,5547.45,47.9530208,-81.8385344,3728.0715,-13.137777777777778,-1.3877777777777776,0.6211111111111112,13.25275230310411,2.855555555555556,0.4999999999999999,0.5222222222222221,2.9577647697431093
5547.25,5547.55,47.9530208,-81.8385344,3721.535,-7.828181818181818,0.14181818181818184,0.3045454545454545,7.883495201867614,3.0,0.05454545454545456,0.22727272727272727,3.0129783020458443
5547.25,5547.65,47.9530208,-81.8385344,3718.689,-9.229000000000001,-0.43800000000000006,-0.6200000000000001,9.279664457609435,3.1222222222222222,-0.26666666666666666,0.24444444444444446,3.144284333283421
5547.25,5547.75,47.9530208,-81.8385344,3717.1375,-10.434444444444445,-0.9011111111111111,-1.9066666666666667,10.661565420259906,2.733333333333333,-0.24444444444444446,0.2666666666666667,2.757907009448061
5547.25,5547.85,47.9530208,-81.8385344,3717.008,-7.178,-0.703,-1.15,7.336222503126299,1.9363636363636365,-0.018181818181818184,-0.018181818181818184,1.9382386647897478
5547.25,5547.95,47.9530208,-81.8385344,3715.8445,-13.536666666666667,-0.5288888888888889,-0.7988888888888889,13.599740781695779,1.6,0.06666666666666668,-0.1,1.6079410723022336
5547.25,5548.05,47.9530208,-81.8385344,3714.293,-9.225454545454546,0.24727272727272728,-1.2827272727272727,9.362492624758273,2.0272727272727273,0.618181818181818,-0.03636363636363637,2.123168444846148
5547.25,5548.15,47.9530208,-81.8385344,3713.905,-9.981,0.7150000000000001,0.358,10.031825450526169,2.7555555555555555,0.7444444444444444,0.23333333333333334,2.8693951981276777
5548.25,5548.25,47.9530208,-81.8385344,3722.441,-13.751111111111111,-1.0855555555555556,0.8111111111111111,13.851104635736831,3.91,0.35000000000000003,0.6599999999999999,3.984941749974156
5548.25,5548.35,47.9530208,-81.8385344,3734.3525,-9.321,-1.4629999999999999,-1.453,9.598242471750414,4.18,0.10999999999999999,0.6499999999999999,4.232612873129272
5548.25,5548.45,47.9530208,-81.8385344,3733.8345,-9.793,-2.728,-1.2429999999999999,10.246568326041587,4.166666666666667,0.16666666666666669,0.3111111111111111,4.1847822366523655
5548.25,5548.55,47.9530208,-81.8385344,3716.879,-9.198,-2.026,-2.2619999999999996,9.702760761032907,4.354545454545455,-0.02727272727272728,-0.045454545454545456,4.355861229679138
5548.25,5548.65,47.9530208,-81.8385344,3701.248,-11.764999999999999,-1.1329999999999998,-1.5070000000000001,11.929159926518196,3.7600000000000007,-0.16999999999999998,-0.17,3.7682655431795764
5548.25,5548.75,47.9530208,-81.8385344,3700.344,-10.814444444444444,-1.6011111111111112,-2.771111111111111,11.315710440405205,3.477777777777778,0.044444444444444446,-0.3111111111111111,3.497145556968571
5548.25,5548.85,47.9530208,-81.8385344,3698.667,-8.744,-1.3649999999999998,-3.0710000000000006,9.412263012937434,3.8600000000000003,0.43999999999999995,-0.65,3.939889459387486
5548.25,5548.95,47.9530208,-81.8385344,3699.183,-13.347999999999999,-1.004,-4.313000000000001,14.108739859520114,4.611111111111111,0.6,-0.8888888888888888,4.734403382570039
5548.25,5549.05,47.9530208,-81.8385344,3713.4610000000002,-9.021,0.13,-6.266,11.0892209710045,5.845454545454545,0.8090909090909091,-0.8090909090909091,5.9568651729400806
5548.25,5549.15,47.9530208,-81.8385344,3734.9415,-9.584999999999999,-0.256,-6.662999999999999,11.824235018035985,5.9399999999999995,0.9,-0.9800000000000001,6.088852192395572
5549.25,5549.25,47.9530208,-81.8385344,3738.759,-13.635,0.465,-6.151,15.055063626360823,6.333333333333334,0.7555555555555555,-0.8888888888888888,6.442669019606867
5549.25,5549.35,47.9530208,-81.8385344,3699.7695,-8.184444444444445,-0.3888888888888889,-4.93,9.609412445226921,5.279999999999999,0.5999999999999999,-0.65,5.354393261446156
5549.25,5549.45,47.9530208,-81.8385344,3686.805,-7.632000000000001,-1.4869999999999999,-3.603,8.593916605907959,4.859999999999999,0.54,-0.8400000000000001,4.962390049774948
5549.25,5549.55,47.9530208,-81.8385344,3686.547,-12.449,-0.9790000000000001,-2.88,12.841675421750022,4.58,0.2,-1.04,4.703253792178262
5549.25,5549.65,47.9530208,-81.8385344,3690.671,-8.885,-0.101,-1.796,9.081560454395326,4.290000000000001,-0.17,-0.74,4.3610581255739875
5549.25,5549.75,47.9530208,-81.8385344,3712.613,-11.544,0.916,-1.3350000000000002,11.686169571701836,3.3222222222222224,-0.2555555555555556,-0.1111111111111111,3.336675898730128
5549.25,5549.85,47.9530208,-81.8385344,3740.511,-5.8690000000000015,-0.11100000000000002,-0.14100000000000001,5.878581254008426,2.5090909090909093,0.0,0.0,2.5090909090909093
5549.25,5549.95,47.9530208,-81.8385344,3749.396,-5.432222222222223,-0.08444444444444445,-0.22000000000000003,5.447003060651408,2.4555555555555553,0.0,0.0,2.4555555555555553
5549.25,5550.05,47.9530208,-81.8385344,3740.252,-8.65090909090909,-2.402727272727273,-0.8999999999999999,9.08422689653774,2.7299999999999995,-0.12,-0.45,2.781007609524834
5549.25,5550.15,47.9530208,-81.8385344,3715.328,-14.50888888888889,0.036666666666666625,-2.995555555555556,14.884259573682735,2.54,-0.26,-0.9800000000000001,2.741601557865555
5550.25,5550.25,47.9530208,-81.8385344,3690.5445,-12.547999999999998,0.30500000000000005,-1.486,12.684003269567748,1.5,0.01,-1.0,1.8057585899728834
5550.25,5550.35,47.9530208,-81.8385344,3675.861,-10.848,2.965,-1.3300000000000003,11.400573705654214,0.85,0.04,-0.33,0.9521669347268226
5550.25,5550.45,47.9530208,-81.8385344,3672.388,-7.430000000000001,1.3455555555555554,-0.44999999999999996,7.643015832032442,0.5222222222222221,0.2777777777777778,0.5111111111111111,0.7939309100363215
5550.25,5550.55,47.9530208,-81.8385344,3670.587,-13.193636363636365,-1.6145454545454547,0.9090909090909093,13.414904348941713,0.99,0.19,0.68,1.2839682954016916
5550.25,5550.65,47.9530208,-81.8385344,3665.188,-10.557777777777778,-0.8811111111111111,-0.9355555555555556,10.751206420281438,1.97,-0.01,0.09,1.9819116031666848
5550.25,5550.75,47.9530208,-81.8385344,3661.9115,-7.6530000000000005,1.106,-0.378,7.777017057856,1.34,-0.05,-0.31999999999999995,1.3938450929384347
5550.25,5550.85,47.9530208,-81.8385344,3659.15,-14.501000000000001,-0.433,-0.4109999999999999,14.534080899962907,0.06,-0.18000000000000002,-0.44000000000000006,0.49039901759227256
5550.25,5550.95,47.9530208,-81.8385344,3657.674,-4.38,0.4975,-0.36250000000000004,4.487409195640379,0.03333333333333334,-0.022222222222222223,-0.2888888888888889,0.3079816356248323
5550.25,5551.05,47.9530208,-81.8385344,3655.94,-7.06090909090909,1.0818181818181818,0.8172727272727273,7.223448692782534,0.7727272727272727,0.0,0.3545454545454545,0.8606169719413143
5550.25,5551.15,47.9530208,-81.8385344,3654.144,-19.50111111111111,-1.6077777777777778,0.28,19.624539792907317,1.1777777777777778,-0.08888888888888889,0.8222222222222223,1.4404562648713042
5551.25,5551.25,47.9530208,-81.8385344,3653.245,-8.845,-0.744,0.03899999999999999,8.905044556332443,0.76,-0.08,0.51,0.9198955090470987
5551.25,5551.35,47.9530208,-81.8385344,3652.218,-6.375454545454545,-1.470909090909091,-0.7336363636363636,6.59510072245179,0.34,0.05,0.06000000000000001,0.3862493304353943
5551.25,5551.45,47.9530208,-81.8385344,3650.2934999999998,-12.468888888888888,-0.5933333333333333,-0.37777777777777777,12.53346470110697,0.37,0.41,-0.4,0.6848627229187855
5551.25,5551.55,47.9530208,-81.8385344,3647.344,-12.081999999999999,0.41400000000000003,0.959,12.19192450348866,0.56,0.41000000000000003,-0.35,0.8249087193115361
5551.25,5551.65,47.9530208,-81.8385344,3646.126,-7.470000000000001,0.28500000000000003,2.0580000000000003,7.783200963093691,1.4444444444444444,-0.1111111111111111,0.16666666666666666,1.4728447006744627
5551.25,5551.75,47.9530208,-81.8385344,3645.293,-10.511111111111113,-1.3122222222222224,-0.4466666666666667,10.658087003530907,2.09,-0.51,0.5999999999999999,2.2345892021119313
5551.25,5551.85,47.9530208,-81.8385344,3644.011,-9.577272727272726,-1.8745454545454547,-0.7318181818181819,9.812540517906799,2.65,-0.36,0.48,2.719841136118775
5551.25,5551.95,47.9530208,-81.8385344,3644.3315000000002,-9.833333333333334,-2.355555555555555,-1.7266666666666666,10.302776275783236,3.922222222222222,-0.1111111111111111,-0.06666666666666668,3.9267484602963276
5551.25,5552.05,47.9530208,-81.8385344,3655.17,-9.061,1.187,-2.4,9.5399823523077,4.24,-0.12,-0.39,4.260489635191726
5551.25,5552.15,47.9530208,-81.8385344,3677.0855,-14.326999999999998,0.9909999999999999,-2.232,14.714313776359152,3.3444444444444446,-0.28888888888888886,-0.19999999999999998,3.365292534591131
5552.25,5552.25,47.9530208,-81.8385344,3688.351,-8.685555555555556,-0.7822222222222224,-1.7544444444444443,8.909635548575219,2.7199999999999998,-0.05,0.05,2.72505505819227
5552.25,5552.35,47.9530208,-81.8385344,3670.716,-10.10090909090909,-0.6899999999999998,-0.4572727272727272,10.161128601172807,2.5,0.3181818181818181,0.0,2.520811838029094
5552.25,5552.45,47.9530208,-81.8385344,3653.501,-10.508888888888889,-0.8344444444444444,0.03555555555555553,10.55872408485583,2.811111111111111,0.23333333333333334,0.022222222222222223,2.8228719134040245
5552.25,5552.55,47.9530208,-81.8385344,3634.4665,-8.572999999999999,-1.0290000000000001,-0.24700000000000003,8.670658011058162,2.7400000000000007,-0.11000000000000001,0.1,2.746144368438231
5552.25,5552.65,47.9530208,-81.8385344,3629.4094999999998,-13.545999999999998,-0.4149999999999999,-0.489,13.57875322923627,2.4499999999999997,-0.11000000000000001,0.06000000000000001,2.4538243917109304
5552.25,5552.75,47.9530208,-81.8385344,3626.339,-5.512222222222223,-0.33888888888888885,-0.008888888888888872,5.61043879150861,2.2111111111111112,-0.2777777777777778,0.011111111111111112,2.229169393706054
5552.25,5552.85,47.9530208,-81.8385344,3625.316,-12.989999999999998,-0.989090909090909,-1.0936363636363635,13.122281753335654,2.2181818181818183,-0.2090909090909091,0.07272727272727274,2.2332047489261515
5552.25,5552.95,47.9530208,-81.8385344,3624.165,-7.917,-1.282,-1.032,8.22807845215797,2.388888888888889,0.09999999999999999,-0.25555555555555554,2.4106058709984812
5552.25,5553.05,47.9530208,-81.8385344,3622.63,-11.516666666666667,0.6888888888888888,-0.37333333333333335,11.554813446743248,2.13,0.15000000000000002,-0.45,2.183140268892445
5552.25,5553.15,47.9530208,-81.8385344,3621.607,-14.395555555555559,0.21666666666666667,-0.2777777777777778,14.438336457633916,1.8,0.0,-0.27,1.8211262354478361
5553.25,5553.25,47.9530208,-81.8385344,3620.712,-6.682222222222223,0.6255555555555555,0.8755555555555555,6.836937145011152,1.388888888888889,-0.4444444444444444,0.1111111111111111,1.473490652034885
5553.25,5553.35,47.9530208,-81.8385344,3623.9089999999997,-6.1881818181818184,-0.2109090909090909,-0.09636363636363637,6.19660459616939,1.3909090909090909,-0.5909090909090908,0.4090909090909091,1.5677899481224318
5553.25,5553.45,47.9530208,-81.8385344,3636.451,-12.754000000000001,-1.2799999999999998,-1.706,12.986091764895406,0.9444444444444444,-0.2,0.3,1.0409766002324663
5553.25,5553.55,47.9530208,-81.8385344,3641.9595,-6.002000000000001,0.149,0.12300000000000004,6.263193534375915,0.4,0.34545454545454546,-0.05454545454545454,0.5359165722797716
5553.25,5553.65,47.9530208,-81.8385344,3638.372,-9.216666666666665,0.2,0.022222222222222227,9.225487648565004,0.4,0.3888888888888889,-0.1,0.5672835631766335
5553.25,5553.75,47.9530208,-81.8385344,3633.6975,-15.017,0.23700000000000002,-0.17400000000000002,15.035454650469259,0.2555555555555556,0.21111111111111114,-0.23333333333333334,0.414503635207943
5553.25,5553.85,47.9530208,-81.8385344,3629.922,-6.004,0.505,0.8290000000000001,6.104022743496985,0.02727272727272728,-0.14545454545454548,-0.09090909090909091,0.2235868495442913
5553.25,5553.95,47.9530208,-81.8385344,3631.201,-8.703,0.053000000000000005,0.24199999999999994,8.737781212034704,0.0,-0.43,0.0,0.43
5553.25,5554.05,47.9530208,-81.8385344,3634.978,-15.080999999999998,-1.4389999999999998,-0.942,15.330284919052328,0.3,-0.13999999999999999,-0.38,0.592646661071639
5553.25,5554.15,47.9530208,-81.8385344,3636.707,-11.765555555555556,-0.13,0.02888888888888889,11.803742471099717,0.4,0.0,-0.6,0.7211102550927979
5554.25,5554.25,47.9530208,-81.8385344,3637.5395,-10.931999999999999,1.8980000000000001,0.6880000000000001,11.203864065451008,0.1111111111111111,-0.15555555555555556,-0.2444444444444444,0.3967279958052006
5554.25,5554.35,47.9530208,-81.8385344,0.0,-7.9049999999999985,0.4130000000000001,0.54,7.993460787934853,-0.3363636363636363,-0.5272727272727272,0.41818181818181815,0.7575170502186368
5554.25,5554.45,47.9530208,-81.8385344,3642.152,-10.386,-0.14400000000000002,-1.6489999999999998,10.710645283865812,-0.55,-0.41999999999999993,0.5,0.8992426435001711
5554.25,5554.55,47.9530208,-81.8385344,3637.603,-8.297,-1.479,-1.3539999999999999,8.699425031840772,-1.02,0.48,0.32000000000000006,1.208557974102473
5554.25,5554.65,47.9530208,-81.8385344,3624.421,-8.29875,-0.1825,0.23125,8.324280273152084,-0.8111111111111111,0.8,0.2,1.1568839773371353
5554.25,5554.75,47.9530208,-81.8385344,3606.281,-9.749999999999998,-0.693,0.13699999999999998,9.789955032448525,-0.9899999999999999,0.8,0.14,1.2868017242785257
5554.25,5554.85,47.9530208,-81.8385344,3594.038,-10.293000000000001,-0.639,0.043,10.317227989540209,-1.4,0.6799999999999999,0.0,1.5603077089767272
5554.25,5554.95,47.9530208,-81.8385344,3590.6615,-5.801,-0.7030000000000001,0.5810000000000001,5.878317908499379,-1.7400000000000002,0.4,-0.1,1.7969941047359175
5554.25,5555.05,47.9530208,-81.8385344,3588.05,-12.173636363636366,-0.5245454545454545,0.07818181818181817,12.226316393509535,-1.73,0.04,-0.33999999999999997,1.7670287331205379
5554.25,5555.15,47.9530208,-81.8385344,3585.1220000000003,-5.93,-0.08333333333333334,-0.40888888888888886,5.946496646738376,-1.6,0.01,-0.4,1.6495451416409412
5555.25,5555.25,47.9530208,-81.8385344,3582.577,-12.013333333333334,-0.2588888888888889,-0.46222222222222226,12.025407829102809,-1.6,0.15555555555555556,-0.3,1.6360458117276
5555.25,5555.35,47.9530208,-81.8385344,3580.2225,-11.959999999999999,-0.303,-0.6080000000000001,11.980043830283408,-1.6599999999999997,0.2,-0.2,1.6839443487477221
5555.25,5555.45,47.9530208,-81.8385344,3578.7595,-11.431111111111115,-0.21888888888888888,-0.6288888888888889,11.451176090589968,-1.7,0.24,-0.17,1.7265512423203901
5555.25,5555.55,47.9530208,-81.8385344,3576.725,-10.58090909090909,-0.30909090909090914,1.3172727272727274,10.752811291581263,-1.52,0.05,-0.030000000000000006,1.5343605560400557
5555.25,5555.65,47.9530208,-81.8385344,3574.8175,-6.8066666666666675,-0.10111111111111111,0.8822222222222221,6.904283291160095,-0.9555555555555555,-0.6555555555555554,0.0,1.168828841541738
5555.25,5555.75,47.9530208,-81.8385344,3574.436,-8.467777777777778,0.003333333333333333,-0.09777777777777778,8.469785011371298,-0.8999999999999999,-0.8888888888888888,0.0,1.2651663452183906
5555.25,5555.85,47.9530208,-81.8385344,3577.7425000000003,-11.283636363636363,-0.3527272727272728,-0.6954545454545454,11.333362594862184,-0.7899999999999999,-0.6,-0.13,1.0195620231842446
5555.25,5555.95,47.9530208,-81.8385344,3583.722,-6.07,-0.018888888888888896,-0.17555555555555558,6.0964681912503575,-0.36000000000000004,-0.040000000000000015,-0.26000000000000006,0.4585613238699084
5555.25,5556.05,47.9530208,-81.8385344,3581.432,-8.774545454545454,-0.027272727272727268,0.17363636363636362,8.784298015122495,0.009090909090909092,0.2818181818181818,-0.1,0.32347378698056545
5555.25,5556.15,47.9530208,-81.8385344,3577.234,-16.198888888888884,-0.9344444444444444,0.6022222222222221,16.24535371796426,0.2444444444444444,0.5111111111111111,-0.06666666666666667,0.577177030366038
5556.25,5556.25,47.9530208,-81.8385344,3568.717,-6.448888888888888,-0.20666666666666667,0.27111111111111114,6.461615539034546,0.3,0.4666666666666667,-0.16666666666666666,0.5821886197734366
5556.25,5556.35,47.9530208,-81.8385344,3563.7005,-12.647272727272728,0.0954545454545454,0.20545454545454547,12.665356311250862,0.09000000000000001,0.24000000000000005,-0.04,0.26987516166286485
5556.25,5556.45,47.9530208,-81.8385344,3561.479,-12.371111111111112,-0.1388888888888889,0.1988888888888889,12.400099215485072,-0.08888888888888889,0.26666666666666666,0.18888888888888888,0.34561958917025837
5556.25,5556.55,47.9530208,-81.8385344,3559.5115,-10.042727272727273,-0.10636363636363635,1.3727272727272728,10.222526119240289,-0.4272727272727273,0.21818181818181817,0.18181818181818182,0.5488072780828138
5556.25,5556.65,47.9530208,-81.8385344,3558.179,-17.73,-0.21999999999999997,1.3080000000000003,17.833005013001554,-1.3111111111111111,-0.3666666666666667,-0.044444444444444446,1.3710890395845832
5556.25,5556.75,47.9530208,-81.8385344,3559.828,-5.231111111111111,-1.0555555555555556,-0.44999999999999996,5.41052853111439,-1.7400000000000002,-0.5,-0.5,1.8866062164464865
5556.25,5556.85,47.9530208,-81.8385344,3575.518,-12.9,0.378,-1.1299999999999997,13.05282703009264,-1.27,0.030000000000000006,-0.67,1.4624854622345091
5556.25,5556.95,47.9530208,-81.8385344,3578.76,-11.785555555555554,2.3777777777777778,-0.43111111111111117,12.07746105602984,-0.2222222222222222,0.5555555555555556,0.4222222222222222,0.8591230926740475
5556.25,5557.05,47.9530208,-81.8385344,3572.0215,-5.986363636363635,-0.07181818181818181,-0.3372727272727273,6.010308339666503,-0.2727272727272727,0.7272727272727273,0.881818181818182,1.176248146420952
5556.25,5557.15,47.9530208,-81.8385344,3567.955,-13.116999999999999,-1.124,1.9449999999999998,13.569154405680099,-0.4666666666666667,0.37777777777777777,0.6666666666666666,0.9892534599932095
5557.25,5557.25,47.9530208,-81.8385344,3574.31,-9.295555555555556,-1.76,0.5177777777777776,9.568782825622337,-0.55,-0.4699999999999999,0.15,0.7812369819446097
5557.25,5557.35,47.9530208,-81.8385344,3583.976,-7.134,-1.6349999999999998,-0.689,7.369273305611856,0.04,-0.48,-0.43,0.6845523706105288
5557.25,5557.45,47.9530208,-81.8385344,3583.722,-12.142999999999999,-0.43000000000000005,-0.21600000000000003,12.170347288796282,0.48888888888888893,-0.20000000000000004,-0.7,0.8856237932380929
5557.25,5557.55,47.9532576,-81.83703679999999,3575.9625,-8.581,0.6519999999999999,-1.121,8.73309709527937,0.7999999999999999,0.03636363636363637,-0.3909090909090909,0.9134625411436257
5557.25,5557.65,47.9533888,-81.8362752,3564.906,-9.588,-0.215,-0.501,9.653184009380297,0.5599999999999999,0.37,-0.11000000000000001,0.6900145980010703
5557.25,5557.75,47.9534048,-81.8362752,3552.4085,-11.275555555555556,-0.5722222222222223,-0.12888888888888891,11.29202784027649,0.5,0.4666666666666667,-0.1,0.692119918516452
5557.25,5557.85,47.9534016,-81.8362656,3542.459,-6.703,-0.446,-0.23800000000000004,6.7253889304062,0.47000000000000003,0.37,-0.18,0.6265799548071609
5557.25,5557.95,47.9533984,-81.8362496,3536.8885,-9.272000000000002,-0.518,-0.425,9.299496937972258,0.4,0.2222222222222222,-0.12222222222222223,0.4760928830995543
5557.25,5558.05,47.953396266666665,-81.83622613333334,3533.977,-6.953,0.08499999999999999,-0.31399999999999995,6.976625580103217,0.2818181818181818,0.1,0.018181818181818184,0.3113378622022906
5557.25,5558.15,47.95339520000001,-81.8362048,3533.218,-7.208,-0.685,0.266,7.274268344621467,0.33999999999999997,0.02,0.27999999999999997,0.44574147423250443
5558.25,5558.25,47.953392,-81.8361792,3530.689,-9.369000000000002,-1.585,0.9730000000000001,9.561814720944085,0.13333333333333336,-0.30000000000000004,0.2888888888888889,0.4567722487708802
5558.25,5558.35,47.9533904,-81.8361728,3528.792,-14.232999999999999,-1.6209999999999998,0.579,14.351055290077323,-0.18,-0.9,0.010000000000000004,0.9354218275819385
5558.25,5558.45,47.9533888,-81.83616,3530.4365,-7.950000000000001,-0.4566666666666667,-0.24555555555555555,7.975260742059991,-0.5499999999999999,-1.07,-0.11000000000000001,1.2100294783250227
5558.25,5558.55,47.9533888,-81.83613653333335,3542.586,-10.26,0.23500000000000001,-1.77,10.450986174211703,-0.29,-0.45,0.05,0.6697058195324006
5558.25,5558.65,47.95338666666666,-81.83611946666666,3545.8165,-7.578,-0.25,-1.9669999999999999,7.885906384627637,0.14,0.30000000000000004,0.7200000000000001,0.8238931020561825
5558.25,5558.75,47.9533792,-81.836096,3541.192,-17.445,-0.9730000000000001,-0.5499999999999999,17.496998579926466,-0.5333333333333334,0.8,0.7999999999999999,1.2896904200894816
5558.25,5558.85,47.953377599999996,-81.83608960000001,3541.8895,-9.809999999999999,-1.7890000000000001,0.7750000000000001,10.03906175992526,-1.6,0.5545454545454546,0.23636363636363633,1.7567595600032286
5558.25,5558.95,47.9533744,-81.83607359999999,3548.795,-9.177777777777777,-1.6466666666666667,0.23444444444444443,9.376106104694319,-1.722222222222222,0.16666666666666669,-0.2222222222222222,1.750713892163278
5558.25,5559.05,47.953364266666675,-81.83605546666666,3559.956,-14.043636363636363,0.023636363636363632,0.024545454545454547,14.055098836140969,-1.75,0.05,-0.52,1.827909106256944
5558.25,5559.15,47.9533568,-81.8360384,3564.5895,-7.153333333333332,0.06777777777777777,-0.07222222222222223,7.160791996282642,-2.13,-0.08,-0.49000000000000005,2.1879055048286107
5559.25,5559.25,47.9533536,-81.83602880000001,3564.526,-11.924000000000001,0.119,-1.16,12.001949366262464,-2.5799999999999996,-0.05,-0.22000000000000003,2.596046935617592
5559.25,5559.35,47.953347199999996,-81.83601279999999,3546.96,-10.030999999999999,-0.9629999999999999,-0.9430000000000002,10.12642730866173,-2.66,0.07,0.1,2.664461381199969
5559.25,5559.45,47.9533392,-81.836,3524.241,-9.813333333333333,-0.8222222222222223,-0.7488888888888889,9.880440693612963,-2.4555555555555553,-0.022222222222222223,0.16666666666666669,2.462073740189366
5559.25,5559.55,47.95333226666667,-81.8359808,3511.4865,-10.043636363636365,-1.5463636363636366,-0.10636363636363635,10.168673705480519,-2.19,-0.22999999999999998,-0.13000000000000003,2.2142200786913655
5559.25,5559.65,47.9533248,-81.8359616,3507.197,-6.873333333333334,-0.45222222222222225,-0.3433333333333333,6.89809915182276,-2.0,-0.24000000000000005,-0.5299999999999999,2.084915857798709
5559.25,5559.75,47.95332,-81.83595199999999,3503.919,-10.971,-0.442,-0.10500000000000001,10.987944867565393,-1.9499999999999997,-0.030000000000000006,-0.5599999999999999,2.0303483185480995
5559.25,5559.85,47.953312,-81.8359328,3500.893,-7.808,0.28300000000000003,0.34199999999999997,7.857115995342054,-1.59,-0.12,-0.07,1.6023737740040602
5559.25,5559.95,47.9533072,-81.8359136,3497.869,-11.072222222222223,-0.1733333333333333,-0.56,11.098390350957548,-1.622222222222222,-0.2,0.17777777777777778,1.6463757239073968
5559.25,5560.05,47.953301333333336,-81.83589546666667,3495.287,-12.876999999999999,-0.418,-0.6159999999999999,12.902158648790415,-1.8636363636363633,-0.29090909090909084,0.4454545454545454,1.9396680410717173
5559.25,5560.15,47.953296,-81.8358784,3493.083,-8.806666666666667,-0.5411111111111111,-0.49444444444444446,8.843386933062156,-2.011111111111111,-0.3,0.5,2.0945635871849944
5560.25,5560.25,47.9532928,-81.8358592,3491.824,-11.573000000000002,-1.124,-0.623,11.660354761462177,-2.35,-0.23000000000000004,0.16,2.3718377490537375
5560.25,5560.35,47.953289600000005,-81.8358528,3491.9494999999997,-12.710909090909091,-1.2536363636363637,1.0427272727272727,12.86644319210684,-2.05,-0.24,-0.26,2.087568295523646
5560.25,5560.45,47.9532864,-81.83583999999999,3495.98,-9.758888888888889,0.18555555555555558,0.09000000000000001,9.77968542855531,-1.45,-0.17,-0.26,1.4892122625290667
5560.25,5560.55,47.95328,-81.83582080000001,3502.6580000000004,-7.597999999999999,1.093,0.21000000000000002,7.685225567100266,-0.85,-0.09,0.32,0.9504902722070426
5560.25,5560.65,47.9532736,-81.8358016,3509.72,-7.519999999999999,0.152,0.003999999999999999,7.5274183076276895,-0.6222222222222222,-0.08888888888888889,0.8333333333333334,1.0453623011120534
5560.25,5560.75,47.953272,-81.835792,3520.0095,-10.405555555555557,-1.147777777777778,-0.4844444444444444,10.50317766123377,-1.04,0.0,0.86,1.3824916983153206
5560.25,5560.85,47.953268800000004,-81.83577600000001,3534.737,-8.491818181818182,-1.7227272727272727,-0.039999999999999994,8.669870958021365,-2.1000000000000005,0.02,0.16999999999999998,2.1157907794134565
5560.25,5560.95,47.9532624,-81.8357632,3544.993,-6.214444444444445,-0.9655555555555555,-0.10888888888888888,6.293333210385649,-2.2333333333333334,0.2,-0.1,2.245629544837257
5560.25,5561.05,47.95325546666666,-81.83574399999999,3547.4635,-12.802000000000001,-1.094,-0.000999999999999998,12.850297495017875,-1.9600000000000002,0.43,-0.07,2.0107020867028687
5560.25,5561.15,47.9532512,-81.8357248,3535.37,-10.836,-0.8820000000000002,0.181,10.88721250624862,-1.7444444444444445,0.47777777777777775,0.07777777777777778,1.8133063494172186
5561.25,5561.25,47.9532496,-81.8357152,3518.746,-12.258888888888889,-0.7533333333333334,-0.025555555555555578,12.32815024213587,-1.42,0.1,0.26999999999999996,1.4530382753642832
5561.25,5561.35,47.9532464,-81.835696,3507.702,-12.159090909090908,-0.8409090909090907,-1.5936363636363637,12.347154880162236,-1.7909090909090908,0.06363636363636363,0.2,1.8065314874106113
5561.25,5561.45,47.953238400000004,-81.83567786666667,3490.9445,-6.583333333333333,-0.5077777777777778,-0.7322222222222222,6.66165542036723,-1.9888888888888887,0.12222222222222223,0.1,1.9955712045870486
5561.25,5561.55,47.953232,-81.8356544,3476.982,-12.123999999999999,-1.262,0.8850000000000001,12.240116026286195,-1.8399999999999999,-0.16,-0.09000000000000001,1.8574824055322243
5561.25,5561.65,47.9532256,-81.8356416,3472.333,-7.902999999999999,-0.282,-0.09300000000000001,7.926191153766193,-1.98,-0.4800000000000001,-0.43,2.08374303361126
5561.25,5561.75,47.9532224,-81.835632,3468.754,-13.709999999999999,-0.06777777777777778,-0.9366666666666666,13.771283448359558,-2.111111111111111,-0.15555555555555556,-0.5333333333333334,2.1911251795130218
5561.25,5561.85,47.953216,-81.8356128,0.0,-9.167272727272728,1.3481818181818184,0.2490909090909091,9.30846318695008,-1.645454545454546,0.08181818181818182,0.1909090909090909,1.6996572688670453
5561.25,5561.95,47.95321066666667,-81.8355904,3462.3525,-11.028000000000002,-0.32,0.328,11.065989197466385,-0.9111111111111112,-0.08888888888888889,0.7777777777777778,1.208069681180159
5561.25,5562.05,47.9532064,-81.8355712,3460.158,-13.007,-2.093,-0.386,13.256102569995647,-0.6600000000000001,-0.29,0.62,0.9566857917866385
5561.25,5562.15,47.9532,-81.8355584,3458.8410000000003,-7.167777777777778,-2.2122222222222225,-0.4466666666666666,7.562588094074496,-0.17777777777777778,-0.06666666666666667,-0.1888888888888889,0.33823616993249556
5562.25,5562.25,47.9531968,-81.83554559999999,3457.023,-9.100000000000001,-1.3133333333333335,-0.36999999999999994,9.245550906231253,0.13333333333333333,0.10000000000000002,-0.6888888888888889,0.7180521207669621
5562.25,5562.35,47.953192,-81.83552639999999,3454.7035,-12.823636363636364,-0.14,-0.13363636363636364,12.84033510030121,0.7272727272727273,0.4818181818181818,-0.6909090909090909,1.1403053001430288
5562.25,5562.45,47.953188266666665,-81.83551146666666,3453.2625,-6.566,-0.271,0.256,6.585032806329574,1.1,0.43333333333333335,-0.41111111111111115,1.2527604690495073
5562.25,5562.55,47.9531808,-81.835488,3451.759,-10.195000000000002,-0.24300000000000002,0.7060000000000001,10.2290459095616,1.1363636363636365,0.14545454545454548,-0.12727272727272726,1.1618125579779335
5562.25,5562.65,47.9531776,-81.8354752,3451.1944999999996,-7.611111111111111,-0.3888888888888889,0.8122222222222223,7.681332104921775,0.7,0.0,0.0,0.7
5562.25,5562.75,47.953174399999995,-81.83546559999999,3450.005,-10.43,-0.256,1.1480000000000001,10.507853578232162,0.7555555555555555,-0.08888888888888889,0.1888888888888889,0.7940895711396059
5562.25,5562.85,47.953169599999995,-81.8354464,3450.005,-10.097999999999999,-0.348,-0.20000000000000004,10.111554938978836,0.7818181818181817,-0.05454545454545456,0.5727272727272726,0.9800898684986771
5562.25,5562.95,47.95316373333333,-81.835424,3449.128,-7.236,-0.31300000000000006,0.008000000000000005,7.24420837585553,0.5999999999999999,0.22000000000000003,0.5999999999999999,0.8805782844568867
5562.25,5563.05,47.9531552,-81.8354048,3447.0615,-9.229000000000001,-1.286,0.54,9.358124398041108,0.35,0.5199999999999999,0.43,0.7956423019424241
5562.25,5563.15,47.9531488,-81.8353792,3444.933,-7.462222222222222,-1.652222222222222,2.687777777777778,8.146818381153661,-0.26666666666666666,0.4222222222222223,-0.16666666666666666,0.5979407968163369
5563.25,5563.25,47.953144,-81.8353728,3442.367,-6.891,-0.161,2.1369999999999996,7.3015139592758755,-0.8555555555555555,-0.044444444444444446,-0.6222222222222222,1.064180703704761
5563.25,5563.35,47.953137600000005,-81.8353568,3438.9885,-9.624,-0.037000000000000005,-0.05600000000000001,9.63307037847058,-1.0636363636363637,-0.18181818181818182,-0.8454545454545457,1.3721041616190413
5563.25,5563.45,47.95313173333333,-81.83533866666666,3436.862,-13.570000000000002,0.35,0.378,13.614526310719546,-0.6300000000000001,-0.1,-0.6,0.877390990287912
5563.25,5563.55,47.9531264,-81.8353088,3434.6735,-4.83,0.788,-0.85,4.999597814271446,-0.04,-0.04,0.2,0.24236916036149894
5563.25,5563.65,47.95312,-81.835296,3437.362,-13.81,-0.3122222222222223,-0.36000000000000004,13.848944950330528,-0.24999999999999994,0.06999999999999999,0.5299999999999999,0.5941097091048694
5563.25,5563.75,47.953116800000004,-81.83528960000001,3433.235,-11.692222222222222,-0.7888888888888889,-0.02333333333333334,11.73058851022904,-0.43333333333333335,0.1444444444444445,0.5222222222222223,0.7103483159525865
5563.25,5563.85,47.953112000000004,-81.8352736,3429.4855,-8.489,0.362,0.088,8.572029527850635,-0.61,0.05,0.27999999999999997,0.675841881185413
5563.25,5563.95,47.95310826666667,-81.8352512,3427.611,-11.517,0.716,0.365,11.578638862656897,-0.52,-0.17,0.5,0.7543237382901452
5563.25,5564.05,47.9531008,-81.8352256,3425.425,-9.378181818181819,-0.5990909090909091,-0.2318181818181818,9.410370463277154,-0.29000000000000004,-0.28,0.29000000000000004,0.5019288629821309
5563.25,5564.15,47.9530992,-81.8352192,3423.988,-10.96,-2.447777777777778,-1.3455555555555554,11.32826754425761,0.17,0.010000000000000004,-0.19,0.35258454883938295
5564.25,5564.25,47.953096,-81.8352064,3421.492,-10.863333333333333,-1.6122222222222222,-0.2722222222222222,11.02698437979322,0.14444444444444446,0.36666666666666664,-1.077777777777778,1.1681615913578924
5564.25,5564.35,47.9530912,-81.8351904,3417.996,-12.231,2.036,0.223,12.703924876524912,-0.37,0.31,-1.24,1.3943206709279508
5564.25,5564.45,47.95308373333333,-81.83517226666667,3417.123,-15.360000000000001,1.79,0.9688888888888889,15.57833790725262,-1.65,-0.019999999999999997,-0.30999999999999994,1.711297007136546
5564.25,5564.55,47.9530784,-81.8351424,3415.7505,-3.410909090909091,-1.0299999999999998,0.7127272727272728,3.7331959405277284,-2.3899999999999997,-0.7000000000000001,0.18000000000000002,2.5018055036836975
5564.25,5564.65,47.953076800000005,-81.835136,3413.505,-11.515555555555556,-0.6455555555555555,0.08222222222222225,11.582446700714787,-2.4111111111111105,-1.1333333333333333,-0.022222222222222223,2.6658741409314612
5564.25,5564.75,47.953073599999996,-81.83512,3411.3225,-12.166666666666666,0.6666666666666666,-0.8711111111111112,12.34271284219796,-2.6444444444444444,-0.8444444444444443,-0.13333333333333336,2.788695046906285
5564.25,5564.85,47.9530704,-81.835104,3411.884,-7.430000000000001,1.0781818181818181,-0.33,7.533994669641797,-2.21,-0.45,0.09000000000000001,2.2609138716665784
5564.25,5564.95,47.95306453333333,-81.83508906666667,3422.3665,-12.011111111111113,0.611111111111111,-0.7677777777777778,12.085225709793832,-2.1100000000000003,-0.12,0.48,2.174120806028721
5564.25,5565.05,47.9530592,-81.8350592,3436.611,-12.053636363636365,-1.1790909090909092,-0.2109090909090909,12.135136162839324,-1.7181818181818185,-0.0818181818181818,0.6272727272727272,1.832530904275501
5564.25,5565.15,47.953056000000004,-81.8350528,3446.248,-6.973333333333334,-0.9555555555555555,-0.1311111111111111,7.050388178937758,-1.6,-0.24444444444444446,0.35555555555555557,1.6618736209922491
5565.25,5565.25,47.9530496,-81.8350368,3458.9674999999997,-15.148,-0.319,-0.363,15.15999075170851,-1.6111111111111112,-0.3,0.1111111111111111,1.6428820104971993
5565.25,5565.35,47.95304213333333,-81.83501439999999,3468.189,-8.427,0.4870000000000001,-1.0,8.553513159649885,-1.75,-0.22000000000000003,0.15,1.773007740101793
5565.25,5565.45,47.95303573333333,-81.8349952,3467.2475000000004,-9.156666666666666,1.0644444444444445,-2.1744444444444446,9.493411729472477,-2.533333333333333,0.15555555555555556,0.6,2.6117070821694277
5565.25,5565.55,47.9530272,-81.8349696,3450.506,-12.174545454545456,-0.549090909090909,-1.7336363636363634,12.36498753676653,-3.209090909090909,0.32727272727272727,1.0909090909090906,3.4069283655898004
5565.25,5565.65,47.9530224,-81.83496,3424.1800000000003,-12.584999999999999,-2.2199999999999998,-1.464,12.932708897558618,-3.6999999999999997,-0.06666666666666668,0.911111111111111,3.8265157953642515
5565.25,5565.75,47.9530144,-81.8349408,3402.661,-6.912222222222223,-2.3744444444444444,-2.2566666666666664,7.701191927196691,-4.04,-2.7755575615628915e-18,0.009999999999999992,4.043687620733818
5565.25,5565.85,47.953009066666674,-81.8349184,3395.563,-11.182,-2.0260000000000002,-0.6950000000000001,11.41542299965889,-2.78,0.5399999999999999,-0.2,2.849128571953879
5565.25,5565.95,47.95300159999999,-81.83489920000001,3392.0165,-10.803333333333335,-1.2944444444444443,-0.04,10.936080251326025,-1.7222222222222223,0.8666666666666667,-0.1111111111111111,1.9389520482798401
5565.25,5566.05,47.952992,-81.83488,3388.845,-9.292727272727273,-0.820909090909091,1.595454545454546,9.511666952875109,-1.009090909090909,0.5363636363636363,0.34545454545454546,1.2159932528868522
5565.25,5566.15,47.952990400000004,-81.8348704,3386.9795000000004,-8.331999999999999,-3.133,1.922,9.164859512538072,-0.30000000000000004,-0.03333333333333333,0.5888888888888888,0.7061385170447269
5566.25,5566.25,47.952985600000005,-81.8348544,3385.487,-11.321111111111112,-4.3388888888888895,0.27333333333333326,12.153539781261006,0.5599999999999999,-0.41,0.47000000000000003,0.8804444640342517
5566.25,5566.35,47.9529824,-81.834848,3384.12,-7.971000000000001,-5.4190000000000005,-2.413,10.155346406876896,1.9,-0.5899999999999999,0.05,1.9971572555788157
5566.25,5566.45,47.9529824,-81.834848,3382.007,-7.7299999999999995,-0.8960000000000001,-4.015,8.856908376572985,2.2000000000000006,-0.48888888888888893,-0.07777777777777778,2.2560615216441624
5566.25,5566.55,47.9529824,-81.834848,3381.2615,-10.751999999999999,-0.4040000000000001,-1.613,11.071755142832906,1.9454545454545455,-0.14545454545454548,0.0,1.951737774268066
5566.25,5566.65,47.9529408,-81.834752,3380.4539999999997,-10.081999999999999,-0.076,0.063,10.09243346085557,1.35,-0.07,0.0,1.352510680467066
5566.25,5566.75,47.952934400000004,-81.8347488,3380.765,-9.484444444444446,0.017777777777777778,-0.11666666666666664,9.493572134201452,1.1222222222222222,0.0,-0.011111111111111112,1.122726233524303
5566.25,5566.85,47.952924800000005,-81.83474240000001,3382.069,-10.014,-0.24100000000000005,-0.365,10.02370572136555,1.08,-0.08,-0.09,1.0878332163231401
5566.25,5566.95,47.952920000000006,-81.8347264,3385.114,-6.958,-0.179,-0.183,6.9631617153186625,1.0,-0.13333333333333333,0.0,1.009926342314245
5566.25,5567.05,47.95291626666667,-81.83470080000001,3391.892,-9.219,-0.5780000000000001,-0.144,9.249899454841726,0.9545454545454547,-0.16363636363636366,0.03636363636363637,0.9711146064779238
5566.25,5567.15,47.9529088,-81.834688,3399.796,-10.794,-0.866,-0.24099999999999996,10.833571188191542,0.6000000000000001,-0.02,-0.12000000000000002,0.6260357393832761
5567.25,5567.25,47.952904000000004,-81.83468479999999,3400.916,-7.785999999999999,-0.7070000000000001,0.288,7.828552855100483,0.25555555555555554,0.0,-0.4,0.4825486462931893
5567.25,5567.35,47.95290133333333,-81.83466453333334,3399.7335000000003,-9.347999999999999,-0.5980000000000001,0.308,9.37305386373586,0.2727272727272727,0.0,-0.4636363636363637,0.540720927279861
5567.25,5567.45,47.952900799999995,-81.8346528,3399.796,-7.134444444444444,-0.4666666666666667,0.20444444444444443,7.15386100469289,0.3,0.0,-0.3888888888888889,0.49158489652354764
5567.25,5567.55,47.9528928,-81.8346368,3399.9825,-7.428999999999999,-0.253,0.022000000000000002,7.434687317784283,0.21000000000000002,0.02,-0.20000000000000004,0.2990249920009817
5567.25,5567.65,47.95288,-81.8346176,3399.173,-8.810999999999998,-0.9850000000000001,0.017,8.86807194962717,0.30999999999999994,0.13,-0.030000000000000006,0.3428112278159401
5567.25,5567.75,47.9528784,-81.8346048,3398.4255000000003,-8.116,-0.7230000000000001,0.144,8.150339069359458,0.4,0.16666666666666669,0.0,0.4355792511872274
5567.25,5567.85,47.95288,-81.83457920000001,3398.301,-8.366000000000001,-0.7249999999999999,0.06,8.397805418139765,0.4727272727272727,0.07272727272727274,-0.07272727272727274,0.4878877552643031
5567.25,5567.95,47.9528784,-81.8345568,0.0,-8.746666666666666,-0.4488888888888889,0.01888888888888889,8.76424002977894,0.47777777777777775,0.0,0.0,0.47777777777777775
5567.25,5568.05,47.95286933333333,-81.83454293333334,3401.0415000000003,-11.03,-0.7427272727272727,-0.28090909090909094,11.086139956705132,0.32999999999999996,0.030000000000000006,0.16,0.37773478856145715
5567.25,5568.15,47.9528672,-81.834528,3401.539,-8.857777777777777,-0.7888888888888889,-0.053333333333333344,8.900415640961764,0.48,0.19,0.2,0.5543805635282644
5568.25,5568.25,47.952860799999996,-81.83451840000001,3399.422,-10.117,-0.526,0.16,10.134922141318139,0.5599999999999999,0.14,0.1,0.5934860388219857
5568.25,5568.35,47.9528512,-81.83450239999999,3398.924,-10.193,-0.28700000000000003,-0.148,10.212356338080706,0.5,0.0,0.0,0.5
5568.25,5568.45,47.95285653333334,-81.8344704,3399.1105,-13.805555555555555,0.09888888888888887,-1.481111111111111,13.911810036427894,0.2666666666666667,0.07777777777777778,0.08888888888888889,0.3362017009853756
5568.25,5568.55,47.952848,-81.834432,3395.438,-12.288181818181817,-0.7336363636363636,-0.5590909090909091,12.345836297014,0.44000000000000006,0.45999999999999996,0.12000000000000002,0.6556458899900406
5568.25,5568.65,47.9528352,-81.8344448,3388.845,-8.317777777777778,-1.1355555555555557,0.1688888888888889,8.414121416730568,0.41,0.47000000000000003,-0.13,0.6528628643270367
5568.25,5568.75,47.9528352,-81.8344352,3379.957,-14.699000000000002,0.6869999999999999,3.2030000000000003,15.13399058693376,-0.42000000000000004,-0.24,-0.52,0.8410342925587561
5568.25,5568.85,47.9528272,-81.8344192,3381.013,-13.997,1.6260000000000001,-0.089,14.143960362238406,-1.6300000000000001,-1.22,-0.16,2.049554257157797
5568.25,5568.95,47.95281706666666,-81.83439573333332,3386.358,-9.651111111111113,1.9666666666666666,-1.7011111111111112,10.00096720656877,-2.65,-1.0000000000000002,0.24,2.8530740594954893
5568.25,5569.05,47.9528192,-81.834368,3373.189,-8.47,1.6489999999999998,-2.758,9.076581028917698,-3.41,-0.6199999999999999,0.6799999999999999,3.5354340882841315
5568.25,5569.15,47.9528128,-81.834336,3345.5564999999997,-10.957777777777778,1.1900000000000002,-4.061111111111111,11.76113340690133,-4.611111111111111,-0.4444444444444444,0.9444444444444444,4.7284598431074345
5569.25,5569.25,47.952808,-81.83432959999999,3331.829,-10.700999999999999,-0.35100000000000003,-4.385,11.578146579905633,-5.390000000000001,-0.6199999999999999,0.99,5.516481658358694
5569.25,5569.35,47.95280746666666,-81.83430613333333,3328.6800000000003,-12.764545454545454,-2.39,-3.2263636363636365,13.418672703066772,-5.2,-0.8200000000000001,0.39,5.286490618720475
5569.25,5569.45,47.9528096,-81.8342976,3328.433,-10.814444444444442,-1.6500000000000001,-2.2055555555555557,11.177682495087,-3.81,-0.21999999999999997,-0.05,3.8218179298817296
5569.25,5569.55,47.9528096,-81.8342976,3332.818,-8.224,-1.5010000000000001,-1.08,8.433571298761866,-2.6900000000000004,0.22000000000000003,0.05,2.700228461468072
5569.25,5569.65,47.9528096,-81.8342976,3338.6890000000003,-7.935,-1.1410000000000002,-0.371,8.086224828159375,-2.5222222222222226,0.07777777777777778,0.1,2.526568032840975
5569.25,5569.75,47.9528096,-81.8342976,3346.542,-9.974444444444446,0.0577777777777778,-0.07111111111111115,10.044490879588311,-2.93,-0.58,0.13000000000000003,2.9963811267423637
5569.25,5569.85,47.9528112,-81.83424,3348.461,-13.156363636363636,-0.5954545454545455,-1.100909090909091,13.232641534021605,-2.6300000000000003,-0.9,-0.04,2.7815907968804225
5569.25,5569.95,47.9527968,-81.83418560000001,3364.504,-12.276666666666666,-0.03333333333333332,-1.5188888888888892,12.445571402949794,-1.9222222222222223,-0.46666666666666656,-0.13333333333333336,1.9929062329081972
5569.25,5570.05,47.95277866666666,-81.8341888,3353.785,-3.5200000000000005,0.414,-0.7989999999999999,3.709908521107237,-1.2899999999999998,0.01,0.1,1.2998772094115365
5569.25,5570.15,47.95277973333333,-81.83426133333334,3345.491,-13.447,-0.421,-0.17,13.473645451015368,-1.1888888888888889,0.17777777777777778,0.32222222222222224,1.2483491099317001
5570.25,5570.25,47.9527808,-81.8342976,3331.336,-9.18,0.01333333333333334,0.2288888888888889,9.257846716010514,-1.8199999999999998,0.16999999999999998,0.04,1.8338216547237018
5570.25,5570.35,47.9527808,-81.8342976,3318.4375,-13.212727272727273,-0.14727272727272725,1.3481818181818184,13.30912031879825,-1.3272727272727272,-0.3090909090909091,0.0,1.4018444973745283
5570.25,5570.45,47.9527808,-81.8342976,3314.923,-11.753333333333334,-1.0155555555555553,1.0244444444444445,11.861915395735153,-0.16666666666666663,-0.7,-0.05555555555555555,0.7737951095434649
5570.25,5570.55,47.9527808,-81.8342976,3317.944,-8.105454545454544,0.7899999999999999,-0.8263636363636363,8.307558231353108,0.06000000000000001,-0.62,0.04,0.6328522185877066
5570.25,5570.65,47.9527808,-81.8342976,3320.966,-6.17,0.9699999999999999,-3.041111111111111,6.983025634700721,-0.6699999999999999,0.030000000000000006,0.33999999999999997,0.8271308966431855
5570.25,5570.75,47.9527808,-81.8342976,3315.416,-8.466666666666667,-0.15222222222222223,-1.877777777777778,8.77582835852489,-2.411111111111111,0.8777777777777778,0.3,2.5840249740359473
5570.25,5570.85,47.9527808,-81.8342976,3305.067,-12.953636363636365,-0.8090909090909091,-0.8481818181818181,13.019589514636044,-3.1454545454545455,0.9181818181818183,0.43636363636363645,3.3099169986433594
5570.25,5570.95,47.9527808,-81.8342976,3301.004,-7.980000000000001,-1.363,-1.677,8.305248927780399,-3.466666666666667,0.6444444444444444,0.5888888888888889,3.578101939848003
5570.25,5571.05,47.9527808,-81.8342976,3299.0964999999997,-10.62,-3.2990000000000004,-1.847,11.314001463770992,-3.7454545454545456,0.22727272727272732,0.18181818181818182,3.764532893676323
5570.25,5571.15,47.9527808,-81.8342976,3300.758,-4.767777777777777,-1.2155555555555555,-0.9200000000000002,5.064697627922429,-2.788888888888889,0.24444444444444446,-0.2,2.807525805639757
5571.25,5571.25,47.9527808,-81.8342976,3312.5204999999996,-14.15,-0.54,1.7244444444444447,14.33962056815942,-1.9666666666666666,0.13333333333333336,-0.18888888888888888,1.983530572130551
5571.25,5571.35,47.9527808,-81.8342976,3324.668,-9.354545454545455,-0.4254545454545454,0.026363636363636367,9.365337716552382,-1.3363636363636366,0.0,-0.10909090909090911,1.342309997916705
5571.25,5571.45,47.9527808,-81.8342976,3330.965,-7.058,-0.12500000000000006,-0.152,7.064245464186692,-1.3555555555555556,0.0,0.0,1.3555555555555556
5571.25,5571.55,47.9527808,-81.8342976,3339.183,-12.18,-0.608,-0.827,12.254367751310266,-1.7454545454545454,0.2818181818181818,0.06363636363636364,1.777262105184684
5571.25,5571.65,47.9527808,-81.8342976,3341.47,-7.363333333333334,-0.5755555555555556,-0.26555555555555554,7.3992613521271595,-1.9666666666666666,0.5,0.06666666666666668,2.0314966244155257
5571.25,5571.75,47.9527808,-81.8342976,3337.3905,-11.241,-1.3299999999999998,0.24700000000000003,11.404256339485277,-1.7666666666666666,0.30000000000000004,0.15555555555555556,1.804099238604767
5571.25,5571.85,47.9527808,-81.8342976,3331.088,-9.988,-1.9240000000000002,0.403,10.27161106968694,-1.3363636363636362,-0.09090909090909091,-0.16363636363636364,1.3597545996031715
5571.25,5571.95,47.9527808,-81.8342976,3326.0875,-11.854999999999999,-0.8109999999999999,-0.25999999999999995,11.890823913612099,-1.2200000000000002,-0.2,-0.36,1.289077612372042
5571.25,5572.05,47.9527808,-81.8342976,3318.253,-11.380999999999998,-0.457,0.12399999999999997,11.419783231640974,-1.4300000000000002,-0.12000000000000002,-0.26,1.4628564081664923
5571.25,5572.15,47.9527808,-81.8342976,3309.131,-9.064,-0.156,0.5479999999999999,9.113562494020664,-1.7,0.0,0.0,1.7006937675973646
5572.25,5572.25,47.9527808,-81.8342976,3293.747,-13.345555555555556,-0.7355555555555555,-0.24333333333333332,13.376421937109976,-1.377777777777778,-0.14444444444444446,0.13333333333333336,1.394535768194166
5572.25,5572.35,47.9527808,-81.8342976,3285.388,-6.365,-0.998,-0.159,6.481499212093182,-1.1090909090909091,-0.25454545454545463,-0.07272727272727274,1.1453796411516746
5572.25,5572.45,47.9527808,-81.8342976,3279.8615,-5.672,-0.485,0.05700000000000001,5.715401465473434,-0.9400000000000001,-0.15000000000000002,-0.3,1.0015742694686018
5572.25,5572.55,47.9527808,-81.8342976,3275.565,-13.862727272727271,-0.061818181818181835,0.5154545454545455,13.89227453494184,-0.5599999999999999,-0.1,-0.12,0.5955026565147264
5572.25,5572.65,47.9527808,-81.8342976,3273.2349999999997,-4.374444444444444,-0.3477777777777778,-0.04333333333333331,4.417197863508902,-0.21000000000000002,-0.08,0.1,0.24994263579933595
5572.25,5572.75,47.9527392,-81.8337856,3272.254,-9.233333333333333,-0.36111111111111116,-0.14444444444444446,9.256938765565222,-0.08888888888888889,0.05555555555555555,0.23333333333333334,0.2803065620883184
5572.25,5572.85,47.952737600000006,-81.8338016,3266.797,-9.68,-0.77,0.12699999999999997,9.739143138159141,0.08,0.22000000000000003,0.39,0.46328555585209363
5572.25,5572.95,47.952691200000004,-81.83372373333334,3265.816,-9.682999999999998,-0.636,-0.04399999999999999,9.714595642113043,0.11000000000000001,0.32999999999999996,0.35000000000000003,0.5078198967931554
5572.25,5573.05,47.9526752,-81.833664,3266.613,-9.767272727272728,-0.9481818181818181,0.060000000000000005,9.853456280977053,-0.21000000000000002,0.28,-0.02,0.38881474855141
5572.25,5573.15,47.9526432,-81.8335552,3263.1205,-9.997777777777777,-0.1622222222222222,-0.4933333333333333,10.035000852266784,-0.8400000000000001,-0.06999999999999999,-0.1,0.8543187616061079
5573.25,5573.25,47.9526496,-81.8335424,3259.262,-9.64111111111111,-0.32333333333333336,-1.2133333333333332,9.730651203263022,-1.0333333333333334,-0.2666666666666667,-0.044444444444444446,1.0700004955367861
5573.25,5573.35,47.9526496,-81.83352959999999,3253.385,-12.007272727272726,-0.1581818181818182,-1.178181818181818,12.10649512624878,-0.51,-0.14000000000000004,0.11000000000000001,0.562541197402544
5573.25,5573.45,47.95264533333333,-81.83350826666667,3256.69,-9.93888888888889,-0.3877777777777778,-0.38999999999999996,9.979693874050156,-0.06999999999999999,-0.01,0.18000000000000002,0.20807975215155436
5573.25,5573.55,47.9526368,-81.8334784,3254.6090000000004,-8.075454545454546,-1.49,-0.24454545454545445,8.248191350627605,-0.27999999999999997,0.24999999999999994,-0.17,0.4539142836066851
5573.25,5573.65,47.9526368,-81.8334656,3252.1000000000004,-10.543333333333333,-1.0588888888888888,0.43,10.63428819010256,-1.0777777777777777,0.17777777777777778,-0.8222222222222223,1.3701700763192075
5573.25,5573.75,47.9526384,-81.8334592,3249.837,-11.857777777777777,0.7688888888888888,0.2677777777777778,11.924597178636366,-1.333333333333333,0.13333333333333336,-0.8444444444444444,1.5954069244429365
5573.25,5573.85,47.9526368,-81.8334368,3247.8185000000003,-7.746363636363637,0.2736363636363636,1.4445454545454546,7.950676263687987,-1.98,-0.16,-0.14999999999999997,2.007669867980193
5573.25,5573.95,47.95263359999999,-81.83340373333333,3245.557,-9.283333333333333,-0.34444444444444444,0.06999999999999997,9.33491771312917,-1.75,-0.5800000000000001,0.16,1.85305012828941
5573.25,5574.05,47.9526336,-81.8333824,3243.3554999999997,-11.675454545454546,-1.6418181818181816,-1.4427272727272726,11.935205313974224,-1.6090909090909091,-0.4727272727272727,0.09090909090909091,1.686384186359711
5573.25,5574.15,47.9526336,-81.8333632,3241.766,-10.931111111111113,-0.5677777777777778,-0.7288888888888888,10.980603271554996,-0.9333333333333333,-0.044444444444444446,0.0,0.9361386739619556
5574.25,5574.25,47.952624,-81.8333728,3240.178,-9.8,-0.14600000000000002,-0.11300000000000002,9.804141988228798,-0.8,0.0,-0.05,0.8031128874149276
5574.25,5574.35,47.952600000000004,-81.8333728,3239.3835,-11.467999999999998,0.09200000000000003,0.266,11.490040811766136,-0.8333333333333335,-0.06666666666666668,-0.16666666666666669,0.8561226801265668
5574.25,5574.45,47.95258346666666,-81.83335039999999,3237.857,-10.496666666666666,1.0666666666666667,0.7033333333333334,10.603138351387251,-1.4555555555555557,-0.4555555555555555,0.044444444444444446,1.5284223095817684
5574.25,5574.55,47.9525632,-81.8333376,3244.58,-12.174545454545454,1.4636363636363638,-2.0681818181818183,12.468603153622217,-2.309090909090909,-0.5272727272727273,0.5454545454545454,2.4384082931434055
5574.25,5574.65,47.9525504,-81.8333184,3270.046,-10.921,0.029999999999999978,-3.533,11.492591145832227,-3.0777777777777775,-0.16666666666666666,0.788888888888889,3.1868705716450503
5574.25,5574.75,47.952544,-81.8333152,3296.2075,-10.003333333333334,-0.7077777777777777,-3.8911111111111105,10.758564997044354,-4.05,0.23000000000000004,0.72,4.120779715676912
5574.25,5574.85,47.952535999999995,-81.8333056,3297.804,-10.776,-1.258,-3.966,11.553596527643492,-4.77,0.36,0.8600000000000001,4.8607323635192605
5574.25,5574.95,47.9525328,-81.83328639999999,3274.462,-10.995555555555555,-1.9844444444444447,-4.375555555555555,12.01390764995471,-5.1,0.2222222222222222,0.7666666666666667,5.162777836716779
5574.25,5575.05,47.95252693333333,-81.83324373333333,3230.775,-7.466363636363638,-1.44,-2.82,8.147580703350373,-4.109090909090909,0.2,0.7000000000000001,4.1734847209757815
5574.25,5575.15,47.9525216,-81.8331968,3227.48,-12.963000000000003,-1.723,-0.857,13.12849769424479,-3.0999999999999996,0.2,0.5666666666666667,3.1579185063427193
5575.25,5575.25,47.9525216,-81.8331872,3224.369,-9.753333333333334,-1.6066666666666665,0.9311111111111112,9.941305107834532,-1.8599999999999999,0.04,0.3,1.8851640538145318
5575.25,5575.35,47.9525232,-81.83317439999999,3222.113,-9.384,-0.662,0.296,9.419729551960872,-1.27,0.0,0.2,1.2857073586434182
5575.25,5575.45,47.9525248,-81.83316266666667,3220.1014999999998,-10.849,-0.04700000000000001,-0.63,10.900229653781011,-1.2444444444444445,0.06666666666666668,0.24444444444444446,1.2747671648265428
5575.25,5575.55,47.9525216,-81.8331456,3218.456,-7.420000000000002,-0.139,-1.0470000000000002,7.520449894033165,-1.6181818181818182,0.47272727272727266,0.47272727272727266,1.7521784438409755
5575.25,5575.65,47.9525184,-81.8331328,3218.091,-11.731,-1.1030000000000002,-0.45899999999999996,11.799117500763396,-2.2,0.57,0.43000000000000005,2.3227862539310244
5575.25,5575.75,47.9525184,-81.8331264,3225.4075000000003,-7.942222222222223,-0.8977777777777778,-0.7911111111111112,8.042588719481115,-3.1333333333333333,0.4222222222222223,0.12222222222222223,3.164838276853395
5575.25,5575.85,47.95251413333333,-81.83311146666667,3249.959,-10.643636363636363,-0.9336363636363637,-0.7209090909090908,10.716691055584082,-3.4799999999999995,0.24,0.04,3.490404963758221
5575.25,5575.95,47.952505599999995,-81.83309866666666,3272.255,-10.05,-0.9244444444444445,-1.1666666666666667,10.161220578184283,-3.95,0.17500000000000002,-0.225,3.9612866151698194
5575.25,5576.05,47.952496,-81.8330752,3267.226,-11.662,-1.14,-0.952,11.766179777930756,-3.6363636363636362,0.2,-0.17272727272727276,3.646835046632032
5575.25,5576.15,47.9524864,-81.833056,3234.871,-11.539,-0.3209999999999999,0.5690000000000001,11.599714798968359,-3.13,-0.06000000000000001,0.08,3.138546308785829
5576.25,5576.25,47.9524832,-81.83304,3212.973,-10.694999999999999,-0.14700000000000002,-1.0950000000000002,10.77489955237303,-3.1444444444444444,-0.6777777777777778,0.2888888888888889,3.2315800326694544
5576.25,5576.35,47.95247573333333,-81.83300266666667,3206.2165,-11.222,0.559,-2.868,11.64967936057835,-3.4181818181818184,-0.7181818181818183,0.19090909090909092,3.5033099981367397
5576.25,5576.45,47.9524736,-81.83296,3203.7214999999997,-11.03,0.4366666666666667,-4.373333333333333,11.916260415061565,-4.177777777777778,-0.05555555555555555,0.3444444444444444,4.1978882014882934
5576.25,5576.55,47.9524736,-81.8329408,3200.072,-11.659,-1.527,-1.294,11.906291814103486,-3.8299999999999996,0.19,0.72,3.904347307208981
5576.25,5576.65,47.952475199999995,-81.83293760000001,3198.1875,-11.556,-2.5909999999999997,-2.385,12.154867160615185,-4.180000000000001,0.01,0.31000000000000005,4.195303570469036
5576.25,5576.75,47.9524768,-81.8329248,3208.224,-6.912000000000001,-1.7470000000000003,-2.6769999999999996,7.7095303313231085,-4.888888888888889,0.1,0.0,4.889911935846101
5576.25,5576.85,47.95247253333334,-81.83291093333332,3241.0985,-11.388,-1.7099999999999997,-2.1060000000000003,11.759356771106564,-4.672727272727273,0.06363636363636364,0.0,4.673394529559425
5576.25,5576.95,47.9524704,-81.832896,3247.39,-10.014444444444443,-1.9955555555555557,-1.1277777777777775,10.348287076117183,-4.300000000000001,-0.07777777777777778,-0.06666666666666668,4.302823580501712
5576.25,5577.05,47.9524608,-81.8328704,3219.744,-7.693636363636363,-1.0609090909090908,-1.3681818181818182,7.920136273209115,-4.040000000000001,-0.19,-0.4,4.065441838976475
5576.25,5577.15,47.9524576,-81.8328544,3200.8665,-11.45,-0.3377777777777778,-1.4155555555555557,11.560839080401562,-4.14,-0.06,-0.47000000000000003,4.167638486936758
5577.25,5577.25,47.9524528,-81.8328288,3188.892,-10.296000000000001,0.003000000000000014,-0.5820000000000001,10.327339571052732,-4.46,-0.33,-0.16,4.4788237656420975
5577.25,5577.35,47.952446933333334,-81.83279786666667,3185.492,-9.635,-0.4640000000000001,-0.959,9.710674345520323,-4.319999999999999,-0.85,-0.27999999999999997,4.413332499929092
5577.25,5577.45,47.9524512,-81.8327744,3182.943,-12.603,0.674,-2.35,12.853029348270685,-4.633333333333334,-0.8111111111111111,-0.4222222222222222,4.724862880187745
5577.25,5577.55,47.9524512,-81.832768,3191.325,-7.460000000000001,-0.23100000000000004,-1.8439999999999999,7.703505210369217,-5.210000000000001,-0.6199999999999999,-0.17,5.25009315295941
5577.25,5577.65,47.952448000000004,-81.83275520000001,3221.626,-9.554444444444446,-1.12,-1.291111111111111,9.733784984297788,-4.83,-0.5999999999999999,-0.16999999999999998,4.87043102683942
5577.25,5577.75,47.9524448,-81.8327424,3225.894,-10.288,-1.2440000000000002,-1.5180000000000002,10.485387150181927,-3.9799999999999995,-0.54,-0.25,4.024957534654661
5577.25,5577.85,47.95244266666666,-81.83271893333334,3205.1270000000004,-8.934,-1.169,-1.5400000000000003,9.149612965439108,-3.4,-0.22000000000000003,-0.29999999999999993,3.4214490983643975
5577.25,5577.95,47.9524352,-81.8326848,3181.729,-12.501111111111111,-1.0833333333333333,-1.1455555555555554,12.601682960739145,-2.88,-0.1,-0.25999999999999995,2.8939017043188597
5577.25,5578.05,47.9524304,-81.8326752,3175.725,-8.24,-0.93,-0.7170000000000001,8.328580051680088,-2.6500000000000004,-0.05,-0.37,2.6775119441351554
5577.25,5578.15,47.952424,-81.8326528,3172.269,-8.756666666666668,-0.8211111111111111,0.14666666666666664,8.80659030594774,-2.711111111111111,-0.12222222222222223,-0.5888888888888889,2.7788654218887796
5578.25,5578.25,47.9524224,-81.8326304,3170.3305,-10.365,-0.186,0.34199999999999997,10.383450849833203,-3.2,-0.45999999999999996,-0.8300000000000001,3.3387863689977557
5578.25,5578.35,47.95242240000001,-81.83260800000001,3167.422,-8.867272727272727,-0.08363636363636363,-1.0554545454545454,8.93308603991161,-3.8,-0.5,-0.9,3.9383775604518063
5578.25,5578.45,47.9524224,-81.8325888,3166.938,-11.135555555555555,-0.40888888888888886,-1.1,11.202168593286308,-3.9099999999999993,-0.25,-0.79,3.9976895607603824
5578.25,5578.55,47.9524224,-81.832576,3168.634,-8.307999999999998,-1.143,-0.21999999999999997,8.396261809613081,-3.34,-0.2,-0.61,3.4014672493766853
5578.25,5578.65,47.9524208,-81.8325696,3181.001,-11.1,-0.9790000000000001,-0.437,11.164933096703887,-2.611111111111111,-0.2777777777777778,-0.6111111111111112,2.6975570148316765
5578.25,5578.75,47.952417600000004,-81.8325536,3188.288,-11.242222222222223,-0.6633333333333333,-1.2588888888888892,11.33421099363733,-2.2299999999999995,-0.21000000000000002,-0.72,2.3541204895551893
5578.25,5578.85,47.9524096,-81.8325312,3193.022,-9.352727272727272,-0.6645454545454544,-0.6227272727272728,9.403510917406932,-2.1000000000000005,-0.02,-0.85,2.266420992674993
5578.25,5578.95,47.9524,-81.8325056,3178.4555,-9.67,-0.26999999999999996,0.17000000000000004,9.68371221543807,-2.355555555555556,-0.05555555555555555,-1.0,2.5609235077940955
5578.25,5579.05,47.9523872,-81.83248,3164.152,-8.676999999999998,0.658,0.246,8.718469045482914,-2.9,-0.32999999999999996,-0.95,3.071582449638862
5578.25,5579.15,47.952383999999995,-81.8324704,3159.431,-8.465555555555557,-0.08444444444444445,0.005555555555555554,8.481203431046142,-2.6666666666666665,-0.47777777777777775,-0.8777777777777778,2.8494612425565875
5579.25,5579.25,47.952389333333336,-81.83244373333333,3156.7085,-9.105555555555556,1.017777777777778,-0.027777777777777766,9.169134159347895,-1.98,-0.65,-0.61,2.176028445274403
5579.25,5579.35,47.9523872,-81.8324224,3153.261,-9.837272727272728,0.7727272727272727,-0.8345454545454545,9.906842067614631,-1.6454545454545455,-0.8,-0.30000000000000004,1.8563982544454776
5579.25,5579.45,47.952384,-81.8323968,3150.419,-12.681111111111111,0.4344444444444444,-1.1433333333333335,12.748689146401558,-1.0444444444444445,-0.7333333333333334,0.0,1.2847314171311233
5579.25,5579.55,47.952384,-81.832384,3147.458,-9.191818181818183,-0.3781818181818183,-0.2854545454545454,9.230228383651724,-0.5000000000000001,-0.6818181818181818,0.1,0.8520839548587559
5579.25,5579.65,47.952382400000005,-81.83238080000001,3145.2219999999998,-11.562222222222223,-0.09666666666666665,-2.0544444444444445,12.060058770965947,-0.25555555555555554,-0.43333333333333335,0.14444444444444446,0.5380594838564804
5579.25,5579.75,47.95238293333333,-81.83236906666666,3144.074,-11.27,-0.8688888888888888,0.8611111111111112,11.405385858659143,0.2777777777777778,-0.25555555555555554,0.1444444444444445,0.43696792967847153
5579.25,5579.85,47.9523776,-81.832352,3142.6855,-7.692727272727273,0.42363636363636364,-0.8909090909090908,7.810339398549531,0.5272727272727272,-0.07272727272727274,0.2727272727272727,0.6260847439065149
5579.25,5579.95,47.9523744,-81.8323392,3141.9004999999997,-7.745,-0.037000000000000005,-1.4100000000000001,7.9018348160087655,0.1,0.47777777777777775,0.36666666666666664,0.654873371977993
5579.25,5580.05,47.9523728,-81.8323328,3139.848,-11.482000000000001,-0.43099999999999994,0.316,11.516227183896383,-0.4,0.8636363636363636,0.05454545454545456,0.9627830168722343
5579.25,5580.15,47.952368,-81.83232000000001,3137.3720000000003,-11.865555555555556,-0.10666666666666667,0.3766666666666667,11.886695058933077,-0.2777777777777778,0.6888888888888888,-0.044444444444444446,0.7477078342026457
5580.25,5580.25,47.9523632,-81.8323072,3135.019,-8.713333333333333,0.1988888888888889,0.5,8.750656976548346,-0.25555555555555554,0.41111111111111115,-0.044444444444444446,0.5013935749341804
5580.25,5580.35,47.95235946666667,-81.832288,3133.631,-6.815454545454545,-0.08272727272727272,0.4390909090909091,6.848997596375209,-0.35454545454545455,0.03636363636363637,0.0,0.365553964816516
5580.25,5580.45,47.9523552,-81.8322688,3131.399,-8.895,-0.7380000000000001,-0.875,8.984633867449332,-0.33333333333333337,-0.1,-0.08888888888888889,0.36629403216571327
5580.25,5580.55,47.9523504,-81.832256,3129.1684999999998,-6.606999999999999,-1.0350000000000001,0.04700000000000002,6.704034095698913,-0.7363636363636363,-0.10909090909090909,-0.41818181818181815,0.8576051001309974
5580.25,5580.65,47.9523456,-81.8322368,3127.3595,-13.453333333333333,-1.6766666666666667,-0.21777777777777782,13.575176673828743,-0.8222222222222223,-0.2,-0.7999999999999999,1.1658845403717548
5580.25,5580.75,47.95234346666666,-81.83221759999999,3126.575,-8.369,-0.647,-0.39,8.408691469706048,-1.4777777777777779,-0.10000000000000002,-1.1333333333333333,1.8689926285354908
5580.25,5580.85,47.9523392,-81.8321984,3122.779,-10.742,0.40800000000000003,0.899,10.860666653099356,-1.2636363636363634,-0.09090909090909091,-0.790909090909091,1.501683572673716
5580.25,5580.95,47.952336,-81.83219199999999,3120.791,-5.473,0.8220000000000001,-0.22799999999999998,5.547164978188668,-1.2100000000000002,-0.2899999999999999,-0.16999999999999998,1.2633378202372474
5580.25,5581.05,47.9523296,-81.8321728,3119.888,-9.029,0.5109999999999999,-0.072,9.05395269261658,-1.31,-0.53,0.26999999999999996,1.4492834403602202
5580.25,5581.15,47.9523248,-81.8321536,3119.706,-10.170999999999998,-0.599,-0.5439999999999999,10.211671454263934,-1.4,-0.74,0.5,1.661178324154664
5581.25,5581.25,47.95232106666666,-81.83213439999999,3122.237,-13.126666666666665,-0.75,-0.2222222222222222,13.15358021228671,-1.4,-0.8,0.4,1.6627414483665788
5581.25,5581.35,47.9523136,-81.8321152,3138.159,-7.253,-1.1469999999999998,-1.1709999999999998,7.452738409712621,-1.1090909090909091,-0.4272727272727273,0.02727272727272728,1.1986364741618052
5581.25,5581.45,47.9523072,-81.8320896,3150.48,-9.875,-0.5239999999999999,-0.356,9.918480244236424,-0.6100000000000001,0.009999999999999998,-0.06000000000000001,0.6230866448605397
5581.25,5581.55,47.952304,-81.8320832,3151.81,-12.196363636363635,-0.03818181818181819,-0.023636363636363636,12.200897302379998,-0.11000000000000001,0.26999999999999996,0.24,0.4259852486225405
5581.25,5581.65,47.9522976,-81.832064,3146.733,-8.563333333333334,-0.23111111111111113,-0.008888888888888887,8.568727801141415,0.0,0.41,0.5399999999999999,0.678623027532877
5581.25,5581.75,47.952285866666664,-81.83204266666667,3141.417,-12.764444444444445,-0.37333333333333335,0.3966666666666667,12.788087462024993,-0.022222222222222223,0.47777777777777775,0.5555555555555556,0.7370632233859804
5581.25,5581.85,47.9522784,-81.8320128,3137.915,-9.261,-0.8440000000000001,0.314,9.338138530655906,-0.48999999999999994,0.17,0.04,0.5483284607188209
5581.25,5581.95,47.952271999999994,-81.8320064,3139.726,-10.377,-0.194,0.538,10.400900752214856,-0.58,0.0,-0.22999999999999998,0.630924859697205
5581.25,5582.05,47.952264,-81.8319936,3140.813,-12.350909090909092,-0.09,-0.3481818181818182,12.360272990568653,-0.35,-0.11000000000000001,-0.35,0.5099260811814897
5581.25,5582.15,47.9522592,-81.83197440000001,3143.47,-7.711111111111112,0.14666666666666667,-0.28111111111111114,7.7192224119046635,-0.41,-0.15000000000000002,-0.18000000000000002,0.479739182499884
5582.25,5582.25,47.952249599999995,-81.83195306666669,3145.2825,-10.276666666666666,-0.09888888888888887,-0.6144444444444445,10.29704118106541,-0.5333333333333333,-0.011111111111111112,0.0,0.5364533506387088
5582.25,5582.35,47.95224,-81.8319296,3145.645,-12.505454545454542,-0.3281818181818182,-0.2490909090909091,12.51466839631437,-0.79,0.3,-0.04,0.8503355299676049
5582.25,5582.45,47.9522336,-81.83192,3140.7535,-10.52,-0.6355555555555555,0.4466666666666667,10.559879516326111,-1.03,0.31,-0.2,1.105023962979926
5582.25,5582.55,47.952224,-81.83189759999999,3136.588,-11.576363636363636,-0.52,0.3490909090909091,11.618121182890954,-1.9090909090909092,-0.1272727272727273,-0.5181818181818181,1.9853018132589724
5582.25,5582.65,47.9522176,-81.8318784,3133.933,-10.86111111111111,0.10777777777777778,0.011111111111111101,10.889129490486797,-2.4000000000000004,-0.4111111111111111,-0.6,2.508583276818662
5582.25,5582.75,47.952208000000006,-81.83185493333333,3120.8535,-10.665000000000001,0.5569999999999999,0.133,10.700894133049152,-2.76,-0.32,-0.26,2.796822384407828
5582.25,5582.85,47.9521984,-81.8318336,3100.215,-9.937,-1.033,0.124,10.024790454333635,-1.9555555555555553,-0.16666666666666669,0.12222222222222223,1.969300161965152
5582.25,5582.95,47.952192,-81.8318208,3090.5465,-13.454444444444444,-0.9266666666666666,-0.5755555555555555,13.509822352983706,-1.08,-0.02,0.2,1.099611210659148
5582.25,5583.05,47.9521808,-81.8318016,3086.886,-9.409090909090908,-1.259090909090909,-0.5936363636363637,9.670983041052345,-0.6727272727272726,0.07272727272727274,0.009090909090909104,0.6923315904301155
5582.25,5583.15,47.9521696,-81.83177813333334,3084.0065,-6.495,-0.969,0.10599999999999998,6.6070853591350325,-0.8444444444444444,0.16666666666666669,-0.36666666666666664,0.940074711117697
5583.25,5583.25,47.95216,-81.8317568,3081.608,-14.138888888888888,0.9966666666666667,0.014444444444444433,14.216322990011996,-1.2799999999999998,-0.009999999999999998,-0.43,1.3716944451621382
5583.25,5583.35,47.9521472,-81.831744,3079.749,-6.728,-0.221,-0.8470000000000001,6.809767985813549,-1.3599999999999999,-0.02,0.1,1.367098975443862
5583.25,5583.45,47.952144000000004,-81.83173120000001,3077.831,-9.743333333333332,-1.061111111111111,-0.5522222222222222,9.839484718321781,-0.4222222222222223,0.0,0.4555555555555555,0.7704495726422118
5583.25,5583.55,47.9521376,-81.83171200000001,3075.854,-12.792727272727273,-1.3609090909090908,-0.0036363636363636394,12.8808001547041,1.3818181818181818,0.0,0.609090909090909,1.5315735937691741
5583.25,5583.65,47.952130133333334,-81.8316928,3074.1165,-5.447,-0.8630000000000001,-0.76,5.703645803556514,1.9666666666666666,0.03333333333333334,0.38888888888888884,2.007594131207285
5583.25,5583.75,47.9521216,-81.8316672,3072.619,-3.816666666666666,-0.8288888888888889,-0.21444444444444447,3.955040467850575,1.6800000000000002,0.07,0.06,1.6842011676651634
5583.25,5583.85,47.9521184,-81.831648,3072.6189999999997,-15.596,0.4999999999999999,0.38099999999999995,15.684777648045245,1.1099999999999999,-0.41000000000000003,-0.040000000000000015,1.218567870395546
5583.25,5583.95,47.952113600000004,-81.8316416,3074.895,-12.42888888888889,-0.24777777777777782,-0.9033333333333332,12.473949713649867,1.1111111111111112,-0.6555555555555554,0.25555555555555554,1.318812531676542
5583.25,5584.05,47.95210453333333,-81.83162666666668,3084.6075,-8.948181818181816,-1.6363636363636365,-0.9609090909090908,9.167688104650365,1.190909090909091,-0.3909090909090909,0.14545454545454548,1.2724739640694411
5583.25,5584.15,47.95209813333333,-81.83160533333334,3091.2664999999997,-12.109,-1.328,-0.132,12.226154580699225,0.6000000000000001,-0.2,-0.4666666666666667,0.8331546521335054
5584.25,5584.25,47.952096,-81.8315968,3095.769,-11.085555555555555,2.0855555555555556,-1.1155555555555554,11.48442355452153,0.27,-0.17,-0.5599999999999998,0.6607015088573138
5584.25,5584.35,47.952096,-81.8315968,3096.07,-12.575454545454544,1.4345454545454546,-1.669090909090909,12.847480148738255,-0.27999999999999997,0.27999999999999997,0.4,0.5804051112517323
5584.25,5584.45,47.952096,-81.8315968,3088.446,-7.524444444444445,-0.6711111111111112,-0.13444444444444445,7.652650575305289,-0.5111111111111112,0.5888888888888888,0.9555555555555555,1.2356559242510357
5584.25,5584.55,47.952096,-81.8315968,3077.8914999999997,-13.443000000000001,-2.166,0.724,13.718224101872247,-0.8363636363636363,0.30909090909090914,0.7090909090909091,1.1466184836704323
5584.25,5584.65,47.952096,-81.8315968,3070.223,-7.952,-2.187,1.081,8.352838963334825,-0.72,-0.009999999999999998,-0.13999999999999999,0.7829779627803914
5584.25,5584.75,47.952096,-81.8315968,3066.871,-5.707777777777778,-0.6122222222222222,0.25333333333333335,5.768625166290596,-0.7777777777777778,-0.13333333333333333,-0.6,0.9935218062553124
5584.25,5584.85,47.952008533333334,-81.83154133333333,3061.6059999999998,-13.295454545454543,-0.15818181818181817,-0.3281818181818182,13.309247890392173,-0.9,-0.11818181818181821,-0.890909090909091,1.2740947508422122
5584.25,5584.95,47.9519552,-81.8315072,3056.104,-6.5088888888888885,0.14333333333333334,0.28,6.542535572250731,-0.9,-0.0125,-0.825,1.2224458455187794
5584.25,5585.05,47.9519488,-81.8314816,3051.742,-8.241999999999999,1.7049999999999996,0.025,8.43229894651137,-1.2545454545454546,-0.17272727272727273,-0.27272727272727276,1.3136044094417796
5584.25,5585.15,47.9519488,-81.8314816,3048.576,-11.703999999999999,0.36800000000000005,-0.662,11.780106292341245,-1.7400000000000002,-0.25999999999999995,0.3,1.7903214176100655
5585.25,5585.25,47.9519488,-81.8314816,3045.6499999999996,-10.806,-0.8729999999999999,-0.421,10.852550844909157,-1.6666666666666665,-0.34444444444444444,0.4555555555555556,1.7632129432295278
5585.25,5585.35,47.9519488,-81.8314816,3042.725,-8.659,-0.6060000000000001,-0.20099999999999998,8.686134460653278,-1.6,-0.4636363636363637,0.2,1.68217331395268
5585.25,5585.45,47.9516464,-81.8316256,3041.532,-12.28111111111111,-0.6322222222222222,-0.02333333333333333,12.299267035211344,-1.6666666666666667,-0.4,-0.13333333333333333,1.7228873425812925
5585.25,5585.55,47.951344,-81.8317696,3038.967,-8.752999999999998,-0.508,-0.018999999999999982,8.775741072934634,-1.6800000000000002,-0.27,-0.38,1.7461302191020445
5585.25,5585.65,47.951344,-81.8317696,3036.879,-10.844999999999999,0.974,-1.051,10.966923243624189,-0.95,0.13000000000000003,-0.04,1.0318016149787186
5585.25,5585.75,47.9519104,-81.8313344,3034.851,-10.077,0.262,-1.0339999999999998,10.188446858338619,-0.4111111111111111,0.611111111111111,0.7111111111111111,1.0244616636072457
5585.25,5585.85,47.9519088,-81.8313216,3032.943,-15.432999999999998,-1.6200000000000003,0.378,15.600449221067365,-0.43636363636363634,0.6545454545454544,0.890909090909091,1.1912867498791018
5585.25,5585.95,47.9519056,-81.8312928,3031.8705,-9.303,-3.5130000000000003,2.0759999999999996,10.2214112186686,0.03333333333333333,0.12222222222222223,0.23333333333333334,0.3488906906570814
5585.25,5586.05,47.95190399999999,-81.83125546666666,3030.202,-4.019,-1.345,0.31800000000000006,4.290039213502767,0.36,-0.42000000000000004,-0.4699999999999999,0.7276870953188402
5585.25,5586.15,47.951904,-81.8312128,3027.818,-14.494444444444444,0.5966666666666668,-0.5422222222222223,14.585693605434642,0.38,-0.64,-0.5299999999999999,0.9359134788335288
5586.25,5586.25,47.9519008,-81.8311872,3025.5545,-11.839000000000002,-0.695,-1.498,11.99873678771444,-0.13,-0.6100000000000001,-0.22000000000000003,0.7095643203153227
5586.25,5586.35,47.9519008,-81.8311712,3024.483,-7.306,-0.655,-0.346,7.393285519489564,-0.86,-0.01,-0.17,0.8795552774339667
5586.25,5586.45,47.951898666666665,-81.83113386666666,3022.101,-9.966,-1.07,0.23199999999999998,10.03955677351598,-0.73,0.19,-0.07,0.7703660841786721
5586.25,5586.55,47.9518976,-81.8310976,3020.791,-8.915000000000001,-1.111,-0.6679999999999999,9.050604832206659,-0.288888888888889,0.38888888888888884,0.0,0.5001965486012562
5586.25,5586.65,47.9518976,-81.831072,3018.4695,-10.076666666666668,-0.46888888888888897,1.0422222222222224,10.168272443789908,-2.7755575615628915e-18,0.24,0.18000000000000002,0.35620901370537683
5586.25,5586.75,47.9518816,-81.8310528,3016.268,-12.358999999999998,0.29799999999999993,1.306,12.480324042468759,0.30000000000000004,-0.29,0.7,0.8365685483857103
5586.25,5586.85,47.9518784,-81.8310432,3015.198,-12.205000000000002,-0.6100000000000001,-0.0020000000000000044,12.222576723789354,0.16000000000000003,-0.47000000000000003,1.0,1.11821833789101
5586.25,5586.95,47.95187093333334,-81.83101226666666,3014.7815,-11.153333333333332,-1.6777777777777778,-0.11222222222222222,11.307057738048442,-0.22999999999999998,-0.32999999999999996,0.72,0.9161634301092064
5586.25,5587.05,47.9518656,-81.8310144,3014.245,-6.83,-2.0439999999999996,0.15,7.143492919275033,-0.72,-0.38,-0.25,0.8964554156780169
5586.25,5587.15,47.9518656,-81.8310144,3012.9970000000003,-9.846666666666668,-1.0877777777777777,0.025555555555555554,9.93832374866205,0.1,-0.13333333333333336,-0.711111111111111,0.7673270639346237
5587.25,5587.25,47.9518656,-81.8310144,3011.272,-10.623,-0.125,0.38999999999999996,10.640590602376424,0.51,0.0,-0.74,0.9056406190007461
5587.25,5587.35,47.9518656,-81.8310144,3008.2995,-6.579090909090909,0.8072727272727271,-0.6536363636363636,6.6650555907836715,0.78,0.2,-0.34,0.8946369268027261
5587.25,5587.45,47.9518656,-81.8310144,3005.804,-12.25,-0.09111111111111111,-0.20444444444444446,12.287368055120114,0.6799999999999999,0.55,0.01,0.8813994591118481
5587.25,5587.55,47.9518656,-81.8310144,3003.19,-9.896,-0.5160000000000001,0.0020000000000000052,9.910626927851489,0.74,0.6199999999999999,0.030000000000000006,0.9683200060950675
5587.25,5587.65,47.9518656,-81.8310144,3001.408,-9.268888888888888,0.4566666666666666,0.8477777777777777,9.334374482728848,0.7,0.41111111111111115,0.022222222222222223,0.8175670167299354
5587.25,5587.75,47.9518656,-81.8310144,2999.507,-12.408888888888889,0.9455555555555555,1.0699999999999998,12.522802795100787,0.26000000000000006,-0.15,0.4,0.5541086342452834
5587.25,5587.85,47.9518656,-81.8310144,2998.676,-6.832727272727274,-0.6827272727272727,-0.23090909090909092,6.929042493931556,0.1,-0.49000000000000005,0.5999999999999999,0.7814618075538682
5587.25,5587.95,47.9518656,-81.8310144,2997.845,-11.610000000000001,-2.2566666666666664,-0.7033333333333333,11.941859611645622,0.8333333333333334,-0.14444444444444446,0.06666666666666667,0.8871960165357443
5587.25,5588.05,47.9518656,-81.8310144,2996.302,-9.975454545454545,-0.20545454545454545,-0.19636363636363638,10.04055051474697,0.7727272727272727,0.0,-0.38181818181818183,0.8756441097517148
5587.25,5588.15,47.9518656,-81.8310144,2994.047,-10.066666666666668,0.5222222222222221,-0.9644444444444447,10.148072293253394,0.3625,0.0,-0.5874999999999999,0.7090835390333966
5588.25,5588.25,47.9518656,-81.8310144,2992.148,-16.464444444444446,0.08888888888888889,-0.6277777777777778,16.511408450576447,0.08,0.02,-0.54,0.549408254602102
5588.25,5588.35,47.9518656,-81.8310144,2990.072,-7.435454545454546,1.32,-1.7181818181818178,7.768960665368613,-0.2727272727272727,0.5454545454545454,-0.009090909090909089,0.6409943277064012
5588.25,5588.45,47.9518656,-81.8310144,2987.878,-8.025555555555556,0.027777777777777804,-0.7722222222222224,8.097327532500476,-0.6222222222222222,0.8888888888888888,0.36666666666666664,1.1478586045647432
5588.25,5588.55,47.9518656,-81.8310144,2987.2259999999997,-13.816363636363638,-1.0372727272727273,2.5572727272727276,14.20523252032649,-1.4181818181818182,0.04545454545454544,0.03636363636363639,1.5232947521948623
5588.25,5588.65,47.9518656,-81.8310144,2984.914,-3.5733333333333337,-0.1944444444444444,-0.08999999999999997,3.8599366796948704,-2.022222222222222,-0.5888888888888888,-0.24444444444444446,2.121624955869431
5588.25,5588.75,47.9518656,-81.8310144,2982.1285,-12.253333333333332,-0.508888888888889,-0.06888888888888887,12.303882980072812,-1.8444444444444446,-0.5888888888888889,-0.7,2.0610975751562144
5588.25,5588.85,47.9518656,-81.8310144,2980.173,-10.087272727272728,0.011818181818181828,-0.630909090909091,10.14305061060996,-1.4181818181818182,-0.22727272727272727,-0.7272727272727272,1.6187903532298884
5588.25,5588.95,47.9518656,-81.8310144,2979.462,-7.542000000000002,0.959,-0.9179999999999999,7.663767540509416,-0.7555555555555556,0.2777777777777778,-0.23333333333333334,0.8926745394008554
5588.25,5589.05,47.9518656,-81.8310144,2978.2185,-11.796000000000001,-0.297,-0.179,11.816207909163222,-0.13636363636363638,0.6454545454545455,0.3727272727272727,0.7709971258668464
5588.25,5589.15,47.9518656,-81.8310144,2976.027,-11.946666666666665,-0.4166666666666667,-0.29000000000000004,11.958667694267753,-0.022222222222222223,0.7,0.4666666666666667,0.8436031795536247
5589.25,5589.25,47.9518656,-81.8310144,2975.2574999999997,-7.223333333333334,-0.3155555555555556,-0.30666666666666664,7.242695392701289,-0.1111111111111111,0.6222222222222222,0.3333333333333333,0.7186888560307201
5589.25,5589.35,47.9518656,-81.8310144,2975.198,-11.937272727272727,0.3045454545454546,1.6427272727272728,12.169689003495442,-0.7818181818181817,-0.14545454545454545,0.2545454545454545,0.9160138639031328
5589.25,5589.45,47.9518656,-81.8310144,2973.3635,-8.816999999999998,-0.833,0.039999999999999994,8.863550576169688,-0.17777777777777776,-0.8111111111111112,0.2777777777777778,0.9170895487804641
5589.25,5589.55,47.9518656,-81.8310144,2971.884,-11.888000000000002,-1.8210000000000002,-0.6869999999999999,12.064041374209236,0.4727272727272727,-1.0363636363636364,-0.06363636363636363,1.1674838053396295
5589.25,5589.65,47.9518656,-81.8310144,2971.291,-11.393,-2.9139999999999997,-1.775,11.903746811604059,1.3900000000000001,-0.7999999999999999,-0.75,1.8022078748634016
5589.25,5589.75,47.9518656,-81.8310144,2966.9139999999998,-8.467777777777776,-0.9866666666666668,-1.1244444444444446,8.609598203973173,2.125,-0.6,-1.0625,2.45232007998342
5589.25,5589.85,47.9518656,-81.8310144,2964.075,-12.939000000000002,-0.442,-2.409,13.232342564617984,2.790909090909091,-0.409090909090909,-0.7818181818181817,2.9429727053624375
5589.25,5589.95,47.9518656,-81.8310144,2963.2475,-7.696,-0.34,-1.4889999999999999,7.8864188195864005,2.6799999999999997,-0.01,-0.5,2.726732682479469
5589.25,5590.05,47.9518656,-81.8310144,2964.548,-9.23,-0.348,-0.085,9.246550893763928,2.3600000000000003,0.0,-0.55,2.4236648012699726
5589.25,5590.15,47.9518656,-81.8310144,2965.08,-12.299,-0.343,-0.17899999999999996,12.317460825796967,2.3299999999999996,0.0,-0.49000000000000005,2.3812208495287543
5590.25,5590.25,47.9518656,-81.8310144,0.0,-9.176666666666668,-0.27666666666666667,-0.08777777777777779,9.197904718853676,2.4,0.0,-0.3875,2.4313015511655727
5590.25,5590.35,47.9518656,-81.8310144,2983.7295000000004,-11.227999999999998,-0.3750000000000001,-1.127,11.307899015573534,2.3000000000000003,0.08181818181818183,-0.3181818181818181,2.32666656386936
5590.25,5590.45,47.9518656,-81.8310144,2989.7165,-12.702,-0.725,-0.732,12.75691676038998,1.6199999999999999,0.45999999999999996,-0.66,1.8243691454874007
5590.25,5590.55,47.9518656,-81.8310144,2990.843,-14.517272727272728,0.15181818181818182,-0.32090909090909087,14.554267143704338,1.47,0.45,-0.9099999999999999,1.7946680512803888
5590.25,5590.65,47.9518656,-81.8310144,2988.708,-5.989999999999998,1.1344444444444446,-0.9455555555555557,6.2008521151920215,2.1799999999999997,0.5599999999999999,-0.32,2.2837621996226707
5590.25,5590.75,47.9518656,-81.8310144,2973.304,-6.067777777777778,0.3066666666666667,-1.0377777777777777,6.193206213864488,2.622222222222222,0.6666666666666666,-0.022222222222222223,2.70624715347852
5590.25,5590.85,47.9518656,-81.8310144,2976.917,-12.388000000000002,-0.21600000000000005,-0.55,12.41253936987385,2.6399999999999997,0.51,0.030000000000000006,2.6905369895500497
5590.25,5590.95,47.9518656,-81.8310144,2962.301,-7.086,-0.16799999999999998,-0.217,7.101523315858449,1.7799999999999998,0.27,0.11000000000000001,1.8047082298259887
5590.25,5591.05,47.9518656,-81.8310144,2951.904,-8.280000000000001,-0.29000000000000004,0.2563636363636364,8.293864279011018,1.2200000000000002,0.13,0.24,1.2550963191918774
5590.25,5591.15,47.9518656,-81.8310144,2947.7715,-12.387777777777778,-0.39222222222222225,0.8744444444444446,12.426676685154039,0.43,-0.16,0.41,0.6603144073344975
5591.25,5591.25,47.9518656,-81.8310144,2946.592,-8.421,-0.337,0.182,8.433913063945832,-0.04,-0.32999999999999996,0.4800000000000001,0.5893344439550665
5591.25,5591.35,47.9518656,-81.8310144,2949.7195,-14.069999999999999,-0.354,0.22900000000000004,14.078288414265344,-0.43333333333333335,-0.2,0.2111111111111111,0.5484334026471672
5591.25,5591.45,47.9518656,-81.8310144,2954.62,-9.586666666666666,-0.16555555555555557,0.2666666666666667,9.594266007874829,-0.7299999999999999,-0.18000000000000002,-0.02,0.7546560407848192
5591.25,5591.55,47.9518656,-81.8310144,2961.1195,-9.08181818181818,1.0127272727272727,0.4427272727272728,9.194657281613182,-0.8,-0.06363636363636364,-0.04545454545454546,0.8089628338080698
5591.25,5591.65,47.9518656,-81.8310144,2966.795,-13.371111111111112,2.697777777777778,0.5333333333333334,13.665967917644013,-1.0222222222222221,0.0,0.5888888888888889,1.1994915420496792
5591.25,5591.75,47.9518656,-81.8310144,2973.541,-9.408999999999999,-0.254,-0.576,9.491870892643071,-1.5800000000000003,-0.05,1.07,1.9154619366247931
5591.25,5591.85,47.9518656,-81.8310144,2988.888,-11.778,-2.6790000000000003,-2.0460000000000003,12.295853685196164,-2.5999999999999996,0.10000000000000002,0.4555555555555555,2.669737006847047
5591.25,5591.95,47.9518656,-81.8310144,2999.151,-6.622222222222223,-2.4466666666666668,-2.3544444444444443,7.464276158865682,-3.84,0.5999999999999999,-0.2,3.8948618280019858
5591.25,5592.05,47.9518656,-81.8310144,2970.8895,-10.120909090909091,-1.5409090909090908,-2.184545454545455,10.520973370625542,-3.763636363636364,1.109090909090909,0.045454545454545456,3.9283323247709627
5591.25,5592.15,47.9518656,-81.8310144,0.0,-14.822999999999999,-1.733,-0.32799999999999985,15.01615411841539,-4.066666666666666,0.7888888888888889,0.39999999999999997,4.185646008638288
5592.25,5592.25,47.9517376,-81.830528,2924.141,-3.795555555555555,-3.221111111111111,-1.2455555555555557,5.2371325479272866,-4.62,-0.24,-0.019999999999999997,4.632330834095077
5592.25,5592.35,47.951609600000005,-81.8300288,2921.611,-7.339,-2.171,-3.0629999999999997,8.521706466465542,-3.84,-0.07999999999999999,-0.8,3.9391574638755693
5592.25,5592.45,47.9516096,-81.8300032,2918.552,-17.71333333333333,-0.9133333333333334,-1.44,17.837641353432435,-3.4111111111111105,0.8222222222222223,-0.8222222222222223,3.614833606180637
5592.25,5592.55,47.9516064,-81.8299776,2916.0825,-9.99,-0.35000000000000003,-0.21454545454545457,10.013800072235496,-3.109090909090909,0.9272727272727274,0.06363636363636363,3.258517179633806
5592.25,5592.65,47.9516064,-81.8299712,2916.318,-9.052,-1.02,0.5389999999999999,9.126801519516796,-2.511111111111111,0.32222222222222224,0.5222222222222221,2.593535008794273
5592.25,5592.75,47.95160426666666,-81.82994773333333,2923.73,-8.905555555555557,-0.59,-1.1555555555555557,9.03831504821878,-2.14,-0.26999999999999996,0.31000000000000005,2.184691227219458
5592.25,5592.85,47.9516032,-81.82992,2945.411,-7.251818181818181,-1.200909090909091,-1.4527272727272729,7.5362668974841345,-2.41,-0.21000000000000002,-0.18,2.4341271120882055
5592.25,5592.95,47.9516,-81.8299008,2965.968,-7.712222222222222,-1.6544444444444446,-1.6577777777777778,8.087851259455153,-1.8444444444444446,0.3111111111111111,-0.7222222222222222,2.033567557554488
5592.25,5593.05,47.9516,-81.8298816,2963.129,-14.796000000000001,-1.081,1.514,14.940194560539544,-1.0636363636363637,0.8545454545454546,-0.9818181818181819,1.6909893581803417
5592.25,5593.15,47.951598399999995,-81.8298688,2952.14,-14.659,0.07499999999999998,1.2049999999999998,14.8046706190318,-0.4600000000000001,0.53,-0.86,1.1159605112830506
5593.25,5593.25,47.951592533333326,-81.82984746666666,2939.868,-7.967777777777777,3.476666666666666,1.5499999999999998,8.902057122822406,-0.8333333333333334,-0.17777777777777776,-0.02222222222222224,0.9240716285614659
5593.25,5593.35,47.9515904,-81.8298176,2938.924,-10.72,2.34,-0.7236363636363637,11.166481532541995,-2.0818181818181816,-0.8909090909090908,0.9272727272727272,2.4484834907706787
5593.25,5593.45,47.9515872,-81.8297984,2944.645,-14.139999999999999,-0.3611111111111111,-3.578888888888889,14.679576149151753,-2.8375,-0.9625000000000001,1.0375,3.1842013171953436
5593.25,5593.55,47.9515872,-81.8297728,2939.278,-9.025,-0.519,-3.8150000000000004,9.84208687006442,-3.3454545454545452,-0.15454545454545457,0.6363636363636364,3.4189930178893864
5593.25,5593.65,47.951584,-81.82976,2915.674,-11.283,-1.5669999999999997,-2.004,11.616436114705184,-3.11,0.37,0.76,3.224291041413474
5593.25,5593.75,47.95157866666667,-81.8297344,2900.341,-10.618888888888888,-3.4066666666666663,-0.89,11.276268860526539,-3.5,0.5333333333333334,0.3888888888888889,3.564274008302488
5593.25,5593.85,47.9515712,-81.8297024,2895.3545000000004,-10.599090909090911,-2.858181818181818,0.2927272727272727,10.999433592153027,-2.9818181818181824,0.40909090909090917,-0.07272727272727274,3.0127952694996925
5593.25,5593.95,47.951568,-81.8296896,2892.54,-10.68,-1.578888888888889,-0.2911111111111111,10.83884285353919,-2.325,0.4875,-0.1875,2.3838212061859623
5593.25,5594.05,47.951568,-81.82967679999999,2889.902,-6.544999999999999,-0.99,-0.012000000000000005,6.639770097973087,-1.9909090909090907,0.3181818181818183,-0.045454545454545456,2.019571334661391
5593.25,5594.15,47.951568,-81.8296544,2888.7885,-8.953,-0.06099999999999998,-1.038,9.034861342025987,-2.0300000000000002,0.12000000000000002,0.01,2.034186125781655
5594.25,5594.25,47.951568,-81.829632,2888.964,-10.982000000000001,-1.273,-0.682,11.093910064953798,-2.144444444444444,-0.044444444444444446,0.17777777777777778,2.153805793168219
5594.25,5594.35,47.9515648,-81.8296128,2891.895,-6.079,-1.2879999999999998,-0.7210000000000001,6.26251355225777,-1.7454545454545458,-0.23636363636363641,-0.14545454545454548,1.774008343951335
5594.25,5594.45,47.9515648,-81.8295872,2900.341,-8.367,-1.134,-0.7579999999999999,8.503125733603847,-1.4000000000000001,-0.044444444444444446,-0.5555555555555556,1.514171995952899
5594.25,5594.55,47.9515648,-81.8295776,2905.4475,-11.198888888888888,-0.32222222222222224,-0.5588888888888888,11.221306025011396,-1.4,0.17,-0.8700000000000001,1.6586662286123244
5594.25,5594.65,47.9515648,-81.8295584,2905.6825,-10.591000000000001,0.201,0.07499999999999998,10.646071938743322,-1.51,0.26,-0.79,1.7304532246331674
5594.25,5594.75,47.95156266666666,-81.829536,2903.276,-10.738,1.276,0.8140000000000001,10.878041064326304,-2.1666666666666665,-0.2,-0.35555555555555557,2.2150738359112427
5594.25,5594.85,47.9515616,-81.8295104,2906.2115000000003,-11.498000000000001,-0.14900000000000002,-0.528,11.54016916192402,-2.209090909090909,-0.8181818181818183,-0.018181818181818184,2.3608966245312484
5594.25,5594.95,47.9515584,-81.8294912,2908.208,-14.043000000000001,-0.40800000000000003,-0.7610000000000001,14.075248169395547,-1.9899999999999998,-0.8800000000000001,-0.21000000000000002,2.1878475890622466
5594.25,5595.05,47.9515552,-81.8294784,2901.868,-10.120000000000001,0.10800000000000001,-2.8600000000000003,10.565055877615585,-1.8777777777777775,-0.23333333333333328,-0.24444444444444446,1.9331288119343446
5594.25,5595.15,47.9515504,-81.829456,2884.981,-6.279999999999999,-0.5466666666666667,-1.218888888888889,6.46703724519111,-2.23,0.48,-0.08,2.2861879573351915
5595.25,5595.25,47.95154453333333,-81.82942933333332,2874.56,-10.824000000000002,-0.735,-0.255,10.881292513216911,-2.43,0.5599999999999999,0.0,2.4949761918210487
5595.25,5595.35,47.9515392,-81.829408,2869.706,-10.927,-0.11599999999999999,0.7080000000000002,11.06231861145813,-3.0100000000000002,-0.3,-0.02,3.033738249147614
5595.25,5595.45,47.9515328,-81.8293824,2867.192,-12.655,-0.334,-0.889,12.700739676312777,-2.7399999999999998,-0.49000000000000005,-0.3,2.8017138734913978
5595.25,5595.55,47.951531200000005,-81.829376,2864.796,-13.436000000000002,-0.35,-0.978,13.479900090097193,-2.7333333333333334,-0.3444444444444444,-0.4555555555555556,2.7934059465448553
5595.25,5595.65,47.9515296,-81.8293568,2862.751,-7.312222222222222,0.8833333333333334,-0.8077777777777778,7.432784044720658,-2.99,-0.22000000000000003,-0.21000000000000002,3.0082081906633045
5595.25,5595.75,47.95152746666667,-81.82933546666668,2861.9915,-9.302000000000001,1.2970000000000002,-1.419,9.51783738450995,-3.4300000000000006,-0.26,0.30000000000000004,3.458573431863621
5595.25,5595.85,47.9515264,-81.8293056,2871.051,-12.343,-0.5799999999999998,-2.128,12.564196144214353,-3.8899999999999997,-0.44000000000000006,0.6599999999999999,3.970550679379231
5595.25,5595.95,47.9515232,-81.8292864,2894.005,-7.994444444444444,-1.3844444444444444,-2.1122222222222224,8.409536550152273,-4.06,-0.4800000000000001,0.45999999999999996,4.115382646849193
5595.25,5596.05,47.9515216,-81.8292768,2915.554,-9.905000000000001,-2.7079999999999997,-0.13899999999999998,10.321432780609964,-2.76,-0.35,0.06000000000000001,2.783868156601007
5595.25,5596.15,47.9515168,-81.8292576,2913.379,-8.171111111111111,-1.8044444444444447,0.07222222222222224,8.402842378112897,-1.0555555555555556,-0.06666666666666667,0.0,1.0586380057627298
5596.25,5596.25,47.95151146666666,-81.82923093333333,2906.2110000000002,-7.561999999999999,-0.8860000000000001,0.202,7.619838139332387,-0.45000000000000007,0.0,0.04,0.4549242250247064
5596.25,5596.35,47.9515072,-81.8292032,2900.458,-12.357272727272727,-0.87,0.4509090909090909,12.406844836899047,-0.29000000000000004,0.0,0.17,0.3479997264361112
5596.25,5596.45,47.951504,-81.8291776,2896.9385,-7.267777777777777,0.23000000000000004,0.7066666666666666,7.3115629277210665,-0.05,-0.06,0.5700000000000001,0.5837937689119137
5596.25,5596.55,47.951502399999995,-81.8291648,2897.759,-12.264545454545454,-0.7572727272727273,0.09090909090909088,12.30355535171132,0.0,-0.09090909090909091,0.8272727272727273,0.8326826094758268
5596.25,5596.65,47.9514992,-81.8291424,2899.637,-12.45111111111111,-1.6700000000000002,-1.518888888888889,12.79030895347352,-0.2625,0.3125,0.36249999999999993,0.6283066130329242
5596.25,5596.75,47.95149333333333,-81.82911146666667,2892.13,-12.506666666666668,-0.3888888888888889,0.0811111111111111,12.541399979873214,-0.74,0.59,-0.030000000000000006,0.9521529354941108
5596.25,5596.85,47.951488,-81.8290816,2878.774,-11.71,0.23,0.9863636363636363,11.793833033494508,-0.9799999999999999,0.26,-0.07,1.0370855784979296
5596.25,5596.95,47.9514864,-81.82906879999999,2868.245,-8.08888888888889,0.3122222222222222,0.6788888888888889,8.144133328677167,-1.411111111111111,-0.27777777777777773,0.0,1.4416103613683409
5596.25,5597.05,47.9514832,-81.8290432,2861.232,-12.143636363636364,-0.2645454545454546,-0.14818181818181816,12.151648314837967,-1.4545454545454546,-0.48181818181818187,0.0,1.5327782815300417
5596.25,5597.15,47.95147946666666,-81.8290176,2853.876,-10.307777777777778,0.17666666666666664,-0.7088888888888889,10.351049984427062,-1.45,-0.225,0.1,1.4785506335231045
5597.25,5597.25,47.951472,-81.8289856,2845.36,-9.63888888888889,-0.5766666666666667,0.2822222222222222,9.668639330049118,-1.53,0.0,0.2,1.543027681427422
5597.25,5597.35,47.9514688,-81.8289664,2839.59,-12.632727272727273,-0.6581818181818182,0.39909090909090905,12.657221594601902,-1.4363636363636365,-0.018181818181818184,0.2636363636363636,1.462049902789842
5597.25,5597.45,47.951467199999996,-81.8289536,2837.085,-7.713333333333334,-0.5277777777777778,0.36777777777777776,7.740662761648277,-1.3444444444444446,-0.15555555555555556,0.2666666666666667,1.3811631065671512
5597.25,5597.55,47.951464,-81.8289312,2834.406,-9.845454545454546,-0.7400000000000001,0.4936363636363636,9.88591677253879,-1.290909090909091,-0.2818181818181818,0.20909090909090908,1.3387462905319487
5597.25,5597.65,47.951460266666665,-81.82890453333333,2832.951,-9.623333333333333,-0.4511111111111111,-0.13111111111111115,9.66112808758717,-1.2555555555555555,-0.2777777777777778,0.33333333333333326,1.3298606495190815
5597.25,5597.75,47.9514592,-81.828896,2830.564,-8.456666666666667,-1.2877777777777777,-0.9455555555555557,8.629373562421735,-1.6666666666666667,0.011111111111111112,0.5,1.741141539599328
5597.25,5597.85,47.9514592,-81.828896,2827.5385,-9.343636363636364,-1.821818181818182,-0.2463636363636364,9.525947419452159,-1.4454545454545455,0.2818181818181818,0.5,1.5599674421368812
5597.25,5597.95,47.9514592,-81.828896,2823.932,-9.977,-1.4060000000000001,-0.10499999999999998,10.079715081052079,-1.3,0.4444444444444444,0.5,1.4627942008749129
5597.25,5598.05,47.9514592,-81.828896,2822.014,-11.529,-1.1149999999999998,0.183,11.58870920937716,-1.1090909090909091,0.49090909090909096,0.4636363636363637,1.2996590680841331
5597.25,5598.15,47.9514592,-81.828896,2820.9094999999998,-9.436,-0.598,-0.016,9.457146062571038,-0.96,0.35,0.49000000000000005,1.134673440276392
5598.25,5598.25,47.9514592,-81.828896,0.0,-9.09,-0.7400000000000001,0.17,9.123184127118869,-0.7124999999999999,0.07500000000000001,0.35,0.8012786907648235
5598.25,5598.35,47.9514592,-81.828896,2818.3514999999998,-9.01181818181818,-0.6990909090909091,-0.011818181818181818,9.039821975199503,-0.4636363636363637,0.0,0.08181818181818183,0.4757393998962398
5598.25,5598.45,47.9514592,-81.828896,2818.119,-8.93,-0.672,-0.092,8.960610131005598,-0.2555555555555556,0.0,-0.15555555555555556,0.3199784821802345
5598.25,5598.55,47.9514592,-81.828896,2816.7825000000003,-10.121,0.03699999999999999,-0.4600000000000001,10.133790481599096,-0.2727272727272727,0.02727272727272728,-0.3909090909090909,0.4814960074016939
5598.25,5598.65,47.9514592,-81.828896,2815.098,-9.888000000000002,-0.27399999999999997,-0.092,9.892756116619832,-0.4,0.1,-0.4,0.5744562646538028
5598.25,5598.75,47.9514592,-81.828896,2813.355,-10.394444444444446,-0.4766666666666667,-0.1888888888888889,10.407421812246813,-0.4,0.1,-0.35,0.5421791080065408
5598.25,5598.85,47.9514592,-81.828896,2811.4970000000003,-10.377999999999998,-0.466,-0.016000000000000014,10.395732748909904,-0.3545454545454545,0.05454545454545456,-0.26363636363636367,0.4478087533684723
5598.25,5598.95,47.9514592,-81.828896,2810.684,-9.701999999999998,0.39099999999999996,0.671,9.73840529943929,-0.49000000000000005,-0.16,-0.09000000000000001,0.5432967229077252
5598.25,5599.05,47.9514592,-81.828896,2812.2520000000004,-10.824,0.43599999999999994,0.20099999999999998,10.845641196943571,-0.9399999999999998,-0.6,0.2,1.136231172282639
5598.25,5599.15,47.9514592,-81.828896,2821.955,-11.171000000000001,-0.62,-0.12,11.189999417284934,-1.1,-0.79,0.29999999999999993,1.3873458265491674
5599.25,5599.25,47.9514592,-81.828896,2837.553,-10.17111111111111,-0.7833333333333332,0.05666666666666668,10.20652153304347,-1.1,-0.8250000000000001,0.2875,1.4055168320432003
5599.25,5599.35,47.9514592,-81.828896,2852.009,-8.928999999999998,-0.5319999999999999,-0.8860000000000001,9.012990452829154,-0.9727272727272728,-0.34545454545454546,0.2545454545454545,1.0826104728193928
5599.25,5599.45,47.9514592,-81.828896,2856.327,-6.981999999999999,-0.794,0.46499999999999997,7.045950362817921,-0.8400000000000001,-0.01,0.39,0.9277416860964905
5599.25,5599.55,47.9514592,-81.828896,2858.487,-9.54090909090909,-0.6609090909090909,-0.014545454545454549,9.566002793385929,-0.6199999999999999,0.15,0.5700000000000001,0.865638673183166
5599.25,5599.65,47.9514592,-81.828896,2857.495,-10.209999999999999,-0.7311111111111112,0.6077777777777779,10.254893983888064,-0.53,0.4,0.7,0.9676598446122615
5599.25,5599.75,47.9514592,-81.828896,2853.8175,-11.699000000000002,-0.513,0.188,11.714033070690494,-0.32222222222222224,0.5777777777777778,0.6444444444444444,0.9312810465125972
5599.25,5599.85,47.9514592,-81.828896,2847.925,-10.025555555555556,-0.30888888888888894,0.01777777777777778,10.031005205295104,-0.32999999999999996,0.78,0.42000000000000004,0.9570777993651494
5599.25,5599.95,47.9514592,-81.828896,2839.532,-10.349,-0.515,-0.068,10.363020291566652,-0.8,0.8,0.1,1.1494384666347437
5599.25,5600.05,47.9514592,-81.828896,2831.961,-9.482727272727272,-0.7972727272727272,-0.061818181818181814,9.51735495405246,-1.4300000000000002,0.7300000000000001,-0.21999999999999997,1.6289511307965796
5599.25,5600.15,47.9514592,-81.828896,2824.514,-10.625555555555557,-0.8266666666666667,-0.41888888888888887,10.668351971431115,-2.1399999999999997,0.6599999999999999,-0.5299999999999999,2.3026756752073063
5600.25,5600.25,47.9514592,-81.828896,2808.8285,-11.069,-0.418,-0.958,11.121431476160769,-2.6399999999999997,0.7,-0.5599999999999999,2.7887449626761827
5600.25,5600.35,47.9514592,-81.828896,2789.229,-9.397000000000002,-0.503,-0.667,9.447120740280402,-2.8333333333333335,0.6333333333333333,-0.2888888888888889,2.9197516162397052
5600.25,5600.45,47.9514592,-81.828896,2782.687,-9.555555555555554,-1.261111111111111,-0.11555555555555556,9.63972540384533,-2.5699999999999994,0.38999999999999996,-0.22999999999999998,2.6109756545666145
5600.25,5600.55,47.9514592,-81.828896,2780.43,-9.260909090909092,-1.4581818181818185,-0.39,9.385352108434478,-2.127272727272727,0.21818181818181817,-0.5363636363636364,2.2105216193811588
5600.25,5600.65,47.9514592,-81.828896,2777.596,-11.29888888888889,-0.8833333333333333,-0.39666666666666667,11.345930993719168,-1.8999999999999997,0.34444444444444444,-0.911111111111111,2.137486184029006
5600.25,5600.75,47.9514592,-81.828896,2775.341,-12.184999999999999,0.20400000000000001,0.162,12.19861226926111,-2.12,0.4,-1.0,2.378627163622042
5600.25,5600.85,47.9514592,-81.828896,2772.7974999999997,-10.491999999999999,0.525,0.02,10.518762188269768,-2.9777777777777774,0.2777777777777778,-0.8555555555555556,3.1164453729720534
5600.25,5600.95,47.9514592,-81.828896,2772.335,-9.215555555555556,-1.1766666666666667,-0.7799999999999999,9.347931063549638,-3.79,0.11000000000000001,-0.72,3.859679653857507
5600.25,5601.05,47.9514592,-81.828896,2774.185,-8.858181818181817,-1.7263636363636363,-1.0118181818181817,9.086053981648712,-3.7454545454545456,0.13636363636363635,-0.8545454545454546,3.844980584187577
5600.25,5601.15,47.9514592,-81.828896,2783.672,-9.386,-1.3110000000000002,-0.944,9.5355986987614,-3.5555555555555554,0.3222222222222222,-0.9888888888888889,3.7056337610290644
5601.25,5601.25,47.9514592,-81.828896,2793.515,-9.338888888888889,-0.4466666666666667,-0.7955555555555556,9.38725219582102,-3.4799999999999995,0.42000000000000004,-0.8800000000000001,3.614952879262481
5601.25,5601.35,47.9514592,-81.828896,2787.724,-9.181000000000001,-0.974,0.019999999999999997,9.247450225081696,-3.19,0.43,-0.7,3.294817396328843
5601.25,5601.45,47.9514592,-81.828896,2773.953,-8.09375,-0.8825000000000001,0.62375,8.166420795195295,-2.6666666666666665,0.16666666666666666,-0.7222222222222221,2.769239402180565
5601.25,5601.55,47.9514592,-81.828896,2764.8824999999997,-8.938181818181818,-0.619090909090909,-0.16818181818181818,8.978640542879607,-2.2545454545454544,0.0,-0.8727272727272729,2.4184937499362626
5601.25,5601.65,47.9514592,-81.828896,2761.5335,-11.36,-0.364,-0.819,11.399095608710342,-2.2222222222222228,0.13333333333333333,-0.8777777777777778,2.3945261703773415
5601.25,5601.75,47.9514592,-81.828896,2758.359,-8.47,-0.34444444444444444,-0.010000000000000009,8.487711929904949,-2.38,0.12000000000000002,-0.6599999999999999,2.4743838814759527
5601.25,5601.85,47.9514592,-81.828896,2756.8595,-10.267272727272728,0.24454545454545454,0.9872727272727272,10.34662525308469,-2.209090909090909,-0.23636363636363636,-0.490909090909091,2.285205080383781
5601.25,5601.95,47.9514592,-81.828896,2755.129,-9.972222222222221,0.4722222222222221,-0.4566666666666666,10.043728366278378,-2.6125,-0.7375,-0.3875,2.742864702807624
5601.25,5602.05,47.9514592,-81.828896,2751.6684999999998,-12.957999999999998,-0.029000000000000026,-1.9949999999999999,13.166645321309062,-2.9454545454545453,-0.6545454545454544,-0.45454545454545453,3.0555138533066337
5601.25,5602.15,47.9514592,-81.828896,2749.363,-9.043000000000001,1.177,-2.2279999999999998,9.404160223329836,-3.47,-0.26000000000000006,0.009999999999999998,3.4868650501613665
5602.25,5602.25,47.9514592,-81.828896,2751.092,-11.78111111111111,-0.6522222222222223,-1.0422222222222222,11.85498241548543,-3.1666666666666665,-0.3666666666666667,0.6,3.2462936660263377
5602.25,5602.35,47.9514592,-81.828896,2768.236,-14.460909090909091,-0.9463636363636364,-1.5972727272727274,14.608903739220882,-3.1090909090909093,-0.609090909090909,0.4636363636363636,3.2044800019079447
5602.25,5602.45,47.9514592,-81.828896,2791.082,-6.486666666666667,-0.7344444444444443,-2.5177777777777774,7.191158105293279,-3.1125000000000003,-0.19999999999999998,0.21250000000000002,3.130768497219262
5602.25,5602.55,47.9516672,-81.8286464,2794.7905,-8.474999999999998,0.03600000000000003,-1.7400000000000002,8.732443263355805,-2.5000000000000004,0.20909090909090908,0.33636363636363636,2.5396990922400104
5602.25,5602.65,47.951664,-81.8286464,2783.439,-13.094999999999999,0.594,-0.9139999999999999,13.17364190738958,-2.56,0.44000000000000006,0.5,2.646243926848672
5602.25,5602.75,47.951662400000004,-81.8286464,2763.8455000000004,-7.697777777777778,-1.0222222222222221,-1.228888888888889,7.882846680119769,-2.911111111111111,0.28888888888888886,0.5666666666666667,2.981429110210132
5602.25,5602.85,47.95165226666666,-81.82862933333332,2745.098,-10.056363636363635,-2.3336363636363635,-2.2454545454545456,10.573742547406447,-3.5181818181818185,0.4090909090909091,0.18181818181818182,3.5513649883661107
5602.25,5602.95,47.9514496,-81.8281088,2738.764,-9.136,-0.8490000000000002,-1.7,9.340598046338572,-3.744444444444444,0.6777777777777777,0.05555555555555555,3.8064850482597112
5602.25,5603.05,47.951328,-81.8278272,2736.1165,-11.155555555555557,-1.6344444444444444,-1.578888888888889,11.430459465006415,-3.8899999999999997,0.4800000000000001,0.25000000000000006,3.92909507762923
5602.25,5603.15,47.951328,-81.8277984,2733.699,-7.335000000000001,-1.8109999999999995,-1.7529999999999997,7.769297073869507,-3.54,0.44000000000000006,0.02,3.5681252811530095
5603.25,5603.25,47.9513168,-81.827744,2731.9155,-9.851,-0.8930000000000001,-1.4140000000000001,10.001567267939999,-3.2555555555555555,0.6555555555555554,0.044444444444444446,3.3219240202019558
5603.25,5603.35,47.951290666666665,-81.82768853333333,2735.886,-10.813999999999998,-0.717,-1.2349999999999999,10.914148043184014,-3.463636363636364,0.7636363636363637,0.18181818181818182,3.552727980649875
5603.25,5603.45,47.9512672,-81.8276416,2754.959,-7.975,-1.3510000000000002,-1.231,8.195528980547309,-3.91,0.54,0.27,3.9585600445176694
5603.25,5603.55,47.951264,-81.8276224,2775.341,-9.156666666666666,-2.572222222222222,-1.6588888888888889,9.658671564352035,-3.988888888888889,0.3777777777777778,-0.022222222222222223,4.009180363046605
5603.25,5603.65,47.951256,-81.82760959999999,2773.723,-8.92,-1.19,-0.843,9.070644922395509,-3.21,0.65,-0.12000000000000002,3.279763890937468
5603.25,5603.75,47.951239466666664,-81.827584,2751.8455,-12.818000000000001,-1.0710000000000002,0.7050000000000001,12.885733204880285,-2.7333333333333334,0.6333333333333333,0.0,2.8068965036715605
5603.25,5603.85,47.951232,-81.827552,2729.558,-9.872000000000002,-0.9410000000000001,0.41400000000000015,9.939311377855223,-2.972727272727272,0.21818181818181823,-0.08181818181818182,2.9841606793359103
5603.25,5603.95,47.9512288,-81.8275328,2720.5345,-11.690000000000001,-1.354,0.635,11.800524790933382,-2.56,-0.02,-0.13,2.5651635883820125
5603.25,5604.05,47.9512256,-81.8275136,2716.916,-12.398,-0.8450000000000001,-0.352,12.434843066416676,-2.033333333333333,-0.08888888888888889,-0.2,2.0453216275062323
5603.25,5604.15,47.951227200000005,-81.8275072,2714.964,-9.934444444444445,-0.7477777777777778,-0.4555555555555555,9.97943120711164,-1.9599999999999997,0.0,-0.11000000000000001,1.964752713484091
5604.25,5604.25,47.951230933333335,-81.82748373333332,2712.324,-12.227,-0.636,-0.542,12.263449585455806,-1.94,0.0,0.19,1.953298648328077
5604.25,5604.35,47.951232,-81.8274688,2709.8565,-8.382000000000001,-0.7409999999999999,-0.21100000000000002,8.420991347866066,-2.0,0.0,0.4,2.039607805437114
5604.25,5604.45,47.9512352,-81.827456,2708.5370000000003,-8.771,-0.5760000000000001,-0.48100000000000004,8.805259821648095,-2.07,0.0,0.35,2.1007868081502954
5604.25,5604.55,47.9512352,-81.8274496,2707.964,-9.523,-0.51,-0.40800000000000003,9.549250855802498,-2.411111111111111,0.0,0.06666666666666668,2.4135126520870234
5604.25,5604.65,47.951233599999995,-81.82744,2713.0135,-8.905555555555557,-0.41555555555555557,-0.39666666666666667,8.931970644605286,-2.5,0.0,-0.030000000000000006,2.5005997601918084
5604.25,5604.75,47.95119999999999,-81.8274368,2725.533,-9.440000000000001,-0.634,-0.362,9.47235863760729,-2.3199999999999994,0.19,-0.16999999999999998,2.3370332843753476
5604.25,5604.85,47.9511712,-81.8274304,2728.236,-8.344000000000001,-0.4050000000000001,-0.092,8.356450401788283,-2.1400000000000006,0.45,-0.05,2.1886821742604474
5604.25,5604.95,47.9511712,-81.8274176,2725.993,-10.778888888888888,-0.44,-0.4822222222222222,10.804506836121057,-2.18,0.38,0.02,2.214238151993046
5604.25,5605.05,47.951172799999995,-81.82740480000001,2723.5795,-11.324545454545454,-0.44999999999999996,-0.740909090909091,11.35881274570776,-2.2,0.26000000000000006,0.06000000000000001,2.217195527628553
5604.25,5605.15,47.9511776,-81.8273856,2722.5455,-9.778749999999999,-0.55625,-0.78375,9.82877758365693,-2.2,0.2,0.0,2.209072203437452
5605.25,5605.25,47.951182933333335,-81.8273536,2716.227,-11.498,0.07200000000000001,0.04999999999999999,11.510623853745585,-2.44,0.09,-0.02,2.444513697379362
5605.25,5605.35,47.951184,-81.8273344,2706.3585000000003,-8.995454545454546,-0.8963636363636366,-0.31727272727272726,9.051802134607984,-2.71,-0.30999999999999994,-0.29,2.7497786893839775
5605.25,5605.45,47.9511872,-81.8272832,2697.76,-10.052222222222222,-0.43555555555555553,-0.5022222222222221,10.077668780461465,-2.21,-0.29000000000000004,-0.7,2.3411444159592416
5605.25,5605.55,47.9511792,-81.8272576,2691.9764999999998,-9.733636363636363,0.31,0.07818181818181817,9.758635554700687,-1.6545454545454545,0.045454545454545456,-0.49090909090909085,1.7353527163611664
5605.25,5605.65,47.9511696,-81.8272128,2688.713,-7.762222222222222,0.35000000000000003,0.7755555555555556,7.815423591877346,-1.0125,0.0,0.05000000000000001,1.0219403750737515
5605.25,5605.75,47.951170133333335,-81.82718933333334,2687.34,-11.88111111111111,-0.9944444444444446,-0.16777777777777778,11.927842458549357,-0.75,-0.1,0.2899999999999999,0.8112165367043163
5605.25,5605.85,47.9511744,-81.8271744,2685.2235,-12.212727272727271,-0.6854545454545454,-0.06818181818181818,12.238035602062041,-0.53,-0.1,0.28,0.6088184001497721
5605.25,5605.95,47.9511776,-81.8271648,2682.993,-5.685555555555556,-0.9011111111111111,-0.16666666666666666,5.7776413773786635,-0.3444444444444445,-0.1111111111111111,0.05555555555555555,0.37144734736021534
5605.25,5606.05,47.9511808,-81.8271456,2681.2195,-11.832727272727272,0.13454545454545455,0.33454545454545453,11.878289408253012,-0.06363636363636364,0.0,-0.06363636363636364,0.11129673351926624
5605.25,5606.15,47.9511808,-81.82712000000001,2679.219,-11.129999999999999,0.2633333333333334,0.45444444444444443,11.16157325165173,-0.1,0.0,0.07500000000000001,0.1266123775561495
5606.25,5606.25,47.951182933333335,-81.82708693333335,2677.333,-6.61888888888889,-0.2088888888888889,0.13444444444444448,6.62526264098735,-0.17,0.0,0.030000000000000006,0.17708203932499372
5606.25,5606.35,47.951184,-81.8270464,2675.219,-11.890909090909092,-0.7754545454545454,-0.028181818181818176,11.92915369458302,-0.009090909090909094,0.03636363636363637,-0.05454545454545456,0.11463969077345207
5606.25,5606.45,47.951184,-81.8270368,2674.304,-9.418888888888889,-1.0622222222222222,-0.6122222222222223,9.505861696310292,0.41111111111111115,0.3888888888888889,-0.26666666666666666,0.6278094283149316
5606.25,5606.55,47.951184,-81.8270176,2672.0765,-12.42727272727273,-0.2981818181818182,-0.058181818181818196,12.434663721420934,0.5909090909090908,0.5090909090909091,-0.3909090909090909,0.8736622586513644
5606.25,5606.65,47.95118613333333,-81.8269952,2669.849,-11.733,0.6709999999999999,1.187,11.836181432161919,0.2777777777777778,0.15555555555555556,-0.2111111111111111,0.39024375623934693
5606.25,5606.75,47.9511904,-81.8269632,2668.536,-8.2275,0.11375000000000002,1.29875,8.33482804140402,0.1111111111111111,-0.4111111111111111,0.1111111111111111,0.44461526721966077
5606.25,5606.85,47.9511904,-81.826944,2666.653,-11.465454545454547,-0.4072727272727273,-0.2509090909090909,11.490366303017414,0.2545454545454546,-0.6818181818181818,0.35454545454545455,0.8173946533134849
5606.25,5606.95,47.9511888,-81.826928,2666.0245,-11.529,-1.596,-1.527,11.96852772367259,0.47777777777777775,-0.3333333333333333,0.32222222222222224,0.6978301766499739
5606.25,5607.05,47.9511872,-81.82689493333334,2664.826,-3.72,-1.7439999999999998,-0.147,4.250023259038924,0.49090909090909096,0.2545454545454545,0.045454545454545456,0.5628788040602922
5606.25,5607.15,47.951185066666675,-81.82686933333333,2663.457,-14.311999999999998,-2.7119999999999997,1.369,14.700170702809867,0.5,0.38,-0.24999999999999994,0.6893409751371287
5607.25,5607.25,47.9511808,-81.8268352,2661.004,-8.3675,-0.24875000000000003,-0.08625,8.392972948328582,0.775,0.3,-0.375,0.9160770720761068
5607.25,5607.35,47.9511808,-81.8268096,2660.034,-9.57181818181818,-0.5781818181818182,-0.07545454545454545,9.596769064230381,0.9909090909090907,0.21818181818181823,-0.3454545454545454,1.0754956943815168
5607.25,5607.45,47.9511776,-81.82679680000001,2659.1215,-13.666000000000002,-0.6990000000000001,-0.04800000000000001,13.69516253408525,1.1555555555555554,0.17777777777777778,-0.13333333333333333,1.1836570293158888
5607.25,5607.55,47.9511744,-81.8267712,2658.894,-8.318000000000001,-0.867,-0.11800000000000002,8.372475748758927,1.1999999999999997,0.15454545454545454,0.0,1.2109193023412739
5607.25,5607.65,47.95117866666667,-81.82674986666666,2661.403,-8.652,-0.4779999999999999,0.32799999999999996,8.695959916419223,1.2799999999999998,0.19,0.0,1.2946189661898377
5607.25,5607.75,47.951184,-81.82672,2667.109,-15.048888888888891,0.35111111111111115,0.06555555555555553,15.091301084893201,1.8875,0.1375,0.475,1.9625608062353073
5607.25,5607.85,47.951184,-81.8267072,2676.4184999999998,-11.336,-0.492,-0.29500000000000004,11.40295527143717,2.1363636363636367,0.4272727272727273,0.8363636363636364,2.3387173282736793
5607.25,5607.95,47.9511856,-81.8266976,2678.4755,-14.139000000000001,-1.4869999999999999,0.617,14.325980186513808,1.8199999999999998,0.54,0.45,1.968331282346531
5607.25,5608.05,47.9511872,-81.82667839999999,2673.733,-3.247,-0.8109999999999999,0.7270000000000001,3.467332492597923,0.9099999999999999,0.07,-0.27999999999999997,0.9765789966617348
5607.25,5608.15,47.95118933333333,-81.826656,2670.877,-9.431000000000001,-0.40199999999999997,0.47800000000000004,9.496131124076431,0.44000000000000006,-0.3,-0.5199999999999999,0.7670747672007682
5608.25,5608.25,47.9511936,-81.8266304,2671.105,-12.711000000000002,0.6709999999999999,-1.1549999999999998,12.821433558874693,0.06249999999999999,-0.55,-0.2875,0.6472876397421105
5608.25,5608.35,47.9511936,-81.8266112,2673.5045,-5.698888888888889,-0.43999999999999995,-0.7988888888888889,5.845838618068821,0.10909090909090911,-0.30909090909090914,0.0,0.36381989577665047
5608.25,5608.45,47.951192000000006,-81.8266016,2674.99,-9.297,-0.43899999999999995,-0.257,9.326707413731485,0.49000000000000005,-0.08,0.08,0.5095848215236095
5608.25,5608.55,47.95119253333334,-81.82657493333333,2673.048,-5.0645454545454545,-0.2818181818181818,-0.5581818181818181,5.120741720461483,0.52,0.22000000000000003,0.18,0.6029855474286446
5608.25,5608.65,47.95119146666667,-81.8265536,2669.907,-10.856666666666667,-0.4411111111111111,0.03333333333333334,10.870497881642795,0.5299999999999999,0.4,0.13000000000000003,0.678879042589711
5608.25,5608.75,47.9511872,-81.8265216,2662.658,-7.187,-0.35900000000000004,-0.04,7.20677874239865,0.5899999999999999,0.30000000000000004,0.1,0.6731277211261552
5608.25,5608.85,47.9511872,-81.82651200000001,2656.2715,-10.067777777777778,-0.7633333333333332,-0.25333333333333335,10.107476664196078,0.7111111111111111,0.2,0.06666666666666668,0.7440749706345631
5608.25,5608.95,47.9511856,-81.8264896,2648.863,-8.854000000000001,-0.66,-0.375,8.889585073463792,0.8699999999999999,0.16000000000000003,0.0,0.8855942512679039
5608.25,5609.05,47.95118399999999,-81.82646826666667,2642.8285,-8.184545454545455,-0.5972727272727273,0.19636363636363638,8.210114116478906,0.6399999999999999,-0.05,0.0,0.6473187317097173
5608.25,5609.15,47.951184,-81.8264384,2638.959,-10.458888888888888,-0.8177777777777777,-0.10333333333333332,10.49679257749438,0.7,-0.3,0.06,0.7661885018968526
5609.25,5609.25,47.951184,-81.8264256,2636.569,-8.613,-0.49899999999999994,-0.31300000000000006,8.635947848123523,0.95,-0.37,0.16,1.0349339125942207
5609.25,5609.35,47.951184,-81.8264128,2632.5325000000003,-12.183,-0.756,-0.37,12.245965250248886,1.2666666666666666,-0.1888888888888889,0.17777777777777778,1.2983493422059658
5609.25,5609.45,47.9511856,-81.8263936,2626.565,-7.656666666666668,-1.0544444444444445,-0.4433333333333333,7.756907419747985,1.39,0.0,-0.10000000000000002,1.3992197945012506
5609.25,5609.55,47.9511872,-81.8263744,2620.5465,-12.318181818181815,-0.29000000000000004,-0.1427272727272727,12.325972309358127,1.1999999999999997,0.0,-0.3909090909090909,1.262367484396256
5609.25,5609.65,47.9511904,-81.8263488,2616.233,-13.964444444444446,-0.34777777777777774,0.06222222222222224,13.987274949526794,1.1222222222222222,-0.12222222222222223,-0.3111111111111111,1.1750460302149215
5609.25,5609.75,47.9511904,-81.8263296,2614.4745000000003,-8.684000000000001,1.0899999999999999,0.664,8.795160660215299,0.3,-0.06999999999999999,0.06000000000000001,0.3784560877352388
5609.25,5609.85,47.9511904,-81.82632,2612.603,-13.725,0.22399999999999998,1.1400000000000001,13.784304996136552,-0.5333333333333333,0.0,0.2555555555555556,0.6078955068052135
5609.25,5609.95,47.9511904,-81.8262976,2612.035,-9.526250000000001,-0.40750000000000003,0.625,9.561795970787546,-1.25,-0.05,0.02,1.2528668402032666
5609.25,5610.05,47.9511904,-81.826272,2610.901,-11.10909090909091,-0.4509090909090909,0.2318181818181818,11.122517007426795,-0.9363636363636364,-0.07272727272727274,0.0,0.9400463261816544
5609.25,5610.15,47.9511904,-81.8262464,2610.674,-13.979,-0.41900000000000004,-0.05600000000000001,13.997633566963277,-0.6888888888888889,0.0,0.044444444444444446,0.6937104470160468
5610.25,5610.25,47.9511904,-81.8262272,2611.5255,-8.433333333333332,-0.1111111111111111,0.015555555555555552,8.445426627419684,-0.79,0.0,0.37,0.8740312502386891
5610.25,5610.35,47.9511904,-81.8262144,2613.51,-13.09727272727273,-0.3645454545454545,-1.0918181818181816,13.187743496333502,-1.1400000000000001,0.21999999999999997,0.43,1.251437772723439
5610.25,5610.45,47.9511904,-81.8261952,2617.9354999999996,-9.967500000000001,-1.55125,-1.42625,10.19243439954533,-2.1125,0.625,0.05,2.205176701178293
5610.25,5610.55,47.9511904,-81.82617173333334,2623.158,-11.064545454545456,-1.330909090909091,-0.7145454545454546,11.171622040643662,-2.772727272727273,0.6454545454545454,-0.14545454545454545,2.853128362334937
5610.25,5610.65,47.9511872,-81.826144,2626.111,-11.652,-1.7760000000000002,-1.409,11.918058156116434,-3.7666666666666666,0.2111111111111111,-0.35555555555555557,3.7952274963010435
5610.25,5610.75,47.9511808,-81.8261184,2618.7905,-6.41,-1.2933333333333334,-2.5244444444444447,7.028038985493323,-4.709999999999999,0.13,-0.6699999999999999,4.760596203744699
5610.25,5610.85,47.9511728,-81.8260992,2606.366,-8.616363636363637,-1.56,-2.916363636363636,9.256616999682352,-5.327272727272727,0.4272727272727273,-0.4545454545454545,5.365498292021105
5610.25,5610.95,47.9511584,-81.82606720000001,2595.6625000000004,-12.10888888888889,-2.072222222222222,-2.4322222222222223,12.539236855646797,-5.0625,0.4625,-0.1125,5.085857961993218
5610.25,5611.05,47.951152,-81.82604160000001,2592.89,-6.235000000000001,-1.861,-1.466,6.694842188951912,-4.0,0.15454545454545457,0.06363636363636364,4.004772840991072
5610.25,5611.15,47.951152,-81.8260032,2591.1355,-8.693,-1.7919999999999998,-0.8109999999999999,8.943578796689907,-3.0100000000000002,0.0,-0.11000000000000001,3.014348377770726
5611.25,5611.25,47.951152,-81.8259712,2591.079,-10.802222222222222,-0.5644444444444444,0.6288888888888889,10.863198136232667,-2.0444444444444447,0.0,-0.3888888888888889,2.08197197741801
5611.25,5611.35,47.951152,-81.8259584,2592.833,-9.17090909090909,-0.43818181818181823,-0.03272727272727272,9.185523861136126,-1.7454545454545454,0.17272727272727273,-0.28181818181818186,1.7790297887921418
5611.25,5611.45,47.951152,-81.82593493333333,2595.097,-12.628,-0.9199999999999999,-0.05299999999999999,12.668437645904612,-1.625,0.375,-0.08750000000000001,1.6732390465895466
5611.25,5611.55,47.951152,-81.8259072,2597.644,-11.933333333333334,-1.7344444444444445,0.46333333333333343,12.101577171471213,-1.1454545454545455,0.27272727272727276,-0.2,1.2046175449767464
5611.25,5611.65,47.951152,-81.825888,2597.87,-8.219,0.176,-0.14,8.254348543418475,-0.9,0.09,-0.35,0.9733809878647014
5611.25,5611.75,47.951152,-81.8258688,2598.436,-11.844444444444445,1.7755555555555556,0.3966666666666667,12.007841638723718,-1.2000000000000002,-0.24444444444444446,0.022222222222222223,1.239468553275559
5611.25,5611.85,47.95114773333333,-81.82585173333332,2604.327,-13.432727272727275,-0.2454545454545455,-0.25727272727272726,13.45549626271935,-1.4545454545454546,-0.7,0.2818181818181818,1.6405194071096858
5611.25,5611.95,47.9511392,-81.82583039999999,2613.397,-9.873999999999999,0.45499999999999996,-2.163,10.173610947041505,-1.7000000000000002,-0.5888888888888889,0.4222222222222222,1.8586562571634653
5611.25,5612.05,47.9511264,-81.825792,2615.0985,-9.448888888888888,-0.2944444444444445,-3.41,10.06525297867878,-2.68,0.2,0.5199999999999999,2.7429833884039683
5611.25,5612.15,47.9511264,-81.8257664,2608.9755,-12.279,-0.9269999999999999,-1.8,12.46030452068377,-3.34,0.55,0.67,3.451231829887621
5612.25,5612.25,47.95112,-81.8257568,2590.627,-11.21,-1.5630000000000002,-2.097,11.549606708312021,-4.144444444444444,0.21111111111111114,0.4444444444444444,4.180313828616871
5612.25,5612.35,47.951113600000006,-81.82573013333332,2575.3685,-6.553,-0.8090000000000002,-2.4349999999999996,7.0782620855784755,-4.009090909090909,0.2090909090909091,0.018181818181818184,4.016206839582606
5612.25,5612.45,47.95112853333333,-81.82571733333333,2569.949,-11.768,0.5399999999999999,-0.20099999999999998,11.834625735830215,-3.29,0.38,0.0,3.3119983296763422
5612.25,5612.55,47.9511328,-81.8256896,2566.4515,-10.277777777777779,0.3066666666666667,1.1488888888888888,10.364406469310179,-1.8666666666666667,0.2222222222222222,0.1111111111111111,1.8852248232928166
5612.25,5612.65,47.9511328,-81.8256512,2564.195,-10.177999999999999,-1.127,0.303,10.274097365075345,-0.9,0.1,0.15000000000000002,0.9186340062339848
5612.25,5612.75,47.951131200000006,-81.8256416,2562.505,-10.213000000000001,-1.2360000000000002,-0.695,10.314634145853345,-0.6,0.16666666666666669,0.0,0.6259719481671031
5612.25,5612.85,47.9511296,-81.8256192,2560.9255000000003,-9.097999999999999,-0.736,-0.08700000000000001,9.149443596208373,-0.49090909090909096,0.38181818181818183,-0.18181818181818182,0.660786419754989
5612.25,5612.95,47.9511296,-81.8255936,2559.798,-10.388000000000002,1.467,1.526,10.627986545001836,-0.04000000000000001,0.32,-0.18000000000000002,0.4011032934278317
5612.25,5613.05,47.9511264,-81.8255616,2558.1645,-7.922999999999999,1.33,1.816,8.332592397865957,0.2777777777777778,-0.10000000000000002,0.022222222222222223,0.3228836932833789
5612.25,5613.15,47.9511264,-81.8255552,2556.53,-9.903333333333332,-0.28444444444444444,-0.38555555555555554,9.922845427034138,0.23000000000000004,-0.35,0.16,0.454363572708454
5613.25,5613.25,47.9511248,-81.825536,2554.84,-10.134,-0.8109999999999999,-0.269,10.180590759341621,0.2,-0.31999999999999995,0.19,0.4240135573723028
5613.25,5613.35,47.951121066666666,-81.82550613333335,0.0,-9.715,-1.4549999999999998,-0.022,9.832007498968945,0.5399999999999999,-0.23000000000000004,0.0,0.60072441122572
5613.25,5613.45,47.95112,-81.82548906666666,2551.349,-9.062999999999999,-0.32599999999999996,-0.07799999999999999,9.070223578122583,0.8,-0.2,-0.1,0.8306623862918074
5613.25,5613.55,47.95112,-81.8254528,2549.8289999999997,-9.667272727272726,-0.3318181818181818,-0.04454545454545455,9.673301965013216,0.8,-0.26999999999999996,-0.17,0.8635665908244109
5613.25,5613.65,47.9511216,-81.8254432,2548.197,-9.2575,-0.35875,-0.008749999999999994,9.266567185113448,0.8222222222222223,-0.2888888888888889,-0.06666666666666668,0.8758033759819979
5613.25,5613.75,47.9511216,-81.82541760000001,2547.465,-8.838,-0.221,0.042,8.845046965598911,0.8,-0.15000000000000002,0.1,0.8251982987756827
5613.25,5613.85,47.95112,-81.82539306666666,2546.284,-10.249090909090908,-0.4163636363636364,0.38636363636363635,10.265115121144419,0.8,-0.02,0.25,0.8407190020612978
5613.25,5613.95,47.95111573333333,-81.82537173333334,2544.8765000000003,-10.612222222222222,-0.16333333333333333,0.44555555555555554,10.623322176985068,0.8,0.030000000000000006,0.29999999999999993,0.8561500201835059
5613.25,5614.05,47.9511136,-81.8253376,2543.471,-9.175454545454546,0.07727272727272727,0.29181818181818187,9.180846060535846,0.71,0.16,0.25000000000000006,0.7726894256101401
5613.25,5614.15,47.951111999999995,-81.8253312,2542.458,-7.848750000000001,0.26,0.11875000000000001,7.85468965375787,0.7,0.2,0.2,0.7549834435270749
5614.25,5614.25,47.9511104,-81.825312,2540.9395,-8.877999999999998,0.493,-0.030000000000000006,8.892075534654053,0.7,0.2,0.12000000000000002,0.7388742269733777
5614.25,5614.35,47.951108266666665,-81.82528213333335,2539.534,-7.954545454545454,0.5236363636363636,-0.09545454545454546,7.972614344874811,0.63,0.2,0.0,0.6630496512866805
5614.25,5614.45,47.95110506666666,-81.82525653333333,2537.7349999999997,-7.895555555555556,0.6644444444444445,-0.12444444444444445,7.926080032014621,0.44000000000000006,0.15000000000000002,-0.16,0.497207602605522
5614.25,5614.55,47.951104,-81.825216,2535.599,-8.704545454545455,0.6809090909090909,-0.4754545454545455,8.74657924778657,0.3272727272727272,0.018181818181818184,-0.2818181818181818,0.4373297898805996
5614.25,5614.65,47.951102399999996,-81.8252064,2533.5765,-6.624444444444444,0.3522222222222222,-0.7677777777777778,6.678555384498077,0.3,0.0,-0.3,0.4242640687119285
5614.25,5614.75,47.9511008,-81.82518400000001,2532.003,-10.280000000000001,0.08444444444444445,-0.49222222222222217,10.297795996313432,0.26000000000000006,-0.05,-0.35,0.448599100060303
5614.25,5614.85,47.9511008,-81.8251712,2530.0375000000004,-10.162727272727272,-0.09636363636363637,-0.629090909090909,10.185375328557495,0.32999999999999996,-0.27999999999999997,-0.4,0.5913446180079407
5614.25,5614.95,47.9511008,-81.8251712,2528.746,-9.538888888888888,-0.39555555555555555,-0.5211111111111111,9.562177925730797,0.3,-0.3,-0.3333333333333333,0.5407752246752855
5614.25,5615.05,47.9509056,-81.8250304,2527.735,-12.989999999999998,-0.6781818181818181,0.2345454545454545,13.015373085462318,0.41818181818181815,-0.4272727272727272,-0.14545454545454548,0.6310474945161261
5614.25,5615.15,47.9509056,-81.8250304,2526.388,-11.108,-0.22500000000000003,-0.10900000000000003,11.115698758599432,0.4555555555555555,-0.6222222222222222,0.10000000000000002,0.793320616327247
5615.25,5615.25,47.9509056,-81.8250304,2527.398,-13.89375,-0.685,-0.8262499999999999,13.944603046954908,0.06666666666666668,-0.43333333333333335,0.3222222222222222,0.5622514857800147
5615.25,5615.35,47.9509056,-81.8250304,2526.7245000000003,-7.068181818181818,-1.272727272727273,-0.6909090909090909,7.222123453425217,-0.6636363636363637,0.05454545454545456,-0.05454545454545456,0.6919245452903618
5615.25,5615.45,47.9509056,-81.8250304,2522.01,-6.28888888888889,-0.6344444444444446,0.016666666666666663,6.335026269448703,-1.1333333333333333,0.25555555555555554,-0.34444444444444444,1.2126654165823068
5615.25,5615.55,47.95088426666666,-81.82493653333334,2517.2425000000003,-13.04090909090909,-0.6390909090909089,-0.15909090909090906,13.062151547619898,-1.209090909090909,0.2909090909090909,-0.30909090909090914,1.2843250101214982
5615.25,5615.65,47.950848,-81.824832,2515.056,-10.264,-0.503,0.403,10.300245087412446,-1.2555555555555555,0.07777777777777778,-0.044444444444444446,1.262761634503951
5615.25,5615.75,47.9508288,-81.8248,2512.366,-7.38625,-0.9600000000000001,0.0175,7.453568047299141,-0.9666666666666666,-0.17777777777777778,0.0,0.9867309087036839
5615.25,5615.85,47.9508272,-81.82481920000001,2510.2365,-13.695454545454549,-0.8936363636363637,-0.34454545454545454,13.730455377257464,-0.8090909090909091,-0.3545454545454545,0.0,0.8848043583797293
5615.25,5615.95,47.9508272,-81.8248288,2508.555,-8.924,-0.772,-0.049,8.95900530639636,-0.8,-0.2666666666666667,0.0,0.8444739580623463
5615.25,5616.05,47.9508288,-81.8248192,2506.763,-14.607999999999999,-1.051,-0.085,14.647294020720901,-0.7818181818181817,-0.2,0.0,0.8070556458152631
5615.25,5616.15,47.9508288,-81.8248192,2504.188,-12.33,-0.8640000000000001,-0.221,12.36556545185105,-0.69,-0.26999999999999996,-0.030000000000000006,0.7461016025973153
5616.25,5616.25,47.9508288,-81.8248192,2502.732,-5.699999999999999,-0.605,-0.07625000000000001,5.735242511647678,-0.6,-0.4,-0.17500000000000002,0.7432513552481042
5616.25,5616.35,47.9508288,-81.8248192,2500.7725,-12.696363636363634,0.39999999999999997,-0.8090909090909091,12.779956227637358,-0.3181818181818182,-0.18181818181818182,-0.009090909090909089,0.4941454630551434
5616.25,5616.45,47.9508288,-81.8248192,2499.262,-10.728,-0.006000000000000005,-0.48600000000000004,10.770327311571995,0.3333333333333333,0.26666666666666666,0.6555555555555554,0.7872504668992722
5616.25,5616.55,47.9508288,-81.8248192,2497.7515,-14.045000000000002,-0.6410000000000001,0.000999999999999998,14.063486230828758,0.33636363636363636,0.49090909090909096,0.7818181818181817,0.9840750499699372
5616.25,5616.65,47.950803199999996,-81.8247968,2496.465,-11.245,-2.021,1.4849999999999999,11.57952928494363,0.51,0.2,0.4,0.7261617522816113
5616.25,5616.75,47.95077546666667,-81.82477866666666,2494.4505,-4.743,-1.052,0.9289999999999999,4.96050034177223,0.4666666666666667,-0.35555555555555557,-0.05555555555555555,0.607454827595652
5616.25,5616.85,47.9507712,-81.8247744,2492.438,-12.953333333333333,-0.3977777777777778,0.06444444444444446,12.97821021762682,0.61,-0.5899999999999999,-0.26999999999999996,0.8917478443217755
5616.25,5616.95,47.9507712,-81.8247744,2491.991,-12.097,-0.425,0.11700000000000002,12.115451845990297,1.08,-0.4,-0.14,1.17941629718524
5616.25,5617.05,47.9507712,-81.8247744,2490.6490000000003,-8.665000000000001,0.038,0.056999999999999995,8.670396215215952,1.31,-0.07,0.09,1.3194239969901478
5616.25,5617.15,47.9507712,-81.8247744,2489.755,-13.099,1.0530000000000002,0.10400000000000002,13.160674029559626,0.6,0.05,0.31999999999999995,0.7156443588544584
5617.25,5617.25,47.950807999999995,-81.82463680000001,2488.4695,-9.186,0.17099999999999999,0.014000000000000002,9.19023251244176,0.1,0.1888888888888889,0.4,0.45448051385295557
5617.25,5617.35,47.95084906666667,-81.82448213333335,2486.514,-5.806666666666667,-0.18666666666666668,-0.30222222222222217,5.931897839772866,0.1,0.1,0.4,0.42426406871192845
5617.25,5617.45,47.9508288,-81.824448,2485.6755000000003,-13.370999999999999,-2.7649999999999997,-1.605,13.889812479910125,0.55,0.44000000000000006,-0.20999999999999996,0.8347135585512
5617.25,5617.55,47.9508128,-81.8244416,2483.05,-8.868181818181817,0.32090909090909087,-0.7918181818181819,8.938964421755905,0.1,0.6799999999999999,-0.8800000000000001,1.1264252167417765
5617.25,5617.65,47.950803199999996,-81.82443839999999,2480.705,-10.846666666666668,1.2477777777777779,0.38,10.942112443055294,-0.19,0.4999999999999999,-0.6700000000000002,0.8810080695457307
5617.25,5617.75,47.95077653333333,-81.82444373333334,2479.141,-8.074,0.7200000000000001,1.349,8.245854066940558,-0.37,-0.05,-0.13,0.46154521385459846
5617.25,5617.85,47.950784,-81.8244096,2477.802,-8.72,-0.2777777777777778,0.3222222222222222,8.741447161438076,0.011111111111111112,-0.5222222222222223,0.06666666666666667,0.5314631575495802
5617.25,5617.95,47.9507744,-81.824384,2476.128,-12.856,-0.28700000000000003,-0.348,12.86906843601464,0.04,-0.7,0.1,0.7099212058536425
5617.25,5618.05,47.9508128,-81.8243616,2474.008,-6.076363636363637,-0.4881818181818183,-0.7481818181818182,6.174171092640393,0.09000000000000001,-0.48,0.030000000000000006,0.5052903511346608
5617.25,5618.15,47.9508128,-81.82433599999999,2472.502,-6.283333333333334,-0.6155555555555556,-1.081111111111111,6.4244558281807205,0.35,-0.07,-0.02,0.38333204069993376
5618.25,5618.25,47.9507808,-81.82431146666666,2471.442,-12.623000000000001,-0.325,-0.006999999999999995,12.629092965989676,0.09000000000000001,0.19,-0.27999999999999997,0.368829668870693
5618.25,5618.35,47.9507744,-81.8242816,2468.04,-8.537,-0.251,-0.142,8.543681593990765,0.0,0.15555555555555556,-0.4555555555555555,0.48521985201671064
5618.25,5618.45,47.9507712,-81.8242496,2467.8175,-11.6925,1.2325,-0.14375,11.769479146897702,0.0,0.1,-0.33999999999999997,0.3575417462972311
5618.25,5618.55,47.950768,-81.8242432,2466.536,-9.679999999999998,1.5227272727272727,-0.17363636363636364,9.816255553489013,-0.3727272727272727,0.018181818181818184,0.1272727272727273,0.4131757911803733
5618.25,5618.65,47.9507472,-81.8242272,2464.0829999999996,-10.106666666666666,-0.9866666666666666,-0.7288888888888888,10.324511382798995,-0.7777777777777778,-0.03333333333333334,0.43333333333333335,0.8938453029584915
5618.25,5618.75,47.95074880000001,-81.82419626666668,2461.632,-11.612,-4.664999999999999,-2.439,12.874093545359719,-1.0299999999999998,-0.1,0.06999999999999999,1.0607839605163536
5618.25,5618.85,47.9507584,-81.82416,2459.1809999999996,-7.399090909090909,-1.2036363636363634,-0.7590909090909093,7.658553648112996,-1.19,-0.02,-0.5900000000000001,1.3312870836322037
5618.25,5618.95,47.9507712,-81.8241344,2456.397,-12.37875,1.2825,-1.5025,12.604866902476047,-1.4222222222222223,0.044444444444444446,-0.4555555555555555,1.51823371073536
5618.25,5619.05,47.9507712,-81.8241344,2454.616,-10.436363636363636,-0.15727272727272726,-0.19181818181818192,10.49641604093591,-2.0636363636363635,0.1272727272727273,0.22727272727272727,2.092433529491107
5618.25,5619.15,47.9507712,-81.8241344,2453.28,-8.49,-1.283,0.303,8.599189697029656,-1.422222222222222,-0.17777777777777778,0.47777777777777775,1.5202183355654433
5619.25,5619.25,47.9507712,-81.8241344,2452.39,-9.386666666666665,-1.4977777777777779,-0.43,9.525623894624493,-0.8,-0.47000000000000003,0.09,0.9447591644031105
5619.25,5619.35,47.95073493333334,-81.8240832,2450.665,-9.204545454545457,-0.30909090909090914,-0.20545454545454545,9.232920864445516,-0.38999999999999996,-0.28,-0.32999999999999996,0.5946788220837101
5619.25,5619.45,47.9507328,-81.8240256,2448.495,-11.1175,-0.185,0.3125,11.12604149349423,-0.3,-0.1,-0.4,0.5122410236086402
5619.25,5619.55,47.9506496,-81.8240576,2446.6605,-9.717272727272727,-0.18818181818181817,0.00818181818181818,9.726632132734844,-0.1,0.05454545454545454,-0.2090909090909091,0.2581375797606101
5619.25,5619.65,47.9506944,-81.8240064,2444.38,-10.453,-0.799,0.608,10.520007996276382,0.0,0.06666666666666668,-0.07777777777777778,0.10539201526931745
5619.25,5619.75,47.9506992,-81.8239904,2443.38,-11.74,-0.5011111111111111,-0.21555555555555556,11.776969420375174,-0.08,0.04,0.0,0.0965685424949238
5619.25,5619.85,47.9507104,-81.82395733333333,2441.7125,-6.299090909090908,-0.1881818181818182,-0.6636363636363636,6.349093779714783,-0.22727272727272732,0.4454545454545454,0.03636363636363637,0.5121874894745054
5619.25,5619.95,47.9507072,-81.823936,2439.601,-10.392222222222221,-0.5722222222222223,-0.18777777777777774,10.412624933581831,-0.1,0.6625,0.1625,0.6904448518831825
5619.25,5620.05,47.9507072,-81.8239104,2438.379,-12.174,-1.291,0.685,12.293776918300114,0.09999999999999999,0.3818181818181818,0.2727272727272727,0.5169054054660519
5619.25,5620.15,47.9506944,-81.8238912,2436.712,-5.776999999999999,-1.414,0.255,5.971763445655524,0.25,0.030000000000000006,0.08,0.28157693675282547
5620.25,5620.25,47.950659200000004,-81.8238752,2435.2685,-11.708888888888888,-2.2711111111111113,-0.18444444444444447,11.991390426517746,0.2111111111111111,-0.3333333333333333,-0.3333333333333333,0.5917076823841928
5620.25,5620.35,47.950624,-81.8238592,2433.38,-13.013636363636362,-0.5163636363636365,-0.68,13.054394114542275,-0.8272727272727273,-0.5727272727272726,-0.7545454545454544,1.275745952738272
5620.25,5620.45,47.950645333333334,-81.82383359999999,2430.938,-10.543000000000001,1.7739999999999998,-1.355,10.810487872623533,-1.4666666666666668,-0.35555555555555557,-0.3888888888888889,1.5940062201357053
5620.25,5620.55,47.950656,-81.8238208,2430.2165,-5.181111111111111,0.39888888888888885,0.13555555555555554,5.212493101476088,-1.48,-0.22999999999999998,0.22999999999999998,1.5244195442686965
5620.25,5620.65,47.950656,-81.8238208,2430.05,-14.108,-1.218,0.6170000000000001,14.226853857697781,-0.8699999999999999,-0.65,0.42000000000000004,1.2118806770908532
5620.25,5620.75,47.9506784,-81.8237248,2433.1035,-15.903333333333332,-0.5622222222222223,-0.37555555555555564,15.932271936923305,-0.7666666666666667,-0.9777777777777779,0.08888888888888889,1.2497500438760187
5620.25,5620.85,47.9506768,-81.823712,2439.823,-4.842727272727273,-0.41545454545454547,-2.0218181818181815,5.4033299015881315,-0.9909090909090911,-0.4818181818181818,0.0,1.1158074869585801
5620.25,5620.95,47.95067306666667,-81.8236864,2444.8815,-8.747,-0.269,-1.7739999999999998,9.074460961447649,-0.5333333333333333,0.1111111111111111,0.2111111111111111,0.6411200218626193
5620.25,5621.05,47.950672,-81.8236608,2443.713,-11.443333333333333,-1.5477777777777777,-0.04444444444444443,11.5808067540827,-0.43,0.45999999999999996,0.5499999999999999,0.8427983274091331
5620.25,5621.15,47.9506752,-81.8236288,2442.602,-9.664,-2.961,0.875,10.232439781421819,-1.05,0.5,0.36,1.2399583286186864
5621.25,5621.25,47.9506736,-81.8236224,2443.6025,-8.542,-1.9600000000000002,1.7119999999999997,8.954952087173975,-1.7000000000000002,0.43333333333333335,-0.011111111111111112,1.7567570621532396
5621.25,5621.35,47.950672,-81.82360320000001,2444.714,-10.753,-1.49,1.7289999999999999,11.131110540657476,-1.7090909090909092,0.22727272727272732,-0.08181818181818182,1.7272782268859574
5621.25,5621.45,47.950672,-81.82358186666666,2444.381,-9.423,-0.647,-0.273,9.465771383684357,-1.56,0.08,0.0,1.5625598684452573
5621.25,5621.55,47.950672,-81.8235456,2442.158,-6.658888888888889,-1.508888888888889,0.31222222222222223,6.845542469961062,-1.3,-0.044444444444444446,-0.2888888888888889,1.3432603017433302
5621.25,5621.65,47.9506752,-81.8235264,2438.2685,-8.012,-0.5119999999999999,-0.05600000000000001,8.04121284795812,-1.1,-0.05,-0.5799999999999998,1.2460794700660223
5621.25,5621.75,47.9506704,-81.8235168,2431.826,-12.498000000000001,0.06299999999999994,-0.309,12.522785066408286,-1.0666666666666669,0.05555555555555555,-0.47777777777777775,1.178047834718335
5621.25,5621.85,47.9506656,-81.8235072,2424.3914999999997,-6.214,0.0010000000000000009,-0.20799999999999996,6.240862142242835,-0.7272727272727273,0.2818181818181818,0.045454545454545456,0.7862130766022244
5621.25,5621.95,47.95064426666667,-81.82351573333334,2420.1775,-11.011000000000001,-1.433,0.7859999999999999,11.184887686034726,-0.5,0.18,0.17,0.5670139613224847
5621.25,5622.05,47.9506304,-81.823488,2416.187,-11.604545454545455,-1.1199999999999999,-0.13,11.688269034017113,-0.38,-0.30999999999999994,-0.01,0.5002641698487943
5621.25,5622.15,47.9506304,-81.8234624,2414.1375,-12.907499999999999,-0.46125,-0.07125000000000001,12.921025899337566,-0.6,-0.3888888888888889,-0.1,0.7224801010818823
5622.25,5622.25,47.9506304,-81.8234624,2411.755,-8.347,0.096,-1.7220000000000002,8.54617228449585,-0.3,0.030000000000000006,-0.04,0.3821322722166918
5622.25,5622.35,47.9506304,-81.8234624,2407.9355,-7.2379999999999995,-0.0040000000000000036,-0.6559999999999999,7.290831092518417,0.22000000000000003,0.61,0.22000000000000003,0.6896041787794648
5622.25,5622.45,47.9506304,-81.8234624,2405.445,-14.768,-1.6969999999999998,2.1250000000000004,15.076003488231748,0.38,0.33999999999999997,0.19,0.639616602583513
5622.25,5622.55,47.9506304,-81.8234624,2405.9425,-13.02,-1.3945454545454545,-0.10999999999999997,13.237297699839674,0.6799999999999999,-0.5399999999999999,-0.030000000000000006,0.8716879693114727
5622.25,5622.65,47.9506304,-81.8234624,2408.7655,-7.335,-1.5875,-0.725,7.644643793171291,0.9888888888888889,-0.6444444444444444,-0.4222222222222223,1.2590891759789304
5622.25,5622.75,47.9506304,-81.8234624,2414.304,-10.995000000000001,-0.608,-2.149,11.26565812956839,1.5799999999999998,-0.35,-0.55,1.7354231502848616
5622.25,5622.85,47.9506304,-81.8234624,2421.453,-6.248181818181819,-0.04454545454545453,-1.79,6.518969232270684,2.7,0.36,-0.09,2.7319396104247695
5622.25,5622.95,47.9506304,-81.8234624,2423.948,-10.694444444444445,-0.7766666666666667,-0.46888888888888886,10.75693135046997,3.1900000000000004,0.61,0.0,3.2479739196935165
5622.25,5623.05,47.9506304,-81.8234624,2412.0344999999998,-11.340909090909092,-1.1945454545454548,-0.08181818181818182,11.412626971222858,3.236363636363636,0.4090909090909091,0.0,3.2630093348669686
5622.25,5623.15,47.9506304,-81.8234624,2394.495,-8.2975,-1.1775,-0.7125,8.421855588820767,3.4625,0.3,0.0,3.4754774528289674
5623.25,5623.25,47.9506304,-81.8234624,2385.437,-12.309000000000001,-1.561,-1.2129999999999999,12.514446283771216,3.7599999999999993,0.19000000000000003,-0.06,3.766585943654259
5623.25,5623.35,47.9506304,-81.8234624,2381.298,-11.075454545454546,-0.9727272727272727,-0.9054545454545454,11.196236199148842,3.6100000000000003,-0.01,-0.18,3.6151433816487333
5623.25,5623.45,47.9506304,-81.8234624,2380.36,-8.05888888888889,-1.1677777777777778,-0.8422222222222222,8.194910149771555,3.5100000000000002,-0.31999999999999995,-0.26000000000000006,3.536345570543206
5623.25,5623.55,47.9506304,-81.8234624,2380.6355,-10.863636363636362,-2.556363636363636,-3.2072727272727275,11.721338121537638,4.009090909090909,-0.2727272727272727,-0.3909090909090909,4.043504283605828
5623.25,5623.65,47.9506304,-81.8234624,2385.658,-7.631,-1.8970000000000002,-3.2950000000000004,8.56150074873485,4.71111111111111,-0.022222222222222223,-0.7222222222222221,4.766806109613849
5623.25,5623.75,47.9506304,-81.8234624,2403.5105,-8.942499999999999,-0.16125,-2.71625,9.366700921539127,4.688888888888889,-0.26666666666666666,-0.7,4.7503201713464245
5623.25,5623.85,47.9506304,-81.8234624,2413.75,-10.22818181818182,1.6218181818181818,-3.3845454545454543,10.929661734496475,3.8454545454545452,-0.22727272727272727,-0.12727272727272726,3.861375373075866
5623.25,5623.95,47.9506304,-81.8234624,2407.548,-7.633333333333332,0.26111111111111107,-2.27,7.983668204882481,2.622222222222222,0.4,-0.03333333333333334,2.6603011226539475
5623.25,5624.05,47.9506304,-81.8234624,2389.0834999999997,-12.887272727272727,0.006363636363636363,-1.0572727272727274,12.961467151802946,1.7,0.5545454545454546,-0.41818181818181815,1.8503404058623325
5623.25,5624.15,47.9506304,-81.8234624,2374.955,-13.266,1.0870000000000002,-0.04499999999999999,13.341181948266257,0.9000000000000001,0.16666666666666666,-0.5,1.049198502108688
5624.25,5624.25,47.9506304,-81.8234624,2369.663,-5.48625,0.4675,-0.18250000000000002,5.536590222690695,0.24444444444444446,-0.08888888888888889,-0.06666666666666667,0.278867544948429
5624.25,5624.35,47.9506304,-81.8234624,2368.121,-14.18636363636364,-0.5336363636363637,-0.5336363636363636,14.208211296100888,0.045454545454545456,-0.23636363636363633,0.0,0.24709399897726314
5624.25,5624.45,47.9506304,-81.8234624,2366.8535,-13.526,-0.33999999999999997,-0.298,13.539813183286938,-0.022222222222222223,-0.24444444444444446,0.0,0.24969039949999536
5624.25,5624.55,47.9506304,-81.8234624,2365.367,-4.247,-0.038,-0.8909999999999998,4.363666618412469,0.09090909090909091,0.018181818181818184,0.0,0.11888806573148698
5624.25,5624.65,47.9506304,-81.8234624,2363.825,-14.315999999999999,-0.15700000000000003,-0.526,14.352829373510152,0.5111111111111111,0.3666666666666667,0.2222222222222222,0.6729740455218313
5624.25,5624.75,47.9505824,-81.8231936,2360.852,-13.1125,-1.01875,0.96875,13.219590459949842,0.8777777777777778,0.15555555555555556,0.4666666666666667,1.0276977964830365
5624.25,5624.85,47.9505408,-81.82290346666666,2358.32,-10.097272727272728,-1.5636363636363635,-0.8081818181818182,10.307244308773834,0.9999999999999999,-0.06363636363636363,0.09090909090909091,1.0182439530783272
5624.25,5624.95,47.9505472,-81.8228672,2355.679,-10.433,-1.539,-0.717,10.592724810345658,0.4555555555555556,-0.10000000000000002,-0.3666666666666667,0.6146954746600579
5624.25,5625.05,47.9505344,-81.8228608,2353.369,-11.604000000000001,-0.33599999999999997,-0.5650000000000001,11.643818970179073,0.23636363636363636,-0.2818181818181818,-0.6727272727272727,0.7741864312160858
5624.25,5625.15,47.9505344,-81.82285759999999,2351.609,-10.617,2.4040000000000004,-1.254,11.043162009272908,-0.25,-0.32,-0.16,0.5617635778671903
5625.25,5625.25,47.9505344,-81.8228416,0.0,-7.823333333333333,0.8333333333333334,-0.06999999999999992,8.45356963416139,0.04444444444444445,-0.26666666666666666,0.8222222222222223,0.9048979765661955
5625.25,5625.35,47.9505344,-81.82282026666667,2348.256,-11.028,-0.5239999999999998,0.031,11.048812491455077,0.39,-0.35,1.19,1.301223219296596
5625.25,5625.45,47.9505344,-81.8227968,2347.9809999999998,-10.197,-2.5110000000000006,0.03399999999999999,10.572207881652357,0.5666666666666668,-0.33333333333333326,0.8999999999999999,1.1530693968707397
5625.25,5625.55,47.9505344,-81.822784,2346.882,-6.006,-2.662,-0.736,6.627180467668518,1.481818181818182,-0.10909090909090911,-5.046468293750712e-18,1.5083751259224023
5625.25,5625.65,47.9505344,-81.8227776,2344.4645,-10.797999999999998,-1.297,-0.8320000000000001,10.97260936986054,1.7399999999999998,-0.030000000000000006,-0.7000000000000001,1.8894363128583986
5625.25,5625.75,47.95053653333333,-81.8227584,2341.718,-11.408999999999999,0.13000000000000006,-0.767,11.446463914453187,1.2999999999999998,-0.13333333333333333,-1.0,1.647585805570837
5625.25,5625.85,47.950544,-81.8227328,2338.8625,-11.376666666666667,1.1944444444444444,-0.8355555555555556,11.55457336387215,1.05,-0.25000000000000006,-0.6900000000000001,1.2863688425764122
5625.25,5625.95,47.9505312,-81.8227264,2337.435,-7.238000000000001,2.2800000000000002,-0.5680000000000001,7.618114003380567,0.75,-0.06,0.09,0.7964653351848955
5625.25,5626.05,47.9505392,-81.8226912,2336.392,-7.552,0.29400000000000004,-0.20500000000000002,7.6074074247260794,0.54,0.14,0.7299999999999999,0.9317666474836871
5625.25,5626.15,47.9505472,-81.8226464,2335.2945,-15.112,-0.524,-0.14899999999999997,15.136020208315864,0.21000000000000002,0.36,0.6200000000000001,0.7706752046208721
5626.25,5626.25,47.950547199999995,-81.82263253333332,2333.704,-10.233,-0.0030000000000000053,-0.121,10.243700606462983,-0.2444444444444444,0.5666666666666667,0.15555555555555556,0.6438900508056979
5626.25,5626.35,47.9505344,-81.8226112,2332.1675,-8.797777777777778,0.1688888888888889,-0.15333333333333332,8.806539871574548,-0.29999999999999993,0.58,0.18,0.6789348797218849
5626.25,5626.45,47.9505344,-81.822592,2331.29,-8.418,-0.29399999999999993,1.234,8.53523238143793,-0.13,0.29,0.2,0.4060672551552238
5626.25,5626.55,47.950532800000005,-81.8225856,2329.9735,-9.156363636363634,-1.3672727272727272,0.8545454545454544,9.314428431510853,0.55,-0.26,-0.06000000000000001,0.6259652875464955
5626.25,5626.65,47.950529599999996,-81.822576,2327.89,-12.983333333333334,-0.7355555555555555,-0.010000000000000009,13.02538643125689,0.9100000000000001,-0.75,-0.5299999999999999,1.3031157694131468
5626.25,5626.75,47.950528,-81.82256000000001,2326.135,-12.336,-0.041999999999999996,-0.6629999999999999,12.362197668331927,0.6699999999999999,-1.0,-0.7,1.3941013342074093
5626.25,5626.85,47.9505248,-81.8225344,2323.943,-13.059999999999999,-0.205,-1.643,13.274609610688524,0.8666666666666667,-0.6666666666666666,-0.5666666666666668,1.2803773392016977
5626.25,5626.95,47.950528,-81.8225152,2323.395,-5.802222222222222,0.15555555555555556,-1.3822222222222222,5.985420339121383,1.6400000000000001,-0.02000000000000001,-0.27,1.6730503431861685
5626.25,5627.05,47.95052,-81.8225056,2323.3950000000004,-11.963636363636363,-1.3099999999999998,0.22181818181818178,12.087744968548508,1.8399999999999999,0.26000000000000006,-0.21000000000000002,1.8780841821292806
5626.25,5627.15,47.9505088,-81.8224832,2324.053,-12.03,-1.4577777777777778,0.5433333333333334,12.136230941860198,1.7799999999999998,0.1,-0.6699999999999999,1.9073236785262946
5627.25,5627.25,47.95050560000001,-81.82246186666667,2330.5225,-11.080000000000002,-0.719,-0.152,11.107366133173699,2.09,-0.02,-0.72,2.212888060666262
5627.25,5627.35,47.9504992,-81.822432,2341.828,-10.106,-0.48100000000000004,-0.4580000000000001,10.137989011758888,2.13,-0.06000000000000001,-0.41,2.1714867113614496
5627.25,5627.45,47.950496,-81.8224192,2350.73,-8.2225,0.2525,-1.0225,8.296620619875947,1.688888888888889,0.1222222222222222,-0.16666666666666666,1.7070688388440445
5627.25,5627.55,47.950496,-81.8224096,2356.064,-9.781818181818183,-0.03363636363636364,-0.023636363636363664,9.800931901214538,1.4090909090909092,0.5454545454545454,-0.009090909090909092,1.5127396034060148
5627.25,5627.65,47.950496,-81.8223936,2352.929,-10.42111111111111,-0.5244444444444445,0.17333333333333334,10.436501673791694,1.5,0.7,0.0,1.6552945357246849
5627.25,5627.75,47.95049600000001,-81.82237866666667,2344.465,-11.446,-0.399,0.064,11.453747690081183,1.52,0.59,0.0,1.6309501747610338
5627.25,5627.85,47.950496,-81.8223552,2333.155,-12.041818181818183,-0.13727272727272727,-0.037272727272727284,12.04854516949602,1.72,0.36999999999999994,0.10999999999999999,1.7662077179854319
5627.25,5627.95,47.9504992,-81.8223424,2321.9705000000004,-11.190000000000001,-0.32,-0.5762499999999999,11.210247847155493,1.6666666666666665,0.3,0.26666666666666666,1.7150836007388284
5627.25,5628.05,47.950502400000005,-81.822336,2311.238,-9.545454545454547,-0.2509090909090909,-0.6672727272727272,9.572315795935575,1.5454545454545454,0.3727272727272727,0.29999999999999993,1.6193204953351652
5627.25,5628.15,47.950507200000004,-81.82232,2305.986,-9.232,-0.064,-0.8950000000000001,9.277350013367395,1.4444444444444444,0.5,0.2555555555555556,1.5504406516203046
5628.25,5628.25,47.950510933333334,-81.82230613333334,2302.815,-8.431111111111113,-0.22111111111111112,-0.47888888888888886,8.449153098979533,1.23,0.4,0.05,1.2972938383254005
5628.25,5628.35,47.9505152,-81.8222912,2301.175,-8.634545454545455,-0.49545454545454537,-0.41545454545454547,8.66093023171311,0.75,0.030000000000000006,-0.06999999999999999,0.7608057003609969
5628.25,5628.45,47.9505248,-81.822272,2299.5905000000002,-7.847777777777777,-0.3133333333333333,-0.40222222222222226,7.867451204685208,0.25,-0.38749999999999996,-0.1,0.49489524726378564
5628.25,5628.55,47.9505248,-81.82226560000001,2297.568,-9.325,-0.268,-1.0959999999999999,9.393566712546448,-0.018181818181818184,-0.6636363636363636,-0.1,0.6738296193359461
5628.25,5628.65,47.95052693333333,-81.8222464,2294.6189999999997,-11.419,-0.5860000000000001,-1.1230000000000002,11.48991731514448,-0.21111111111111114,-0.7777777777777778,-0.08888888888888889,0.8139778509795643
5628.25,5628.75,47.9505312,-81.8222272,2292.435,-10.422222222222222,-0.6566666666666667,-0.6033333333333333,10.461863452862517,-0.36,-0.7,0.0,0.7883663891324693
5628.25,5628.85,47.9505344,-81.8222144,2290.7425000000003,-10.546363636363635,-0.5527272727272727,-0.05090909090909091,10.56171286364105,-0.4818181818181818,-0.5545454545454546,0.0,0.7365322078619088
5628.25,5628.95,47.950536,-81.8222048,2290.1965,-10.075555555555557,-0.5088888888888888,0.12333333333333332,10.089593792777197,-0.5666666666666667,-0.39999999999999997,-0.022222222222222223,0.6994925559014029
5628.25,5629.05,47.9505408,-81.82218879999999,2290.142,-10.117,-0.577,0.178,10.135126304704782,-0.6300000000000001,-0.25000000000000006,-0.1,0.6876330607554064
5628.25,5629.15,47.95054613333334,-81.82217386666666,2290.906,-9.678999999999998,-0.627,0.07,9.700355189590782,-0.72,-0.08,-0.1,0.7352930329119851
5629.25,5629.25,47.9505472,-81.822144,2290.906,-8.988888888888887,-0.7188888888888889,0.0711111111111111,9.01823320821933,-0.8222222222222223,0.0,-0.1,0.8282952723818298
5629.25,5629.35,47.9505504,-81.8221312,2291.1245,-8.961818181818181,-0.8900000000000001,-0.18181818181818182,9.008102174365904,-0.9181818181818181,0.0,-0.1,0.9236201589588955
5629.25,5629.45,47.9505504,-81.8221248,2290.797,-10.376,-1.0870000000000002,-0.45600000000000007,10.443216653798132,-1.0,0.0,-0.1,1.004987562112089
5629.25,5629.55,47.95055253333334,-81.82210986666666,2290.5785,-10.815555555555555,-1.0933333333333333,0.1711111111111111,10.878954777750764,-0.95,-0.09000000000000001,-0.08,0.9649648332121694
5629.25,5629.65,47.95055146666667,-81.82210133333334,2291.452,-10.779,-1.1809999999999998,0.047000000000000014,10.84754885033612,-0.6699999999999999,-0.4699999999999999,0.0,0.8289119172880381
5629.25,5629.75,47.950544,-81.82208,2294.182,-10.82,-1.1677777777777778,-0.6066666666666668,10.900604153689946,-0.5111111111111111,-0.7555555555555555,-0.1,0.9187616167950508
5629.25,5629.85,47.9505472,-81.8220736,2298.716,-10.45,-1.178181818181818,-0.7490909090909091,10.54331590692136,-0.5909090909090908,-0.8,-0.16363636363636364,1.0098027744796132
5629.25,5629.95,47.9505472,-81.82206719999999,2302.925,-9.802,-1.311,-0.611,9.91043491037281,-0.7333333333333333,-0.788888888888889,-0.2,1.0966091930099546
5629.25,5630.05,47.950549333333335,-81.82204800000001,2303.9085,-9.428888888888888,-0.9844444444444443,-0.8755555555555555,9.52771908525981,-0.8699999999999999,-0.49000000000000005,-0.08,1.008976668748669
5629.25,5630.15,47.9505504,-81.8220352,2301.503,-7.623333333333333,-1.7433333333333334,-0.5077777777777778,7.843653367839187,-0.7300000000000001,-0.27,0.02,0.7807215200538782
5630.25,5630.25,47.9505536,-81.8220224,2299.427,-7.297999999999999,-1.9739999999999998,-0.669,7.590575323601648,-0.8,-0.2,0.0,0.8246211251235323
5630.25,5630.35,47.9505568,-81.8220032,2294.5645,-8.447,-1.4900000000000002,-0.618,8.607701898556355,-0.8,-0.2,0.0818181818181818,0.8317138824364437
5630.25,5630.45,47.950558400000006,-81.8219968,2289.05,-9.135,-1.063,-0.45,9.209645490019813,-0.7300000000000001,-0.26999999999999996,0.35,0.8620913014253084
5630.25,5630.55,47.95056,-81.82198186666666,2284.5215,-10.924,-1.682,-0.7630000000000001,11.079622005015255,-0.7,-0.43000000000000005,0.5599999999999999,0.9956122423048777
5630.25,5630.65,47.9505664,-81.8219584,2281.086,-10.917777777777777,-1.4933333333333332,-0.4466666666666667,11.029538716824103,-0.7,-0.5222222222222221,0.5333333333333333,1.0248882210308041
5630.25,5630.75,47.9505696,-81.821952,2278.033,-12.009,-1.1340000000000001,0.006000000000000008,12.064024761039736,-0.7333333333333333,-0.6,0.48888888888888893,1.0673282253275111
5630.25,5630.85,47.9505712,-81.82194559999999,2274.763,-10.736,-0.9730000000000001,-0.184,10.793381083502632,-0.9909090909090907,-0.5545454545454546,0.29090909090909095,1.1840942467457567
5630.25,5630.95,47.9505744,-81.8219296,2271.168,-9.026,-0.9629999999999999,-0.12199999999999997,9.084426529224158,-1.36,-0.33999999999999997,0.02,1.4039537590438997
5630.25,5631.05,47.95057599999999,-81.82191146666666,2263.0575,-8.97272727272727,-1.052727272727273,0.19727272727272724,9.038290003526209,-1.51,-0.17,-0.06,1.5222365321684326
5630.25,5631.15,47.9505792,-81.8218944,2256.041,-9.13,-1.40875,-0.23125,9.242302228854232,-1.6,-0.07777777777777778,-0.1,1.605545421258065
5631.25,5631.25,47.9505728,-81.8218688,2251.2585,-9.948,-0.952,0.04700000000000001,9.995945891585968,-1.4500000000000002,-0.14,0.030000000000000006,1.4613426718557154
5631.25,5631.35,47.9505744,-81.821856,2248.759,-9.581,-1.449,-0.5810000000000002,9.709286640462707,-1.1999999999999997,-0.36,0.2,1.2695734719376084
5631.25,5631.45,47.9505808,-81.8218336,2246.044,-10.186000000000002,-1.4420000000000002,-0.5599999999999999,10.303234038629999,-1.1999999999999997,-0.45999999999999996,0.16000000000000003,1.2968450601701578
5631.25,5631.55,47.95058559999999,-81.8218112,2243.438,-11.026363636363634,-1.3518181818181818,-0.48090909090909084,11.119807712869957,-1.1999999999999997,-0.59,0.1,1.341805662275107
5631.25,5631.65,47.9505888,-81.8217984,2242.244,-11.528749999999999,-1.2525,-0.32875,11.601404450633918,-1.2777777777777777,-0.6888888888888888,0.011111111111111112,1.4525287965701186
5631.25,5631.75,47.950592,-81.8217856,2239.6935,-10.383,-1.2399999999999998,-0.211,10.459121411329921,-1.3800000000000001,-0.58,0.0,1.4975705689155663
5631.25,5631.85,47.950593600000005,-81.82177279999999,2237.035,-8.641818181818183,-1.2654545454545454,-0.3281818181818182,8.741084535871465,-1.45,-0.45000000000000007,-0.04,1.5207991517726875
5631.25,5631.95,47.9506,-81.8217536,2235.679,-9.398888888888887,-0.9388888888888888,-0.5644444444444444,9.469609357668743,-1.4200000000000002,-0.28,-0.030000000000000006,1.4492427055814905
5631.25,5632.05,47.950606933333326,-81.82173866666666,2233.998,-11.28,-0.868181818181818,-0.39,11.327666331421437,-1.0909090909090908,-0.23636363636363633,0.2909090909090909,1.1628326434293155
5631.25,5632.15,47.9506144,-81.8217152,2233.185,-10.313333333333334,-1.2755555555555556,-0.3533333333333333,10.398667649057586,-1.0444444444444445,-0.33333333333333326,0.4,1.167696622684981
5632.25,5632.25,47.9506112,-81.8217088,2232.588,-9.64111111111111,-0.89,-0.08666666666666667,9.682940719906219,-1.1333333333333333,-0.4,0.3444444444444444,1.2515928828289011
5632.25,5632.35,47.9506112,-81.82170239999999,2234.5405,-9.786363636363633,-0.7227272727272728,-0.051818181818181826,9.813381204557144,-1.2700000000000002,-0.45999999999999996,0.17,1.3635967876861528
5632.25,5632.45,47.9506112,-81.8216864,2237.035,-10.660000000000002,-0.7355555555555555,-0.005555555555555555,10.685427434261237,-1.41,-0.44000000000000006,0.01,1.4785167479248864
5632.25,5632.55,47.9506112,-81.82166826666666,2244.089,-9.36909090909091,-0.8036363636363636,-0.010909090909090908,9.403703693328502,-1.5,-0.3454545454545454,-0.045454545454545456,1.5415134600532538
5632.25,5632.65,47.950608,-81.8216448,2249.0315,-9.467,-0.9200000000000002,-0.08199999999999999,9.512633309553777,-1.5,-0.17777777777777778,-0.06666666666666668,1.5139817032487792
5632.25,5632.75,47.9506048,-81.821632,2250.389,-9.138750000000002,-1.08125,-0.15125,9.204296432124904,-1.577777777777778,-0.1,0.0,1.5809458838879513
5632.25,5632.85,47.9506,-81.82161919999999,2248.0535,-9.306363636363637,-1.1545454545454545,-0.3318181818181818,9.383974534331353,-1.6,-0.018181818181818184,0.0,1.6005676280342074
5632.25,5632.95,47.950592,-81.8215968,2243.112,-8.853333333333332,-1.152222222222222,-0.47888888888888886,8.941211826735506,-1.6888888888888889,0.0,0.0,1.6888888888888889
5632.25,5633.05,47.9505888,-81.82157866666667,2235.463,-8.69,-1.0854545454545457,-0.7127272727272727,8.787004535658323,-1.7,0.0,0.0,1.7
5632.25,5633.15,47.9505888,-81.8215488,2229.7700000000004,-8.898,-0.9610000000000001,-0.7050000000000001,8.983142167185608,-1.6888888888888889,-0.011111111111111112,0.0,1.689235772687571
5633.25,5633.25,47.9505888,-81.8215424,2221.861,-10.473749999999999,-0.8674999999999999,-0.8175,10.547303749578788,-1.5333333333333334,-0.21111111111111114,0.03333333333333334,1.5508150761569905
5633.25,5633.35,47.9505888,-81.8215264,2216.665,-9.534545454545453,-0.3663636363636364,-0.8336363636363636,9.57937830009963,-1.518181818181818,-0.29999999999999993,0.0,1.5475560732654963
5633.25,5633.45,47.9505824,-81.821504,2212.986,-8.778,-0.10400000000000001,-0.593,8.799362370872311,-1.6,-0.3,0.0,1.6278820596099708
5633.25,5633.55,47.9505792,-81.8214784,2210.12,-10.164000000000001,-0.093,-0.42400000000000004,10.173552326547675,-1.6818181818181814,-0.23636363636363641,-0.05454545454545454,1.700716419645279
5633.25,5633.65,47.9505856,-81.8214592,2207.255,-10.770999999999999,-0.148,-0.264,10.775485530432231,-1.7400000000000002,-0.19,-0.1,1.753491107238124
5633.25,5633.75,47.9505872,-81.82144640000001,2205.417,-10.188888888888888,-0.10222222222222223,-0.14,10.193346238717998,-1.7999999999999998,-0.05555555555555555,-0.07777777777777778,1.8036984797886535
5633.25,5633.85,47.9505888,-81.8214208,2203.797,-8.247,0.04500000000000001,-0.21199999999999997,8.25640298393165,-1.64,0.09,0.08,1.6477505360130629
5633.25,5633.95,47.95059093333333,-81.8213952,2201.311,-9.84,-0.26400000000000007,0.079,9.844149644613946,-1.6,0.16666666666666669,0.25555555555555554,1.6302585051300156
5633.25,5634.05,47.950592,-81.8213632,2198.8815,-10.503,-0.259,-0.334,10.529574546970517,-1.736363636363636,0.13636363636363635,0.29999999999999993,1.7679301298524377
5633.25,5634.15,47.9505952,-81.8213504,2196.992,-6.3389999999999995,-0.38,-0.974,6.431439070782121,-1.9900000000000002,0.32999999999999996,0.22000000000000003,2.030429100152701
5634.25,5634.25,47.9505952,-81.82134400000001,2195.966,-10.81111111111111,-0.24777777777777776,-0.6000000000000001,10.833587037659719,-2.322222222222222,0.5,0.2,2.3840320017727468
5634.25,5634.35,47.9505952,-81.82132480000001,2198.071,-8.263000000000002,-0.084,-0.6539999999999999,8.290187763287427,-2.66,0.5,0.30999999999999994,2.724451724882198
5634.25,5634.45,47.9505952,-81.82130346666666,2205.201,-11.02,-0.362,-0.7540000000000001,11.053493270137611,-2.9777777777777774,0.43333333333333335,0.3444444444444444,3.03008725930466
5634.25,5634.55,47.9505984,-81.82128,2223.2715,-9.0,-0.307,-0.834,9.049999163835249,-3.5818181818181825,0.2454545454545455,0.17272727272727273,3.595134398035047
5634.25,5634.65,47.9505984,-81.8212608,2236.384,-10.406000000000002,-0.15299999999999997,-0.7620000000000001,10.43617290794776,-3.78,0.12000000000000002,0.22999999999999998,3.789648904778697
5634.25,5634.75,47.9505968,-81.821248,2228.8504999999996,-8.759,-0.7460000000000001,-0.7790000000000001,8.840147206118623,-3.7666666666666666,0.0,0.3,3.778596553224162
5634.25,5634.85,47.950593600000005,-81.8212288,2206.282,-14.58,-1.228888888888889,-1.531111111111111,14.723001300182972,-3.3300000000000005,0.17,0.39,3.361382850357684
5634.25,5634.95,47.95058986666666,-81.82120959999999,2187.982,-14.225999999999999,-1.074,-0.749,14.288339130221456,-3.1000000000000005,0.30999999999999994,0.62,3.1772413498546537
5634.25,5635.05,47.9505888,-81.821184,2180.596,-14.6,-1.873,-1.7489999999999999,14.865883279732028,-3.4800000000000004,0.21000000000000002,0.48,3.5250141324821818
5634.25,5635.15,47.9506144,-81.8211776,2178.549,-6.331,-2.232,-2.742,7.282863678090072,-4.2,0.32999999999999996,0.06000000000000001,4.214551626415336
5635.25,5635.25,47.950624000000005,-81.82117120000001,2176.879,-9.407,-2.272,-3.128,10.193222980006254,-4.7,0.6,-0.044444444444444446,4.738902939893943
5635.25,5635.35,47.9506336,-81.8211648,2178.119,-11.474,-2.584,-3.0490000000000004,12.284205980464915,-5.79,0.6199999999999999,-0.15000000000000002,5.8261304274833225
5635.25,5635.45,47.9506336,-81.8211648,2201.1000000000004,-10.92888888888889,-3.788888888888889,-2.935555555555555,11.943245291885953,-5.566666666666666,0.5,-0.2,5.593268911112443
5635.25,5635.55,47.9506336,-81.8211648,2207.903,-10.533636363636363,-1.9454545454545453,-2.1963636363636363,10.980604364501806,-4.569999999999999,0.74,-0.23000000000000004,4.637250376228602
5635.25,5635.65,47.9506336,-81.8211648,2183.942,-11.277777777777779,-1.0255555555555556,-1.4722222222222223,11.436587060217164,-4.28,0.76,0.04,4.348766002284831
5635.25,5635.75,47.9506336,-81.8211648,2169.074,-10.690000000000001,-1.0430000000000001,-0.7299999999999999,10.785901211950044,-4.14,0.12999999999999998,0.27999999999999997,4.1563205413932955
5635.25,5635.85,47.9502976,-81.8208832,2166.8680000000004,-10.872,-2.09,-0.573,11.090556284088215,-2.9,-0.27,-0.09999999999999999,2.921676480005156
5635.25,5635.95,47.950321599999995,-81.8208832,2136.8976666666663,-9.234444444444444,-0.42000000000000004,-0.37555555555555553,9.275647141506548,-2.0,-0.03333333333333334,-0.3333333333333333,2.031347404821282
5635.25,5636.05,47.9503456,-81.8208832,2162.942,-7.628181818181819,0.049090909090909095,0.10363636363636362,7.636397741509672,-1.6,0.15,-0.010000000000000009,1.6141410410407264
5635.25,5636.15,47.9503456,-81.8208832,2160.5235000000002,-8.403333333333332,-0.1388888888888889,0.014444444444444447,8.40995774256935,-1.27,0.11000000000000001,0.36,1.3305300096478885
5636.25,5636.25,47.9503456,-81.8208832,2158.642,-18.029000000000003,-0.9480000000000001,0.08399999999999999,18.059779742509292,-1.1999999999999997,0.05,0.58,1.335173438303648
5636.25,5636.35,47.9503456,-81.8208832,2157.7285,-5.906000000000001,-1.195,0.7409999999999999,6.088868939607309,-1.2800000000000002,-0.3,0.1,1.3311393323026712
5636.25,5636.45,47.9503456,-81.8208832,2158.319,-5.425000000000001,-0.9175,0.4925,5.535886283863933,-1.4333333333333333,-0.4888888888888888,-0.16666666666666666,1.5286436203715266
5636.25,5636.55,47.9503456,-81.8208832,2163.749,-15.253636363636362,0.1654545454545455,-0.6945454545454545,15.337593383199787,-1.1636363636363636,-0.32727272727272727,-0.4090909090909091,1.2884425557150814
5636.25,5636.65,47.9503456,-81.8208832,2165.147,-13.221111111111112,0.5988888888888888,-0.30000000000000004,13.32561936510112,-0.07777777777777778,0.3888888888888889,0.2777777777777778,0.5391531755451083
5636.25,5636.75,47.9503456,-81.8208832,2161.33,-13.571000000000002,-1.001,0.35300000000000004,13.634173361685043,-0.06999999999999999,0.5,0.33,0.6155030967336103
5636.25,5636.85,47.9503456,-81.8208832,2157.138,-10.374545454545453,-1.5018181818181817,0.3245454545454546,10.506327709150776,-0.5900000000000001,0.47000000000000003,-0.2,0.8174606588175518
5636.25,5636.95,47.9503456,-81.8208832,2153.699,-12.020000000000001,0.2277777777777778,1.1844444444444444,12.151486818433373,-1.1222222222222222,0.24444444444444446,-0.48888888888888893,1.2586123616872977
5636.25,5637.05,47.9503456,-81.8208832,2156.063,-10.138,0.782,0.8680000000000001,10.238416226703297,-2.0727272727272723,-0.4636363636363636,-0.19090909090909092,2.1420978306611427
5636.25,5637.15,47.9503456,-81.8208832,2165.308,-8.123000000000001,-0.604,-1.103,8.256938036007385,-2.5444444444444443,-0.8777777777777778,-0.17777777777777778,2.698792731702463
5637.25,5637.25,47.9503456,-81.8208832,2171.226,-11.737777777777776,-0.17333333333333334,-1.7755555555555553,11.87826790628428,-2.45,-0.6499999999999999,-0.20000000000000004,2.544593112075438
5637.25,5637.35,47.9503456,-81.8208832,2169.8275,-8.603636363636365,-0.20272727272727273,-1.9036363636363633,8.822815277663384,-2.3,-0.37,-0.020000000000000004,2.331901210431318
5637.25,5637.45,47.9503456,-81.8208832,2161.759,-11.126666666666667,-0.46888888888888886,-1.3144444444444443,11.221723177503039,-2.2,-0.23333333333333334,0.16666666666666666,2.2195971403307593
5637.25,5637.55,47.9503456,-81.8208832,2150.371,-10.190999999999999,-0.775,-0.9549999999999998,10.267448471381275,-2.1500000000000004,-0.4,0.09000000000000001,2.1913311401280073
5637.25,5637.65,47.9503456,-81.8208832,2140.819,-6.157,-0.394,-0.648,6.210016143779089,-2.1,-0.43333333333333335,-0.08888888888888889,2.1478517642007473
5637.25,5637.75,47.9503456,-81.8208832,2135.726,-11.420000000000002,-0.4933333333333333,-0.40888888888888886,11.438834191838247,-2.02,-0.25,-0.26999999999999996,2.0552874680259263
5637.25,5637.85,47.9503456,-81.8208832,2132.244,-9.613636363636363,-0.6736363636363636,-0.3945454545454546,9.646578019937312,-1.9090909090909087,-0.018181818181818184,-0.2454545454545455,1.9258709840713237
5637.25,5637.95,47.9503456,-81.8208832,2130.851,-12.167777777777777,-0.8444444444444446,-0.5188888888888888,12.208185964104281,-1.8999999999999997,0.06666666666666667,-0.12222222222222223,1.90671123922619
5637.25,5638.05,47.9503456,-81.8208832,2128.7084999999997,-10.388000000000002,-0.653,-0.656,10.429841407127258,-1.8699999999999999,0.16999999999999998,0.0,1.8783109629831702
5637.25,5638.15,47.9503456,-81.8208832,2127.316,-9.503,-0.36400000000000005,-0.817,9.545529551383249,-1.89,0.2,0.0,1.9005552884716004
5638.25,5638.25,47.9503456,-81.8208832,2125.1215,-10.11888888888889,-0.8688888888888889,-0.7666666666666667,10.18707901393281,-1.822222222222222,0.2,-0.24444444444444446,1.8521430873617533
5638.25,5638.35,47.9503456,-81.8208832,2123.569,-10.725454545454546,-0.09272727272727273,-0.9254545454545454,10.768185335595902,-2.063636363636364,0.24545454545454543,-0.49090909090909096,2.136020794812887
5638.25,5638.45,47.9503456,-81.8208832,2122.5525,-12.940999999999999,0.118,-1.0699999999999998,12.986009427085984,-2.111111111111111,0.3,-0.5666666666666667,2.206900543324227
5638.25,5638.55,47.9503456,-81.8208832,2122.178,-11.505555555555553,0.42555555555555563,-0.8133333333333334,11.548039737215523,-2.2300000000000004,0.28,-0.42000000000000004,2.2882052994917013
5638.25,5638.65,47.9503456,-81.8208832,2124.426,-9.607777777777777,0.5377777777777779,-0.99,9.678929214102503,-2.44,0.14000000000000004,-0.17,2.4518618138892414
5638.25,5638.75,47.9503456,-81.8208832,2136.1035,-8.785555555555556,0.3566666666666667,-0.7533333333333334,8.826709685699573,-2.488888888888889,0.05555555555555555,0.0,2.4899995559107557
5638.25,5638.85,47.9503456,-81.8208832,2150.907,-10.24090909090909,0.28727272727272735,-0.38818181818181813,10.253441302350565,-2.318181818181818,-0.03636363636363637,0.0,2.31898989839978
5638.25,5638.95,47.9503456,-81.8208832,2160.0395,-11.12,0.638,-0.248,11.142958770261933,-2.2,-0.07777777777777778,-0.1111111111111111,2.205295619162065
5638.25,5639.05,47.9503456,-81.8208832,2161.007,-11.328000000000001,0.413,0.225,11.338564652050568,-2.090909090909091,0.0,-0.2,2.100458267242636
5638.25,5639.15,47.9503456,-81.8208832,2151.176,-10.313333333333333,-0.17555555555555555,0.44333333333333336,10.326035243096054,-1.9888888888888887,0.08888888888888889,-0.16666666666666669,1.9986138269390754
5639.25,5639.25,47.9503456,-81.8208832,2137.817,-9.325,-0.386,0.49700000000000005,9.34728130258225,-1.8666666666666667,0.1,0.0,1.8705444964014737
5639.25,5639.35,47.9503456,-81.8208832,2122.7145,-10.703,-0.7140000000000001,0.175,10.733089814206446,-1.763636363636364,0.03636363636363637,0.35454545454545455,1.8031581666742702
5639.25,5639.45,47.9503456,-81.8208832,2115.2795,-11.855,-1.173,0.189,11.914497304189648,-1.77,-0.030000000000000006,0.57,1.861043195076946
5639.25,5639.55,47.9503456,-81.8208832,2107.957,-11.323,-0.9380000000000001,0.11400000000000002,11.362857484788229,-1.7,-0.18,0.7299999999999999,1.859734462066521
5639.25,5639.65,47.9503456,-81.8208832,2105.0730000000003,-10.717777777777778,-0.8844444444444446,0.1888888888888889,10.756295388896985,-1.7,-0.3,0.8,1.9031988830341429
5639.25,5639.75,47.9503456,-81.8208832,2103.471,-11.096,-0.889,-0.159,11.13683561378847,-1.8111111111111111,-0.36666666666666664,0.7777777777777779,2.0063551861066244
5639.25,5639.85,47.950366933333335,-81.82050773333333,2101.8695,-10.971,-1.1460000000000001,-0.06399999999999999,11.036718986175273,-2.072727272727273,-0.21818181818181823,0.5818181818181818,2.16566207667299
5639.25,5639.95,47.95038613333333,-81.82032,2100.695,-9.924000000000001,-1.312,0.4750000000000001,10.022678524966949,-2.06,-0.2,0.5,2.129261610409047
5639.25,5640.05,47.9503904,-81.8203072,2099.788,-9.33181818181818,-1.4227272727272726,0.3809090909090909,9.447555043608187,-1.9499999999999997,-0.2899999999999999,0.39,2.0101146719575818
5639.25,5640.15,47.9503872,-81.8202944,2101.656,-8.977777777777778,-1.6577777777777778,0.29333333333333333,9.134956758717319,-1.8999999999999997,-0.3,0.2666666666666667,1.942497475789243
5640.25,5640.25,47.9503872,-81.8202912,2106.996,-8.892222222222223,-1.847777777777778,0.09333333333333332,9.083998248296583,-1.8199999999999998,-0.26000000000000006,0.13000000000000003,1.8440573910606575
5640.25,5640.35,47.950389333333334,-81.82028373333333,2110.735,-9.339000000000002,-1.7120000000000002,0.038000000000000006,9.495368100227946,-1.45,-0.030000000000000006,0.18,1.463849397751235
5640.25,5640.45,47.9503904,-81.82027733333334,2111.376,-9.257,-1.9789999999999999,-0.10800000000000001,9.468922149541848,-1.1999999999999997,0.0,0.29999999999999993,1.2369795332994158
5640.25,5640.55,47.9503904,-81.820256,2111.2160000000003,-9.72181818181818,-1.8427272727272728,-0.5863636363636364,9.912828022950798,-1.08,0.0,0.29999999999999993,1.1209464702575214
5640.25,5640.65,47.9503904,-81.8202496,2110.735,-9.936666666666667,-1.5900000000000003,-0.648888888888889,10.084607359056657,-0.9800000000000001,0.0,0.29999999999999993,1.0249611803229466
5640.25,5640.75,47.9503904,-81.8202432,2110.094,-10.58,-1.3555555555555556,-0.4855555555555556,10.677910249272237,-0.8555555555555556,-0.03333333333333334,0.2888888888888889,0.9054382560538505
5640.25,5640.85,47.9503904,-81.82023253333334,2110.1475,-10.457272727272727,-1.1618181818181819,-0.2972727272727273,10.52617147869928,-0.75,-0.15,0.19,0.790809262840229
5640.25,5640.95,47.9503936,-81.8202112,2109.88,-10.738888888888887,-1.0366666666666666,-0.21,10.790935272502296,-0.6799999999999999,-0.2,0.1,0.7159400230166196
5640.25,5641.05,47.9503808,-81.8201984,2110.094,-9.939090909090906,-0.9509090909090908,-0.12636363636363637,9.985334457361644,-0.5999999999999999,-0.2,0.03636363636363637,0.6353125835644428
5640.25,5641.15,47.9503872,-81.8201856,2109.026,-9.84222222222222,-0.9144444444444445,-0.12888888888888891,9.885510519348378,-0.5333333333333333,-0.1111111111111111,0.0,0.5453799718054434
5641.25,5641.25,47.9503872,-81.8201792,2108.1710000000003,-10.436666666666667,-0.9333333333333333,-0.15000000000000002,10.47947265328447,-0.5,-0.1,0.0,0.5099019513592785
5641.25,5641.35,47.9503872,-81.82016,2105.927,-10.09909090909091,-0.9027272727272728,-0.16272727272727272,10.140717224432745,-0.4,-0.1,0.0,0.4123105625617661
5641.25,5641.45,47.9503808,-81.8201216,2104.753,-9.871111111111112,-0.8555555555555556,-0.16333333333333333,9.909550967502172,-0.35,-0.12,0.04,0.37894370142515366
5641.25,5641.55,47.9503744,-81.8201088,2103.685,-10.34909090909091,-0.8409090909090909,-0.13090909090909095,10.384117565954504,-0.2818181818181818,-0.2,0.1,0.3606810589178679
5641.25,5641.65,47.9503744,-81.8200992,2102.297,-10.419,-0.7670000000000001,-0.021,10.447360177790355,-0.2,-0.2,0.1,0.3
5641.25,5641.75,47.9503728,-81.82008,2102.4570000000003,-10.567499999999999,-0.6525000000000001,0.12875,10.588558284262763,-0.13333333333333336,-0.2,0.2,0.31547005383792515
5641.25,5641.85,47.9503712,-81.82004906666667,2101.976,-10.30818181818182,-0.5481818181818183,0.2454545454545455,10.325799834129995,-0.1,-0.16363636363636366,0.2,0.27998144519211565
5641.25,5641.95,47.9503744,-81.8200128,2101.6555,-9.915555555555557,-0.4811111111111111,0.3144444444444444,9.932356397718516,-0.022222222222222223,-0.06666666666666668,0.2,0.22048057106183905
5641.25,5642.05,47.9503744,-81.8199872,2101.016,-10.29090909090909,-0.39818181818181825,0.37545454545454543,10.305643405295216,0.0,0.0,0.2818181818181818,0.2818181818181818
5641.25,5642.15,47.9503744,-81.819968,2100.375,-10.123999999999999,-0.25199999999999995,0.384,10.134617741631608,0.0,0.022222222222222223,0.2888888888888889,0.2933149515296463
5642.25,5642.25,47.9503744,-81.81993600000001,2098.2405,-10.376666666666667,-0.07333333333333333,0.3566666666666667,10.383463324366032,-0.030000000000000006,0.1,0.18000000000000002,0.21566067200419461
5642.25,5642.35,47.95037440000001,-81.81990186666667,2095.253,-10.82,-0.23800000000000004,0.21200000000000002,10.825054144592226,-0.26,0.2,0.01,0.33806136593369135
5642.25,5642.45,47.9503712,-81.8198592,2090.5074999999997,-10.538999999999998,-0.015999999999999997,0.16199999999999998,10.541268608351007,-0.4666666666666667,0.2,-0.15555555555555556,0.5327529543623258
5642.25,5642.55,47.9503712,-81.81984,2084.486,-9.777000000000001,-0.119,-0.012,9.777960896056678,-0.5,0.2,-0.2727272727272727,0.6049909087578719
5642.25,5642.65,47.9503712,-81.81982719999999,2077.937,-9.828,-0.248,-0.094,9.83179856624187,-0.5,0.14000000000000004,-0.29999999999999993,0.601541347104736
5642.25,5642.75,47.9503728,-81.8198048,2071.179,-10.467777777777776,-0.3877777777777778,-0.1111111111111111,10.475774318037459,-0.41111111111111115,0.1,-0.2777777777777778,0.5075038694952001
5642.25,5642.85,47.95037440000001,-81.81978240000001,2066.1814999999997,-10.924000000000001,-0.51,-0.135,10.936882468213078,-0.4,0.2,-0.18000000000000002,0.4835698727444252
5642.25,5642.95,47.9503776,-81.8197568,2062.143,-9.943000000000001,-0.543,-0.24200000000000005,9.961199068718658,-0.4,0.2,-0.06666666666666668,0.45457624483037534
5642.25,5643.05,47.9503808,-81.8197312,2056.832,-7.853999999999999,-0.034999999999999996,0.11499999999999999,7.856870363910789,-0.28181818181818186,0.07272727272727274,0.0818181818181818,0.32215157721428667
5642.25,5643.15,47.950384,-81.81972160000001,2053.6465,-9.610999999999999,-0.28400000000000003,-0.36699999999999994,9.624804831502942,-0.26999999999999996,0.0,0.32999999999999996,0.4276745173703203
5643.25,5643.25,47.9503904,-81.8197024,2051.311,-9.816666666666668,-0.3077777777777778,-0.28444444444444444,9.82614695235003,-0.24444444444444446,0.0,0.4,0.47067421972219886
5643.25,5643.35,47.950393600000005,-81.81968,2049.4545,-9.785,0.031000000000000007,-0.14300000000000002,9.786609435887888,-0.22999999999999998,0.0,0.36,0.4316628906681932
5643.25,5643.45,47.9504,-81.8196544,2047.811,-9.028000000000002,-0.11700000000000002,-0.39,9.038612193416352,-0.29999999999999993,0.0,0.19000000000000003,0.36193686528423336
5643.25,5643.55,47.9504032,-81.819648,2044.3110000000001,-7.942,0.199,-0.29500000000000004,7.950313965953127,-0.29999999999999993,0.13,0.01,0.3310694457775764
5643.25,5643.65,47.950407999999996,-81.8196288,2042.6145000000001,-8.110000000000001,0.23700000000000002,-0.31300000000000006,8.120054381375315,-0.31999999999999995,0.25999999999999995,-0.05,0.4193958164678283
5643.25,5643.75,47.950411200000005,-81.8196096,2040.07,-9.930000000000001,0.351,0.05500000000000001,9.936838614202241,-0.4,0.36666666666666664,-0.24444444444444446,0.5978961580156983
5643.25,5643.85,47.9504128,-81.81959466666666,2037.1035000000002,-10.127,0.426,-0.321,10.143663062482162,-0.29999999999999993,0.29999999999999993,-0.43636363636363645,0.6095128851011374
5643.25,5643.95,47.9504128,-81.8195648,2034.985,-10.577777777777776,0.5133333333333333,-0.741111111111111,10.616709361489873,-0.2888888888888889,0.3,-0.5,0.6513769133042776
5643.25,5644.05,47.9504144,-81.8195584,2034.085,-10.935999999999998,0.6,-0.589,10.970952251471912,-0.29,0.11000000000000001,-0.4,0.5207032812655528
5643.25,5644.15,47.950416,-81.8195424,2032.126,-9.781,0.619,-0.678,9.825297688403037,-0.48999999999999994,-0.05,-0.22000000000000003,0.5507156820060863
5644.25,5644.25,47.950417599999994,-81.8195264,2030.644,-9.987,-0.006000000000000005,-0.8640000000000001,10.027337691045926,-0.6888888888888889,-0.24444444444444446,-0.022222222222222223,0.733944617300884
5644.25,5644.35,47.95042346666667,-81.81950719999999,2027.9975,-9.823,-0.07900000000000001,-0.974,9.872833307892654,-0.7000000000000001,-0.3454545454545454,0.0,0.7818720670606926
5644.25,5644.45,47.9504288,-81.8194944,2025.458,-9.46888888888889,0.043333333333333335,-0.6144444444444445,9.489520992853352,-0.6222222222222222,-0.3444444444444444,0.0,0.7120860028994433
5644.25,5644.55,47.950432,-81.8194816,2023.5015,-9.893636363636363,-0.1309090909090909,-0.24545454545454543,9.898953442708383,-0.67,-0.26000000000000006,-0.06999999999999999,0.728339110843351
5644.25,5644.65,47.950432,-81.8194752,2021.333,-8.928888888888888,-0.035555555555555556,-0.05,8.929351955112944,-0.7,-0.14000000000000004,-0.24,0.756208591892565
5644.25,5644.75,47.950436266666664,-81.819456,2019.1660000000002,-9.306000000000001,-0.014000000000000002,-0.15100000000000002,9.307800399067471,-0.6699999999999999,0.030000000000000006,-0.29999999999999993,0.7365740169042316
5644.25,5644.85,47.9504448,-81.8194368,2017.316,-9.671,-0.135,0.000999999999999998,9.672730114463423,-0.5000000000000001,0.22999999999999998,-0.2,0.5911378202450275
5644.25,5644.95,47.950448,-81.8194176,2015.731,-9.712222222222222,0.003333333333333336,0.26333333333333336,9.717322052216918,-0.3111111111111111,0.3,-0.2,0.47959298568813946
5644.25,5645.05,47.9504512,-81.8194144,2014.251,-9.67,-0.4163636363636364,-0.22727272727272727,9.690333839418969,0.0,0.29,-0.1,0.3106433581448561
5644.25,5645.15,47.9504576,-81.8194048,2013.195,-8.824444444444445,-0.33666666666666667,-0.3944444444444445,8.842611516286448,0.16,0.14,-0.1,0.24831985919765215
5645.25,5645.25,47.9504672,-81.81938133333334,2011.769,-9.315999999999999,-0.11499999999999999,-0.41100000000000003,9.326876514290976,0.13000000000000003,-0.04,-0.05,0.16193485306737937
5645.25,5645.35,47.95048,-81.81936,2009.604,-10.227999999999998,-0.4870000000000001,-0.577,10.258644902301274,0.1,-0.24999999999999994,0.0,0.27096083455882736
5645.25,5645.45,47.9504864,-81.8193408,2008.2835,-9.113333333333332,-0.6311111111111112,-0.5877777777777777,9.154408909316231,0.2,-0.38,0.0,0.43072780620629425
5645.25,5645.55,47.9504912,-81.8193312,2006.014,-9.436,-0.5450000000000002,-0.298,9.457306901458606,0.29999999999999993,-0.4,0.0,0.5
5645.25,5645.65,47.950497600000006,-81.819312,2004.642,-9.927777777777777,-0.5655555555555556,-0.05999999999999999,9.944314920314177,0.3555555555555555,-0.3444444444444444,0.0,0.5
5645.25,5645.75,47.95050560000001,-81.8192896,2003.007,-9.774,-0.568,0.073,9.790961117200826,0.4,-0.29,-0.02,0.49681595208548623
5645.25,5645.85,47.950512,-81.8192576,2001.266,-9.216363636363637,-0.6390909090909092,0.1990909090909091,9.240901726746516,0.5,-0.2,-0.1,0.5477225575051661
5645.25,5645.95,47.9505184,-81.8192448,2000.211,-10.092222222222224,-0.7255555555555555,0.3333333333333333,10.123951354435004,0.5299999999999999,-0.19,-0.1,0.5731124150319631
5645.25,5646.05,47.9505232,-81.819232,1999.262,-10.899999999999999,-0.881,0.47800000000000004,10.946267189648974,0.6599999999999999,-0.1,-0.030000000000000006,0.67002411410398
5645.25,5646.15,47.9505312,-81.8192128,1999.6309999999999,-11.014999999999999,-0.921,0.5270000000000001,11.066097569644224,0.7555555555555555,-0.011111111111111112,0.022222222222222223,0.757728703427362
5646.25,5646.25,47.95053653333333,-81.81918933333334,2000.422,-9.904444444444444,-0.818888888888889,0.5399999999999999,9.953102037154649,0.8,0.0,0.17,0.8202409099468835
5646.25,5646.35,47.9505472,-81.819168,2002.7955,-9.102727272727273,-0.5727272727272729,0.6463636363636364,9.14415644457806,0.8800000000000001,0.0,0.33999999999999997,0.9443077061984002
5646.25,5646.45,47.9505504,-81.8191552,2004.7475,-10.445555555555554,-0.2811111111111111,0.7466666666666666,10.47757706382695,0.8999999999999999,0.08888888888888889,0.4,0.9893868588298825
5646.25,5646.55,47.9505552,-81.8191424,2006.331,-10.068,0.321,0.7160000000000001,10.100297327288512,0.86,0.19,0.35,0.9489421468549638
5646.25,5646.65,47.950563200000005,-81.8191232,2006.7005,-9.838,0.6380000000000001,0.5,9.873099019227299,0.7555555555555555,0.2,0.1888888888888889,0.8066779446424368
5646.25,5646.75,47.95057066666667,-81.819104,2006.226,-7.774444444444445,0.8244444444444444,0.1711111111111111,7.821042826465007,0.6699999999999999,0.18000000000000002,0.01,0.6951920894496584
5646.25,5646.85,47.950576,-81.8190848,2005.0645,-8.86909090909091,0.3972727272727272,0.019999999999999997,8.879155609133223,0.5363636363636364,0.08181818181818182,-0.11818181818181818,0.5651975155824241
5646.25,5646.95,47.9505808,-81.819072,2002.532,-8.96,0.5566666666666666,0.08777777777777779,8.978810729257631,0.43333333333333335,0.0,-0.36666666666666664,0.5714886797943354
5646.25,5647.05,47.9505872,-81.81905280000001,1998.0500000000002,-10.174545454545456,0.5336363636363637,0.01636363636363636,10.18920656856384,0.37,-0.030000000000000006,-0.47000000000000003,0.6033129904750739
5646.25,5647.15,47.950592,-81.81904,1997.1535,-10.652222222222221,0.2644444444444444,0.030000000000000002,10.655822178581207,0.3,-0.1,-0.5,0.5916079783099616
5647.25,5647.25,47.9506016,-81.81902079999999,1998.946,-10.666666666666664,0.011111111111111115,0.07555555555555556,10.667383964122598,0.36666666666666664,-0.1,-0.5,0.6292520393305112
5647.25,5647.35,47.9506112,-81.8190016,1999.2615,-10.428181818181818,-0.29909090909090913,0.15818181818181817,10.434250728464134,0.4,-0.1,-0.48181818181818187,0.6346890143522437
5647.25,5647.45,47.9506128,-81.8189888,1999.789,-11.069,-0.566,0.22400000000000003,11.085973101220022,0.4666666666666667,-0.1,-0.36666666666666664,0.6047127709348502
5647.25,5647.55,47.950616,-81.8189696,2001.266,-11.572,-0.747,0.275,11.599588105995615,0.5,-0.009090909090909092,-0.18181818181818185,0.5369903069817145
5647.25,5647.65,47.9506224,-81.8189536,2002.954,-12.011111111111113,-0.8133333333333332,0.29555555555555557,12.042344628593348,0.5,0.0,-0.044444444444444446,0.5044008672707905
5647.25,5647.75,47.95062933333333,-81.81893546666667,2003.165,-11.198888888888888,-0.7366666666666668,0.3411111111111111,11.228370682552914,0.5666666666666667,0.0,0.0,0.5666666666666667
5647.25,5647.85,47.9506336,-81.8189056,2004.8005,-10.359090909090908,-0.6499999999999999,0.39272727272727276,10.387054361385815,0.5999999999999999,-0.03636363636363637,0.0,0.6030095465562989
5647.25,5647.95,47.9506352,-81.8188992,2006.014,-10.499,-0.6079999999999999,0.471,10.527183196573395,0.6,-0.1,0.0,0.6082762530298219
5647.25,5648.05,47.95064,-81.8188832,2007.0175,-11.223,-0.6090000000000001,0.614,11.256409881569569,0.5999999999999999,-0.07272727272727274,0.0,0.6060190931125976
5647.25,5648.15,47.9506464,-81.818864,2008.126,-11.559999999999999,-0.4911111111111111,0.6822222222222223,11.590761024870087,0.6,0.0,0.1111111111111111,0.6127298424718093
5648.25,5648.25,47.95065386666667,-81.8188416,2007.3865,-10.754999999999999,-0.37100000000000005,0.776,10.789712655488895,0.6,0.1111111111111111,0.2,0.6445533322928383
5648.25,5648.35,47.9506576,-81.8188256,2003.798,-9.855,-0.08299999999999999,0.676,9.878998715892365,0.5909090909090908,0.23636363636363633,0.2,0.669065100617678
5648.25,5648.45,47.950664,-81.81880960000001,2000.106,-11.430000000000001,0.12200000000000003,0.5980000000000001,11.447001930614945,0.4800000000000001,0.35,0.17,0.6220834387132752
5648.25,5648.55,47.950672,-81.81879040000001,1993.8325,-11.815999999999999,0.22999999999999998,0.346,11.824060982074457,0.29000000000000004,0.5399999999999998,0.02,0.6210823285549081
5648.25,5648.65,47.950681599999996,-81.81876906666666,1986.405,-10.9,0.31699999999999995,0.09999999999999999,10.905885943672606,0.16666666666666669,0.6,-0.011111111111111112,0.6253030109509552
5648.25,5648.75,47.950688,-81.8187456,1978.4054999999998,-10.236666666666668,0.21333333333333332,-0.2255555555555556,10.241614607423271,0.1,0.5777777777777777,-0.1,0.5949244762910678
5648.25,5648.85,47.9506944,-81.8187264,1971.149,-10.421000000000001,-0.32599999999999996,1.6469999999999998,10.569672089779683,0.32727272727272727,0.30000000000000004,-0.2,0.52714931891914
5648.25,5648.95,47.9506992,-81.8187168,1966.315,-9.628,-0.20400000000000001,0.026000000000000002,9.648614367568747,0.5399999999999999,-0.04,-0.12000000000000002,0.5604860120269194
5648.25,5649.05,47.9507056,-81.8187008,1961.274,-9.861818181818181,0.0709090909090909,-1.1836363636363636,9.946141114880692,0.7,-0.1,0.0,0.7071067811865476
5648.25,5649.15,47.95071146666667,-81.81868586666667,1958.755,-8.824444444444444,-0.07222222222222222,-1.2644444444444445,8.918976131244595,0.79,-0.02,0.06,0.7949506428303884
5649.25,5649.25,47.9507232,-81.8186752,1954.0855000000001,-9.327777777777778,-0.14,-1.0822222222222222,9.39290517424129,1.0333333333333334,0.044444444444444446,0.15555555555555556,1.0478104407774775
5649.25,5649.35,47.9507264,-81.818656,1948.685,-8.878,-0.345,-0.951,8.936385802263425,1.1,0.1,0.11000000000000001,1.1103980071800659
5649.25,5649.45,47.9507296,-81.8186496,1944.44,-9.411999999999999,-0.6869999999999999,-1.0390000000000001,9.495116326672193,1.1,0.06000000000000001,0.02,1.1036251708156786
5649.25,5649.55,47.950739199999994,-81.8186304,1941.035,-9.567272727272726,-1.0772727272727274,-0.5399999999999999,9.64692344981031,1.17,-0.030000000000000006,-0.05,1.1744029240310812
5649.25,5649.65,47.95074666666667,-81.81861973333332,1938.4695,-11.006666666666668,-1.0533333333333335,-0.4255555555555556,11.065747670704676,1.03,-0.31999999999999995,-0.19,1.100522131236374
5649.25,5649.75,47.950752,-81.8186048,0.0,-10.828888888888889,-1.071111111111111,-0.6066666666666667,10.89891088353017,0.8999999999999999,-0.6000000000000001,-0.2,1.1014205640998165
5649.25,5649.85,47.950768,-81.8185792,1933.1309999999999,-10.239090909090912,-1.1818181818181819,-0.5081818181818182,10.321421910335317,0.8300000000000001,-0.7,-0.06999999999999999,1.0901870119434196
5649.25,5649.95,47.9507712,-81.81857600000001,1932.2939999999999,-10.093333333333334,-1.2433333333333332,-0.44222222222222224,10.182874512412603,0.8,-0.6199999999999999,0.02,1.0155837615674013
5649.25,5650.05,47.95077653333334,-81.81856426666667,1931.404,-7.983636363636363,-1.1127272727272726,0.2072727272727273,8.076857089743081,0.6909090909090908,-0.24545454545454548,0.17272727272727273,0.7592977956535912
5649.25,5650.15,47.950784,-81.8185472,1931.0905,-8.182222222222222,-1.1966666666666665,0.6000000000000001,8.293181913348624,0.6444444444444444,-0.044444444444444446,0.2,0.6781896963459564
5650.25,5650.25,47.9507904,-81.8185344,1930.463,-8.906,-1.0950000000000002,0.4069999999999999,8.98342419215672,0.5555555555555556,0.1111111111111111,0.15555555555555556,0.5942923611203742
5650.25,5650.35,47.9507904,-81.8185344,1928.7375,-10.039,-0.806,0.8960000000000001,10.114252540735817,0.39,0.37,0.06000000000000001,0.5466151524888404
5650.25,5650.45,47.9507904,-81.8185344,1926.279,-10.43888888888889,-0.4011111111111111,0.8433333333333333,10.481443848628446,0.28,0.45999999999999996,0.0,0.5409413719365022
5650.25,5650.55,47.9507904,-81.8185344,1923.562,-10.50090909090909,-0.34545454545454546,0.5472727272727272,10.521285185048932,0.2,0.45454545454545464,-0.03636363636363637,0.501031159796636
5650.25,5650.65,47.9507904,-81.8185344,1921.576,-10.184000000000001,-0.445,0.21399999999999997,10.196572200923907,0.15555555555555556,0.3555555555555555,-0.1,0.40577519989476385
5650.25,5650.75,47.9507904,-81.8185344,1918.964,-10.88888888888889,-0.2733333333333333,0.17888888888888888,10.894308751472192,0.14000000000000004,0.18000000000000002,-0.12000000000000002,0.26073393967077185
5650.25,5650.85,47.9507904,-81.8185344,1917.2925,-10.655000000000001,-0.349,0.032999999999999995,10.66161242943644,0.01,0.0,0.0,0.01
5650.25,5650.95,47.9508032,-81.81856,1916.039,-10.615555555555554,-0.43333333333333335,-0.024444444444444446,10.624528738213579,-0.05555555555555555,0.0,0.06666666666666667,0.08967853124294972
5650.25,5651.05,47.9507328,-81.8185472,1914.1595,-10.822727272727272,-0.46,0.08,10.83310481348195,-0.19090909090909092,-0.1,0.24545454545454543,0.3293137088745708
5650.25,5651.15,47.9507184,-81.818544,1912.281,-10.276,-0.31500000000000006,0.287,10.285149470715112,-0.3,-0.07777777777777778,0.36666666666666664,0.48303083205547953
5651.25,5651.25,47.9506912,-81.81853226666668,1911.759,-10.002222222222223,-0.1577777777777778,0.4222222222222222,10.012708719287646,-0.29999999999999993,0.0,0.47000000000000003,0.5581666326391709
5651.25,5651.35,47.9506752,-81.8185216,1910.402,-10.514,0.05800000000000001,0.44000000000000006,10.526096096253262,-0.4,0.0,0.4800000000000001,0.6288689768915339
5651.25,5651.45,47.9506496,-81.8185216,1909.672,-10.382,-0.23399999999999999,0.083,10.387472888778197,-0.7333333333333334,0.06666666666666667,0.23333333333333334,0.791448913477524
5651.25,5651.55,47.950651199999996,-81.818512,1908.315,-9.541,-0.008000000000000004,0.16999999999999998,9.54350024851242,-1.0909090909090908,0.23636363636363633,-0.018181818181818184,1.1179512103516474
5651.25,5651.65,47.9506528,-81.81849600000001,1906.646,-9.364999999999998,-0.06100000000000001,0.16499999999999998,9.368635254217732,-1.02,0.41,-0.13,1.1104776549128068
5651.25,5651.75,47.95065493333334,-81.81847253333335,1904.873,-10.644444444444444,0.01,0.33333333333333337,10.650564955674989,-1.1,0.5,-0.2,1.224921156966419
5651.25,5651.85,47.950656,-81.8184512,1903.413,-12.309000000000001,-0.32,-0.11400000000000002,12.31469517272916,-1.1999999999999997,0.5,-0.18000000000000002,1.3130038112453781
5651.25,5651.95,47.9506592,-81.8184384,1903.413,-11.538888888888888,-0.18555555555555556,-0.02555555555555557,11.545312243782176,-1.2111111111111112,0.4111111111111111,-0.07777777777777778,1.2842278392665922
5651.25,5652.05,47.9506624,-81.81842879999999,1904.8725,-9.738,0.11300000000000002,0.271,9.744156207685037,-1.4272727272727272,0.036363636363636376,0.045454545454545456,1.4328196186629607
5651.25,5652.15,47.9506656,-81.8184128,1910.715,-9.189,-0.32799999999999996,-0.21400000000000002,9.19876618688832,-1.51,-0.22000000000000003,0.1,1.5310462429937508
5652.25,5652.25,47.9506528,-81.8183936,1920.845,-9.541111111111112,-0.3377777777777778,-0.14666666666666667,9.548572353588767,-1.5,-0.37777777777777777,0.022222222222222223,1.5480960256370218
5652.25,5652.35,47.9506464,-81.818368,1930.986,-10.658181818181818,-0.2763636363636363,0.23909090909090913,10.66553551006727,-1.5,-0.38181818181818183,-0.06363636363636363,1.5503442195370192
5652.25,5652.45,47.9506304,-81.8183424,1937.841,-10.028888888888888,-0.49,0.4066666666666666,10.049783107558191,-1.4,-0.23333333333333334,-0.18888888888888888,1.4335837776419387
5652.25,5652.55,47.9506304,-81.818336,1938.626,-8.618999999999998,-0.5920000000000001,0.3909999999999999,8.648924398635115,-1.2599999999999998,-0.04,-0.07,1.2642519152209095
5652.25,5652.65,47.950619200000006,-81.8183136,1935.59,-8.246,-0.301,0.138,8.25465699975195,-1.05,0.0,0.11000000000000001,1.0613417483270904
5652.25,5652.75,47.95060800000001,-81.81828906666668,1930.9340000000002,-10.465,-0.6299999999999999,-0.14299999999999996,10.487638143198955,-1.0555555555555556,0.08888888888888889,0.4444444444444444,1.1508942240164461
5652.25,5652.85,47.9505984,-81.8182656,1923.98,-10.29,-0.7310000000000001,0.24,10.319395763978356,-1.1363636363636362,0.1,0.6454545454545455,1.3112837089977527
5652.25,5652.95,47.9505952,-81.8182528,1916.6664999999998,-10.276666666666667,-0.43333333333333335,0.1822222222222222,10.288098962395464,-1.2,0.022222222222222223,0.6555555555555554,1.3688859998079177
5652.25,5653.05,47.9505952,-81.81824639999999,1909.672,-9.851,-0.40499999999999997,-0.047,9.86299143922328,-1.3599999999999999,0.0,0.5,1.451869914922164
5652.25,5653.15,47.9505968,-81.8182304,1901.3805,-9.303,-0.3529999999999999,-0.13299999999999998,9.315944811996154,-1.44,0.0,0.25,1.46290909759358
5653.25,5653.25,47.9505984,-81.81820800000001,1892.263,-8.796999999999999,-0.034999999999999996,0.098,8.797690859024408,-1.5333333333333332,0.0,0.12222222222222223,1.538803733777544
5653.25,5653.35,47.9506048,-81.8181824,1884.665,-9.560999999999998,-0.13899999999999998,0.07700000000000001,9.562430076052895,-1.6454545454545453,0.0,0.009090909090909092,1.645738359471649
5653.25,5653.45,47.9506048,-81.8181696,1880.504,-10.436666666666666,-0.21555555555555556,0.07222222222222222,10.439259594954208,-1.7,0.0,0.0,1.7
5653.25,5653.55,47.950608,-81.8181568,1876.449,-10.443636363636363,-0.3681818181818182,-0.006363636363636362,10.450235130226748,-1.7,0.0,0.0,1.7
5653.25,5653.65,47.95061546666667,-81.81813546666666,1873.643,-11.067777777777778,-0.5166666666666667,-0.1322222222222222,11.081115042305425,-1.7,0.0,0.0,1.7
5653.25,5653.75,47.9506176,-81.8181312,1871.15,-9.665,-0.588,-0.25399999999999995,9.686328507254988,-1.7,0.0,0.0,1.7
5653.25,5653.85,47.9506176,-81.8181312,1868.6045,-9.572,-0.743,-0.21200000000000002,9.60362043200263,-1.6199999999999999,-0.09,-0.15,1.6305271579480298
5653.25,5653.95,47.9506176,-81.8181312,1866.684,-8.393,-0.7130000000000001,-0.27,8.427790595385373,-1.56,-0.19,-0.26999999999999996,1.5956430092268357
5653.25,5654.05,47.9506176,-81.8181312,1864.2965,-9.450999999999999,-0.9110000000000001,-0.45199999999999996,9.506221917341673,-1.5666666666666667,-0.2,-0.3,1.607656251808499
5653.25,5654.15,47.9506176,-81.8181312,1863.4144999999999,-8.45111111111111,-0.8866666666666666,-0.6177777777777779,8.521885196984226,-1.64,-0.2,-0.29999999999999993,1.6791990558907144
5654.25,5654.25,47.9506176,-81.8181312,1862.325,-9.008,-0.553,-0.29300000000000004,9.032799362112113,-1.83,-0.27,-0.16,1.8595747986185365
5654.25,5654.35,47.95059626666667,-81.81805013333333,1862.4285,-8.442727272727273,-0.6881818181818182,-0.06727272727272728,8.471982612116468,-1.58,-0.6,-0.01,1.6975270471825534
5654.25,5654.45,47.9506048,-81.8179904,1863.363,-9.365555555555556,-0.11888888888888889,-0.6555555555555556,9.392853985218078,-1.51,-0.9,0.0,1.7581914203818456
5654.25,5654.55,47.9506048,-81.8179904,1871.6174999999998,-10.723999999999998,-0.43,-1.0320000000000003,10.78254200297749,-1.8399999999999999,-1.0699999999999998,0.0,2.1287089036949127
5654.25,5654.65,47.9506112,-81.8179712,1883.416,-9.70888888888889,-0.17777777777777778,-1.2377777777777776,9.792098152040104,-2.1444444444444444,-1.0444444444444445,0.0,2.3868362512901578
5654.25,5654.75,47.950620799999996,-81.8179616,1888.827,-8.8,-0.242,-1.6849999999999998,8.964222414625114,-2.55,-0.8400000000000001,0.0,2.6875678393377553
5654.25,5654.85,47.95063893333333,-81.81794346666668,1886.954,-7.896363636363635,-0.3481818181818182,-1.95,8.142151543567975,-2.9299999999999997,-0.5200000000000001,0.030000000000000006,2.978272799061865
5654.25,5654.95,47.9506432,-81.8179264,1872.708,-6.30111111111111,-0.47333333333333333,-1.3711111111111112,6.476020188801174,-2.9,-0.30999999999999994,0.18,2.922938230035432
5654.25,5655.05,47.9506336,-81.81792,1857.8649999999998,-10.795,-0.782,-1.073,10.879973408099799,-2.6300000000000003,-0.29999999999999993,0.36,2.6719620949542238
5654.25,5655.15,47.9506304,-81.8179008,1850.089,-8.448,-0.745,-0.9110000000000001,8.534191385946126,-2.6,-0.36666666666666664,0.3555555555555555,2.6505707878981384
5655.25,5655.25,47.9506304,-81.8178944,1846.5155,-10.306666666666665,-0.4922222222222223,-0.7877777777777778,10.351586551528769,-2.5900000000000007,-0.4,0.27,2.6349896085608617
5655.25,5655.35,47.9506304,-81.817888,1843.978,-10.93181818181818,-0.2590909090909091,-1.5799999999999998,11.049809878230787,-2.78,-0.16,0.2,2.7954241091441476
5655.25,5655.45,47.9506304,-81.817888,1843.046,-9.067777777777778,-0.3277777777777777,-0.6666666666666666,9.102156639465834,-2.9,0.0,0.2222222222222222,2.908796721121487
5655.25,5655.55,47.9506304,-81.817888,1840.976,-13.776363636363639,-0.4018181818181818,-0.6927272727272726,13.801434236340423,-2.89,0.08,0.35,2.9141421030264323
5655.25,5655.65,47.9506304,-81.817888,1840.976,-11.979999999999999,-0.5266666666666667,-0.1933333333333333,11.993451419745023,-2.7,0.11250000000000002,0.6,2.7701233322747827
5655.25,5655.75,47.9506304,-81.817888,1847.967,-8.748888888888889,-0.33111111111111113,-0.04,8.755878907176449,-2.6100000000000003,-0.06999999999999999,0.7,2.704291090164977
5655.25,5655.85,47.9506304,-81.817888,1866.061,-8.52090909090909,-1.6854545454545453,-1.2554545454545456,8.806766602671788,-2.309090909090909,-0.08181818181818183,0.4181818181818182,2.3538086903812006
5655.25,5655.95,47.9506768,-81.8177984,1877.8525,-8.754444444444445,-1.2511111111111113,-0.7688888888888888,8.910874203969602,-1.4444444444444444,0.5111111111111111,0.1444444444444445,1.5571439654454529
5655.25,5656.05,47.95071466666666,-81.81770026666668,1877.904,-10.463636363636363,-0.26545454545454544,0.4481818181818182,10.481123354295777,-1.2090909090909088,0.7000000000000001,0.24545454545454543,1.4194669152872892
5655.25,5656.15,47.9507104,-81.8176896,1874.058,-16.41777777777778,-0.47888888888888886,0.3977777777777778,16.43832545887652,-1.2111111111111112,0.588888888888889,0.2666666666666667,1.37705347140064
5656.25,5656.25,47.9507104,-81.8176704,1869.4355,-7.872222222222224,-0.8011111111111111,0.9666666666666668,7.978549729188013,-1.5999999999999999,0.06666666666666667,0.011111111111111112,1.6057638047022418
5656.25,5656.35,47.9507088,-81.81766400000001,1866.476,-8.09909090909091,-0.5472727272727274,0.06818181818181816,8.13493422625462,-1.7,-0.10909090909090909,-0.14545454545454545,1.7122354646446487
5656.25,5656.45,47.9506976,-81.8176576,1860.8725,-14.547,0.539,-0.946,14.630190940924859,-1.8444444444444446,-0.07777777777777778,-0.04444444444444444,1.855235884606748
5656.25,5656.55,47.950668799999995,-81.81766613333333,1849.675,-8.667,-0.623,-0.317,8.701003171482103,-2.1181818181818186,-0.018181818181818184,0.38181818181818183,2.1531998547767093
5656.25,5656.65,47.9506656,-81.8176576,1836.993,-12.514444444444445,-0.67,-0.3255555555555556,12.538811869765507,-2.033333333333333,-0.15555555555555556,0.32222222222222224,2.066540062065703
5656.25,5656.75,47.9506688,-81.8176448,1827.014,-10.122222222222222,-0.6455555555555557,-0.17333333333333334,10.151551447848338,-1.8888888888888888,-0.2,0.03333333333333334,1.900850475241076
5656.25,5656.85,47.9506704,-81.8176352,1821.9524999999999,-9.777272727272727,-0.2736363636363637,0.005454545454545454,9.788968510401773,-1.8,-0.10909090909090911,0.0,1.80453499175222
5656.25,5656.95,47.9506736,-81.817616,1819.216,-13.685999999999998,-0.807,-0.066,13.716901055499983,-1.7666666666666666,0.0,0.06666666666666667,1.768571424774878
5656.25,5657.05,47.95067733333334,-81.81758933333334,1816.068,-6.998,-0.8059999999999998,-0.21600000000000003,7.052043386938925,-1.6454545454545455,-0.14545454545454545,0.08181818181818182,1.6551954837070333
5656.25,5657.15,47.9506848,-81.8175552,1813.437,-10.363,-0.7469999999999999,-0.121,10.396424962631581,-1.57,-0.19,0.0,1.5817039675539575
5657.25,5657.25,47.9506848,-81.8175424,1810.91,-14.874444444444444,-0.18555555555555556,-0.7311111111111112,14.909104730838711,-1.05,0.1,0.2875,1.1235188428762168
5657.25,5657.35,47.950686399999995,-81.8175328,1809.363,-9.149000000000001,-0.531,0.025,9.167160237064385,-0.8,0.2818181818181818,0.5,0.9852977813771898
5657.25,5657.45,47.950688,-81.8175232,1807.301,-11.472,-2.402,0.9099999999999999,11.806505687250986,-1.0299999999999998,0.010000000000000004,0.14,1.082167081430174
5657.25,5657.55,47.950688,-81.8175232,1805.3425,-12.830000000000002,-1.7449999999999999,0.181,13.015101424176748,-0.9100000000000001,-0.27999999999999997,-0.79,1.2561369661229922
5657.25,5657.65,47.950688,-81.8175232,1803.7965,-9.690000000000001,-0.749,-0.11700000000000002,9.724440170364645,-0.8,-0.21000000000000002,-1.0,1.2988149523230699
5657.25,5657.75,47.950688,-81.8175232,1802.457,-12.147777777777778,1.8533333333333333,0.1288888888888889,12.326217172760659,-0.26249999999999996,-0.07500000000000001,-0.42499999999999993,0.5829150509375913
5657.25,5657.85,47.950688,-81.8175232,1800.4475,-6.220999999999999,0.031000000000000028,0.194,6.259893317692445,0.02727272727272728,-0.15454545454545454,0.4818181818181818,0.5115305494587862
5657.25,5657.95,47.950688,-81.8175232,1799.16,-15.803000000000003,-0.9280000000000002,0.06999999999999999,15.836661574336578,0.0,-0.26999999999999996,0.86,0.9016575188140614
5657.25,5658.05,47.950688,-81.8175232,1798.0275,-10.744545454545452,-1.8654545454545455,-0.2227272727272727,10.979957107488799,0.16999999999999998,-0.19,0.7200000000000001,0.8042189524893291
5657.25,5658.15,47.950688,-81.8175232,1796.586,-3.664444444444444,-1.4500000000000002,0.1588888888888889,3.951472047519295,0.32,0.0,0.2,0.3863578573605273
5658.25,5658.25,47.950688,-81.8175232,1795.145,-12.08222222222222,-1.51,-0.23111111111111113,12.271658843891608,0.37777777777777777,0.03333333333333334,-0.2888888888888889,0.4841844828933664
5658.25,5658.35,47.950688,-81.8175232,1793.549,-10.432,0.733,0.497,10.521525250950658,0.42000000000000004,0.2,-0.26000000000000006,0.5378333376254402
5658.25,5658.45,47.950688,-81.8175232,1791.234,-9.062,-0.42300000000000004,0.008000000000000007,9.07835946870107,0.32999999999999996,0.12000000000000002,-0.2,0.4070222526997255
5658.25,5658.55,47.950688,-81.8175232,1789.5875,-10.525454545454547,0.008181818181818205,0.15818181818181817,10.536482336487204,0.22999999999999998,-0.030000000000000006,-0.1,0.26929776106179004
5658.25,5658.65,47.950688,-81.8175232,1788.147,-6.577777777777778,-0.5877777777777777,0.17777777777777776,6.609203410531027,0.02,-0.1,0.0,0.10828427124746191
5658.25,5658.75,47.950688,-81.8175232,1786.656,-13.656,-0.724,0.40099999999999997,13.68274923642474,0.07777777777777778,-0.1,0.12222222222222223,0.1820851183128548
5658.25,5658.85,47.950688,-81.8175232,1785.782,-9.263,0.149,0.5609999999999999,9.286244607444235,0.3,0.0,0.51,0.5930718582584329
5658.25,5658.95,47.950688,-81.8175232,1784.959,-6.037777777777778,-0.18555555555555556,0.44222222222222224,6.05853563167087,0.5,0.0,0.78,0.9267649959053808
5658.25,5659.05,47.950688,-81.8175232,1784.137,-13.345454545454546,-2.1409090909090907,-0.3609090909090909,13.643639638937925,0.5181818181818182,0.07272727272727274,0.5545454545454546,0.813421976254984
5658.25,5659.15,47.950688,-81.8175232,1782.595,-8.339999999999998,-1.0622222222222222,-0.042222222222222196,8.574859555473822,0.5777777777777777,0.3444444444444444,-0.4888888888888888,0.8544727977984466
5659.25,5659.25,47.950688,-81.8175232,1780.1285,-11.395,0.13199999999999998,0.215,11.39991431689138,0.65,0.31999999999999995,-0.6300000000000001,0.9608895636651654
5659.25,5659.35,47.950688,-81.8175232,1777.149,-14.597,-0.343,0.04800000000000001,14.602532016991086,0.8222222222222223,0.4,-0.6666666666666665,1.1340427721560713
5659.25,5659.45,47.950688,-81.8175232,1775.3,-8.327777777777778,0.21666666666666667,-0.2677777777777778,8.352296995889553,0.9999999999999998,0.4,-0.51,1.1994639631240296
5659.25,5659.55,47.950688,-81.8175232,1773.965,-8.395454545454545,0.2,-0.5254545454545455,8.449837150257382,1.481818181818182,0.4,-0.07272727272727274,1.5409980676067254
5659.25,5659.65,47.950688,-81.8175232,1773.451,-12.732,-0.617,0.6799999999999999,12.829398098280127,1.7444444444444445,0.2777777777777778,0.05555555555555555,1.7774086821260426
5659.25,5659.75,47.950688,-81.8175232,1772.939,-11.687777777777777,-0.7044444444444445,-0.46444444444444444,11.734724318987041,1.8999999999999997,-0.14,0.41999999999999993,1.953855342267865
5659.25,5659.85,47.950688,-81.8175232,1771.809,-11.142,-0.9790000000000001,-0.433,11.204275796528574,1.8800000000000001,-0.04,0.45999999999999996,1.9373377474921756
5659.25,5659.95,47.950688,-81.8175232,1774.0165000000002,-5.254444444444444,-1.3044444444444445,-0.21555555555555556,5.421994077672734,1.5111111111111113,0.0,0.08888888888888888,1.5162362869072674
5659.25,5660.05,47.950688,-81.8175232,1778.279,-8.787272727272727,-0.7072727272727272,-0.019090909090909085,8.827171323145464,0.9818181818181819,0.0,-0.22727272727272727,1.0119388782477048
5659.25,5660.15,47.950688,-81.8175232,1783.109,-15.242999999999999,0.621,-0.23700000000000002,15.291590626112443,0.7888888888888889,-0.07777777777777778,-0.06666666666666668,0.821819123748442
5660.25,5660.25,47.950688,-81.8175232,1787.428,-6.182222222222222,-0.37333333333333335,0.31666666666666665,6.213563905424771,0.67,-0.1,0.48999999999999994,0.8368883684805489
5660.25,5660.35,47.950688,-81.8175232,1792.52,-7.058181818181819,-0.42181818181818187,0.15363636363636365,7.0744787446335975,0.8,-0.1,0.55,0.9768354300813016
5660.25,5660.45,47.950688,-81.8175232,1795.6080000000002,-12.481111111111112,-1.2244444444444447,-0.4466666666666667,12.560193740694139,0.9777777777777779,0.022222222222222223,0.3,1.048363372169036
5660.25,5660.55,47.950688,-81.8175232,1797.924,-7.733000000000001,-0.256,0.19899999999999998,7.7441842412372015,0.9636363636363637,0.26363636363636367,-0.045454545454545456,1.0052962164863077
5660.25,5660.65,47.950688,-81.8175232,1794.682,-9.044,-0.023,0.013000000000000001,9.048564226947741,0.74,0.13000000000000003,-0.2,0.7796358152798247
5660.25,5660.75,47.950688,-81.8175232,1791.336,-15.157777777777776,-0.13777777777777775,-0.3033333333333334,15.166105983718918,0.5888888888888889,0.0,-0.14444444444444446,0.6093652860535198
5660.25,5660.85,47.950688,-81.8175232,1788.9705,-4.492727272727273,0.3781818181818182,-0.2509090909090909,4.527968728485333,0.3545454545454545,0.13636363636363635,0.06363636363636363,0.39669881171088517
5660.25,5660.95,47.950688,-81.8175232,1785.576,-9.284444444444444,-0.23222222222222222,0.014444444444444446,9.288451912573997,0.33749999999999997,0.2,0.1875,0.4366377293242956
5660.25,5661.05,47.950688,-81.8175232,1781.6190000000001,-14.053,-0.933,0.673,14.125040574325439,-0.018181818181818177,0.10909090909090911,-0.09090909090909091,0.3624014352053312
5660.25,5661.15,47.950688,-81.8175232,1779.7175000000002,-10.364,-0.06500000000000002,0.05100000000000001,10.375279317512211,-0.4,-0.09,-0.5,0.6472979052310359
5661.25,5661.25,47.950688,-81.8175232,1778.793,-10.863333333333333,1.2744444444444443,-0.5066666666666667,10.988855815070895,-0.6000000000000001,-0.07777777777777778,-0.18888888888888888,0.6790899686946019
5661.25,5661.35,47.950688,-81.8175232,1776.6865,-9.20727272727273,0.06727272727272732,-0.4854545454545455,9.240934764159718,-1.0636363636363635,0.0,0.3090909090909091,1.1107293227189166
5661.25,5661.45,47.950688,-81.8175232,1774.273,-11.804444444444444,-0.2277777777777778,-0.1111111111111111,11.809375869379375,-1.1666666666666667,0.0,0.4,1.233430706402222
5661.25,5661.55,47.950688,-81.8175232,1770.4234999999999,-11.396,-1.5240000000000002,-1.347,11.648676599297538,-1.49,0.21999999999999997,0.009999999999999998,1.5170115584732196
5661.25,5661.65,47.950688,-81.8175232,1760.729,-7.763000000000001,-0.24299999999999997,-0.4709999999999999,7.8060906861687345,-1.67,0.5399999999999998,-0.27999999999999997,1.7785744664611713
5661.25,5661.75,47.950688,-81.8175232,1751.917,-12.433000000000002,-0.39899999999999997,-0.16599999999999998,12.44955743418559,-1.7000000000000002,0.5555555555555556,-0.23333333333333334,1.8058042163740307
5661.25,5661.85,47.950688,-81.8175232,1741.9885,-10.2,0.025,0.185,10.207450275936544,-2.009090909090909,0.2,-0.29999999999999993,2.046215697682353
5661.25,5661.95,47.950750400000004,-81.81717760000001,1736.875,-6.083,-0.6769999999999999,0.78,6.185418296086221,-2.1444444444444444,-0.06666666666666668,-0.3111111111111111,2.1699687874797946
5661.25,5662.05,47.9508144,-81.816816,1734.5749999999998,-13.233333333333333,-0.3777777777777778,-0.4855555555555556,13.264965531409423,-1.8499999999999996,-0.27,-0.48999999999999994,1.9346739513584421
5661.25,5662.15,47.95082453333333,-81.81679573333332,1732.684,-9.744,-0.558,-0.6010000000000001,9.791130235127174,-2.0700000000000003,-2.7755575615628915e-18,-0.6299999999999999,2.166076528813131
5662.25,5662.25,47.950832,-81.8167744,1729.7215,-10.047,-0.8110000000000002,-0.352,10.08811803790943,-2.1,0.25555555555555554,-0.5111111111111111,2.1781352270002072
5662.25,5662.35,47.9508352,-81.8167488,1727.066,-9.678,-0.655,1.7600000000000002,9.997880020851273,-1.8181818181818181,0.23636363636363636,-0.10909090909090909,1.8433847491814814
5662.25,5662.45,47.95084,-81.81674240000001,1726.454,-8.553,-1.7760000000000002,3.5629999999999997,9.50719244811103,-1.06,-0.28,0.0,1.1211705191254944
5662.25,5662.55,47.950851199999995,-81.81673173333334,1724.973,-11.443000000000001,-0.758,0.2919999999999999,11.51954654340479,-1.188888888888889,-0.7444444444444445,0.0,1.4033325578103768
5662.25,5662.65,47.95086293333333,-81.8167296,1723.595,-7.844444444444444,0.4933333333333333,-0.4988888888888888,7.887845254716565,-1.5399999999999998,-0.8099999999999999,0.12,1.747132355790353
5662.25,5662.75,47.9508672,-81.8167168,1723.748,-9.543000000000001,0.209,-0.818,9.585638580114116,-1.86,-0.7700000000000001,0.24,2.0290674356231624
5662.25,5662.85,47.9508736,-81.8167104,1731.458,-8.072,0.18600000000000003,-1.3350000000000002,8.189906583563817,-2.3099999999999996,-0.43,0.32999999999999996,2.3767325676720086
5662.25,5662.95,47.9508752,-81.816704,1746.1844999999998,-8.128,-1.215,-0.47300000000000003,8.25525957516777,-2.29,-0.2,0.4,2.3337104533627255
5662.25,5663.05,47.950874666666664,-81.81669333333332,1757.244,-9.068000000000001,-1.657,0.078,9.231069403914347,-1.3888888888888888,-0.044444444444444446,0.4,1.4513661366091204
5662.25,5663.15,47.9508736,-81.81668266666667,1759.192,-10.033333333333333,-2.022222222222222,0.49888888888888894,10.254450985892143,-0.17999999999999997,0.12,0.38,0.5407257800014242
5663.25,5663.25,47.9508768,-81.816672,1756.732,-10.304,-1.8840000000000003,0.7449999999999999,10.510882366688268,0.71,0.33999999999999997,0.17,0.8213134034904972
5663.25,5663.35,47.9508768,-81.8166656,1748.435,-9.488181818181816,-0.6836363636363636,0.29818181818181827,9.52221953170091,1.23,0.45,0.0,1.309986731293804
5663.25,5663.45,47.9508816,-81.8166496,1735.19,-9.222222222222221,-0.33111111111111113,-0.03777777777777777,9.22913198518112,1.3000000000000003,0.44000000000000006,0.0,1.3732237616114915
5663.25,5663.55,47.95089066666666,-81.81663146666666,1721.145,-10.153,-0.33799999999999997,-0.23199999999999998,10.161605191748112,1.3000000000000003,0.36,-0.08,1.3527202044645292
5663.25,5663.65,47.950896,-81.8166144,1711.508,-8.56875,-0.34750000000000003,-0.345,8.583930113871519,1.3,0.24444444444444446,-0.1,1.3274542492489245
5663.25,5663.75,47.9509056,-81.8165952,1706.566,-9.384,-0.329,-0.504,9.403614663167328,1.12,0.12000000000000002,-0.08,1.1303441922102786
5663.25,5663.85,47.9509088,-81.8165856,1703.867,-8.258181818181818,-0.7209090909090908,-0.520909090909091,8.30670204781634,0.7200000000000001,0.01,-0.08,0.7268849426752777
5663.25,5663.95,47.9509136,-81.8165664,1702.3905,-8.703333333333333,-0.5044444444444445,-0.2688888888888889,8.724120270811941,0.16,-0.02,-0.1,0.21576651150446385
5663.25,5664.05,47.950921599999994,-81.81654826666666,1700.456,-8.727272727272727,-0.4190909090909091,-0.038181818181818185,8.741346185069967,-0.35454545454545455,-0.2,-0.1,0.42412520587051505
5663.25,5664.15,47.9509312,-81.8165312,1698.8785,-8.923333333333336,-0.13333333333333333,-0.2255555555555556,8.927579122039903,-0.8125,-0.3875,-0.025,0.9030033331787928
5664.25,5664.25,47.9509376,-81.816512,1697.708,-8.442222222222222,-0.15666666666666668,-0.4411111111111111,8.456148733720058,-1.33,-0.5,0.0,1.4216080537160214
5664.25,5664.35,47.9509424,-81.8165056,1698.98,-8.107272727272727,-0.36363636363636365,-0.33636363636363636,8.122971167270379,-1.5636363636363635,-0.4,0.03636363636363637,1.6151346623625933
5664.25,5664.45,47.950950399999996,-81.8164864,1706.668,-9.454444444444444,-0.2788888888888889,-0.5211111111111112,9.473256627730267,-1.7333333333333334,-0.2777777777777778,0.15555555555555556,1.7643985495751604
5664.25,5664.55,47.95096,-81.81646506666668,1711.7115,-8.32909090909091,-0.5681818181818182,-0.20454545454545456,8.353125145769082,-1.9090909090909092,-0.16363636363636366,0.24545454545454548,1.9330742570558004
5664.25,5664.65,47.9509696,-81.8164352,1716.0455000000002,-9.417777777777777,-0.5977777777777779,-0.05777777777777778,9.437145717583753,-2.025,-0.1,0.2,2.037313686860929
5664.25,5664.75,47.9509824,-81.8164224,1716.452,-7.936666666666666,-0.5411111111111112,-0.18444444444444447,7.957523340205234,-2.16,-0.07,0.11000000000000001,2.1646577731327197
5664.25,5664.85,47.950984000000005,-81.8164128,1722.0639999999999,-10.640909090909089,-0.7381818181818182,-0.15,10.667626560461954,-2.1999999999999997,0.0,0.12727272727272726,2.2041262769771404
5664.25,5664.95,47.9509872,-81.8163936,1716.249,-8.917,-0.6839999999999999,-0.23399999999999999,8.947310192526725,-2.2,0.0,0.2222222222222222,2.2115806762552297
5664.25,5665.05,47.95099306666666,-81.81636693333333,1704.1225,-10.839000000000002,-0.5589999999999999,-0.394,10.862531726500373,-2.1999999999999997,0.0,0.3181818181818181,2.2232162668233317
5664.25,5665.15,47.9510016,-81.8163392,1691.706,-11.562222222222223,-0.4444444444444444,-0.5744444444444444,11.58629205022583,-2.2999999999999994,0.0,0.43333333333333335,2.3408507289145244
5665.25,5665.25,47.9510048,-81.8163136,1685.709,-8.57,-0.701111111111111,-0.2733333333333333,8.614665912691931,-2.433333333333333,-0.011111111111111112,0.4555555555555555,2.4770270855169993
5665.25,5665.35,47.9510064,-81.816304,1680.63,-13.055454545454545,-1.9409090909090911,0.6018181818181818,13.22321850501217,-2.6,-0.1,1.0092936587501423e-17,2.6055083897141036
5665.25,5665.45,47.951011199999996,-81.8162816,1677.482,-9.347999999999999,-1.353,0.365,9.456036676001899,-2.011111111111111,0.0,-0.3333333333333333,2.041116094668968
5665.25,5665.55,47.9510208,-81.81626026666667,1674.8429999999998,-12.107,-0.7090000000000001,0.337,12.149772048645392,-1.4090909090909092,0.17272727272727273,-0.23636363636363636,1.4437173150872937
5665.25,5665.65,47.9510272,-81.8162304,1672.408,-11.443000000000001,0.268,0.9129999999999999,11.488593592222816,-0.8699999999999999,0.11000000000000001,0.22999999999999998,0.9401300221207274
5665.25,5665.75,47.9510304,-81.816224,1670.0745,-10.15,-0.16000000000000003,0.11625,10.179836124515989,-0.6,-0.037500000000000006,0.725,0.9444909815803199
5665.25,5665.85,47.951040000000006,-81.816208,1668.857,-15.350909090909086,-3.3090909090909095,-0.8145454545454546,15.773935941576854,-0.5454545454545454,0.12727272727272726,0.3636363636363636,0.7241113452942788
5665.25,5665.95,47.9510464,-81.81619520000001,1667.337,-14.413999999999998,-1.053,0.8320000000000001,14.646308759842583,-0.14444444444444446,0.4,-0.3111111111111111,0.5603823481924508
5665.25,5666.05,47.951050666666674,-81.81618346666666,1664.903,-10.389999999999999,3.376,2.9459999999999997,11.448237088746392,0.4272727272727273,0.018181818181818188,-0.21818181818181817,0.574034420989659
5665.25,5666.15,47.9510624,-81.8161728,1663.282,-10.135,1.023,0.7769999999999999,10.244717141234606,0.11000000000000001,-0.6,0.22999999999999998,0.683586477560332
5666.25,5666.25,47.9510656,-81.8161632,1662.167,-9.021111111111113,0.041111111111111105,-0.24000000000000002,9.028622797021363,-0.2,-0.6875,0.5625,0.9143696506627386
5666.25,5666.35,47.951071999999996,-81.8161504,1661.661,-9.437999999999999,-0.612,-2.132,9.725679988916639,-0.9090909090909091,-0.20909090909090908,0.5454545454545455,1.165195635687128
5666.25,5666.45,47.9510816,-81.81613866666667,1660.5965,-9.865,-1.0589999999999997,-1.4,10.045566655322549,-1.85,0.41,0.19000000000000003,1.9134165225280022
5666.25,5666.55,47.9510912,-81.8161216,1658.925,-12.180000000000001,-0.9940000000000001,1.097,12.274984071601901,-1.9300000000000002,0.57,0.1,2.015829833606803
5666.25,5666.65,47.9511008,-81.8161088,1658.925,-11.849,-1.193,1.907,12.064941371413205,-1.6799999999999997,0.25000000000000006,0.04,1.7049914787551472
5666.25,5666.75,47.9511072,-81.816096,1661.7620000000002,-7.037777777777778,-0.6466666666666667,0.9988888888888889,7.1542993125714025,-1.325,-0.05,-0.07500000000000001,1.3299194908307084
5666.25,5666.85,47.9511088,-81.8160864,1666.627,-9.611,-0.551,0.31500000000000006,9.633759609103441,-1.1454545454545455,-0.045454545454545456,-0.1,1.1517035997372402
5666.25,5666.95,47.9511168,-81.81606826666666,1671.4445,-6.537999999999999,-0.16699999999999998,-0.171,6.544834092714036,-1.2100000000000002,0.0,-0.030000000000000006,1.2112855017477187
5666.25,5667.05,47.9511232,-81.8160576,1675.655,-10.227272727272727,-0.6363636363636362,-0.15818181818181817,10.250148001551956,-1.4200000000000002,0.18000000000000002,0.0,1.4328537383538642
5666.25,5667.15,47.9511296,-81.8160384,1676.3654999999999,-8.402222222222221,-0.6077777777777776,-0.13555555555555554,8.427425121452476,-1.41,0.29999999999999993,0.13999999999999999,1.4499202039241244
5667.25,5667.25,47.9511328,-81.8160256,1675.35,-9.168000000000001,-0.5930000000000001,-0.24000000000000007,9.192539422548332,-1.37,0.25000000000000006,0.2899999999999999,1.4235766492741018
5667.25,5667.35,47.9511376,-81.816016,1674.9955,-8.549999999999999,-1.1666666666666667,0.04000000000000001,8.632920530802755,-1.1666666666666667,0.022222222222222223,0.07777777777777778,1.1724693923375944
5667.25,5667.45,47.9511424,-81.8159936,1674.1835,-8.858999999999998,-0.32399999999999995,-0.262,8.87347041076578,-1.01,0.0,-0.08,1.0139900496896712
5667.25,5667.55,47.9511456,-81.8159744,1672.002,-11.534545454545453,-0.35818181818181816,-0.42363636363636364,11.548559690037385,-1.02,-0.02,-0.1,1.0258007798178594
5667.25,5667.65,47.9511456,-81.8159488,1668.6550000000002,-8.172222222222224,-0.4755555555555555,-0.031111111111111128,8.19364204253159,-1.02,-0.16,-0.13,1.0429784972366156
5667.25,5667.75,47.9511488,-81.815936,1665.005,-9.013,-0.36700000000000005,-0.2760000000000001,9.026694083812583,-1.0,-0.2,-0.2,1.0392304845413265
5667.25,5667.85,47.9511488,-81.8159232,1660.2930000000001,-11.815000000000001,-0.38799999999999996,-0.14800000000000002,11.822848531519064,-0.9888888888888889,-0.17777777777777778,-0.2,1.025185590881646
5667.25,5667.95,47.9511488,-81.81590186666666,1654.267,-7.7299999999999995,0.11222222222222222,-0.02888888888888889,7.739964820241847,-0.8400000000000001,-0.04,-0.15000000000000002,0.8577366972934911
5667.25,5668.05,47.951152,-81.815872,1647.2345,-12.659999999999998,0.4936363636363636,-0.04727272727272727,12.69867495506594,-1.072727272727273,0.0,0.2,1.0974272989829557
5667.25,5668.15,47.951152,-81.8158592,1642.1275,-13.076666666666666,-0.8011111111111111,-0.2544444444444444,13.105065041946766,-1.2555555555555555,-0.13333333333333336,0.3888888888888889,1.3251572621598156
5668.25,5668.25,47.951152,-81.8158496,1635.963,-9.282,-1.1440000000000001,-0.063,9.35876789719684,-1.02,-0.37,0.17,1.1051725605828484
5668.25,5668.35,47.951152,-81.8158304,1633.1345000000001,-11.165000000000001,-1.113,-1.9300000000000002,11.415014756688313,-0.30000000000000004,0.02222222222222223,-0.15555555555555556,0.5346099392061316
5668.25,5668.45,47.951152,-81.815808,1630.408,-10.084444444444443,-0.25111111111111106,-0.3755555555555556,10.118965006321645,0.55,0.72,-0.12000000000000002,0.9174563871512662
5668.25,5668.55,47.951152,-81.8157888,1628.3395,-12.32909090909091,-0.9481818181818181,0.6036363636363636,12.410985593066222,1.0454545454545456,0.5454545454545455,-0.009090909090909092,1.2020167705266784
5668.25,5668.65,47.9511552,-81.815776,1626.977,-9.623,0.199,-0.9209999999999999,9.76787505704965,1.8777777777777775,0.2555555555555556,0.1888888888888889,1.9144461992826156
5668.25,5668.75,47.9511552,-81.8157664,1631.317,-7.037777777777778,-0.27222222222222225,-0.29888888888888887,7.067390121033664,2.55,0.13999999999999999,0.47000000000000003,2.5974972533702245
5668.25,5668.85,47.951155199999995,-81.81574826666666,1641.2175,-11.224545454545455,-0.9354545454545455,-1.2336363636363634,11.342512314367987,2.6700000000000004,0.22999999999999998,0.43999999999999995,2.717228272210679
5668.25,5668.95,47.9511616,-81.8157248,1644.756,-10.592500000000001,-0.4675,-1.2575,10.696985263802908,2.3875,0.375,0.1,2.4200596409773167
5668.25,5669.05,47.9511648,-81.815712,1637.478,-7.2718181818181815,-0.05454545454545456,-0.5636363636363636,7.322529162376399,2.2181818181818183,0.27272727272727276,0.045454545454545456,2.2364005984499475
5668.25,5669.15,47.951168,-81.8156864,1627.381,-12.646,-0.10499999999999998,-0.8049999999999999,12.676718673610612,2.1888888888888887,0.044444444444444446,0.17777777777777778,2.2004342958356418
5669.25,5669.25,47.9511696,-81.81568,1618.9589999999998,-9.291111111111112,-0.7044444444444443,-0.8333333333333334,9.366103783869141,1.9299999999999997,0.04,0.48,1.9903759464162007
5669.25,5669.35,47.9511776,-81.81566933333333,1613.466,-12.336363636363636,-2.091818181818182,-0.10909090909090909,12.545189656012827,2.1999999999999997,0.05454545454545456,0.5181818181818183,2.265226063269321
5669.25,5669.45,47.951184,-81.815648,1611.35,-13.916666666666666,-1.6144444444444443,-0.20333333333333328,14.060067182808032,2.925,-0.125,0.32499999999999996,2.947901663562125
5669.25,5669.55,47.9511872,-81.8156352,1607.5745,-8.52,-0.925,-1.8039999999999998,8.778866878664711,3.3909090909090907,-0.13636363636363635,0.5363636363636363,3.4381996926846794
5669.25,5669.65,47.9511888,-81.815632,1606.115,-11.693000000000001,-2.1890000000000005,-0.2880000000000001,11.979610321985826,2.61,0.0,0.16,2.6262439657600773
5669.25,5669.75,47.9511904,-81.8156192,1604.2525,-9.932222222222222,-0.34,-0.00333333333333333,9.955327640218933,1.6,-0.18888888888888888,-0.3222222222222222,1.6438146520345862
5669.25,5669.85,47.9511904,-81.81560533333334,1603.397,-10.817272727272728,-0.44909090909090904,-0.08636363636363638,10.838538568753807,1.518181818181818,-0.3181818181818181,-0.3909090909090909,1.6008820986635506
5669.25,5669.95,47.9511936,-81.8155904,1603.246,-12.77111111111111,0.15222222222222223,-2.318888888888889,13.489170377919839,1.7999999999999998,-0.13749999999999998,-0.1625,1.8271413744304321
5669.25,5670.05,47.9511936,-81.8155776,1604.202,-8.349,-0.06600000000000002,-1.1320000000000001,8.836908558216102,1.6545454545454545,0.3909090909090909,0.0,1.7064009571803391
5669.25,5670.15,47.9511936,-81.815568,1604.504,-14.403,-0.119,0.48,14.44911912403077,1.07,0.29000000000000004,0.0,1.1103112356801386
5670.25,5670.25,47.9511936,-81.815552,1604.403,-7.99888888888889,-0.25777777777777783,0.6344444444444446,8.046245266801757,0.8222222222222222,-0.022222222222222223,-0.06666666666666667,0.8331866667971356
5670.25,5670.35,47.9511936,-81.81553279999999,1606.517,-9.364545454545453,-0.2727272727272727,-0.005454545454545459,9.377842027256916,0.7545454545454546,-0.3181818181818181,-0.06363636363636364,0.8268429594097224
5670.25,5670.45,47.9511904,-81.81552,1612.2065,-10.422999999999998,-0.33,-0.07699999999999999,10.432100716401752,0.7,-0.4,0.0,0.8062257748298549
5670.25,5670.55,47.9511936,-81.8155072,1618.808,-8.982222222222223,-0.21555555555555556,0.10222222222222224,8.99471669557352,0.9,-0.24000000000000005,0.04,0.9354190088914172
5670.25,5670.65,47.9511936,-81.8154976,1625.363,-10.404,-0.31,0.43,10.42085487326716,0.9700000000000001,-0.15000000000000002,0.07,0.985999191209344
5670.25,5670.75,47.9511936,-81.8154816,1629.904,-8.940999999999999,-0.789,0.4170000000000001,8.989855780213729,0.6111111111111112,-0.03333333333333334,-0.20000000000000004,0.6688062603094046
5670.25,5670.85,47.9511936,-81.81546666666667,1630.9135,-9.477,-0.8220000000000001,0.146,9.520130609612,0.3727272727272727,0.0,-0.6363636363636362,0.738585230305731
5670.25,5670.95,47.9511936,-81.8154496,1630.6105,-11.023,-0.9159999999999998,-0.30900000000000005,11.066748826842375,0.7300000000000001,0.16,-0.9199999999999999,1.1901573758185222
5670.25,5671.05,47.9512,-81.8154368,1629.298,-9.584444444444445,-0.6,0.02666666666666666,9.604716842718833,1.1333333333333333,0.37777777777777777,-1.0222222222222221,1.5743190580254
5670.25,5671.15,47.9512,-81.8154336,1627.4815,-10.805,0.386,-0.19299999999999998,10.819903824472446,1.5499999999999998,0.45,-0.7899999999999999,1.8115733000119945
5671.25,5671.25,47.951201600000005,-81.81542400000001,1625.565,-7.650999999999999,0.06699999999999999,-0.221,7.657344980059622,1.5333333333333332,0.5333333333333333,-0.4111111111111111,1.6773980767148644
5671.25,5671.35,47.95120533333333,-81.81540480000001,1618.5555,-8.197,-0.015,-0.2,8.202851958226876,1.3818181818181818,0.6545454545454545,-0.11818181818181818,1.538092135784919
5671.25,5671.45,47.9512096,-81.815392,1608.128,-10.578999999999999,-0.5860000000000001,0.12700000000000003,10.60183024394497,1.16,0.8300000000000001,0.0,1.4279411015802417
5671.25,5671.55,47.9512096,-81.8153792,1594.4470000000001,-10.25,-0.624,0.042,10.27121254263386,1.0555555555555556,0.8999999999999999,0.0,1.3875316467339371
5671.25,5671.65,47.9512144,-81.8153728,1585.455,-11.380000000000003,-0.1922222222222222,0.3055555555555556,11.391239775334368,1.1800000000000002,0.86,0.06000000000000001,1.467010776244732
5671.25,5671.75,47.9512208,-81.81536,1575.468,-10.129000000000001,-0.372,0.21799999999999997,10.142969918187953,1.69,0.6699999999999999,0.33999999999999997,1.8531732035754458
5671.25,5671.85,47.9512224,-81.81534933333334,1571.909,-9.164000000000001,-0.469,0.209,9.179271898030208,2.1000000000000005,0.53,0.44000000000000006,2.2122835455376597
5671.25,5671.95,47.9512256,-81.815328,1570.054,-10.757,-0.5740000000000001,0.45099999999999996,10.782281056689179,2.5900000000000003,0.32999999999999996,0.5900000000000001,2.6783453216254927
5671.25,5672.05,47.951227200000005,-81.8153248,1568.251,-9.379999999999997,-1.0336363636363635,-0.045454545454545456,9.439916718292135,3.1666666666666665,0.2,0.7666666666666666,3.264421008005282
5671.25,5672.15,47.951232000000005,-81.8153152,1567.048,-11.120000000000001,-1.13375,-0.9274999999999999,11.224126241486399,3.55,0.22999999999999998,0.75,3.6365186706120722
5672.25,5672.25,47.9512352,-81.8152992,1566.447,-10.489,-0.853,-1.467,10.631515487710042,3.789999999999999,0.42000000000000004,0.58,3.8583551707034607
5672.25,5672.35,47.951239466666664,-81.81528533333334,1566.1464999999998,-9.565454545454545,0.22545454545454546,-1.0654545454545454,9.629401680609005,3.6100000000000003,0.42000000000000004,0.5399999999999999,3.675023654197804
5672.25,5672.45,47.9512448,-81.8152704,1570.756,-9.67,-0.25,-1.2144444444444444,9.753724033905154,3.25,0.51,0.6900000000000001,3.36245645503577
5672.25,5672.55,47.951248,-81.8152512,1578.0265,-10.146363636363636,-0.6563636363636364,-0.35181818181818175,10.182440741017112,3.372727272727273,0.6727272727272727,0.7272727272727272,3.515841509398209
5672.25,5672.65,47.951248,-81.8152448,1575.77,-10.87125,-0.0925,-0.2025,10.880328909184913,3.5,0.6,0.875,3.657973360368184
5672.25,5672.75,47.95125013333333,-81.81523413333332,1564.494,-9.753,-0.273,-0.027000000000000007,9.762541814401766,2.85,0.52,0.99,3.0637434038673916
5672.25,5672.85,47.9512544,-81.8152192,1557.235,-10.002727272727272,-1.1372727272727274,0.54,10.096504093780824,2.04,0.42000000000000004,0.8900000000000002,2.2659213808411485
5672.25,5672.95,47.9512608,-81.8152,1556.134,-9.012222222222224,-1.6788888888888889,0.5266666666666667,9.192282650996715,1.7100000000000002,0.13,0.6899999999999998,1.8520320713579062
5672.25,5673.05,47.951262400000005,-81.8151936,1553.133,-8.881818181818183,-1.0445454545454547,-0.2445454545454546,8.948146651315168,0.9727272727272727,-0.045454545454545456,0.48181818181818187,1.0939212089176165
5672.25,5673.15,47.951264,-81.81518399999999,1551.432,-10.853333333333333,-0.9555555555555555,-0.15555555555555556,10.90325233993413,0.1375,-0.25,0.3375,0.47018180804740095
5673.25,5673.25,47.95126613333333,-81.81516799999999,1550.032,-8.561111111111112,-0.24999999999999994,-0.33666666666666667,8.573270195210315,0.0,-0.4,0.29999999999999993,0.5
5673.25,5673.35,47.9512704,-81.8151488,1548.232,-10.167272727272728,0.011818181818181816,-0.11454545454545452,10.169078128361232,0.0,-0.4,0.22727272727272732,0.46323564868741035
5673.25,5673.45,47.9512736,-81.8151424,1545.8335,-10.744444444444445,0.13777777777777778,0.1688888888888889,10.748570104766564,-0.03333333333333334,-0.4444444444444444,0.06666666666666668,0.4556845131384383
5673.25,5673.55,47.9512736,-81.8151328,1544.634,-7.961818181818183,-0.6336363636363637,-0.37454545454545457,8.00718713835563,-2.523234146875356e-18,-0.3909090909090909,-0.06363636363636363,0.4177316226240407
5673.25,5673.65,47.9512768,-81.81512000000001,1544.334,-10.277,-0.704,-0.604,10.330644558568206,0.47500000000000003,-0.1,-0.3125,0.5969492048476747
5673.25,5673.75,47.951282133333336,-81.81510826666668,1542.4360000000001,-8.27375,-0.71875,0.41125,8.325009289895881,1.1400000000000001,0.0,-0.48,1.2375078408230558
5673.25,5673.85,47.9512864,-81.8150912,1540.139,-11.831818181818182,-1.2836363636363635,-0.05727272727272728,11.905213352633394,1.7,0.009090909090909092,-0.5636363636363636,1.7914880703371727
5673.25,5673.95,47.9512896,-81.8150784,1538.141,-9.413,-1.0959999999999999,-0.749,9.523811727936838,2.222222222222222,0.1,-0.5555555555555556,2.2943529944746284
5673.25,5674.05,47.9512928,-81.8150656,1537.143,-7.050000000000002,-0.8150000000000001,-1.319,7.2245457020534385,2.618181818181818,0.13636363636363635,-0.4272727272727273,2.657302204129954
5673.25,5674.15,47.9512928,-81.81505920000001,1536.993,-9.843,-0.8550000000000001,-1.768,10.040686511768168,2.6100000000000003,0.4,-0.42000000000000004,2.6765945936624562
5674.25,5674.25,47.95129706666666,-81.81504426666667,1537.642,-8.263750000000002,-1.05,-1.2799999999999998,8.433157353228754,2.85,0.7,-0.6,2.9959361670961338
5674.25,5674.35,47.9513024,-81.8150272,1547.484,-10.649090909090907,-0.8863636363636364,-1.481818181818182,10.789957381621736,3.4181818181818175,0.6,-0.6818181818181818,3.538372160669266
5674.25,5674.45,47.9513024,-81.815008,1559.79,-8.879000000000001,-0.722,-1.7720000000000002,9.122512497362816,3.7777777777777777,0.4555555555555556,-0.5666666666666667,3.8477035209135084
5674.25,5674.55,47.951304,-81.8150048,1574.566,-8.378,-0.39799999999999996,-2.04,8.658341167404076,3.427272727272727,0.3818181818181818,-0.5999999999999999,3.5016566122154416
5674.25,5674.65,47.95130773333333,-81.81499306666666,1568.152,-11.145999999999999,-0.316,-1.403,11.242925687493768,3.25,0.5399999999999999,-0.51,3.3342746430480523
5674.25,5674.75,47.951312,-81.8149824,1547.332,-5.9911111111111115,-0.7188888888888889,-0.9566666666666666,6.119116098563,3.3499999999999996,0.5125,-0.5625,3.4366280327560754
5674.25,5674.85,47.9513184,-81.8149632,1527.365,-13.482999999999999,-0.9810000000000001,-0.962,13.554838036670166,3.3,0.3363636363636363,-0.6818181818181818,3.3870023011666883
5674.25,5674.95,47.9513216,-81.8149504,1521.084,-9.469999999999999,-0.8450000000000001,-0.9680000000000002,9.585625880366141,3.21,0.21000000000000002,-0.6900000000000001,3.291188804994749
5674.25,5675.05,47.951323200000004,-81.8149472,1520.237,-10.992999999999999,-0.193,-1.5530000000000002,11.109672007902114,3.1500000000000004,0.11000000000000001,-0.47000000000000003,3.188304095658338
5674.25,5675.15,47.95132693333333,-81.8149312,1519.6390000000001,-10.228,-0.14500000000000002,-1.5420000000000003,10.355336846209429,2.88,0.38,-0.27999999999999997,2.921782662244867
5675.25,5675.25,47.9513312,-81.814912,1518.593,-11.058,-0.24699999999999997,-0.29400000000000004,11.07329402791455,2.5625,0.5,-0.4125,2.644754538628124
5675.25,5675.35,47.9513408,-81.8148928,1519.3899999999999,-12.055555555555555,-0.29111111111111115,-0.3611111111111111,12.06778293505834,2.6454545454545455,0.3818181818181818,-0.5454545454545454,2.731222218857581
5675.25,5675.45,47.951344,-81.81488,1525.569,-8.971999999999998,0.173,-0.8629999999999999,9.029160444680839,3.0200000000000005,0.22000000000000003,-0.19,3.037201556878479
5675.25,5675.55,47.951344,-81.81487680000001,1540.0895,-9.769000000000002,-0.519,-1.0310000000000001,9.849660374860111,2.82,0.3,0.16,2.841986981091683
5675.25,5675.65,47.951344,-81.8148608,1546.833,-12.389999999999999,-1.122,-1.107,12.491276656317662,2.8099999999999996,0.4,0.15000000000000002,2.842738794040111
5675.25,5675.75,47.9513472,-81.8148416,1543.635,-10.449,-0.779,0.13799999999999998,10.48883787531385,3.133333333333333,0.17777777777777778,0.1111111111111111,3.1436252589919196
5675.25,5675.85,47.9513504,-81.8148288,1529.4099999999999,-9.857777777777777,-1.1733333333333331,-0.9133333333333332,9.98235620125276,3.5900000000000007,-0.09,0.27999999999999997,3.6023185110946825
5675.25,5675.95,47.9513504,-81.8148192,1510.926,-12.429,-2.1599999999999997,-1.0300000000000002,12.7006967765698,3.91,-0.17,0.12000000000000002,3.9183791044977268
5675.25,5676.05,47.951352,-81.81480640000001,1502.619,-11.88090909090909,-0.8636363636363636,-1.4045454545454545,12.027858355534333,3.7400000000000007,-0.45,0.02,3.7679533046993208
5675.25,5676.15,47.95135786666666,-81.81479466666667,1500.879,-12.55888888888889,-1.1355555555555554,-2.81,13.059785601657808,3.65,-0.16,0.16000000000000003,3.663716345853112
5676.25,5676.25,47.9513632,-81.8147712,1499.587,-9.324,-1.2650000000000001,-0.9979999999999999,9.49040680480552,3.66,0.05,-0.11000000000000001,3.6645268607608137
5676.25,5676.35,47.9513664,-81.8147584,1498.593,-8.411111111111111,-1.19,-1.0644444444444445,8.601509381652086,3.322222222222222,-0.24444444444444446,-0.3,3.3464348495957057
5676.25,5676.45,47.951368,-81.81475520000001,1499.786,-12.081,-0.817,-1.5210000000000001,12.229056613120553,3.1399999999999997,-0.4,-0.15,3.170448974322389
5676.25,5676.55,47.9513712,-81.8147424,1514.2134999999998,-8.044545454545455,-0.9254545454545454,-0.6363636363636364,8.129183084383914,3.0,-0.29000000000000004,0.08,3.0164527421619547
5676.25,5676.65,47.9513728,-81.81472426666666,1532.352,-8.871111111111112,-1.1322222222222222,-0.8388888888888888,9.003793805393501,3.0,-0.09000000000000001,0.19,3.0083201381128957
5676.25,5676.75,47.9513792,-81.8147072,1535.1965,-10.964,-0.876,-0.805,11.034829088482486,2.75,0.06,0.030000000000000006,2.7516335147488817
5676.25,5676.85,47.9513824,-81.814688,1523.775,-8.453999999999999,-0.8200000000000001,-0.8480000000000001,8.546405566814288,2.7777777777777777,0.0,-0.1111111111111111,2.7801519720594894
5676.25,5676.95,47.951384000000004,-81.81468480000001,1503.964,-12.453333333333333,-0.4099999999999999,-0.7366666666666667,12.510767652021283,2.94,-0.12000000000000002,-0.2,2.9515915467659513
5676.25,5677.05,47.95138773333333,-81.81467306666667,1488.859,-9.158181818181818,0.018181818181818177,-0.719090909090909,9.214345599160195,2.809090909090909,-0.5545454545454545,0.009090909090909089,2.8661667631978927
5676.25,5677.15,47.95139093333333,-81.814656,1485.286,-10.025555555555554,-1.7166666666666666,-1.7577777777777779,10.424992035163797,2.7444444444444445,-0.43333333333333335,0.24444444444444446,2.793734270860483
5677.25,5677.25,47.951392,-81.8146432,1482.309,-10.868,-3.061,-1.4900000000000002,11.41896179226185,3.13,-0.02,-0.18,3.1407738923093853
5677.25,5677.35,47.9513984,-81.8146304,1481.318,-10.721818181818183,-1.0354545454545454,-1.68,10.912307108229676,3.78,-0.12000000000000002,-0.5,3.816577438445946
5677.25,5677.45,47.9514,-81.8146208,1480.4744999999998,-13.25625,-0.74,-1.7725,13.458142985466035,3.677777777777778,-0.3888888888888889,-0.35555555555555557,3.716757012690577
5677.25,5677.55,47.951403733333336,-81.81460266666666,1482.508,-8.25090909090909,-0.2772727272727273,-2.609090909090909,8.8308135773008,3.1999999999999997,-0.018181818181818184,-0.018181818181818184,3.2075874511864853
5677.25,5677.65,47.95140693333334,-81.81459413333333,1492.384,-2.707,-0.48500000000000004,-1.544,3.218277847832797,2.744444444444445,0.3888888888888889,-0.08888888888888889,2.7767338169159794
5677.25,5677.75,47.9514112,-81.8145728,1498.99,-13.969999999999999,-1.0277777777777777,-0.15333333333333335,14.031735937939587,2.48,0.51,-0.41999999999999993,2.57079688594681
5677.25,5677.85,47.9514176,-81.81456,1496.5065,-8.038181818181819,-0.4,-1.0300000000000002,8.137787672033154,2.6900000000000004,0.06000000000000001,-0.58,2.7538510702059447
5677.25,5677.95,47.9514176,-81.81455360000001,1499.1415,-9.139999999999999,0.29875,-1.01,9.201224548142235,2.3375000000000004,-0.1,-0.17500000000000002,2.3487610830251606
5677.25,5678.05,47.95141973333333,-81.81453866666668,1505.055,-7.3536363636363635,-0.14181818181818182,-0.799090909090909,7.407892737202652,1.8909090909090909,0.045454545454545456,0.11818181818181818,1.8988816778191526
5677.25,5678.15,47.95142293333333,-81.81452586666667,1497.6985,-9.017,-0.611,-0.021999999999999995,9.041819287439846,1.6888888888888889,0.25555555555555554,0.2,1.7206534611310291
5678.25,5678.25,47.9514272,-81.8145152,1485.682,-8.754444444444445,-0.36777777777777776,0.017777777777777788,8.764730276411361,1.54,0.4,0.05,1.5926806923483738
5678.25,5678.35,47.9514288,-81.8145056,1472.7930000000001,-9.52,-0.3027272727272728,-0.26818181818181813,9.529143230295514,1.4181818181818182,0.3909090909090909,-0.0818181818181818,1.4754105208888568
5678.25,5678.45,47.9514304,-81.8144896,1464.375,-12.284444444444444,-0.4600000000000001,-0.44222222222222224,12.301355044756697,1.3375,0.2625,-0.25,1.387603018356355
5678.25,5678.55,47.95143253333333,-81.81447466666667,1461.01,-6.756,-0.06400000000000002,0.299,6.777645595204254,1.2090909090909092,0.05454545454545456,-0.2909090909090909,1.2479740864158577
5678.25,5678.65,47.95143786666666,-81.81445760000001,1459.5265,-10.373999999999999,0.861,0.7700000000000002,10.441334217154106,0.7,-0.37,-0.02000000000000001,0.8336498097967796
5678.25,5678.75,47.9514432,-81.8144448,1457.251,-8.634444444444446,-0.3077777777777777,-0.049999999999999996,8.665707652691033,0.16666666666666666,-0.6555555555555554,0.37777777777777777,0.7789635195954787
5678.25,5678.85,47.951444800000004,-81.8144384,1457.2510000000002,-12.185454545454546,-1.4636363636363638,-1.429090909090909,12.400647295668081,-0.33636363636363636,-0.2818181818181818,0.31818181818181823,0.670316846108313
5678.25,5678.95,47.9514464,-81.8144224,1456.657,-10.475,-1.4460000000000002,-1.4809999999999999,10.70021021781047,-1.3666666666666667,0.41111111111111115,0.022222222222222223,1.4332260200624658
5678.25,5679.05,47.95144853333333,-81.81440853333334,1454.4325,-9.958888888888888,-1.0622222222222222,-0.26,10.028831830601263,-1.8,0.7,0.030000000000000006,1.9320969422823695
5678.25,5679.15,47.9514528,-81.8143936,1454.087,-14.794,-1.2839999999999998,1.326,14.958858809702832,-1.65,0.39999999999999997,0.27999999999999997,1.7392118006357484
5679.25,5679.25,47.9514592,-81.8143744,1457.152,-9.062222222222223,-1.0066666666666668,1.081111111111111,9.214342010574013,-0.8333333333333334,-0.4222222222222223,0.3111111111111111,1.011520996302979
5679.25,5679.35,47.9514592,-81.814368,1463.039,-11.785454545454547,-0.690909090909091,-1.1781818181818184,11.936446176636895,-0.609090909090909,-0.5727272727272728,0.1272727272727273,0.8553333828861992
5679.25,5679.45,47.9514608,-81.8143552,1471.009,-10.122000000000002,-1.084,-1.564,10.355863539524279,-0.23333333333333334,-0.06666666666666668,-0.06666666666666668,0.3237190244966999
5679.25,5679.55,47.9514624,-81.81434026666666,1468.83,-9.602222222222222,-0.17666666666666664,-0.7077777777777778,9.64314644262003,0.0,0.44000000000000006,-0.25999999999999995,0.5117671861468922
5679.25,5679.65,47.9514656,-81.8143232,1462.099,-12.822,0.057000000000000016,0.355,12.858520842042921,-0.12000000000000002,0.44000000000000006,-0.28,0.546726613582711
5679.25,5679.75,47.9514688,-81.8143104,1458.685,-10.149000000000001,1.276,1.229,10.324197255032281,-0.7111111111111111,-0.12222222222222223,0.011111111111111108,0.7438668263954968
5679.25,5679.85,47.951470400000005,-81.8143008,1465.167,-11.626999999999999,-0.07,-0.181,11.651179663322399,-1.3454545454545455,-0.6454545454545455,0.29090909090909084,1.5209802464779594
5679.25,5679.95,47.951472,-81.8142848,1473.684,-11.730999999999998,-0.08200000000000003,-0.8380000000000001,11.783999985805856,-1.6,-0.6399999999999999,0.29999999999999993,1.752998586652165
5679.25,5680.05,47.95147626666667,-81.8142656,1484.542,-7.7077777777777765,-0.08333333333333333,-2.0533333333333332,8.001423283455665,-2.2888888888888888,-0.1444444444444445,0.2888888888888889,2.319150208560287
5679.25,5680.15,47.9514848,-81.8142464,1486.774,-10.478,-1.8049999999999997,-0.9189999999999999,10.726922842772922,-2.79,0.15,0.14,2.800923253362951
5680.25,5680.25,47.951488,-81.8142336,1471.011,-11.190999999999999,-2.793,0.438,11.551391952245778,-1.9444444444444444,0.3888888888888889,-0.13333333333333333,1.993668418608921
5680.25,5680.35,47.951488,-81.814224,1453.493,-11.87,-1.139,0.265,11.955361120057123,-1.190909090909091,0.5181818181818182,-0.1272727272727273,1.307731642763132
5680.25,5680.45,47.9514896,-81.81420800000001,1441.4425,-10.557999999999998,0.003999999999999981,1.8820000000000001,10.75056174207158,-0.72,0.09000000000000001,0.13999999999999999,0.773124409745568
5680.25,5680.55,47.95149546666667,-81.81419733333334,1437.198,-8.656363636363636,0.15,0.5972727272727273,8.717031081567628,-0.48888888888888893,-0.5555555555555556,0.6,0.9573703398133576
5680.25,5680.65,47.9515008,-81.814176,1437.001,-12.0125,-1.33625,-1.2112500000000002,12.259733329947958,-0.4555555555555555,-0.6333333333333333,0.6222222222222222,1.0002158125330236
5680.25,5680.75,47.951504,-81.8141632,1439.1715,-10.812,-0.52,0.248,10.865693282036826,-0.25,-0.29999999999999993,0.31,0.5129224325144224
5680.25,5680.85,47.951505600000004,-81.8141568,1439.369,-7.0200000000000005,-0.441,0.145,7.067832621960124,-0.33999999999999997,-0.21000000000000002,-0.08,0.4174003168479624
5680.25,5680.95,47.95150933333333,-81.8141376,1438.481,-11.047,1.1149999999999998,0.002999999999999975,11.143315406019042,-0.16,0.009999999999999998,-0.06000000000000001,0.19647581158449925
5680.25,5681.05,47.9515136,-81.8141184,1433.943,-8.668181818181818,1.2663636363636364,-0.1,8.855537283901995,-0.5700000000000001,0.14,0.17,0.6144272306602342
5680.25,5681.15,47.95152,-81.8140992,1427.9295,-10.51625,0.9287500000000001,-0.64375,10.601764093263224,-0.9000000000000001,0.4222222222222222,0.41111111111111115,1.0776332144639713
5681.25,5681.25,47.9515232,-81.8140928,1421.132,-11.229,-0.41100000000000003,-0.129,11.255946512959188,-0.95,0.67,0.45,1.2502362620122616
5681.25,5681.35,47.9515248,-81.81408640000001,1417.1935,-7.365454545454545,-1.352727272727273,-0.039999999999999994,7.4966783826598515,-1.52,0.7,-0.019999999999999997,1.6793556819855677
5681.25,5681.45,47.9515264,-81.8140736,1415.52,-10.765555555555556,-0.8866666666666667,0.06333333333333334,10.80444052459168,-2.3000000000000003,0.7,-0.29999999999999993,2.4244048506804883
5681.25,5681.55,47.95152853333334,-81.81405866666667,1413.257,-9.546363636363635,-0.8918181818181818,0.16636363636363638,9.595215724737228,-3.1090909090909093,0.5090909090909093,-0.5454545454545453,3.199598228008659
5681.25,5681.65,47.9515328,-81.8140416,1410.6505000000002,-7.73375,-0.645,-0.48375,7.777572689305811,-3.6875,0.3875,-0.5,3.742210637322932
5681.25,5681.75,47.9515392,-81.8140288,1408.438,-9.975,-0.6869999999999999,-0.6369999999999999,10.022630943518037,-4.02,0.23000000000000004,-0.4,4.046654669984744
5681.25,5681.85,47.9515392,-81.8140192,1413.8485,-8.947272727272727,0.13272727272727275,-0.9145454545454546,9.004339805904817,-3.88,0.1,-0.29000000000000004,3.8930844179175543
5681.25,5681.95,47.95154133333333,-81.81400533333334,1432.168,-8.902222222222221,-0.22444444444444445,-0.24444444444444446,8.926212934150549,-3.8200000000000003,-0.06000000000000001,-0.21000000000000002,3.827026303428164
5681.25,5682.05,47.9515456,-81.8139904,1442.0345,-7.931818181818181,-0.4281818181818181,-1.049090909090909,8.02580023379588,-3.4545454545454546,-0.1272727272727273,-0.3636363636363636,3.4771246218181577
5681.25,5682.15,47.9515488,-81.8139712,1438.0875,-12.05,0.43699999999999994,-1.9700000000000002,12.233362576618614,-3.511111111111111,0.1,-0.14444444444444446,3.5197869196258273
5682.25,5682.25,47.9515504,-81.81396480000001,1418.867,-7.258750000000001,-1.6912500000000001,-0.9725000000000001,7.52736458693233,-3.7000000000000006,0.05555555555555555,0.1,3.7021014444701126
5682.25,5682.35,47.951552,-81.81394879999999,1403.2285,-10.954545454545455,-2.075454545454545,-0.7854545454545455,11.242138532107486,-3.5818181818181825,-0.10909090909090909,-0.009090909090909089,3.5852863435632796
5682.25,5682.45,47.95155626666667,-81.81393066666668,1398.807,-10.326666666666668,-0.9022222222222224,-1.4355555555555555,10.47723898166827,-3.3111111111111113,0.05555555555555555,-0.3111111111111111,3.328117658404809
5682.25,5682.55,47.9515616,-81.8139136,1395.5665,-9.629999999999999,-1.37,-0.12818181818181815,9.866581489626968,-3.1181818181818186,0.3181818181818182,-0.17272727272727276,3.1406122232048204
5682.25,5682.65,47.9515648,-81.8139008,1393.898,-15.531,-0.9740000000000002,0.07399999999999993,15.692525856730025,-2.3333333333333335,0.044444444444444446,-0.1,2.336762759839392
5682.25,5682.75,47.951566400000004,-81.81389440000001,1392.327,-8.0075,-0.4575,0.11374999999999999,8.081769373380649,-1.8444444444444446,-0.26666666666666666,-0.16666666666666666,1.8731975879316174
5682.25,5682.85,47.951568,-81.8138816,1390.5610000000001,-15.0,-0.4827272727272728,-0.8663636363636363,15.0610439764943,-1.818181818181818,-0.25454545454545463,-0.2818181818181818,1.8585356909153115
5682.25,5682.95,47.95157013333333,-81.8138624,1389.776,-12.876,0.32199999999999995,0.10499999999999998,12.90929185910816,-1.9222222222222223,-0.3,-0.06666666666666668,1.9537467277136598
5682.25,5683.05,47.9515776,-81.8138496,1394.8805,-10.928,-0.633,-0.458,10.961905954908026,-1.8,-0.5363636363636363,0.07272727272727274,1.8807182401828977
5682.25,5683.15,47.9515808,-81.8138368,1407.16,-13.162,-1.653,-1.2349999999999999,13.41003568389404,-1.6799999999999997,-0.25,-0.06,1.7080504514839774
5683.25,5683.25,47.9515808,-81.81382719999999,1413.7495,-12.2275,-0.8425,-1.21625,12.354522741214726,-1.5125000000000002,0.0625,-0.15000000000000002,1.5229552808991618
5683.25,5683.35,47.9515824,-81.8138112,1415.52,-11.037272727272727,0.08636363636363636,0.41181818181818186,11.057578214289704,-1.4090909090909092,0.07272727272727274,0.18181818181818182,1.4362841106262474
5683.25,5683.45,47.951586133333336,-81.81379626666667,1415.914,-12.201,-0.833,0.9129999999999999,12.272126568918337,-0.9333333333333333,-0.24444444444444446,0.5555555555555556,1.1385869535570499
5683.25,5683.55,47.9515904,-81.8137792,1420.984,-8.235000000000001,-0.6770000000000002,0.16799999999999998,8.268688236856244,-0.5000000000000001,-0.6727272727272727,0.39999999999999997,0.9338234828622105
5683.25,5683.65,47.9515904,-81.8137664,1428.126,-11.346,-1.998,-1.5630000000000002,11.69427278828802,0.06999999999999998,-0.27999999999999997,0.08,0.5161833462863321
5683.25,5683.75,47.951593599999995,-81.81376,1427.683,-5.605555555555556,-1.0166666666666666,-0.911111111111111,5.832832911062086,0.3375,0.3875,-0.2875,0.6286518265478487
5683.25,5683.85,47.951598399999995,-81.813744,1420.147,-12.342000000000002,0.745,0.484,12.452915632376117,0.2090909090909091,0.5818181818181817,-0.4636363636363637,0.7775881615562036
5683.25,5683.95,47.951600000000006,-81.81372586666667,1410.1595,-11.286,0.09600000000000004,-0.047,11.337387422264555,-0.24999999999999994,0.42000000000000004,-0.14000000000000004,0.5216763062209918
5683.25,5684.05,47.9516064,-81.8137024,1404.21,-6.356,-0.425,0.583,6.555776219833282,-0.42000000000000004,0.21000000000000002,0.0,0.47254115014884573
5683.25,5684.15,47.9516064,-81.8136896,1401.459,-8.838,-1.3430000000000002,1.1280000000000001,9.11026384970388,-0.1,-0.01,0.0,0.17935664825658923
5684.25,5684.25,47.951608,-81.8136832,1400.821,-9.120999999999999,-0.793,-0.658,9.194240598300258,0.7555555555555555,-0.05555555555555555,0.12222222222222223,0.7747783207473528
5684.25,5684.35,47.95161173333333,-81.81367253333333,1399.003,-7.777777777777778,-0.17555555555555558,-0.5855555555555555,7.8087301518440775,1.16,0.0,0.24,1.1860240357181613
5684.25,5684.45,47.95161706666667,-81.8136576,1391.1515,-12.075,-0.876,-0.641,12.131597753585133,1.3,0.05,0.33999999999999997,1.3466419090765551
5684.25,5684.55,47.9516224,-81.8136384,1385.755,-6.1,-0.687,-0.31000000000000005,6.155782021645765,1.7399999999999998,0.08,0.13,1.7495278140530846
5684.25,5684.65,47.951623999999995,-81.8136288,1375.367,-11.347999999999999,-0.23899999999999996,-0.68,11.378598966080695,1.7700000000000002,0.0,0.01,1.7702775637731996
5684.25,5684.75,47.951627200000004,-81.8136128,1365.186,-8.643,-0.9259999999999999,-0.39899999999999997,8.708109119282442,1.8777777777777775,-0.12222222222222223,0.0,1.8827122568587622
5684.25,5684.85,47.95163093333333,-81.81359786666667,1360.492,-9.804444444444446,-0.4577777777777778,-0.47777777777777775,9.828222008003083,2.0100000000000002,-0.2,-0.1,2.022402182594258
5684.25,5684.95,47.951632,-81.81358506666668,1358.8305,-7.839,-0.7110000000000001,-0.623,7.898733677913697,2.1800000000000006,-0.09000000000000001,-0.1,2.1858340561975083
5684.25,5685.05,47.9516384,-81.813568,1356.68,-10.824545454545454,-0.3809090909090909,0.08636363636363636,10.840079199562162,2.42,0.0,-0.05000000000000001,2.4214798080335465
5684.25,5685.15,47.95164,-81.8135616,1355.7515,-9.915555555555555,-0.34555555555555556,-0.14444444444444446,9.925539132666193,2.75,0.0,0.2,2.7579999639079347
5685.25,5685.25,47.9516432,-81.8135456,1354.335,-8.952,-0.13499999999999998,-0.27599999999999997,8.958090422314116,2.4,0.13,0.24000000000000005,2.416335558015519
5685.25,5685.35,47.951646933333336,-81.81352746666668,1353.7,-10.647,-0.182,-0.06800000000000002,10.657970864248849,2.2222222222222223,0.13333333333333336,0.044444444444444446,2.228554591019953
5685.25,5685.45,47.9516512,-81.8135168,1352.381,-7.552222222222222,-0.8033333333333332,0.09333333333333334,7.600401250205187,2.13,-0.14,-0.04,2.1372400628246284
5685.25,5685.55,47.9516576,-81.8134976,1354.5304999999998,-11.627272727272727,-0.5881818181818183,0.8027272727272727,11.706160511823999,2.46,-0.43,-0.18,2.505610149037553
5685.25,5685.65,47.951659199999995,-81.8134912,1362.4009999999998,-14.673333333333334,-0.9022222222222221,-0.10555555555555557,14.746043774317643,3.0,-0.5999999999999999,-0.16999999999999998,3.064697793456163
5685.25,5685.75,47.9516608,-81.81347840000001,1380.657,-5.800000000000001,-2.2939999999999996,-1.877,6.529889132102538,3.5100000000000002,-0.45999999999999996,-0.16,3.546193356297869
5685.25,5685.85,47.95166293333333,-81.8134592,1390.365,-10.609,-2.7640000000000002,-2.324,11.24938505629279,3.65,-0.030000000000000006,-0.45,3.682451396879314
5685.25,5685.95,47.9516672,-81.81344,1377.815,-9.434999999999999,-1.1775,-0.6925,9.538912215117008,3.5,0.044444444444444446,-0.7,3.569936128295605
5685.25,5686.05,47.9516704,-81.8134208,1354.045,-12.075454545454544,-0.1190909090909091,-0.5999999999999999,12.109008103681752,3.5999999999999996,-0.13636363636363638,-0.3727272727272727,3.6321933601638694
5685.25,5686.15,47.9516736,-81.81341760000001,1340.083,-8.422222222222222,-1.1333333333333333,-0.8344444444444444,8.556465359386118,3.811111111111111,0.022222222222222223,0.12222222222222223,3.8145202468661887
5686.25,5686.25,47.951678400000006,-81.81340800000001,1338.62,-12.004000000000001,-0.192,-0.41000000000000003,12.02724163055257,3.12,0.26999999999999996,0.18000000000000002,3.1381860964589756
5686.25,5686.35,47.95168213333333,-81.8133888,1337.255,-7.645454545454545,-0.010909090909090908,-0.7081818181818181,7.740747739994282,2.54,0.38000000000000006,0.02,2.570443220689865
5686.25,5686.45,47.9516864,-81.8133696,1336.572,-7.5825,-0.895,0.15875,7.664640501020049,2.566666666666667,-0.011111111111111115,0.0,2.5708005737668254
5686.25,5686.55,47.9516864,-81.8133632,1335.1100000000001,-9.119090909090907,-0.44,-0.16090909090909092,9.144640563068725,2.672727272727273,-0.45454545454545453,0.018181818181818184,2.7156085629692237
5686.25,5686.65,47.9516896,-81.813344,1334.233,-12.572,-0.52,-0.6759999999999999,12.613743837053011,2.255555555555556,-0.6111111111111112,0.23333333333333334,2.3508672902912915
5686.25,5686.75,47.9516944,-81.8133376,1341.937,-6.843333333333334,-1.2177777777777778,-1.5566666666666666,7.1794337936628905,1.7599999999999998,-0.19,0.23000000000000004,1.7948160823656274
5686.25,5686.85,47.9516992,-81.81332266666668,1349.744,-5.262727272727272,-1.3954545454545455,-1.520909090909091,5.68226719059934,1.16,0.24,-0.18,1.2193396546026123
5686.25,5686.95,47.9517024,-81.8132992,1348.963,-14.014444444444445,-0.6444444444444445,-0.4655555555555556,14.060807670290883,1.1,0.6375,-0.625,1.418563431333871
5686.25,5687.05,47.9517088,-81.8132928,1346.5225,-11.034,-0.517,0.6970000000000001,11.07701844804468,1.3636363636363635,0.3727272727272727,-0.5909090909090909,1.5483215149905796
5686.25,5687.15,47.951710399999996,-81.81328640000001,1348.182,-8.584,-0.556,0.379,8.61494350261668,1.7888888888888888,-0.022222222222222223,-0.30000000000000004,1.821168390164062
5687.25,5687.25,47.951712,-81.8132704,1355.6055000000001,-8.651111111111113,0.2911111111111111,-0.20888888888888887,8.661633095784266,1.73,-0.26999999999999996,0.16,1.7694031191603496
5687.25,5687.35,47.951716266666665,-81.81325226666667,1362.252,-11.972727272727274,-0.5990909090909091,-0.5809090909090909,12.013837262709488,1.1090909090909091,-0.0909090909090909,0.6636363636363636,1.309816196723443
5687.25,5687.45,47.9517216,-81.8132352,1362.7404999999999,-7.771111111111111,-1.1144444444444446,-0.8911111111111113,7.9139806544613975,0.5,0.35555555555555557,0.5222222222222221,0.8547959185344999
5687.25,5687.55,47.9517248,-81.813216,1356.191,-10.678999999999998,-1.2710000000000001,-0.668,10.800273532367708,-0.35,0.8,-0.010000000000000004,0.9083911527428141
5687.25,5687.65,47.9517264,-81.8132096,1348.963,-9.577000000000002,-0.333,-0.246,9.58912517358462,-0.85,0.9,-0.27,1.2686932269034088
5687.25,5687.75,47.9517296,-81.8132,1338.815,-10.863333333333333,0.42222222222222217,1.1966666666666665,11.007720781236928,-1.3111111111111111,0.5666666666666667,-0.13333333333333336,1.4851351566544828
5687.25,5687.85,47.95173546666666,-81.81318399999999,1334.038,-7.3,-0.9554545454545456,0.8300000000000001,7.416841564316112,-1.109090909090909,-0.20909090909090908,0.0,1.1522544415369214
5687.25,5687.95,47.9517408,-81.8131648,1335.549,-12.758,-0.49800000000000005,0.344,12.80145646124409,-0.2888888888888889,-0.6,-0.011111111111111112,0.722759288222846
5687.25,5688.05,47.951744,-81.8131456,1340.278,-14.826666666666663,-0.03888888888888889,-0.019999999999999987,14.828234385549685,0.25,-0.76,-0.01,0.8030352506695448
5687.25,5688.15,47.951745599999995,-81.8131392,1345.7420000000002,-5.194999999999999,-0.02,-0.534,5.243525082001695,0.32999999999999996,-0.5800000000000001,0.0,0.6704275637907051
5688.25,5688.25,47.951748800000004,-81.8131264,1349.061,-9.954444444444444,-0.07555555555555554,-1.39,10.077247218234168,-0.011111111111111115,-0.05555555555555555,0.0,0.18363706491289034
5688.25,5688.35,47.9517504,-81.8131072,1345.9859999999999,-11.154545454545454,-0.19363636363636366,0.26,11.161155594651312,-0.3272727272727272,0.3272727272727272,0.0,0.46392689224233497
5688.25,5688.45,47.9517568,-81.8130944,1341.741,-8.709999999999999,-0.182,0.11199999999999999,8.713208642767407,-0.4,0.4,0.0,0.5656854249492381
5688.25,5688.55,47.95176,-81.8130816,1334.525,-14.25,-0.3433333333333334,-0.17555555555555555,14.255840359265127,-0.4,0.5,0.0,0.6403124237432849
5688.25,5688.65,47.9517616,-81.813072,1327.6565,-9.203333333333333,-0.5377777777777778,-0.14333333333333334,9.23866622748547,-0.26000000000000006,0.4,0.0,0.47905894845791996
5688.25,5688.75,47.9517632,-81.813056,1321.669,-10.51,-0.4210000000000001,1.025,10.583707969289847,-0.06666666666666668,0.05555555555555555,-0.03333333333333334,0.16371712755506607
5688.25,5688.85,47.951765333333334,-81.81304533333332,1321.766,-13.385,0.30999999999999994,1.247,13.468373205955945,-0.2727272727272727,-0.7545454545454544,-0.018181818181818184,0.8102229643006584
5688.25,5688.95,47.9517696,-81.813024,1327.705,-10.988,-0.185,-0.32399999999999995,11.001842370933442,-0.42000000000000004,-1.18,-0.08,1.256480362574777
5688.25,5689.05,47.9517728,-81.8130176,1333.3555000000001,-11.668000000000001,0.15699999999999997,-2.181,11.954860378206616,-0.62,-0.53,-0.15,0.8784980925948902
5688.25,5689.15,47.951776,-81.8130048,1332.722,-4.966666666666666,0.38,-1.2333333333333334,5.189338217418242,-0.14444444444444446,0.19999999999999998,-0.044444444444444446,0.34679763981481637
5689.25,5689.25,47.9517776,-81.81299200000001,1328.095,-12.815999999999999,-0.649,-1.6653345369377347e-17,12.85694798230637,0.3111111111111111,0.6555555555555554,0.05555555555555555,0.7325888790134344
5689.25,5689.35,47.9517792,-81.81297706666668,1322.7404999999999,-14.709999999999999,-0.8370000000000001,1.126,14.873056698967645,0.7454545454545454,0.6818181818181819,0.0,1.028915387304549
5689.25,5689.45,47.9517824,-81.81296,1318.458,-5.279,-0.125,1.2530000000000001,5.709192592610224,0.9800000000000001,0.06,-0.01,0.9898720791178773
5689.25,5689.55,47.9517856,-81.8129408,1320.1125000000002,-11.963636363636363,-0.09454545454545453,0.4763636363636364,12.02235934644599,0.76,-0.37,0.030000000000000006,0.8622149594354316
5689.25,5689.65,47.9517872,-81.8129376,1325.465,-15.358749999999999,-0.62,-1.23375,15.458741357956182,0.6111111111111112,-0.3333333333333333,0.12222222222222223,0.7247433430264522
5689.25,5689.75,47.9517888,-81.812928,1326.926,-5.022,-0.307,0.00800000000000001,5.046926435027777,0.78,0.0,0.08,0.7851568211352224
5689.25,5689.85,47.95179306666666,-81.81291306666667,1325.3195,-13.598999999999998,-0.39,0.22599999999999998,13.62476099176283,0.71,0.04,-0.08,0.7242186895270687
5689.25,5689.95,47.9517984,-81.812896,1321.475,-12.2,-0.187,0.004000000000000012,12.20907810967466,0.4600000000000001,0.05,-0.35,0.5891637553260145
5689.25,5690.05,47.951800000000006,-81.8128896,1317.145,-9.376363636363635,-0.4036363636363637,0.010909090909090903,9.388270894090748,0.4,-0.04,-0.47000000000000003,0.6210289825440712
5689.25,5690.15,47.9518032,-81.8128736,1314.373,-11.9175,-0.44500000000000006,0.1425,11.928439468585212,0.47777777777777775,-0.18888888888888888,-0.5111111111111111,0.7260224194366999
5690.25,5690.25,47.9518048,-81.81285973333334,1312.5745000000002,-10.351,0.0070000000000000175,0.351,10.365939077475504,0.5200000000000001,-0.12000000000000002,-0.48,0.7216178860146072
5690.25,5690.35,47.951808,-81.8128448,1311.359,-10.780909090909091,-0.629090909090909,0.45,10.816576231257509,0.4,-0.06999999999999999,-0.17,0.450389549525703
5690.25,5690.45,47.9518112,-81.8128256,1310.582,-6.254444444444445,-0.2222222222222222,0.6277777777777778,6.296133635657596,0.5399999999999998,-0.16,0.09,0.5760338695844578
5690.25,5690.55,47.9518144,-81.8128192,1310.922,-8.087272727272726,-1.0218181818181817,0.038181818181818164,8.167693172091164,0.48181818181818187,-0.13636363636363638,0.3454545454545454,0.6167438414289399
5690.25,5690.65,47.9518176,-81.8128064,1310.971,-9.883333333333333,-1.7366666666666668,0.1511111111111111,10.04331995685137,0.5333333333333333,0.16666666666666669,0.2444444444444444,0.6259687609957513
5690.25,5690.75,47.95181973333334,-81.81279146666667,1304.656,-7.489999999999999,-0.7955555555555556,0.3711111111111111,7.551949187498364,0.788888888888889,0.4,0.044444444444444446,0.887691272443576
5690.25,5690.85,47.951824,-81.8127744,1293.784,-9.148181818181818,-0.0490909090909091,0.25272727272727274,9.153128726891739,0.8300000000000001,0.49000000000000005,-0.02,0.9654362906374916
5690.25,5690.95,47.9518272,-81.8127488,1282.1045,-10.312222222222223,-0.06333333333333334,0.31777777777777777,10.321111326241018,0.78,0.38,-0.16999999999999998,0.8857377269758201
5690.25,5691.05,47.9518288,-81.81274239999999,1272.084,-8.922727272727274,0.8136363636363636,0.9745454545454546,9.054336976055946,0.4636363636363636,0.19090909090909094,-0.17272727272727276,0.5327330876734939
5690.25,5691.15,47.9518336,-81.8127296,1268.796,-7.518000000000001,1.4229999999999998,0.18000000000000002,7.681911457525965,-0.06666666666666668,0.011111111111111112,-0.022222222222222223,0.1429300367239586
5691.25,5691.25,47.951838933333335,-81.81271893333333,1267.4415,-9.49375,0.94625,-0.41125,9.551289630523737,-0.6000000000000001,-0.07777777777777778,-0.022222222222222223,0.6073528508074525
5691.25,5691.35,47.9518432,-81.8126912,1270.44,-7.830909090909091,0.21181818181818182,-0.3899999999999999,7.8601981173752185,-1.5545454545454547,-0.1,-0.1,1.561140088787552
5691.25,5691.45,47.9518464,-81.8126784,1277.8915000000002,-7.573333333333333,-0.57,-0.29444444444444445,7.60146916285872,-1.8888888888888888,-0.1,-0.044444444444444446,1.8927181631915886
5691.25,5691.55,47.951848,-81.8126688,1284.865,-8.294545454545455,-0.48000000000000004,-0.22,8.313233335675156,-1.9272727272727268,-0.1,0.018181818181818184,1.930344149933276
5691.25,5691.65,47.9518528,-81.8126528,1289.469,-7.6290000000000004,-0.26099999999999995,-0.16,7.635899583377861,-1.7999999999999998,-0.1,0.2,1.8159395456390273
5691.25,5691.75,47.95185813333333,-81.81263360000001,1290.972,-10.5825,-0.67625,-0.265,10.608417421944013,-1.788888888888889,-0.2,0.3888888888888889,1.8417338124990448
5691.25,5691.85,47.9518624,-81.8126144,1288.839,-9.391818181818183,-0.38909090909090904,-0.5863636363636364,9.420236836002164,-1.9181818181818182,-0.1363636363636364,0.4454545454545455,1.9749473969283273
5691.25,5691.95,47.9518656,-81.8126016,1285.0594999999998,-10.7,-0.46799999999999997,-0.10700000000000001,10.711326878062078,-2.0,-0.1,0.5,2.0639767440550294
5691.25,5692.05,47.951867199999995,-81.812592,1276.342,-12.323999999999998,-0.376,-0.020999999999999998,12.329986645585032,-2.1000000000000005,-0.20909090909090908,0.41818181818181815,2.1527811937671517
5691.25,5692.15,47.95187306666667,-81.81257386666668,1266.7649999999999,-7.874,-0.16,0.08399999999999999,7.876502878271384,-2.18,-0.32999999999999996,0.26000000000000006,2.2211332635242833
5692.25,5692.25,47.9518784,-81.8125504,1257.101,-8.295555555555556,-0.31222222222222223,0.34,8.30988031655527,-2.2,-0.3888888888888889,0.05555555555555555,2.2355643229351685
5692.25,5692.35,47.9518816,-81.8125376,1250.633,-9.036,-0.5980000000000001,-0.31600000000000006,9.063552075779924,-1.9600000000000002,-0.13999999999999999,0.030000000000000006,1.968440985099179
5692.25,5692.45,47.9518848,-81.8125248,1245.713,-8.879999999999999,-0.9369999999999999,-0.068,8.93555770775194,-1.4777777777777779,0.12222222222222223,0.2888888888888889,1.5179782293185984
5692.25,5692.55,47.9518864,-81.8125152,1241.422,-10.46,-1.158,-0.177,10.534295399108519,-1.3454545454545455,0.2727272727272727,0.5,1.4621378978074142
5692.25,5692.65,47.95189226666667,-81.81249706666667,1239.0605,-13.252,-1.2260000000000002,-0.9190000000000002,13.341015937867294,-1.73,0.51,0.4600000000000001,1.8639240265102361
5692.25,5692.75,47.9518976,-81.8124864,1236.362,-11.490000000000002,-1.02,-0.6822222222222223,11.55902615479036,-2.255555555555555,0.6,0.3333333333333333,2.3589799315473345
5692.25,5692.85,47.9519008,-81.8124672,1235.0135,-9.814,-1.2719999999999998,0.15300000000000002,9.919984245894797,-2.79,0.3,0.17,2.821379775687429
5692.25,5692.95,47.951902399999994,-81.8124608,1234.243,-13.2,-1.487,0.026000000000000034,13.29443410661089,-3.5799999999999996,-0.26999999999999996,-0.3,3.610162353689308
5692.25,5693.05,47.9519056,-81.81244799999999,1241.0375,-10.245000000000001,-0.8329999999999999,-1.2770000000000001,10.408170052123664,-3.6300000000000003,-0.18,-0.8600000000000001,3.738328934882606
5692.25,5693.15,47.95190933333333,-81.81243306666669,1253.819,-15.013000000000002,0.7,0.05199999999999998,15.178272132701181,-3.2699999999999996,0.11000000000000001,-0.4,3.307820274244333
5693.25,5693.25,47.9519104,-81.812416,1256.812,-5.686,0.8230000000000001,0.097,5.771501307961643,-2.1888888888888887,-0.3333333333333333,0.25555555555555554,2.2394643607999987
5693.25,5693.35,47.9519168,-81.8124032,1260.1925,-13.093333333333334,-0.8577777777777779,-0.8322222222222222,13.2142179122821,-2.12,-0.6799999999999999,0.32,2.2548778409498285
5693.25,5693.45,47.9519184,-81.81239360000001,1261.545,-13.027000000000001,-0.15800000000000003,-0.999,13.145326333019394,-2.9400000000000004,-0.6,-0.16,3.0109574551156024
5693.25,5693.55,47.951921600000006,-81.81237759999999,1247.693,-4.517,0.36500000000000005,-0.41600000000000004,5.0986200546458385,-2.8,-0.09000000000000001,-0.26999999999999996,2.8177368462584957
5693.25,5693.65,47.95192533333333,-81.81236693333334,1229.814,-11.63,-0.384,0.8870000000000001,11.690899101725769,-1.8299999999999996,0.19,0.06999999999999999,1.8485100484072763
5693.25,5693.75,47.9519296,-81.8123456,1223.4625,-10.766,-1.6780000000000002,1.952,11.168798575184606,-0.8777777777777778,0.2888888888888889,0.4111111111111111,1.0406538312533324
5693.25,5693.85,47.951936,-81.8123328,1220.866,-8.977,-2.311,0.933,9.397164158092195,0.13,0.07,0.5999999999999999,0.675103896766952
5693.25,5693.95,47.9519376,-81.81232639999999,1220.097,-14.41777777777778,-0.6855555555555556,-0.52,14.482271917105054,1.3111111111111111,0.05555555555555555,0.6777777777777777,1.4828538112515082
5693.25,5694.05,47.95194133333334,-81.8123072,1219.183,-8.114545454545457,-0.11090909090909093,-0.7054545454545454,8.16637127268599,2.0100000000000002,0.3,0.74,2.1658750024079816
5693.25,5694.15,47.951944533333325,-81.81229226666666,1219.231,-10.746666666666666,-1.2577777777777779,1.0933333333333333,10.934064500562947,1.7100000000000002,0.22999999999999998,0.32999999999999996,1.7730635391785632
5694.25,5694.25,47.9519488,-81.8122688,1221.2024999999999,-8.633,-0.897,1.627,8.850642394382628,0.55,-0.6200000000000001,-0.2,0.9539090107169255
5694.25,5694.35,47.9519552,-81.812256,1226.349,-14.436000000000002,-0.11299999999999999,-0.21599999999999997,14.445340575811645,0.05,-1.24,-0.41,1.311073992030927
5694.25,5694.45,47.951956800000005,-81.8122496,1234.87,-15.156666666666666,-0.013333333333333345,-1.1655555555555557,15.319267640983846,0.2222222222222222,-1.1444444444444446,-0.15555555555555556,1.1811356731760905
5694.25,5694.55,47.95196,-81.8122336,1242.82,-5.578181818181818,0.43363636363636365,-2.7054545454545456,6.257150382365881,-0.45999999999999996,-0.25999999999999995,0.05,0.6548984324157698
5694.25,5694.65,47.9519616,-81.81221546666666,1238.482,-5.162222222222223,-0.5866666666666666,-1.7177777777777778,5.541842788929983,-1.1099999999999999,0.43,0.17,1.2139798201577192
5694.25,5694.75,47.951968,-81.812192,1226.7350000000001,-14.004999999999999,-1.5790000000000002,0.29500000000000004,14.141881480484262,-0.7300000000000001,0.72,0.38,1.0981665790536204
5694.25,5694.85,47.9519744,-81.8121792,1213.08,-6.859090909090909,-0.3527272727272727,0.4763636363636364,6.8984313197880285,-0.9200000000000002,0.22000000000000003,0.4,1.0405837794608725
5694.25,5694.95,47.951976,-81.812176,1206.166,-11.73125,-0.56625,-0.8237500000000001,11.809523128441182,-1.1111111111111112,0.0,0.2888888888888889,1.1515567282520822
5694.25,5695.05,47.9519776,-81.81216,1204.822,-8.33181818181818,-2.1845454545454546,-0.3454545454545454,8.74852452599807,-1.0363636363636364,0.0,-0.19090909090909092,1.0745952714287275
5694.25,5695.15,47.95197973333333,-81.81214506666667,1201.9425,-9.608888888888888,-0.1488888888888889,0.003333333333333318,9.622404721378016,-0.8222222222222223,0.0,-0.5777777777777777,1.0065695586886
5695.25,5695.25,47.951984,-81.812128,1200.504,-10.883,-0.283,0.0069999999999999975,10.887815985623764,-0.74,0.08,-0.5999999999999999,0.9585194923065601
5695.25,5695.35,47.9519856,-81.8121184,1197.5785,-9.06909090909091,0.09545454545454546,0.042727272727272725,9.120633043251233,-0.64,0.2,-0.59,0.8944049158498574
5695.25,5695.45,47.9519872,-81.8121024,1196.0439999999999,-9.568888888888887,1.1366666666666665,0.04777777777777778,9.64573213812098,-0.8400000000000001,0.12000000000000002,-0.22000000000000003,0.898615365311513
5695.25,5695.55,47.95199146666667,-81.81208746666668,1194.462,-10.979,0.8419999999999999,-0.36300000000000004,11.032940758175522,-0.7699999999999999,-0.06,0.5,0.9590753044754553
5695.25,5695.65,47.95199573333334,-81.8120704,1192.8809999999999,-10.134,0.145,-0.30600000000000005,10.1458343658142,-0.43333333333333335,-0.2,0.9444444444444444,1.0630532381100746
5695.25,5695.75,47.952,-81.8120512,1190.916,-14.754444444444443,-3.6533333333333338,-0.05333333333333333,15.287970176492914,-0.07,-0.39,0.5599999999999999,0.7782517228866868
5695.25,5695.85,47.9520016,-81.812048,1188.9035,-8.632727272727271,-3.273636363636364,-0.6427272727272727,9.296694250757918,1.08,-0.33999999999999997,-0.63,1.3124851825843589
5695.25,5695.95,47.9520048,-81.8120352,1188.138,-12.787777777777778,-0.7977777777777777,-0.09666666666666668,12.829075235699671,1.3666666666666667,-0.48888888888888893,-1.2666666666666668,1.9280689283024814
5695.25,5696.05,47.952008533333334,-81.81201706666667,1188.712,-13.02,0.273,-1.658,13.201906057856553,1.8900000000000001,-0.41,-0.9399999999999998,2.2034968122476895
5695.25,5696.15,47.95201386666667,-81.812,1193.7440000000001,-3.9210000000000003,0.45200000000000007,-1.738,4.420648705819916,2.477777777777778,0.05555555555555555,-0.30000000000000004,2.49976844083128
5696.25,5696.25,47.9520192,-81.8119808,1208.086,-7.731111111111111,0.6066666666666667,-2.188888888888889,8.090011398993916,1.67,0.5900000000000001,-0.11000000000000001,1.8018616177193336
5696.25,5696.35,47.9520208,-81.8119744,1210.967,-12.925454545454546,0.5345454545454547,-0.11181818181818182,12.986609564424258,0.3181818181818182,1.1454545454545453,0.0,1.2409377531729417
5696.25,5696.45,47.952023999999994,-81.8119584,1201.271,-11.84,-0.022222222222222206,0.10888888888888885,11.855443551830907,-0.3555555555555555,1.0333333333333334,0.08888888888888889,1.0996812125596662
5696.25,5696.55,47.95202773333333,-81.81194453333335,1189.9105,-9.919,-2.1279999999999997,2.0189999999999997,10.435135674661078,-0.32,0.5900000000000001,0.04,0.6758215850857205
5696.25,5696.65,47.9520352,-81.8119296,1184.69,-7.735000000000001,-0.95,0.476,7.869370322799762,-0.02,0.010000000000000004,-0.13999999999999999,0.18090536279941133
5696.25,5696.75,47.9520384,-81.8119104,1184.785,-8.205555555555556,-0.21,-0.7111111111111111,8.239604931497578,0.1111111111111111,-0.2,-0.2,0.30840700394468556
5696.25,5696.85,47.95204,-81.81190720000001,1185.2645,-8.874545454545455,-0.38181818181818183,-0.5254545454545455,8.898984077618335,0.2,-0.2727272727272727,-0.2,0.3954001790893031
5696.25,5696.95,47.9520416,-81.81189760000001,1186.222,-6.587000000000001,-0.426,-0.5,6.621595437828371,0.2,-0.4,-0.16666666666666669,0.4793511555362851
5696.25,5697.05,47.95204373333334,-81.8118784,1188.4245,-10.48,-0.5459999999999999,-0.662,10.525553685338972,0.030000000000000006,-0.3,-0.030000000000000006,0.30801906164593973
5696.25,5697.15,47.952048,-81.8118592,1189.383,-7.847777777777777,-0.6977777777777777,-0.4277777777777778,7.918425998539793,0.0,-0.2,0.0,0.2
5697.25,5697.25,47.9520544,-81.8118464,1188.808,-7.663333333333333,-0.5966666666666666,-0.15888888888888889,7.692106307635773,-0.1111111111111111,-0.08888888888888889,0.05555555555555555,0.16467917174741864
5697.25,5697.35,47.952056,-81.81183999999999,1186.892,-10.276363636363637,-0.6527272727272728,0.04909090909090908,10.297587515347267,-0.2,0.0,0.15454545454545454,0.2559172966906917
5697.25,5697.45,47.9520592,-81.81182720000001,1185.36,-6.206,-0.403,0.05700000000000001,6.219958805466268,-0.1111111111111111,0.0,0.2,0.23018856605271681
5697.25,5697.55,47.95206293333334,-81.81181226666666,1183.924,-10.634,-0.17600000000000002,-0.014000000000000012,10.637828379357654,-0.1,-0.05454545454545456,0.2,0.23524798494725474
5697.25,5697.65,47.9520672,-81.8117888,1182.583,-7.623333333333333,-0.10777777777777778,0.07666666666666666,7.62842756545222,-0.06666666666666668,0.0,0.1111111111111111,0.13674595321516964
5697.25,5697.75,47.9520736,-81.8117824,1181.0520000000001,-8.953,-0.229,-0.24,8.962547472625333,0.044444444444444446,0.03333333333333334,0.08888888888888889,0.12547254155426604
5697.25,5697.85,47.952075199999996,-81.81177600000001,1179.521,-8.961,-0.27099999999999996,0.051000000000000004,8.971902343289575,0.045454545454545456,0.2727272727272727,-0.045454545454545456,0.28949225048798205
5697.25,5697.95,47.95207893333333,-81.8117568,1175.12,-8.982000000000001,-0.138,0.007000000000000006,8.985492998540698,0.0,0.29999999999999993,-0.19,0.35612239139344276
5697.25,5698.05,47.9520832,-81.8117376,1170.339,-9.908999999999999,-0.32199999999999995,0.15999999999999998,9.920457185421714,0.0,0.12,-0.27999999999999997,0.3274676042219271
5697.25,5698.15,47.9520864,-81.8117312,1167.854,-9.023333333333333,-0.47000000000000003,-0.20999999999999996,9.046309207945216,-0.03333333333333334,0.0,-0.24444444444444446,0.2523133770277708
5698.25,5698.25,47.952096,-81.811712,1165.3225,-11.203,-0.085,-0.04,11.205125772773,-0.2,-0.10000000000000002,-0.07777777777777778,0.2609195842968749
5698.25,5698.35,47.952096,-81.81170879999999,1163.459,-9.686,-0.676,-0.196,9.722334614152372,-0.4,-0.2,0.10909090909090913,0.4630063680525364
5698.25,5698.45,47.95210026666666,-81.81169706666667,1160.8335,-12.193000000000001,-0.8320000000000001,-0.14299999999999996,12.225646959668888,-0.31000000000000005,-0.2,0.07,0.38040556314383756
5698.25,5698.55,47.9521056,-81.8116736,1159.353,-9.848181818181816,-0.3709090909090909,0.12363636363636363,9.857170222887799,-0.2,-0.2,-0.01,0.28455844122715707
5698.25,5698.65,47.9521088,-81.8116672,1157.3965,-12.107777777777779,-0.36333333333333334,-0.02888888888888889,12.116209473085998,-0.2,-0.2,-0.05555555555555555,0.29237453887760845
5698.25,5698.75,47.9521152,-81.8116544,1155.822,-10.043333333333335,0.10777777777777779,-0.12444444444444445,10.050017095803517,-0.24,-0.14000000000000004,0.13,0.3251864222088424
5698.25,5698.85,47.9521168,-81.8116512,1152.96,-9.27,-0.34800000000000003,0.091,9.278937653821863,-0.38,-0.01,0.38,0.5385637362659901
5698.25,5698.95,47.952120533333336,-81.8116352,1150.671,-9.508,-0.7570000000000001,0.518,9.577765052448434,-0.48999999999999994,0.05,0.36,0.6171138252833073
5698.25,5699.05,47.952128,-81.811616,1145.809,-9.249090909090908,-0.6418181818181817,0.5245454545454545,9.294596309350357,-0.78,0.06,0.11000000000000001,0.7954916198009029
5698.25,5699.15,47.9521344,-81.8116096,1140.3775,-7.617777777777778,-0.4066666666666666,0.6088888888888889,7.656573780448223,-0.8400000000000001,0.08,0.0,0.8447744415590501
5699.25,5699.25,47.952135999999996,-81.8116,1136.283,-10.6,-0.44777777777777783,0.3477777777777778,10.617364841069705,-0.7333333333333334,0.1,0.0,0.7401464457343168
5699.25,5699.35,47.952140799999995,-81.81158719999999,1133.284,-8.591818181818182,-0.26545454545454544,0.12363636363636364,8.596980956206595,-0.6499999999999999,0.07,0.0,0.655208641199238
5699.25,5699.45,47.952146133333336,-81.81157546666667,1130.953,-10.193333333333333,-0.2733333333333333,0.20444444444444443,10.199266803859324,-0.5999999999999999,0.06,0.06,0.6098648401781386
5699.25,5699.55,47.9521536,-81.8115584,1128.7175000000002,-10.769090909090908,-0.49272727272727274,0.41545454545454547,10.79492959076322,-0.7636363636363637,0.18181818181818182,0.05454545454545456,0.790121755979045
5699.25,5699.65,47.9521568,-81.8115456,1127.1005,-8.38,-0.588888888888889,0.4144444444444445,8.413507479493331,-1.3333333333333333,0.12222222222222223,-0.13333333333333336,1.3490164038505634
5699.25,5699.75,47.9521584,-81.81154240000001,1124.771,-10.16777777777778,0.12555555555555553,0.34444444444444444,10.181488977951561,-1.9777777777777774,0.1,-0.37777777777777777,2.016260331185476
5699.25,5699.85,47.95216213333333,-81.81153493333333,1122.347,-11.586363636363636,-0.2381818181818182,0.35454545454545455,11.642681969908251,-1.77,0.13000000000000003,-0.20000000000000004,1.7884946603727978
5699.25,5699.95,47.9521696,-81.81151999999999,1120.209,-7.905555555555556,-0.15444444444444444,0.8966666666666667,8.087684048500977,-1.35,-0.16,-0.05,1.3680746851759886
5699.25,5700.05,47.952176,-81.8115072,1118.0230000000001,-11.82,0.04454545454545455,-0.40090909090909094,11.832436436254289,-1.5727272727272725,-0.49090909090909096,0.10909090909090909,1.6530802702930132
5699.25,5700.15,47.9521792,-81.8114944,1116.029,-8.806000000000001,-0.47400000000000003,-0.27999999999999997,8.82512778595015,-1.7,-0.5,0.2222222222222222,1.7863587001345766
5700.25,5700.25,47.9521808,-81.8114912,1070.8290000000002,-10.459999999999999,-0.9488888888888888,-0.7822222222222223,10.538994405783937,-1.8888888888888888,-0.4444444444444444,0.10000000000000002,1.947081412250854
5700.25,5700.35,47.95218453333334,-81.8114752,1118.023,-11.48,-1.7200000000000002,-0.5730000000000001,11.653262195922117,-1.981818181818182,-0.06363636363636363,-0.02727272727272728,1.986312718423693
5700.25,5700.45,47.952192,-81.81146453333332,1123.535,-10.22777777777778,-1.3955555555555557,-0.35444444444444445,10.340961930434515,-1.5333333333333334,0.27777777777777773,-0.1,1.5656211742525328
5700.25,5700.55,47.9521984,-81.8114496,1124.866,-13.47090909090909,-0.04909090909090908,0.9199999999999999,13.550086691103626,-0.990909090909091,0.33636363636363636,0.18181818181818182,1.0907156719927942
5700.25,5700.65,47.9522016,-81.8114368,1125.627,-9.043000000000001,0.27399999999999997,1.334,9.159275658305601,-0.17777777777777778,-0.1111111111111111,0.8444444444444444,0.9077224562457439
5700.25,5700.75,47.9522032,-81.8114336,1128.8600000000001,-11.383333333333333,-1.3233333333333333,-0.5299999999999999,11.642968434921881,0.030000000000000006,-0.29,1.09,1.1294513395991266
5700.25,5700.85,47.95220693333332,-81.81142186666666,1131.048,-13.409,-3.1149999999999993,-0.27399999999999997,13.9753258468028,0.24,-0.01,0.29999999999999993,0.47105709099795395
5700.25,5700.95,47.9522144,-81.8113984,1128.384,-6.715000000000001,-1.9269999999999996,0.10400000000000001,7.0291745845135996,0.5,0.0,-0.5444444444444444,0.7495036803231582
5700.25,5701.05,47.9522176,-81.811392,1119.7335,-9.186,-0.5359999999999999,0.30199999999999994,9.238193134312363,0.15454545454545454,-0.09090909090909091,-0.9454545454545453,0.9771769188263484
5700.25,5701.15,47.9522208,-81.8113856,1114.889,-16.787,0.825,-0.624,16.922587555052026,0.0,-0.15000000000000002,-0.9799999999999999,0.9925836789611747
5701.25,5701.25,47.952225600000006,-81.811376,1111.6605,-4.135555555555555,1.5799999999999998,-0.2111111111111111,4.483010135740517,-0.30000000000000004,0.044444444444444446,-0.15555555555555556,0.3742023306312162
5701.25,5701.35,47.9522336,-81.81136853333334,1110.617,-8.762,0.376,0.329,8.823127066735324,-0.32,0.16,0.22999999999999998,0.48308113763592786
5701.25,5701.45,47.95224,-81.8113472,1109.7150000000001,-11.494,-0.717,0.41200000000000003,11.533157148905481,-0.1111111111111111,0.2,0.5333333333333333,0.5811427945098495
5701.25,5701.55,47.9522432,-81.8113408,1108.718,-10.676000000000002,-0.6990000000000001,0.199,10.707490647289518,-0.1272727272727273,0.08181818181818183,0.6727272727272727,0.6980859742708
5701.25,5701.65,47.952248,-81.81133439999999,1109.003,-6.685,-1.284,0.643,6.845128775001747,0.2,-0.12,0.4699999999999999,0.5656746361369317
5701.25,5701.75,47.9522544,-81.8113216,1107.1055000000001,-11.805555555555555,-1.16,-0.26333333333333336,11.917216485023884,0.7,-0.2888888888888889,0.07777777777777778,0.7751094651737815
5701.25,5701.85,47.95225813333334,-81.81130666666667,1102.837,-10.003,0.08800000000000001,-0.4999999999999999,10.02256768446844,0.71,-0.11000000000000001,-0.13999999999999999,0.7351943787455972
5701.25,5701.95,47.9522656,-81.811296,1096.676,-11.343333333333332,0.061111111111111116,-0.46444444444444444,11.354451585649695,0.5599999999999999,-0.1,-0.26999999999999996,0.6322068179407282
5701.25,5702.05,47.952272,-81.8112896,1091.466,-14.023999999999997,0.34299999999999997,-0.312,14.050866664369014,0.43999999999999995,-0.12,-0.27,0.537907105113107
5701.25,5702.15,47.9522736,-81.81128,1088.1995000000002,-5.176,0.909,-0.125,5.270457057111571,0.09,-0.2,0.09000000000000001,0.2763384583303384
5702.25,5702.25,47.9522768,-81.8112672,1087.868,-9.003,-0.05300000000000001,-0.008999999999999998,9.011792007041569,-0.022222222222222223,-0.15555555555555556,0.3222222222222222,0.3669032987402973
5702.25,5702.35,47.95228266666667,-81.81125973333333,1088.4355,-11.863,-0.7549999999999999,-0.168,11.937516962431312,-0.49090909090909085,0.009090909090909092,0.07272727272727274,0.5387626462040805
5702.25,5702.45,47.9522944,-81.8112384,1088.8615,-7.884444444444444,-0.3377777777777778,0.22444444444444445,7.919223695438259,-0.4111111111111111,0.05555555555555555,-0.2222222222222222,0.4840786257788946
5702.25,5702.55,47.9522976,-81.811232,1088.53,-12.349,-0.069,0.907,12.386275020132429,-0.15,0.01,-0.41,0.45363178260486803
5702.25,5702.65,47.9523008,-81.8112256,1085.691,-13.497000000000003,-0.26599999999999996,0.31200000000000006,13.512170487948074,0.45,-0.01,-0.43,0.6548209389411932
5702.25,5702.75,47.9523056,-81.811216,1080.866,-5.6,0.495,0.053000000000000005,5.635712326665237,0.711111111111111,-0.1,-0.10000000000000002,0.7296167375818521
5702.25,5702.85,47.9523136,-81.81120426666666,1077.225,-13.416,0.28400000000000003,-0.039999999999999994,13.427465026260654,0.14545454545454542,0.1,0.05454545454545456,0.38534731695267693
5702.25,5702.95,47.95232,-81.8111872,1074.437,-8.106666666666666,0.4677777777777778,0.7866666666666666,8.18386857612739,-0.5,0.37777777777777777,0.0,0.6270869587668911
5702.25,5703.05,47.9523232,-81.8111808,1072.8775,-8.013636363636364,-0.40545454545454546,0.3690909090909091,8.056832622521274,-0.42000000000000004,0.36,0.04,0.5584819178087144
5702.25,5703.15,47.952328,-81.8111744,1072.027,-11.264444444444445,-0.25888888888888884,0.8322222222222222,11.318130633576224,-0.21000000000000002,0.13999999999999999,0.18,0.33136314685953794
5703.25,5703.25,47.9523344,-81.81116159999999,1070.846,-8.609,-0.037000000000000005,0.305,8.61751424595984,0.01,0.0,0.2,0.2023606797749979
5703.25,5703.35,47.95234026666666,-81.81115093333334,1069.949,-8.157,-0.088,0.158,8.163208296981688,0.04,-0.19,0.2,0.2852750184075828
5703.25,5703.45,47.9523456,-81.811136,1068.957,-12.080000000000002,-0.6466666666666667,0.5466666666666666,12.136972182708607,0.36666666666666664,-0.3,0.08888888888888889,0.5064240748116472
5703.25,5703.55,47.9523552,-81.8111296,1065.3690000000001,-7.94909090909091,-1.9754545454545458,-0.34,8.212544575077743,1.1400000000000001,-0.22000000000000003,-0.31,1.211301227896811
5703.25,5703.65,47.952356800000004,-81.8111232,1059.895,-11.222222222222221,0.1255555555555556,-0.3466666666666667,11.336708076341717,1.59,-0.22999999999999998,-0.6699999999999999,1.7416537752426993
5703.25,5703.75,47.952362666666666,-81.81110826666666,1056.971,-9.809,1.073,0.06600000000000002,9.899733271586946,1.6200000000000003,-0.29999999999999993,-0.09,1.6571464658771178
5703.25,5703.85,47.9523744,-81.8110976,1056.028,-8.892727272727273,0.4827272727272728,0.018181818181818177,8.91497623002781,1.6799999999999997,-0.11000000000000001,0.39,1.7352686629060632
5703.25,5703.95,47.9523776,-81.8110912,1055.179,-7.586666666666667,-0.4677777777777778,-0.014444444444444442,7.608004608475685,1.48,0.13999999999999999,0.41,1.5463200062208067
5703.25,5704.05,47.9523808,-81.8110816,1053.435,-7.319,-0.5609999999999999,0.507,7.360960637218457,0.9199999999999999,0.15000000000000002,-0.019999999999999997,0.9394539225831864
5703.25,5704.15,47.9523856,-81.8110688,1051.785,-6.7988888888888885,-0.3188888888888889,0.5100000000000001,6.828156277590465,0.5666666666666667,-0.011111111111111112,-0.3222222222222222,0.6627074305461723
5704.25,5704.25,47.95239146666666,-81.81106133333333,1049.8065,-10.352,0.501,-0.7020000000000001,10.419629709166275,0.43999999999999995,-0.06000000000000001,-0.47000000000000003,0.6499413131598781
5704.25,5704.35,47.9524,-81.81104,1047.828,-9.72181818181818,0.13545454545454547,-0.4518181818181819,9.753511968970336,0.07,0.06,-0.4,0.42048651976442075
5704.25,5704.45,47.9524032,-81.8110336,1046.415,-8.092222222222224,-0.19444444444444442,-0.06555555555555556,8.097824009814087,0.0,0.1,-0.30000000000000004,0.3172663145002587
5704.25,5704.55,47.952408,-81.8110272,1044.3425000000002,-13.847999999999999,-0.6859999999999999,-0.188,13.87467875906008,0.02,0.15000000000000005,-0.04,0.16950844619618655
5704.25,5704.65,47.952414399999995,-81.8110176,1043.024,-6.565,0.078,-0.287,6.582864390393416,0.1,0.1,0.0,0.1414213562373095
5704.25,5704.75,47.95242026666667,-81.8110016,1041.1415000000002,-13.422222222222222,-0.4633333333333333,-0.23111111111111113,13.433383152411087,0.1,0.0,0.15,0.18251407699364425
5704.25,5704.85,47.9524256,-81.8109888,1039.918,-9.127272727272725,-0.5427272727272727,0.4218181818181818,9.244072972578723,0.09090909090909091,0.08181818181818182,0.29090909090909084,0.32165952823443933
5704.25,5704.95,47.9524304,-81.81098560000001,1037.8475,-14.316666666666666,-1.7077777777777776,1.221111111111111,14.502367175911907,0.5444444444444445,-0.13333333333333336,0.16666666666666666,0.6263335051469285
5704.25,5705.05,47.9524368,-81.81097600000001,1035.965,-11.389000000000001,-1.4169999999999998,0.453,11.544914685921942,1.5399999999999998,-0.64,-0.01,1.668172325578075
5704.25,5705.15,47.9524416,-81.8109632,1034.46,-14.026,-1.489,-0.8990000000000002,14.17682814727766,1.7111111111111112,-0.6666666666666666,-0.011111111111111112,1.8370509044325987
5705.25,5705.25,47.95244906666667,-81.81094826666667,1034.742,-13.18111111111111,-0.34666666666666673,-2.1377777777777776,13.591550589051138,1.0399999999999998,-0.27999999999999997,-0.17,1.1155200026628258
5705.25,5705.35,47.9524576,-81.8109376,1033.896,-5.28909090909091,0.4700000000000001,-1.981818181818182,5.807416484047452,0.3272727272727272,0.5636363636363636,-0.5181818181818181,0.846239825040157
5705.25,5705.45,47.9524608,-81.810928,1032.9085,-13.297,-0.325,1.4090000000000003,13.632469512073033,0.47777777777777775,0.8222222222222223,-0.5666666666666667,1.111763306600891
5705.25,5705.55,47.9524672,-81.81091520000001,1031.733,-10.718,-0.41200000000000003,1.777,10.960223810399519,1.15,0.12,-0.24,1.2162813908836494
5705.25,5705.65,47.95247466666667,-81.81090773333334,1031.7805,-8.146666666666667,-0.6822222222222221,0.7366666666666667,8.242567018942056,1.966666666666667,-0.41111111111111115,0.12222222222222223,2.0163389745140825
5705.25,5705.75,47.95248,-81.8108928,1043.966,-8.36111111111111,-0.30000000000000004,-0.23333333333333334,8.376096795754439,1.8333333333333333,-0.3555555555555555,0.48888888888888893,1.935930121634187
5705.25,5705.85,47.9524864,-81.81088,1056.2165,-9.425454545454546,-0.3481818181818182,-0.2672727272727273,9.4451248494103,0.6727272727272727,-0.10909090909090911,0.5818181818181819,0.9150736375146206
5705.25,5705.95,47.9524896,-81.81087679999999,1058.716,-7.074000000000001,-0.44600000000000006,-0.004000000000000002,7.0904729816219545,0.1,0.08888888888888889,0.32222222222222224,0.37099654632755213
5705.25,5706.05,47.952496,-81.81086719999999,1057.254,-8.665,-0.294,-0.32899999999999996,8.680422344451173,-0.018181818181818184,0.39999999999999997,0.045454545454545456,0.4142802951497613
5705.25,5706.15,47.95250346666666,-81.81085653333332,1050.7489999999998,-9.34,0.16666666666666666,-0.06666666666666665,9.342817780939448,-0.3333333333333333,0.6333333333333333,-0.12222222222222223,0.7399174832327043
5706.25,5706.25,47.9525152,-81.8108352,1039.635,-9.53111111111111,0.05666666666666667,0.02888888888888889,9.534211322614997,-0.8,0.7,-0.23333333333333334,1.0925118788125463
5706.25,5706.35,47.9525184,-81.8108288,1025.7655,-9.640909090909089,-0.26636363636363636,0.8018181818181819,9.680046902917821,-1.2999999999999998,0.45454545454545453,-0.35454545454545455,1.4371116466124463
5706.25,5706.45,47.9525216,-81.8108256,1016.889,-10.806,-0.16499999999999998,0.737,10.835216185399066,-1.8444444444444446,0.0,-0.5,1.9148988542276664
5706.25,5706.55,47.95252906666667,-81.81080960000001,1012.854,-9.966000000000001,-0.161,-0.43499999999999994,9.982218372827194,-2.3636363636363638,-0.2818181818181818,-0.5999999999999999,2.455178847934867
5706.25,5706.65,47.95253546666667,-81.81079893333333,1010.9780000000001,-11.049999999999999,0.4122222222222222,-0.5766666666666667,11.081799421854992,-2.677777777777778,-0.3,-0.5111111111111111,2.744964734302511
5706.25,5706.75,47.9525408,-81.810784,1008.727,-7.173,0.909,-0.442,7.2524436807160955,-2.977777777777778,-0.41111111111111115,-0.1,3.010322277668051
5706.25,5706.85,47.9525504,-81.8107776,1006.289,-12.254000000000001,-0.655,-0.9369999999999999,12.312088970912964,-3.0454545454545454,-0.6636363636363636,0.0,3.117306487972003
5706.25,5706.95,47.9525536,-81.8107744,1004.321,-10.073,-0.21500000000000002,-1.1999999999999997,10.171413271027264,-3.1000000000000005,-0.58,0.0,3.1546476930391902
5706.25,5707.05,47.952558933333336,-81.8107584,1003.7584999999999,-7.177,-0.23199999999999998,-1.318,7.31062330160176,-3.1399999999999997,-0.38,0.05,3.1646874458968908
5706.25,5707.15,47.952566399999995,-81.81074773333334,1010.978,-9.732000000000001,-0.22999999999999998,-0.492,9.753600392736352,-3.0200000000000005,-0.21000000000000002,0.17,3.03343635520634
5707.25,5707.25,47.9525728,-81.8107328,1020.363,-8.155555555555555,-0.9633333333333334,-0.6277777777777778,8.243901785087067,-2.6375,-0.3,0.35,2.678434638415709
5707.25,5707.35,47.9525792,-81.81072,1031.452,-8.759,-1.179,-1.6440000000000001,9.009551097282813,-2.5727272727272723,-0.29090909090909095,0.17272727272727276,2.5988935734740326
5707.25,5707.45,47.9525808,-81.8107136,1036.154,-9.043000000000001,-0.976,-1.241,9.192427543500902,-2.87,-0.030000000000000006,0.1,2.8722926121848253
5707.25,5707.55,47.95258453333333,-81.81070293333333,1025.9065,-10.47181818181818,-1.483636363636364,-0.4445454545454546,10.589728627465147,-2.82,-0.1,0.1,2.825085138789093
5707.25,5707.65,47.9525952,-81.8106816,1010.509,-10.374444444444443,-1.2777777777777777,-0.6,10.48359781910222,-2.6000000000000005,-0.27999999999999997,0.02,2.6157199065563796
5707.25,5707.75,47.9525984,-81.8106752,998.325,-10.302222222222222,-0.5166666666666666,-1.9455555555555553,10.555471312678005,-2.622222222222222,-0.20000000000000004,0.0,2.6315918291696594
5707.25,5707.85,47.9526048,-81.8106624,991.116,-13.275000000000002,-1.364,-1.358,13.497663869048,-3.18,0.15000000000000002,0.2,3.1927929548901544
5707.25,5707.95,47.9526096,-81.8106592,988.777,-8.553,-1.272,-0.604,8.779832415594985,-2.9200000000000004,0.02,0.39,2.946385225073075
5707.25,5708.05,47.952616533333334,-81.8106432,986.5315,-10.894545454545453,-1.8054545454545454,-1.6054545454545455,11.22069935775679,-2.52,0.019999999999999997,0.029999999999999992,2.528117335147753
5707.25,5708.15,47.952624,-81.8106304,984.755,-11.543333333333333,-0.741111111111111,-0.7988888888888889,11.667603111033642,-1.97,0.49000000000000005,-0.26999999999999996,2.0540140908187037
5708.25,5708.25,47.9526304,-81.8106176,983.6325,-12.17,0.6599999999999999,0.40222222222222215,12.27827081390359,-2.177777777777778,0.4666666666666667,-0.10000000000000002,2.2405823647468406
5708.25,5708.35,47.9526368,-81.8106048,981.95,-9.374545454545453,-0.7481818181818182,-0.14636363636363636,9.475814043709216,-2.75,-0.020000000000000007,-0.02,2.7540274112229777
5708.25,5708.45,47.9526384,-81.8105984,985.317,-9.553333333333333,-1.3622222222222224,-0.6411111111111111,9.700428854133573,-2.5599999999999996,-0.19,-0.41,2.605619677691539
5708.25,5708.55,47.9526464,-81.81058773333334,995.141,-14.13090909090909,-0.3472727272727273,-0.2963636363636364,14.146151668137389,-2.227272727272727,0.018181818181818184,-0.6272727272727271,2.3159794517381944
5708.25,5708.65,47.9526528,-81.8105728,1000.198,-8.894444444444446,0.8811111111111112,0.37222222222222223,8.980769909497049,-1.7,0.07777777777777778,-0.03333333333333332,1.7136282485838967
5708.25,5708.75,47.9526592,-81.81056,1003.29,-9.358,-0.15200000000000002,0.091,9.380858135291156,-1.17,-0.05,0.45,1.2604877711150482
5708.25,5708.85,47.952660800000004,-81.81055359999999,1007.977,-11.87,-0.8899999999999999,-0.064,11.91225200516408,-0.9555555555555555,-0.23333333333333334,0.4666666666666667,1.0910551260222578
5708.25,5708.95,47.9526672,-81.810544,1110.2455,-8.339999999999998,-0.8177777777777778,-0.09999999999999999,8.398170293996671,-0.69,-0.29999999999999993,0.18,0.782375422348552
5708.25,5709.05,47.952674133333325,-81.81052799999999,1210.582,-6.602727272727273,-0.08636363636363636,0.24636363636363637,6.60936349252122,-0.5999999999999999,-0.2909090909090909,0.0,0.6673326785939131
5708.25,5709.15,47.9526816,-81.8105152,1212.456,-10.231,-0.571,0.506,10.26435108518777,-0.6,-0.1888888888888889,-0.07777777777777778,0.6393774201309914
5709.25,5709.25,47.9526848,-81.8105088,1211.927,-5.306666666666667,-0.19666666666666666,0.07111111111111112,5.3146507419672435,-0.6199999999999999,-0.030000000000000006,-0.27999999999999997,0.6837546626192793
5709.25,5709.35,47.9526896,-81.81050239999999,1110.3895,-9.023,-0.24600000000000005,0.042,9.027841772618137,-0.24000000000000005,0.25,-0.16000000000000003,0.4120113744375023
5709.25,5709.45,47.952696,-81.8104896,1009.1495,-11.63,-0.4677777777777778,0.4411111111111111,11.648645025303496,-0.011111111111111112,0.5222222222222221,-0.044444444444444446,0.5282188803099738
5709.25,5709.55,47.952701866666665,-81.81047466666666,1001.697,-8.54,-0.3981818181818182,0.23909090909090908,8.556001372232512,0.045454545454545456,0.5999999999999999,0.0,0.6037619331953736
5709.25,5709.65,47.9527136,-81.810464,993.0815,-12.283,-0.43099999999999994,0.296,12.311488612812573,0.21111111111111114,0.5222222222222223,0.011111111111111112,0.5768688996088829
5709.25,5709.75,47.9527168,-81.8104576,0.0,-8.841111111111111,0.33666666666666667,0.4466666666666667,8.874680261211758,0.28,0.12000000000000002,0.22000000000000003,0.40555366625319395
5709.25,5709.85,47.95272,-81.81044800000001,986.1105,-10.906,-0.657,-0.13899999999999998,10.93074029358167,0.08,0.0,0.37,0.38210769708705544
5709.25,5709.95,47.9527264,-81.8104352,985.784,-11.353,-0.47800000000000004,-0.10200000000000001,11.37329258727198,0.0,0.0,0.24444444444444446,0.24444444444444446
5709.25,5710.05,47.95273386666667,-81.81042773333334,985.2225000000001,-7.7490000000000006,-1.1290000000000002,-0.03,7.83578097378891,0.12727272727272726,-0.1,-0.1272727272727273,0.2345037978885012
5709.25,5710.15,47.9527424,-81.8104064,984.6614999999999,-9.175999999999998,-0.10899999999999996,0.137,9.191343658220068,0.22000000000000003,-0.11000000000000001,-0.39,0.4630387157219212
5710.25,5710.25,47.9527456,-81.8104032,983.446,-13.148888888888889,-0.2611111111111111,0.30999999999999994,13.182335458091336,0.6888888888888889,-0.3,-0.1888888888888889,0.7772756440906402
5710.25,5710.35,47.952752000000004,-81.8103936,985.1759999999999,-8.534545454545453,-0.4336363636363636,0.10363636363636365,8.548933392385083,0.7,-0.29999999999999993,-0.030000000000000006,0.7635384898465318
5710.25,5710.45,47.9527568,-81.810384,982.791,-12.794444444444444,-0.6033333333333334,0.31666666666666665,12.814379099326164,0.6111111111111112,-0.1888888888888889,0.0,0.6418458179944712
5710.25,5710.55,47.952764800000004,-81.81037653333334,986.3915,-9.434,-0.557,0.266,9.461286818907789,0.2090909090909091,-0.009090909090909092,-0.18181818181818182,0.3077521747376999
5710.25,5710.65,47.9527712,-81.8103616,983.633,-8.364,-0.346,0.47300000000000003,8.3874844440859,0.11000000000000001,0.0,-0.29999999999999993,0.320660502169794
5710.25,5710.75,47.9527776,-81.8103488,981.763,-13.307777777777778,-0.5266666666666667,0.6311111111111111,13.336188404575278,0.2,0.0,-0.2,0.282842712474619
5710.25,5710.85,47.952779199999995,-81.8103456,978.9594999999999,-9.368181818181819,-0.7345454545454545,0.24909090909090906,9.40474463977027,0.24545454545454543,0.06363636363636363,-0.2,0.3315996603019003
5710.25,5710.95,47.95278293333334,-81.8103296,974.942,-11.225555555555554,-0.9122222222222222,0.25222222222222224,11.266466302104297,0.4666666666666667,0.26666666666666666,-0.13333333333333336,0.5577046350588529
5710.25,5711.05,47.9527936,-81.8103168,967.894,-10.088,-0.943,0.22399999999999998,10.134890687223793,0.5199999999999999,0.37,-0.1,0.6484592463820519
5710.25,5711.15,47.9527968,-81.8103104,960.384,-9.982000000000001,-0.86,0.047,10.020857172671986,0.62,0.29999999999999993,-0.14000000000000004,0.7049161142823828
5711.25,5711.25,47.952799999999996,-81.810304,955.258,-11.373999999999999,-0.9709999999999999,0.05600000000000001,11.416094859030089,0.788888888888889,0.24444444444444446,-0.03333333333333334,0.829565069816089
5711.25,5711.35,47.9528064,-81.810288,943.711,-9.872,-1.0370000000000001,0.20900000000000002,9.928998432120526,0.890909090909091,0.29999999999999993,0.0,0.9401121231851718
5711.25,5711.45,47.952812800000004,-81.8102752,940.176,-9.128888888888888,-1.0066666666666666,0.18333333333333332,9.186264021008174,0.8999999999999999,0.3888888888888889,0.0,0.9808632821652663
5711.25,5711.55,47.95281813333333,-81.81026346666668,932.7384999999999,-9.602,-0.6489999999999999,-0.06699999999999999,9.632219466221583,1.0299999999999998,0.48999999999999994,0.0,1.1408650074507176
5711.25,5711.65,47.9528288,-81.8102464,927.443,-10.406,-0.137,-0.083,10.410664821540554,1.48,0.64,0.25999999999999995,1.6371787865854603
5711.25,5711.75,47.952830399999996,-81.81024,925.1675,-10.084999999999999,-1.082,-0.251,10.147564817124636,1.7777777777777777,0.7,0.3888888888888889,1.9500489355070674
5711.25,5711.85,47.952833600000005,-81.8102304,923.357,-9.677000000000001,-1.0199999999999998,-0.291,9.73527138631715,1.6818181818181819,0.7000000000000001,0.2090909090909091,1.8348088313918622
5711.25,5711.95,47.95283733333333,-81.8102144,922.336,-8.906,-0.5589999999999999,0.083,8.930326213509112,1.6,0.6111111111111112,0.1,1.7170361041732864
5711.25,5712.05,47.952848,-81.8102016,921.779,-9.333,-0.6890000000000001,-0.26599999999999996,9.37274049255413,1.3700000000000003,0.32999999999999996,0.22000000000000003,1.428252861948997
5711.25,5712.15,47.9528512,-81.8101888,920.851,-8.835555555555556,-1.0222222222222224,-0.6588888888888889,8.919272587510285,1.3000000000000003,0.29999999999999993,0.29999999999999993,1.3674794331177345
5712.25,5712.25,47.9528528,-81.81018560000001,919.2735,-9.598,-0.851,-0.29200000000000004,9.64221532031049,1.31,0.28,0.36,1.3885739597501243
5712.25,5712.35,47.9528576,-81.8101728,917.79,-9.788,-1.0619999999999998,-0.041999999999999996,9.845712890118829,1.58,0.15000000000000002,0.5,1.6653582631994266
5712.25,5712.45,47.952865066666675,-81.81015893333334,916.1199999999999,-9.633,-1.068,-0.33599999999999997,9.701567826627727,1.9,0.1,0.5999999999999999,1.995133842541406
5712.25,5712.55,47.9528704,-81.8101504,914.914,-9.994,-0.884,-0.8110000000000002,10.066409736583264,2.066666666666667,0.16666666666666666,0.5888888888888889,2.1561297696342887
5712.25,5712.65,47.9528736,-81.8101376,915.3779999999999,-8.745555555555557,-0.9155555555555556,-0.3844444444444444,8.809514744032327,2.22,0.2,0.41,2.268312914189263
5712.25,5712.75,47.9528768,-81.8101312,920.294,-9.336,-0.5760000000000001,-0.323,9.363245477854388,2.1400000000000006,0.030000000000000006,0.21000000000000002,2.151136602386333
5712.25,5712.85,47.952886400000004,-81.81012053333333,929.6725,-10.574545454545456,-0.6772727272727274,-0.8427272727272727,10.629930967241632,2.1000000000000005,0.0,0.2,2.109502310972899
5712.25,5712.95,47.95289173333333,-81.81011413333333,1030.801,-9.178888888888888,-0.6333333333333333,-0.6411111111111112,9.223094163984394,2.1000000000000005,0.0,0.2,2.109502310972899
5712.25,5713.05,47.952896,-81.8100992,1130.667,-9.443999999999999,-0.5370000000000001,-0.5539999999999999,9.475880728930703,2.1000000000000005,0.0,0.2,2.109502310972899
5712.25,5713.15,47.9529024,-81.8100864,1126.3875,-10.055555555555555,-0.4577777777777778,-0.58,10.082986123568789,2.1,0.0,0.2,2.1095023109728985
5713.25,5713.25,47.9529056,-81.81008320000001,925.121,-6.882,-0.256,-0.603,6.913484817702721,2.0,0.04,0.2,2.0109695464344304
5713.25,5713.35,47.95291306666667,-81.81007146666667,911.9945,-10.056363636363637,-0.3972727272727273,-0.8263636363636365,10.098201805138107,2.0,0.1,0.17,2.0102209554977697
5713.25,5713.45,47.952917333333325,-81.81006293333334,0.0,-8.018888888888888,-0.19666666666666666,-0.778888888888889,8.06152285144931,2.0,0.02,0.1,2.0029975046753314
5713.25,5713.55,47.952928,-81.810048,896.5725,-9.266,-0.15,-0.5249999999999999,9.28391154961481,1.9899999999999998,-0.01,0.13,1.9950551971569805
5713.25,5713.65,47.9529312,-81.8100352,894.8605,-10.45111111111111,-0.3655555555555556,-0.6433333333333333,10.491081200870305,1.8999999999999997,-0.15555555555555556,0.24444444444444446,1.923224411270993
5713.25,5713.75,47.952934400000004,-81.810032,892.224,-8.901111111111112,-0.7677777777777777,-0.9588888888888888,9.00331277020283,1.77,-0.1,0.29,1.7977193617926936
5713.25,5713.85,47.95293973333333,-81.81002453333332,890.8835,-10.07090909090909,-0.6518181818181817,-0.8036363636363635,10.13173021147801,1.8909090909090907,0.0,0.10909090909090911,1.8943067834607215
5713.25,5713.95,47.9529504,-81.8100032,889.542,-7.842222222222222,-0.2733333333333333,-0.3844444444444444,7.856638014734953,1.8999999999999997,-0.1111111111111111,0.1111111111111111,1.9075794452443762
5713.25,5714.05,47.9529536,-81.8099968,888.063,-12.745454545454544,-0.41181818181818186,-0.701818181818182,12.771652651591774,1.8,-0.2,0.24545454545454543,1.8284653427615865
5713.25,5714.15,47.9529568,-81.8099904,886.492,-6.55,-0.1911111111111111,-0.38,6.565035175343796,1.7,-0.125,0.4,1.75283008430362
5714.25,5714.25,47.952960000000004,-81.8099872,885.475,-12.444444444444445,-0.4911111111111111,0.04111111111111112,12.463009954251643,1.55,0.0,0.38,1.5987338906201563
5714.25,5714.35,47.95296746666667,-81.8099712,884.597,-9.254545454545456,-0.6281818181818182,-0.18727272727272723,9.297917117347003,0.9818181818181819,-0.1,-0.16363636363636364,1.0076263873270819
5714.25,5714.45,47.9529728,-81.8099584,883.257,-10.591,0.09,-0.183,10.594027232157712,1.0,-0.1,-0.3,1.0488088481701516
5714.25,5714.55,47.9529792,-81.809952,883.2115,-10.999,-0.19599999999999998,-0.157,11.002382213874846,1.0,-0.05454545454545456,-0.2090909090909091,1.0255091977918598
5714.25,5714.65,47.9529824,-81.8099392,884.459,-10.174444444444443,-0.44555555555555554,-0.20555555555555557,10.191481435454444,1.0,0.0,-0.1,1.004987562112089
5714.25,5714.75,47.952985600000005,-81.8099328,888.7104999999999,-60.37111111111111,-3.183333333333333,0.42000000000000004,60.496562434527505,0.8,-0.17777777777777778,-0.10000000000000002,0.8552953995165954
5714.25,5714.85,47.95299093333333,-81.80992213333333,891.854,-36.06090909090909,-0.8363636363636364,0.3281818181818182,36.07485719643748,0.3181818181818181,-0.09090909090909091,-0.17272727272727273,0.38737412332000626
5714.25,5714.95,47.9529952,-81.8099072,889.358,-15.220999999999998,0.24499999999999997,-0.15999999999999998,15.23418231637866,0.4555555555555556,0.03333333333333334,0.1888888888888889,0.5111120897950069
5714.25,5715.05,47.9530016,-81.8099008,893.519,-15.147999999999996,-0.7050000000000001,-0.06800000000000002,15.166855618387611,0.4,0.19090909090909092,0.5727272727272726,0.7251242431980877
5714.25,5715.15,47.9530048,-81.8098912,894.444,-19.659,-1.042,0.34400000000000003,19.707873306917833,0.4555555555555555,0.13333333333333336,0.5777777777777777,0.7560656344837242
5715.25,5715.25,47.9530112,-81.8098784,895.554,-15.461111111111112,-0.7355555555555555,-0.022222222222222206,15.509159104992534,0.8222222222222223,-0.2222222222222222,0.43333333333333335,0.9639717396621186
5715.25,5715.35,47.95301653333334,-81.80986666666666,1092.602,-14.379,-0.33000000000000007,-0.196,14.385631543364369,0.8454545454545456,-0.23636363636363641,0.3545454545454545,0.9479306319267381
5715.25,5715.45,47.9530272,-81.8098432,1095.586,-13.949000000000002,-0.20099999999999998,-0.29,13.953638892639836,0.8,-0.2,0.24000000000000005,0.8601154579499992
5715.25,5715.55,47.9530304,-81.8098368,1096.865,-12.222000000000001,-0.31100000000000005,-0.163,12.23232423893172,0.75,-0.15000000000000002,0.07,0.770291796072725
5715.25,5715.65,47.953032,-81.80983040000001,1096.297,-9.858,-0.6449999999999999,-0.08299999999999999,9.885728272756229,0.61,-0.1,-0.16,0.6480031077531214
5715.25,5715.75,47.9530352,-81.80982080000001,1094.591,-8.240000000000002,-0.12333333333333336,-0.14222222222222225,8.242586166492755,0.5,-0.1,-0.3625,0.6268992855167269
5715.25,5715.85,47.953043199999996,-81.80980480000001,1092.507,-9.058,-0.154,-0.13,9.061151227684249,0.5,-0.018181818181818184,-0.43636363636363645,0.6660124893767443
5715.25,5715.95,47.9530496,-81.809792,1089.335,-10.508000000000001,-0.22599999999999998,0.26999999999999996,10.516602722508543,0.54,0.0,-0.5899999999999999,0.8033367360450431
5715.25,5716.05,47.9530496,-81.8097856,893.519,-9.600999999999999,-0.20600000000000002,-0.23900000000000002,9.609214453528292,0.7,0.0,-0.5200000000000001,0.8741199439393915
5715.25,5716.15,47.953051200000004,-81.80978239999999,890.0975,-7.135,0.38700000000000007,-0.29700000000000004,7.154341579896466,0.71,0.0,-0.23000000000000004,0.7560242085593443
5716.25,5716.25,47.953056000000004,-81.8097696,887.601,-9.753333333333334,-0.2733333333333334,-0.3922222222222222,9.770928736444827,0.625,0.0,0.037500000000000006,0.6281035948861832
5716.25,5716.35,47.95306133333333,-81.80975573333333,885.6135,-10.847,-0.65,-0.15300000000000002,10.867995569727332,0.5181818181818182,0.03636363636363637,0.18181818181818182,0.55454773996796
5716.25,5716.45,47.9530688,-81.8097472,883.396,-10.915000000000001,-0.7590000000000001,-0.164,10.94308647253793,0.5,0.1,0.25000000000000006,0.5696652679075639
5716.25,5716.55,47.9530704,-81.809744,879.747,-10.188181818181818,-1.0336363636363635,0.13090909090909092,10.255652352038712,0.5199999999999999,0.05,0.12000000000000002,0.5458416690244388
5716.25,5716.65,47.953072,-81.8097344,876.193,-11.106666666666667,-0.8066666666666668,-0.12888888888888891,11.146462871871591,0.6799999999999999,-0.13999999999999999,-0.05,0.7003831210764231
5716.25,5716.75,47.953073599999996,-81.8097248,873.377,-11.313333333333334,-0.4222222222222223,-0.47333333333333333,11.331208863833888,0.7,-0.3,-0.16666666666666666,0.7820824884118208
5716.25,5716.85,47.9530752,-81.8097216,871.5785000000001,-10.096,-0.45099999999999996,-0.497,10.118486384341498,0.76,-0.43000000000000005,-0.2,0.896529019043862
5716.25,5716.95,47.9530784,-81.8097152,870.61,-9.878,-0.5920000000000001,-0.304,9.901295601361392,0.79,-0.4800000000000001,-0.2,0.9466761897310189
5716.25,5717.05,47.953076800000005,-81.80971199999999,869.2719999999999,-10.121818181818181,-0.770909090909091,-0.2045454545454545,10.154602303698349,0.8200000000000001,-0.32,-0.13000000000000003,0.8945199222889695
5716.25,5717.15,47.9530752,-81.8097088,867.935,-8.564444444444446,-0.8522222222222222,-0.017777777777777778,8.607652598153221,0.95,-0.06,-0.1,0.9596473091767734
5717.25,5717.25,47.9530752,-81.80970453333333,864.616,-7.843000000000001,-0.865,-0.0010000000000000009,7.891057921073566,1.08,0.05,-0.1,1.0868851682585066
5717.25,5717.35,47.953072,-81.8096896,860.2375,-9.381,-0.7699999999999999,0.43899999999999995,9.423586717336887,1.0666666666666669,0.25555555555555554,-0.16666666666666669,1.1130514951504142
5717.25,5717.45,47.953072,-81.8096832,858.165,-10.273333333333333,-1.05,0.5144444444444445,10.34079781594653,1.0399999999999998,0.29999999999999993,-0.36,1.1414398563417705
5717.25,5717.55,47.953072,-81.8096832,856.6455,-10.257272727272726,-1.0036363636363637,0.27090909090909093,10.310272911374199,1.0999999999999999,0.2909090909090909,-0.4636363636363637,1.229752519943116
5717.25,5717.65,47.953072,-81.80968,856.415,-9.262222222222222,-0.3277777777777777,0.6033333333333333,9.293983227484748,1.011111111111111,0.16666666666666669,-0.32222222222222224,1.077555301960421
5717.25,5717.75,47.953072,-81.80966826666666,0.0,-10.317,-0.27399999999999997,0.45099999999999996,10.333394495074554,0.96,0.04,-0.06,0.9659534120216673
5717.25,5717.85,47.953072,-81.8096512,856.5075,-9.434999999999999,-0.628,0.34400000000000003,9.46276364144252,0.8777777777777778,0.044444444444444446,0.03333333333333334,0.8823766169617071
5717.25,5717.95,47.953072,-81.8096384,855.863,-9.652222222222221,-0.45222222222222225,0.39444444444444443,9.671996506058857,0.8,0.1,0.16,0.8233589679605229
5717.25,5718.05,47.953073599999996,-81.809632,854.85,-9.601818181818182,-0.5209090909090909,0.6127272727272728,9.63690748703772,0.8727272727272729,0.06363636363636364,0.14545454545454548,0.8900865117325808
5717.25,5718.15,47.9530752,-81.809616,854.666,-8.998999999999999,-0.07100000000000001,0.6479999999999999,9.023154356732386,0.8999999999999999,0.0,0.03333333333333334,0.9018461712712473
5718.25,5718.25,47.95307733333334,-81.80959786666666,854.481,-9.975555555555557,0.10555555555555557,0.5766666666666667,9.993101231463832,0.9,0.0,0.0,0.9
5718.25,5718.35,47.9530816,-81.8095872,854.113,-9.165000000000001,0.17099999999999999,0.6289999999999999,9.189280236334513,0.9,-0.1,-0.06,0.9109974158384343
5718.25,5718.45,47.9530816,-81.809568,854.758,-9.342222222222222,0.43666666666666665,0.5055555555555555,9.369183827581894,0.8999999999999999,-0.23333333333333334,-0.14444444444444446,0.9432016972670344
5718.25,5718.55,47.9530848,-81.8095616,855.264,-9.843636363636366,0.6618181818181819,0.37454545454545457,9.873361359747143,0.9,-0.29999999999999993,-0.11818181818181821,0.9567749777926402
5718.25,5718.65,47.953088,-81.8095488,856.876,-10.620999999999999,0.694,0.538,10.657655038921781,0.9444444444444444,-0.23333333333333334,-0.1,0.9794801788593129
5718.25,5718.75,47.95309013333334,-81.80953386666668,861.298,-9.97,0.8744444444444445,0.30333333333333334,10.014078662758822,1.0,-0.2,-0.1,1.0246950765959597
5718.25,5718.85,47.9530944,-81.8095168,1058.952,-9.609090909090908,0.8936363636363637,-0.13636363636363635,9.652702259564917,1.0399999999999998,-0.14000000000000004,-0.1,1.055489589662002
5718.25,5718.95,47.9530944,-81.809504,1064.661,-10.053333333333335,0.7044444444444444,-0.3611111111111111,10.085380374486395,1.1,-0.025,-0.1125,1.1073527248281763
5718.25,5719.05,47.9530944,-81.8094976,1068.485,-10.354,0.617,-0.4120000000000001,10.381076164140541,1.0999999999999999,0.0,-0.2,1.118033988749895
5718.25,5719.15,47.9530944,-81.809488,1070.752,-10.126000000000001,0.48,-0.6849999999999999,10.161114167678026,1.1,0.0,-0.25999999999999995,1.1313188505594407
5719.25,5719.25,47.95309653333334,-81.80947626666666,1073.5865,-10.348888888888888,0.25555555555555554,-0.7255555555555556,10.377687053994643,1.1,0.0,-0.3,1.140175425099138
5719.25,5719.35,47.9530976,-81.8094656,1075.76,-10.43,0.02,-0.8163636363636364,10.462753983807316,1.0999999999999999,0.0,-0.2090909090909091,1.1200468465998261
5719.25,5719.45,47.9530976,-81.8094528,1075.571,-10.485555555555557,-0.18000000000000002,-0.8577777777777779,10.52232865248426,1.1,0.0,-0.2,1.118033988749895
5719.25,5719.55,47.953096,-81.8094496,1074.815,-10.005,-0.43500000000000005,-0.8460000000000001,10.050214135815494,1.0727272727272728,0.0,-0.14545454545454548,1.0835219032038106
5719.25,5719.65,47.9530944,-81.80944213333333,1072.216,-9.831,-0.5279999999999999,-0.741,9.873169301898212,1.0,0.0,-0.05,1.0024937810560446
5719.25,5719.75,47.9530944,-81.8094336,1068.674,-9.752222222222223,-0.6411111111111112,-0.7388888888888889,9.801978032971482,0.9666666666666666,0.0,0.0,0.9666666666666666
5719.25,5719.85,47.9530912,-81.8094272,1063.953,-9.63,-0.6945454545454545,-0.7527272727272727,9.684493169491775,0.9,0.0,0.0,0.9
5719.25,5719.95,47.9530912,-81.809424,1060.6025,-9.83222222222222,-0.7933333333333333,-0.8188888888888888,9.898543522794613,0.8999999999999999,0.0,0.044444444444444446,0.9024615616949964
5719.25,5720.05,47.9530912,-81.80941440000001,1054.614,-9.778,-1.014,-0.695,9.855066572764425,0.9,0.0,0.02,0.9011077027627484
5719.25,5720.15,47.95308906666667,-81.80940373333334,1049.2415,-10.027000000000001,-0.875,-0.7380000000000001,10.092632807534544,0.9,0.0,0.0,0.9
5720.25,5720.25,47.953088,-81.8094016,1042.836,-10.059000000000001,-0.851,-0.644,10.115966281818553,0.8999999999999999,-0.022222222222222223,0.0,0.9012307808474982
5720.25,5720.35,47.953088,-81.8093952,1037.4235,-9.878,-0.8699999999999999,-0.397,9.924424995387682,0.9,-0.1,0.0,0.9055385138137416
5720.25,5720.45,47.953088,-81.809392,842.796,-9.901,-0.8539999999999999,-0.11300000000000002,9.939111967349351,0.9,-0.1,0.0,0.9055385138137415
5720.25,5720.55,47.9530848,-81.8093856,839.211,-9.77222222222222,-0.7255555555555555,-0.06666666666666668,9.799448218708669,0.8999999999999999,-0.1,0.0,0.9055385138137415
5720.25,5720.65,47.9530816,-81.80937386666666,837.741,-9.495000000000001,-0.6539999999999999,-0.079,9.518144574543145,0.9,-0.030000000000000006,0.0,0.9016615541441226
5720.25,5720.75,47.9530816,-81.8093568,836.087,-9.302000000000001,-0.524,-0.199,9.31914084978755,0.8111111111111112,0.022222222222222223,0.0,0.8125925062240449
5720.25,5720.85,47.9530816,-81.8093504,834.8465,-9.23,-0.506,-0.06000000000000001,9.244450967677222,0.609090909090909,0.16363636363636364,-0.12727272727272726,0.6483961010192343
5720.25,5720.95,47.9530848,-81.80934719999999,834.158,-9.582999999999998,-0.514,0.176,9.59877855507778,0.45000000000000007,0.2,-0.22000000000000003,0.5419008130365823
5720.25,5721.05,47.953088,-81.80933546666667,833.0554999999999,-9.641000000000002,-0.6159999999999999,0.312,9.665748902960498,0.4,0.2,-0.3,0.5385164807134505
5720.25,5721.15,47.953088,-81.80932693333334,832.688,-9.60888888888889,-0.6466666666666667,0.27,9.634580384465645,0.4,0.18000000000000002,-0.28,0.5224646984698771
5721.25,5721.25,47.953088,-81.8093184,832.229,-9.596,-0.6799999999999999,0.41100000000000003,9.62970478463573,0.30999999999999994,0.09,-0.18000000000000002,0.3725307985289721
5721.25,5721.35,47.953088,-81.8093056,831.3565000000001,-9.771,-0.271,1.2319999999999998,9.85771140623556,0.30999999999999994,0.0,-0.05,0.3181138830084189
5721.25,5721.45,47.953088,-81.8092992,0.0,-9.694,-0.288,1.505,9.820994068655418,0.48999999999999994,-0.02,0.030000000000000006,0.4941159053623617
5721.25,5721.55,47.953088,-81.80928853333334,830.117,-9.345,-1.301,0.221,9.445807900042691,0.711111111111111,0.0,0.07777777777777778,0.7167685489054564
5721.25,5721.65,47.953088,-81.8092864,0.0,-9.231111111111112,-1.648888888888889,-0.4822222222222222,9.391786227041159,1.0,0.09,-0.01,1.0063275391798636
5721.25,5721.75,47.953088,-81.80928,1020.316,-9.295,-1.131,-0.382,9.376892675296052,1.2700000000000002,0.24000000000000005,-0.13,1.3004684424078516
5721.25,5721.85,47.9530912,-81.8092736,0.0,-9.640909090909089,-0.7545454545454544,0.13818181818181818,9.673043304262027,1.3000000000000003,0.15000000000000002,-0.2,1.3247520326961495
5721.25,5721.95,47.9530928,-81.8092704,1020.081,-9.798888888888888,-0.7777777777777778,0.15555555555555556,9.831328158982355,1.3000000000000003,0.02,-0.18000000000000002,1.313763001651519
5721.25,5722.05,47.9530944,-81.80925866666666,1020.175,-10.101818181818182,-0.8636363636363638,0.17363636363636364,10.140942829706786,1.2299999999999998,0.0,-0.04,1.2315680901000818
5721.25,5722.15,47.9530976,-81.809248,1020.739,-9.915000000000001,-0.82,0.3075,9.954543127455944,1.1624999999999999,0.0,0.0,1.1624999999999999
5722.25,5722.25,47.9531008,-81.8092352,1023.1804999999999,-9.603,-0.7100000000000001,0.41100000000000003,9.638979879136617,1.23,0.0,0.0,1.23
5722.25,5722.35,47.9531072,-81.8092288,1025.623,-10.152727272727272,-0.7036363636363636,0.5681818181818182,10.19594683399763,1.1999999999999997,0.11000000000000001,0.08,1.2095396651514718
5722.25,5722.45,47.953108799999995,-81.80922559999999,1030.2295,-9.616666666666667,-0.6111111111111112,0.6722222222222222,9.660988743155123,1.2900000000000003,0.2,0.0,1.3054204300228962
5722.25,5722.55,47.95311253333333,-81.80921386666667,1036.718,-9.71,-0.10090909090909092,0.46181818181818185,9.724373461326168,1.3000000000000003,0.1363636363636364,-0.05454545454545454,1.3100942867818275
5722.25,5722.65,47.9531168,-81.8092096,1041.048,-9.806666666666665,0.1622222222222222,0.19666666666666666,9.810201849122468,1.225,0.1,-0.1,1.2331458687851433
5722.25,5722.75,47.95312,-81.8092032,1045.9434999999999,-9.412222222222221,0.38111111111111107,0.9144444444444445,9.467630412545544,1.1999999999999997,0.1,-0.1,1.2083045973594575
5722.25,5722.85,47.9531232,-81.8092032,1049.712,-9.46818181818182,0.2563636363636364,0.6799999999999999,9.50975588043771,1.409090909090909,0.0,-0.1,1.412662249030649
5722.25,5722.95,47.9531264,-81.8092,1053.9535,-9.323333333333332,0.19111111111111112,-0.3433333333333334,9.33215977218213,1.6555555555555554,0.0,-0.1,1.6585756666350846
5722.25,5723.05,47.953128533333334,-81.8091968,1054.142,-9.728181818181817,0.14727272727272725,-0.7718181818181818,9.761979713675373,1.7,0.0,-0.1,1.70293863659264
5722.25,5723.15,47.9531296,-81.8091968,1050.5605,-10.29111111111111,-0.10666666666666666,-1.0277777777777777,10.343377416840854,1.7,0.0,-0.05,1.7014693182963199
5723.25,5723.25,47.9531328,-81.8091904,1043.683,-10.36111111111111,-0.24444444444444446,-1.1177777777777778,10.424475477949063,1.67,0.0,0.0,1.67
5723.25,5723.35,47.953134399999996,-81.8091904,1033.944,-10.26090909090909,-0.3,-0.9718181818181818,10.311376687079008,1.6,0.0,0.0,1.6
5723.25,5723.45,47.953136,-81.8091904,1027.691,-9.892000000000001,-0.36000000000000004,-1.01,9.950381619279112,1.6,0.0,0.08888888888888889,1.6027750703894579
5723.25,5723.55,47.95313813333334,-81.8091904,1018.297,-9.779,-0.78,-1.0739999999999998,9.868832154301654,1.6181818181818182,0.0,0.07272727272727274,1.6204189998467384
5723.25,5723.65,47.9531456,-81.809184,1011.3534999999999,-9.732,-0.5969999999999999,-1.085,9.811422837903233,1.6888888888888889,0.0,0.0,1.6888888888888889
5723.25,5723.75,47.9531488,-81.809184,1007.227,-9.8825,-0.9275,-1.0550000000000002,9.982401381115316,1.7,0.0,0.0,1.7
5723.25,5723.85,47.9531504,-81.809184,1005.164,-9.56818181818182,-1.1254545454545453,-0.8545454545454546,9.672656060478333,1.6818181818181819,-0.07272727272727272,0.0,1.6839887025392835
5723.25,5723.95,47.9531536,-81.8091776,1003.571,-9.868,-1.073,-0.796,9.958377270798561,1.6,-0.1,0.0,1.60312195418814
5723.25,5724.05,47.95315733333334,-81.8091712,1002.7275,-9.854,-1.1340000000000001,-0.21000000000000002,9.922316180193675,1.4636363636363638,-0.1,0.0,1.467052273082574
5723.25,5724.15,47.9531616,-81.8091648,1002.1185,-9.811,-1.049,-0.181,9.868668186875103,1.35,-0.1,0.0,1.3537036829011746
5724.25,5724.25,47.9531712,-81.8091648,1001.791,-9.936666666666667,-1.0766666666666667,-0.27555555555555555,9.998716699469675,1.2875,-0.037500000000000006,0.0,1.2889401803901985
5724.25,5724.35,47.953172800000004,-81.80916160000001,1001.4155000000001,-10.224000000000002,-1.1469999999999998,-0.092,10.288915192933818,1.1999999999999997,0.0,0.0,1.1999999999999997
5724.25,5724.45,47.953176,-81.8091584,1001.228,-10.23,-1.137,0.040999999999999995,10.293227248930638,1.1999999999999997,0.030000000000000006,0.0,1.2012478373637692
5724.25,5724.55,47.953184,-81.80915413333332,1001.1814999999999,-10.703999999999999,-1.209,0.054000000000000006,10.772376872194998,1.1999999999999997,0.1,-0.04,1.2058175136713207
5724.25,5724.65,47.9531904,-81.809152,1001.041,-10.733,-1.1110000000000002,0.0009999999999999996,10.790510352549873,1.13,0.1,-0.07,1.1374736699798316
5724.25,5724.75,47.9531936,-81.8091456,1001.416,-10.136666666666667,-0.6633333333333333,0.27888888888888885,10.165717834862594,1.1,0.08750000000000001,0.0,1.1039690890038854
5724.25,5724.85,47.9531968,-81.8091456,1003.712,-9.932999999999998,-0.28,0.35300000000000004,9.943643445881621,1.1363636363636362,0.0,0.0,1.1363636363636362
5724.25,5724.95,47.953203200000004,-81.8091456,1007.32,-10.013,-0.446,0.41,10.03309277680664,1.1999999999999997,0.0,0.06,1.202495674727538
5724.25,5725.05,47.95321066666667,-81.80913706666666,1013.3705,-9.708,-0.5479999999999999,0.265,9.727610792375865,1.2400000000000002,0.0,0.1,1.2440318671437496
5724.25,5725.15,47.9532192,-81.8091328,1019.612,-9.433000000000002,-0.697,0.27899999999999997,9.46314616989666,1.27,0.0,0.1,1.2739361740921396
5725.25,5725.25,47.9532288,-81.8091328,1026.2815,-9.203000000000001,-0.6399999999999999,0.22600000000000003,9.228405964876735,1.1555555555555557,0.0,0.06666666666666668,1.1583703767905416
5725.25,5725.35,47.953230399999995,-81.8091296,1031.733,-8.808888888888887,-0.4911111111111111,0.20777777777777776,8.825667441912303,1.07,0.0,0.0,1.07
5725.25,5725.45,47.953235199999995,-81.8091264,1032.768,-8.916999999999998,-0.307,0.13000000000000003,8.923544111867244,0.9700000000000001,0.0,-0.06999999999999999,0.973656578988958
5725.25,5725.55,47.95324266666666,-81.8091264,1033.755,-9.30090909090909,-0.1,0.20454545454545456,9.305135465520273,0.8400000000000001,0.0,-0.2,0.8635544533658349
5725.25,5725.65,47.9532512,-81.80912,1032.673,-9.425555555555556,0.010000000000000002,0.4255555555555555,9.435329362053887,0.8,-0.08,-0.16000000000000003,0.8221507157268679
5725.25,5725.75,47.9532576,-81.80912,1032.815,-9.792000000000002,0.085,0.23099999999999996,9.79554101450171,0.72,-0.1,-0.04,0.7295734053755047
5725.25,5725.85,47.953259200000005,-81.80912,1032.391,-10.00888888888889,0.003333333333333333,0.42,10.019751454256651,0.7,-0.1,0.0,0.7071067811865475
5725.25,5725.95,47.9532672,-81.80912,1030.605,-10.18,-0.11500000000000002,0.35100000000000003,10.191536280426407,0.7,-0.04,0.0,0.702842712474619
5725.25,5726.05,47.9532736,-81.80912,1028.537,-10.19,-0.14727272727272725,0.05454545454545456,10.194353536066481,0.7,0.0,0.0,0.7
5725.25,5726.15,47.95328,-81.8091136,1024.966,-10.231111111111112,-0.06555555555555556,0.37777777777777777,10.238523260655919,0.85,0.0,-0.06,0.8532816440495259
5726.25,5726.25,47.9532896,-81.8091136,1018.72,-10.242,-0.027000000000000003,0.29999999999999993,10.246625317683078,1.2000000000000002,0.0,-0.1,1.2042003110910133
5726.25,5726.35,47.9532928,-81.80911040000001,1010.415,-9.997000000000002,-0.133,-0.015000000000000008,9.999562498929883,1.4888888888888887,0.0,-0.1,1.4922514571123224
5726.25,5726.45,47.953302400000005,-81.8091072,1000.1985,-9.972222222222221,-0.33444444444444443,-0.44777777777777783,9.988437863838264,1.65,0.0,-0.1,1.65303029539039
5726.25,5726.55,47.9533088,-81.8090944,990.835,-10.07090909090909,-0.42636363636363633,-0.5381818181818182,10.095069775539116,1.7,0.0,-0.1,1.70293863659264
5726.25,5726.65,47.9533152,-81.8090944,985.8305,-9.83888888888889,-0.5866666666666666,-0.5111111111111112,9.869926005296065,1.7,0.0,-0.1,1.70293863659264
5726.25,5726.75,47.95332,-81.80909120000001,984.287,-10.304,-0.6839999999999999,-0.648,10.347393175743905,1.7,0.05,-0.1,1.704405423757919
5726.25,5726.85,47.9533312,-81.809088,982.9314999999999,-10.668000000000001,-0.869,-0.643,10.722757073598395,1.7,0.1,-0.1,1.705872210923198
5726.25,5726.95,47.9533408,-81.80908373333334,982.511,-10.54625,-1.0025,-0.5387500000000001,10.607724709203685,1.7,0.1,-0.1,1.7058722109231979
5726.25,5727.05,47.9533504,-81.8090816,982.137,-10.42909090909091,-1.1036363636363637,-0.4681818181818182,10.49845695599661,1.6545454545454545,0.1,-0.08181818181818182,1.6600173359252886
5726.25,5727.15,47.9533568,-81.8090752,981.389,-10.145,-1.234,-0.21800000000000003,10.223780091837934,1.6,0.1,0.0,1.60312195418814
5727.25,5727.25,47.9533616,-81.809072,980.268,-9.72111111111111,-1.2277777777777779,-0.061111111111111116,9.798772307724164,1.6,0.09,0.0,1.602809758769326
5727.25,5727.35,47.95337066666667,-81.8090688,979.847,-9.72909090909091,-1.1018181818181818,-0.02454545454545454,9.793175407225919,1.6,0.0,0.0,1.6
5727.25,5727.45,47.9533792,-81.809056,980.174,-9.465,-0.90625,0.49750000000000005,9.521773552731716,1.5875000000000001,0.0,0.08750000000000001,1.5902576703707665
5727.25,5727.55,47.9533888,-81.8090496,982.6045,-9.683636363636365,-0.9063636363636363,0.47272727272727266,9.737852240991225,1.5090909090909093,0.0,0.18181818181818182,1.5205384497640753
5727.25,5727.65,47.9533984,-81.8090496,985.4565,-9.895,-1.166,0.258,9.968677926700824,1.4777777777777779,0.0,0.2,1.4912610322268085
5727.25,5727.75,47.9534032,-81.8090464,992.052,-9.556666666666665,-1.288888888888889,0.18222222222222223,9.646589780961008,1.36,0.05,0.13000000000000003,1.3687577916838758
5727.25,5727.85,47.95341226666667,-81.8090432,998.325,-10.195454545454545,-0.8154545454545455,0.39181818181818184,10.236438292923612,1.236363636363636,0.045454545454545456,0.018181818181818184,1.2388345260076992
5727.25,5727.95,47.9534272,-81.8090368,1003.29,-10.09,-0.56,0.5322222222222223,10.119897069307836,1.1375,0.0,0.0,1.1375
5727.25,5728.05,47.9534336,-81.8090304,1005.1645,-10.197000000000001,-0.528,0.629,10.230255257253827,1.0999999999999999,0.0,0.05454545454545454,1.1024742373011231
5727.25,5728.15,47.9534432,-81.8090304,1006.57,-10.119,-0.362,0.652,10.146586277571833,1.04,0.0,0.1,1.0448069779547438
5728.25,5728.25,47.953448,-81.8090272,1007.133,-10.515555555555554,-0.20999999999999996,0.6666666666666666,10.539166925437433,1.0,0.05555555555555555,0.18888888888888888,1.020874961471951
5728.25,5728.35,47.953457066666665,-81.809024,1005.6795,-10.270909090909091,0.06727272727272728,0.6154545454545455,10.289970118645828,0.9000000000000002,0.1,0.10909090909090911,0.9124081034808569
5728.25,5728.45,47.9534688,-81.8090112,1002.259,-9.908888888888889,0.22000000000000003,0.7144444444444444,9.937529579423824,0.775,0.037500000000000006,0.07500000000000001,0.7819861057350442
5728.25,5728.55,47.9534752,-81.8090048,998.3245,-9.724,0.422,0.764,9.763802773960478,0.5272727272727273,-0.009090909090909092,0.0,0.5283918693237969
5728.25,5728.65,47.9534848,-81.8090048,996.171,-9.815000000000001,0.5760000000000001,0.449,9.850990754380707,0.25,-0.15,0.0,0.3032199274277573
5728.25,5728.75,47.9534896,-81.80900159999999,989.387,-9.423333333333334,0.5866666666666667,-0.6177777777777779,9.464722380834646,0.03333333333333334,-0.1888888888888889,0.0,0.19675782147221524
5728.25,5728.85,47.9535008,-81.8089984,981.389,-9.207272727272729,0.6245454545454545,-1.2563636363636361,9.317020618801813,-0.11818181818181817,-0.045454545454545456,0.0,0.1476603698829026
5728.25,5728.95,47.9535104,-81.808992,981.109,-9.297,0.704,-1.148,9.396733971448537,-0.34444444444444444,0.05555555555555555,0.0,0.3514512672290461
5728.25,5729.05,47.9535168,-81.8089856,980.828,-9.27888888888889,0.4377777777777777,-0.16888888888888887,9.300085365870249,-0.5900000000000001,0.18,0.0,0.6184330343069158
5728.25,5729.15,47.9535216,-81.80897920000001,981.015,-9.281,0.257,0.536,9.300597671656988,-0.74,0.07,0.0,0.744886646194914
5729.25,5729.25,47.953529599999996,-81.8089728,984.3820000000001,-8.987,0.231,0.372,9.000086124666366,-0.8555555555555556,-0.03333333333333334,0.0,0.8573405099710637
5729.25,5729.35,47.9535392,-81.80896853333334,980.174,-9.099,0.9739999999999999,-0.844,9.198154890975875,-1.3272727272727272,-0.1,0.0,1.3311369012332466
5729.25,5729.45,47.9535488,-81.80896,993.362,-9.119,0.5090000000000001,-0.46900000000000003,9.201127540348994,-1.9900000000000002,-0.01,0.0,1.9902938636592644
5729.25,5729.55,47.9535584,-81.80896,994.298,-8.666666666666666,-0.5577777777777778,0.3466666666666667,8.694764928274768,-2.2222222222222228,0.0,0.0,2.2222222222222228
5729.25,5729.65,47.9535632,-81.8089568,989.525,-9.046000000000001,-0.8719999999999999,0.15699999999999997,9.090317526206913,-2.3,0.0,0.0,2.3
5729.25,5729.75,47.9535712,-81.8089536,978.3995,-10.096999999999998,-0.9759999999999998,0.035,10.144889018025301,-2.3,0.0,0.0,2.3
5729.25,5729.85,47.9535808,-81.80894933333333,967.194,-9.752,-1.2730000000000001,-0.248,9.839777515817627,-2.3000000000000003,0.0,0.0,2.3000000000000003
5729.25,5729.95,47.9535904,-81.8089472,962.7625,-9.790000000000001,-1.3569999999999998,-0.139,9.885832638367688,-2.29,0.0,0.04,2.290869154657707
5729.25,5730.05,47.9536032,-81.8089344,960.571,-10.663999999999998,-1.6079999999999999,-0.0069999999999999975,10.787264002054133,-2.088888888888889,-0.05555555555555555,0.0,2.090263706884798
5729.25,5730.15,47.9536048,-81.8089344,959.499,-10.247777777777777,-1.3211111111111111,-0.30333333333333334,10.33950096519586,-1.9299999999999997,-0.18,-0.04,1.939891454337077
5730.25,5730.25,47.9536096,-81.80893119999999,958.427,-10.68,-1.304,-0.533,10.772918353317277,-1.8999999999999997,-0.11000000000000001,-0.1,1.9060415641902781
5730.25,5730.35,47.95362133333334,-81.80892373333334,958.1935000000001,-10.636,-0.9120000000000001,-0.9330000000000002,10.7191623084093,-1.9099999999999997,-0.06000000000000001,-0.1,1.9141923046536804
5730.25,5730.45,47.953632,-81.8089216,958.2405,-10.100999999999999,-0.6699999999999999,-1.299,10.207086876964818,-2.0,0.0,-0.05,2.0012492197250396
5730.25,5730.55,47.9536384,-81.8089152,957.402,-9.680909090909092,-0.6181818181818182,-1.289090909090909,9.786468281635754,-2.0,0.0,0.0,2.0
5730.25,5730.65,47.9536432,-81.80891199999999,958.241,-9.77,-0.5662499999999999,-1.2562499999999999,9.866970279748024,-2.0,-0.05555555555555555,0.0,2.0013880219167106
5730.25,5730.75,47.953651199999996,-81.8089088,962.343,-9.541,-0.258,-1.009,9.598783442102242,-1.9199999999999995,-0.13999999999999999,0.0,1.9257505184893458
5730.25,5730.85,47.9536608,-81.80890026666667,971.021,-9.871818181818183,-0.03636363636363637,-1.1536363636363636,9.941294342740887,-1.83,-0.19,0.0,1.8400380583608862
5730.25,5730.95,47.9536672,-81.808896,979.24,-9.514444444444443,0.16999999999999998,-0.9455555555555555,9.564667922172497,-1.57,-0.05,0.0,1.5715243135749701
5730.25,5731.05,47.9536768,-81.8088896,983.1655,-9.926363636363638,0.2854545454545454,-0.6618181818181819,9.95287538684396,-1.2363636363636363,0.03636363636363637,0.018181818181818184,1.2388002600799852
5730.25,5731.15,47.95368,-81.8088864,984.054,-10.00375,0.11,-0.205,10.011547547348897,-0.8875000000000001,0.1375,0.1,0.906038239204876
5731.25,5731.25,47.953686399999995,-81.8088832,982.979,-10.187000000000001,-0.101,0.507,10.201203355629604,-0.51,0.13000000000000003,0.1,0.5366724945539961
5731.25,5731.35,47.95369386666667,-81.80887893333333,980.7815,-9.896363636363636,-0.20363636363636364,0.5445454545454546,9.914045322228166,-0.24000000000000005,0.01,0.030000000000000006,0.24641180110692157
5731.25,5731.45,47.9537056,-81.8088704,977.371,-9.94,-0.06999999999999999,0.3133333333333333,9.946408960277447,-0.02,-0.06,-0.030000000000000006,0.09242640687119283
5731.25,5731.55,47.953712,-81.8088704,979.988,-9.848181818181816,0.11272727272727275,-0.35454545454545455,9.85588488005502,-0.009090909090909092,-0.16363636363636364,-0.10909090909090909,0.2006660192226465
5731.25,5731.65,47.9537168,-81.8088704,981.95,-9.653333333333332,0.12555555555555556,-0.03888888888888889,9.661419160630395,-0.125,-0.2,-0.2,0.31160254037844387
5731.25,5731.75,47.9537232,-81.808864,982.511,-9.450000000000001,0.8255555555555555,0.11777777777777776,9.491397323625446,-0.30999999999999994,-0.17,-0.12000000000000002,0.3836441222550307
5731.25,5731.85,47.95372906666666,-81.8088576,983.4929999999999,-9.092727272727272,0.5663636363636363,0.2645454545454546,9.115308328449947,-0.3727272727272727,-0.1,0.0,0.38610616350405846
5731.25,5731.95,47.9537376,-81.8088512,982.885,-9.240000000000002,0.27999999999999997,0.48888888888888893,9.260278114360858,-0.16666666666666666,-0.011111111111111112,0.0,0.16846975177964868
5731.25,5732.05,47.9537472,-81.8088512,982.7445,-9.371818181818183,0.12818181818181815,0.8527272727272728,9.412078152689894,-0.02727272727272728,0.0,0.0,0.02727272727272728
5731.25,5732.15,47.953750400000004,-81.80884800000001,982.418,-9.328,0.15100000000000002,0.8550000000000001,9.368458303563083,0.0,0.0,0.0,0.0
5732.25,5732.25,47.95375573333334,-81.8088448,982.418,-9.393749999999999,0.11125,0.89125,9.436731320334257,0.0,0.0,0.0,0.0
5732.25,5732.35,47.9537696,-81.8088384,982.043,-9.42909090909091,0.09363636363636364,0.8909090909090908,9.47173060863218,0.0,0.0,-0.06363636363636363,0.06363636363636363
5732.25,5732.45,47.9537728,-81.8088384,981.576,-9.75,0.05,0.8790000000000001,9.789994784599708,0.0,0.0,-0.1,0.1
5732.25,5732.55,47.9537824,-81.808832,981.0155,-9.593,0.047,0.7949999999999999,9.626114536770736,0.0,0.0,-0.1,0.1
5732.25,5732.65,47.9537856,-81.808832,980.642,-9.488000000000001,0.13699999999999998,0.689,9.51431628623239,0.04,0.0,-0.1,0.1165685424949238
5732.25,5732.75,47.953792,-81.8088288,979.754,-9.376249999999999,0.03125,0.6187499999999999,9.396876086459677,0.1,0.0,-0.05,0.12071067811865475
5732.25,5732.85,47.9538016,-81.8088256,978.773,-9.062727272727274,0.04181818181818182,0.7063636363636363,9.090780647668732,0.2,0.0,0.0,0.2
5732.25,5732.95,47.9538112,-81.8088128,978.726,-9.084,0.079,0.704,9.111995517114135,0.2,0.0,0.0,0.2
5732.25,5733.05,47.9538208,-81.8088128,978.306,-9.327000000000002,0.075,0.5660000000000001,9.344723224695658,0.2,0.0,0.0,0.2
5732.25,5733.15,47.953824,-81.80880959999999,977.558,-9.41,0.042,0.573,9.427613455212775,0.2,0.0,0.0,0.2
5733.25,5733.25,47.9538304,-81.8088032,976.9504999999999,-9.67111111111111,0.09111111111111111,0.49444444444444435,9.684248534363233,0.2,0.0,0.0,0.2
5733.25,5733.35,47.953835733333335,-81.8088,976.997,-10.022,0.172,0.45899999999999996,10.034075163005552,0.22727272727272727,0.0,0.0,0.22727272727272727
5733.25,5733.45,47.9538464,-81.8087936,976.5764999999999,-10.002,0.12199999999999997,0.554,10.018448868560343,0.29999999999999993,0.0,0.0,0.29999999999999993
5733.25,5733.55,47.9538528,-81.8087936,976.343,-10.114,0.194,0.506,10.129279239553536,0.37,0.0,0.0,0.37
5733.25,5733.65,47.9538576,-81.80879039999999,975.0355,-10.658,0.19999999999999998,0.45200000000000007,10.669713618258568,0.4,0.0,0.0,0.4
5733.25,5733.75,47.95386666666667,-81.8087872,973.261,-10.407,0.154,0.537,10.422049651431092,0.43333333333333335,0.0,0.0,0.43333333333333335
5733.25,5733.85,47.9538752,-81.8087744,972.0005000000001,-9.926666666666668,0.32,0.22444444444444445,9.93607445189854,0.5,0.0,0.0,0.5
5733.25,5733.95,47.9538848,-81.808768,971.2535,-9.694999999999999,0.45099999999999996,-0.09,9.706401638050556,0.5,0.0,0.0,0.5
5733.25,5734.05,47.953888,-81.808768,968.127,-9.530000000000001,0.374,0.013000000000000001,9.537684764261037,0.61,0.0,0.0,0.61
5733.25,5734.15,47.953897600000005,-81.8087648,964.5345,-9.986,0.352,-0.22799999999999998,9.995508166349776,0.7299999999999999,0.0,0.0,0.7299999999999999
5734.25,5734.25,47.953908266666666,-81.80875733333333,959.452,-10.422,0.30399999999999994,-0.10300000000000002,10.428606039396234,0.8777777777777778,0.07777777777777778,0.0,0.8821006562234058
5734.25,5734.35,47.95392,-81.8087488,952.1845,-10.301111111111112,0.3622222222222222,0.06555555555555555,10.308142745891246,1.06,0.04,0.0,1.0619950248448355
5734.25,5734.45,47.9539264,-81.808736,943.525,-10.193000000000001,0.365,-0.21600000000000003,10.202809175039748,1.1,0.0,0.0,1.1
5734.25,5734.55,47.953929599999995,-81.808736,936.2705000000001,-10.47181818181818,0.1572727272727273,-0.5745454545454545,10.489055477852569,1.1,0.0,-0.06,1.1027216610312354
5734.25,5734.65,47.95393919999999,-81.8087328,932.5060000000001,-10.553333333333335,0.008888888888888889,-0.8211111111111111,10.585907255451268,1.1,-0.09,-0.01,1.1045361017187258
5734.25,5734.75,47.95394986666667,-81.80872533333334,927.814,-10.639,-0.013000000000000001,-0.9460000000000001,10.681142266631221,1.03,-0.1,0.0,1.03485212399408
5734.25,5734.85,47.9539616,-81.8087168,925.9565,-10.408888888888889,-0.07222222222222223,-0.8077777777777777,10.441017600731366,1.0,-0.08888888888888889,0.044444444444444446,1.006641872686795
5734.25,5734.95,47.9539712,-81.8087104,924.564,-10.21,-0.203,-0.658,10.233276256742645,1.0,0.0,0.1,1.0049875621120887
5734.25,5735.05,47.953976,-81.808704,923.7745,-9.783636363636363,-0.2290909090909091,-0.5581818181818181,9.80232432010695,1.0,0.0,0.08,1.0039900496896712
5734.25,5735.15,47.953984,-81.80869440000001,922.707,-9.17,-0.35777777777777775,-0.5688888888888889,9.195086473389017,1.0,0.0,0.0,1.0
5735.25,5735.25,47.95399146666666,-81.8086912,922.336,-9.310000000000002,-0.42400000000000004,-0.6359999999999999,9.341432114524038,1.0,0.0,-0.01,1.0004987562112089
5735.25,5735.35,47.9540064,-81.8086848,921.4545,-9.196363636363635,-0.45454545454545453,-0.6900000000000002,9.233619965265534,0.9555555555555555,0.0,-0.1,0.9607879850906011
5735.25,5735.45,47.9540128,-81.8086784,921.223,-8.99625,-0.25,-0.7975,9.03522044219487,0.9,0.0,-0.1,0.9055385138137415
5735.25,5735.55,47.954019200000005,-81.80867520000001,921.547,-9.674545454545454,-0.5927272727272729,-0.6872727272727274,9.717558596363565,0.890909090909091,0.0,-0.009090909090909092,0.8914125921648858
5735.25,5735.65,47.9540288,-81.8086624,920.294,-9.901111111111112,-0.5155555555555555,-0.7277777777777777,9.941579537781148,0.8,0.0,0.0,0.8
5735.25,5735.75,47.954040533333334,-81.80864853333333,919.691,-9.985,-0.743,-0.649,10.035043095002234,0.71,0.02,0.0,0.7114213562373095
5735.25,5735.85,47.9540512,-81.80864,918.996,-11.202727272727271,-0.9045454545454544,-0.7200000000000001,11.26281421476675,0.6199999999999999,0.11000000000000001,0.0,0.6304602865615524
5735.25,5735.95,47.9540576,-81.80863679999999,918.81,-10.71125,-0.9075000000000001,-0.58,10.76682849861702,0.6,0.16666666666666669,0.0,0.6243957723657245
5735.25,5736.05,47.9540672,-81.8086304,917.5574999999999,-10.764545454545454,-1.12,-0.46,10.834038188467742,0.5999999999999999,0.08181818181818182,0.0,0.6067714797516724
5735.25,5736.15,47.954076799999996,-81.80861866666667,917.233,-10.952,-1.041,-0.5860000000000001,11.018759870776996,0.6,0.0,0.0,0.6
5736.25,5736.25,47.9540896,-81.808608,916.2125,-10.852222222222222,-1.068888888888889,-0.6088888888888889,10.923206457116514,0.5999999999999999,0.0,0.0,0.5999999999999999
5736.25,5736.35,47.9541024,-81.8086016,915.841,-10.11909090909091,-1.0599999999999996,-0.47272727272727266,10.186751216762696,0.5999999999999999,0.0,0.0,0.5999999999999999
5736.25,5736.45,47.9541056,-81.8085952,914.3575000000001,-9.7325,-1.25,-0.35875,9.819522030881942,0.6749999999999999,0.0,0.0,0.6749999999999999
5736.25,5736.55,47.954115200000004,-81.8085824,913.987,-9.22090909090909,-1.339090909090909,-0.16636363636363638,9.320187500091826,0.7000000000000001,0.0,0.0,0.7000000000000001
5736.25,5736.65,47.954125866666665,-81.80857173333334,913.801,-9.066,-1.396,0.05700000000000001,9.17379328440437,0.7,0.0,0.0,0.7
5736.25,5736.75,47.9541408,-81.8085568,913.8015,-9.347777777777777,-1.3955555555555554,0.08111111111111112,9.452170939245711,0.7,0.0,0.0,0.7
5736.25,5736.85,47.9541472,-81.8085504,914.729,-9.788181818181819,-1.489090909090909,0.21545454545454543,9.904334011073642,0.7000000000000001,0.0,0.0,0.7000000000000001
5736.25,5736.95,47.9541536,-81.808544,916.9545,-9.855555555555554,-1.3944444444444446,0.48444444444444446,9.978814605800094,0.625,0.0,0.0,0.625
5736.25,5737.05,47.9541648,-81.8085312,919.459,-10.044,-1.381,0.33599999999999997,10.146216695310466,0.5999999999999999,0.0,0.0,0.5999999999999999
5736.25,5737.15,47.954176,-81.80852053333334,922.429,-10.129000000000001,-1.6049999999999998,0.20199999999999996,10.25902962711817,0.5999999999999999,0.0,0.0,0.5999999999999999
5737.25,5737.25,47.9541888,-81.8084992,925.864,-9.64,-1.6166666666666667,0.19555555555555557,9.777111539288565,0.5888888888888889,0.0,0.0,0.5888888888888889
5737.25,5737.35,47.9541984,-81.8084928,928.4645,-9.676363636363636,-1.4490909090909092,0.4690909090909091,9.796066823565782,0.5,0.0,0.0,0.5
5737.25,5737.45,47.9542032,-81.8084896,930.1365000000001,-9.443999999999999,-1.315,0.6910000000000001,9.560958461832652,0.5,0.0,0.0,0.5
5737.25,5737.55,47.9542144,-81.80848,932.459,-9.178888888888888,-1.2777777777777777,0.7155555555555556,9.295756820717664,0.5,0.0,0.0,0.5
5737.25,5737.65,47.95422506666666,-81.80846079999999,934.2715000000001,-9.737,-0.9280000000000002,0.8540000000000001,9.81965646393921,0.5,0.0,0.0,0.5
5737.25,5737.75,47.95424,-81.808448,936.364,-9.29888888888889,-0.6044444444444445,1.0155555555555553,9.374425002945472,0.43333333333333335,0.0,0.0,0.43333333333333335
5737.25,5737.85,47.9542464,-81.8084352,937.014,-9.036363636363637,-0.59,0.9490909090909091,9.105818123131332,0.3727272727272727,0.009090909090909092,0.0,0.3742025241833489
5737.25,5737.95,47.954252800000006,-81.80843200000001,937.572,-9.559999999999999,-0.587,0.974,9.628553633443275,0.3,0.1,0.0,0.3162277660168379
5737.25,5738.05,47.954264,-81.8084192,936.363,-9.236666666666668,-0.6088888888888889,0.9700000000000001,9.308020619922988,0.29999999999999993,0.1,0.0,0.3162277660168379
5737.25,5738.15,47.954275200000005,-81.80840533333333,935.5264999999999,-9.004000000000001,-0.622,0.969,9.078238537995023,0.29999999999999993,0.04,0.0,0.3064911064067351
5738.25,5738.25,47.954288,-81.8083904,933.482,-9.041,-0.38899999999999996,0.951,9.104006069949904,0.2555555555555556,0.0,0.0,0.2555555555555556
5738.25,5738.35,47.9543008,-81.8083776,933.2025,-8.988999999999999,-0.364,0.9620000000000001,9.051480065996907,0.17272727272727276,0.0,0.0,0.17272727272727276
5738.25,5738.45,47.954304,-81.80837120000001,932.088,-8.953,-0.46099999999999997,0.826,9.004111671618258,0.05,0.0,0.0,0.05
5738.25,5738.55,47.954313600000006,-81.8083584,932.134,-9.513333333333334,-0.47777777777777786,0.7488888888888888,9.555487057843221,-0.044444444444444446,0.0,0.0,0.044444444444444446
5738.25,5738.65,47.954324266666674,-81.80834346666667,931.066,-9.247777777777777,-0.6122222222222221,0.6211111111111112,9.289765703093178,-0.22000000000000003,0.0,0.0,0.22000000000000003
5738.25,5738.75,47.9543392,-81.8083264,929.486,-9.603,-0.634,0.663,9.64746673553864,-0.4555555555555555,0.0,0.0,0.4555555555555555
5738.25,5738.85,47.9543488,-81.8083136,927.3035,-10.180000000000001,-0.687,0.5780000000000001,10.220506141331148,-0.6909090909090908,0.0,0.0,0.6909090909090908
5738.25,5738.95,47.9543536,-81.8083072,923.821,-10.845,-0.7829999999999999,0.6199999999999999,10.892182479642027,-0.9199999999999999,0.0,0.0,0.9199999999999999
5738.25,5739.05,47.95436480000001,-81.80829226666667,918.671,-11.058181818181815,-0.9690909090909091,0.5918181818181818,11.116832219948277,-1.13,0.0,0.0,1.13
5738.25,5739.15,47.954374400000006,-81.80827946666666,912.874,-10.83625,-1.11625,0.2875,10.898926597678116,-1.2,0.0,0.0,1.2
5739.25,5739.25,47.9543872,-81.808256,907.6375,-10.613999999999999,-1.186,0.195,10.682622340693866,-1.13,-0.04,0.0,1.1318144406874902
5739.25,5739.35,47.9543968,-81.8082432,902.867,-10.122,-1.224,0.30900000000000005,10.200774844528407,-1.06,-0.1,0.0,1.064716685876071
5739.25,5739.45,47.9544016,-81.80824000000001,900.089,-10.16,-1.198,-0.039999999999999994,10.23543244740697,-1.0,-0.1,0.0,1.0049875621120887
5739.25,5739.55,47.95441066666667,-81.80822400000001,897.3585,-9.908181818181818,-0.9500000000000001,-0.5663636363636363,9.97027129906449,-0.96,-0.09,0.0,0.9646540914113759
5739.25,5739.65,47.9544192,-81.80820906666666,894.999,-10.021249999999998,-1.01125,-0.49,10.084434196455053,-0.8888888888888888,0.0,0.0,0.8888888888888888
5739.25,5739.75,47.954432,-81.808192,893.565,-9.713000000000001,-0.9280000000000002,-0.549,9.773117271349358,-0.74,0.0,0.06,0.7442640687119285
5739.25,5739.85,47.9544416,-81.8081728,892.132,-9.850000000000001,-0.8163636363636364,-0.6145454545454546,9.903380647779143,-0.5599999999999999,0.0,0.1,0.5689265323616046
5739.25,5739.95,47.954444800000005,-81.8081664,891.2995000000001,-10.18222222222222,-0.6955555555555555,-0.6266666666666667,10.225669636080644,-0.4600000000000001,0.06,0.1,0.47758945648261547
5739.25,5740.05,47.954456533333335,-81.80814720000001,890.005,-10.27909090909091,-0.6354545454545456,-0.48272727272727267,10.310651804638487,-0.3727272727272727,0.018181818181818184,0.1,0.38827952825863343
5739.25,5740.15,47.9544672,-81.808128,889.542,-10.06111111111111,-0.7977777777777778,-0.42555555555555563,10.102101610499524,-0.3,0.0,0.0125,0.3020284707521047
5740.25,5740.25,47.9544768,-81.8081152,888.1095,-10.174444444444445,-0.5455555555555556,-0.41333333333333333,10.197626948372703,-0.21000000000000002,0.0,0.0,0.21000000000000002
5740.25,5740.35,47.954480000000004,-81.8081088,887.139,-10.262727272727274,-0.44181818181818183,-0.46636363636363637,10.283437741204247,-0.17,0.0,-0.06999999999999999,0.19186912597118444
5740.25,5740.45,47.9544864,-81.808096,886.307,-10.195555555555554,-0.034444444444444444,-0.5411111111111111,10.211142538669897,-0.1,0.0,-0.1,0.1414213562373095
5740.25,5740.55,47.954496000000006,-81.80808106666666,886.307,-9.933636363636365,0.026363636363636367,-0.6318181818181817,9.954401483116499,-0.1,0.0,-0.07272727272727274,0.1301246227180433
5740.25,5740.65,47.9545088,-81.8080576,884.967,-9.841,-0.054000000000000006,-0.6889999999999998,9.865673287384459,-0.022222222222222223,0.0,0.0,0.022222222222222223
5740.25,5740.75,47.954512,-81.8080448,883.904,-9.995000000000001,-0.1725,-0.66625,10.01875389021486,0.0,0.08888888888888889,0.0,0.08888888888888889
5740.25,5740.85,47.9545184,-81.8080384,883.119,-9.898181818181818,-0.22545454545454546,-0.5390909090909091,9.915739505733887,0.0,0.1,0.0,0.1
5740.25,5740.95,47.954527999999996,-81.8080224,882.426,-9.95111111111111,-0.48666666666666664,-0.5344444444444445,9.977948032452518,0.0,0.03333333333333334,0.0,0.03333333333333334
5740.25,5741.05,47.95453546666667,-81.80800426666667,881.595,-9.897272727272728,-0.7545454545454544,-0.5454545454545454,9.941613905749678,-0.02727272727272728,0.0,0.0,0.02727272727272728
5740.25,5741.15,47.9545472,-81.8079808,880.5325,-9.804,-0.738,-0.43599999999999994,9.842031531188644,0.0,0.0,0.0,0.0
5741.25,5741.25,47.9545568,-81.807968,880.025,-9.846250000000001,-0.405,-0.5325000000000001,9.869698923922567,0.0,0.0,0.0,0.0
5741.25,5741.35,47.95456,-81.80795520000001,879.6089999999999,-9.866363636363637,-0.2154545454545455,-0.6281818181818182,9.888797047215554,0.0,0.0,0.0,0.0
5741.25,5741.45,47.9545648,-81.807936,879.101,-9.735,-0.122,-0.704,9.761660329269223,0.07777777777777778,0.0,0.0,0.07777777777777778
5741.25,5741.55,47.95457493333333,-81.80792106666667,878.6855,-9.962,-0.14699999999999996,-0.702,9.98815084206333,0.18181818181818182,0.0,0.0,0.18181818181818182
5741.25,5741.65,47.9545824,-81.8078976,878.039,-9.845,-0.22899999999999995,-0.608,9.866575332427947,0.2,0.04,0.0,0.2094427190999916
5741.25,5741.75,47.9545888,-81.8078848,876.793,-9.5975,-0.39125,-0.42625,9.616429039847217,0.3,0.037500000000000006,0.0,0.3060854122563142
5741.25,5741.85,47.9545936,-81.80787839999999,876.1925,-9.74909090909091,-0.9900000000000001,-0.3009090909090909,9.804315405750105,0.29999999999999993,0.0,0.0,0.29999999999999993
5741.25,5741.95,47.954601600000004,-81.8078624,875.685,-9.98,-0.7839999999999999,-0.394,10.019988754571933,0.3,0.0,0.0,0.3
5741.25,5742.05,47.95460906666667,-81.80784426666666,875.316,-10.251000000000001,-0.11200000000000002,-0.6499999999999999,10.275175118457762,0.11818181818181818,0.0,0.0,0.11818181818181818
5741.25,5742.15,47.9546176,-81.8078208,874.947,-10.613000000000001,0.279,-0.672,10.638054058903908,-0.01,0.0,0.04,0.044142135623730955
5742.25,5742.25,47.954624,-81.807808,874.393,-11.049999999999999,0.07222222222222222,-0.5988888888888889,11.06750773776806,-0.1,0.0,0.1,0.1414213562373095
5742.25,5742.35,47.954627200000004,-81.80779519999999,873.701,-10.701,-0.31599999999999995,-0.517,10.718341073992832,-0.01,0.0,0.1,0.10414213562373095
5742.25,5742.45,47.9546336,-81.80777599999999,872.547,-10.612,-0.257,-0.485,10.62627181714105,0.0,0.0,0.02,0.02
5742.25,5742.55,47.95464106666666,-81.80776106666667,871.9014999999999,-10.281,-0.043000000000000003,-0.484,10.292730631277324,0.0,0.0,0.0,0.0
5742.25,5742.65,47.9546496,-81.8077376,871.44,-9.773,0.004,-0.51,9.786412596950942,-0.06,0.0,0.0,0.06
5742.25,5742.75,47.954656,-81.8077184,870.149,-9.679,-0.035,-0.6519999999999999,9.701504998602166,-0.1,0.0,0.0,0.1
5742.25,5742.85,47.954659199999995,-81.8077088,869.595,-9.745555555555557,0.052222222222222225,-0.6633333333333334,9.76854843544151,-0.12,0.0,0.0,0.12
5742.25,5742.95,47.954663999999994,-81.8076928,868.857,-9.761,0.05800000000000001,-0.571,9.778104896673572,-0.2,0.0,0.0,0.2
5742.25,5743.05,47.954671999999995,-81.80766933333332,868.5345,-10.044,0.06,-0.43899999999999995,10.054555668308202,-0.2,0.0,0.0,0.2
5742.25,5743.15,47.9546784,-81.807648,867.658,-10.230999999999998,0.08299999999999999,-0.365,10.238840492574749,-0.2,0.0,0.0,0.2
5743.25,5743.25,47.9546816,-81.8076352,866.8745,-10.250000000000002,-0.06200000000000001,-0.6130000000000001,10.268582757062394,-0.2,0.0,0.0,0.2
5743.25,5743.35,47.954684799999995,-81.80762240000001,866.183,-10.025555555555554,0.02666666666666667,-0.6133333333333333,10.044702835111122,-0.2,0.0,0.0,0.2
5743.25,5743.45,47.95469226666666,-81.80760106666666,865.399,-10.042,0.077,-0.7829999999999999,10.072925041832473,-0.13000000000000003,0.0,0.0,0.13000000000000003
5743.25,5743.55,47.9546976,-81.8075776,864.984,-9.525454545454544,0.14090909090909093,-0.7845454545454544,9.559092578814129,-0.12000000000000002,0.0,0.0,0.12000000000000002
5743.25,5743.65,47.954704,-81.8075648,864.339,-10.04888888888889,0.12111111111111111,-0.7566666666666667,10.078648257816065,-0.1,0.0,0.0,0.1
5743.25,5743.75,47.9547072,-81.8075392,863.4635,-9.940999999999999,-0.01,-0.808,9.974062088814383,-0.05,0.0,0.0,0.05
5743.25,5743.85,47.954708800000006,-81.80753279999999,863.417,-9.725,0.12699999999999997,-0.583,9.744497073267091,0.0,0.044444444444444446,0.0,0.044444444444444446
5743.25,5743.95,47.95471466666667,-81.80750933333333,862.588,-9.827777777777778,0.05888888888888889,-0.7188888888888889,9.854430612850372,0.0,0.0,0.0,0.0
5743.25,5744.05,47.9547232,-81.807488,861.666,-9.796363636363637,0.22363636363636363,-0.5418181818181819,9.815009418396867,0.0,0.0,-0.01,0.01
5743.25,5744.15,47.9547232,-81.8074624,861.3895,-10.17888888888889,0.25222222222222224,-0.6388888888888888,10.202345742270175,0.04,0.0,-0.08,0.1082842712474619
5744.25,5744.25,47.9547264,-81.807456,860.745,-9.884999999999998,0.246,-0.601,9.907331172143897,0.1,0.0,0.0,0.1
5744.25,5744.35,47.954733866666665,-81.80744106666667,859.8235,-10.225454545454546,0.20636363636363636,-0.6881818181818181,10.251207343565211,0.22000000000000003,0.0,0.0,0.22000000000000003
5744.25,5744.45,47.954736,-81.80742400000001,859.3165,-10.3075,0.245,-0.37625000000000003,10.317970991555764,0.3,0.0,0.0,0.3
5744.25,5744.55,47.9547424,-81.8073984,858.441,-9.736363636363636,0.05727272727272728,-0.34545454545454546,9.743035716990317,0.4,0.0,0.0,0.4
5744.25,5744.65,47.9547456,-81.8073792,857.6585,-9.241111111111111,-7.709882115452476e-19,-0.3888888888888889,9.24997839569583,0.4,0.0,0.0,0.4
5744.25,5744.75,47.9547488,-81.80736,857.889,-9.175999999999998,0.12400000000000003,-0.39699999999999996,9.185935399063919,0.4,0.0,0.0,0.4
5744.25,5744.85,47.9547488,-81.8073472,858.948,-9.5,0.046363636363636364,-0.44272727272727275,9.510603303858012,0.48,0.0,-0.05,0.4849509756796393
5744.25,5744.95,47.95475306666666,-81.80733226666666,858.533,-10.2525,0.0325,-0.45625,10.262980028008311,0.48888888888888893,0.0,-0.1,0.4990584637151104
5744.25,5745.05,47.9547616,-81.8073024,857.3365,-10.255454545454542,0.028181818181818186,-0.4390909090909091,10.265056590457924,0.4272727272727273,0.0,-0.07272727272727274,0.43600689902651285
5744.25,5745.15,47.9547616,-81.8072896,857.0139999999999,-10.199000000000002,0.082,-0.34900000000000003,10.205531803503838,0.5444444444444444,0.0,0.0,0.5444444444444444
5745.25,5745.25,47.9547632,-81.80727680000001,857.52,-10.483333333333333,0.06777777777777777,-0.3222222222222222,10.488707398240726,0.71,0.0,0.06999999999999999,0.7147104449235755
5745.25,5745.35,47.95476693333333,-81.80725546666666,858.533,-10.673636363636364,-0.09272727272727273,-0.2663636363636364,10.677554078111568,0.8,0.0,0.18181818181818182,0.8212765159792272
5745.25,5745.45,47.9547744,-81.8072384,862.957,-10.84,-0.09000000000000001,-0.37555555555555553,10.849088842972606,0.7222222222222222,0.0,0.2,0.749479908082603
5745.25,5745.55,47.9547776,-81.8072128,863.6015,-10.483,-0.42400000000000004,-0.521,10.506829609749246,0.8200000000000001,0.0,0.12000000000000002,0.8300376529642083
5745.25,5745.65,47.9547808,-81.8072,863.417,-9.942,-0.6279999999999999,-0.5800000000000001,9.97970861371193,0.8999999999999999,0.0,0.011111111111111112,0.9006153904237492
5745.25,5745.75,47.9547808,-81.80718719999999,863.601,-10.190000000000001,-0.7022222222222223,-0.6088888888888889,10.232605868329909,0.9800000000000001,0.0,-0.08,0.9839900496896711
5745.25,5745.85,47.95478293333333,-81.80716586666667,866.5985000000001,-10.349090909090908,-0.3718181818181818,-0.42909090909090913,10.368087580630522,1.0,-0.06363636363636363,-0.18181818181818182,1.020235634684222
5745.25,5745.95,47.9547872,-81.8071424,875.685,-10.149,-0.038,-0.41900000000000004,10.158427576769071,1.0444444444444445,-0.1,-0.05555555555555555,1.0519885417839936
5745.25,5746.05,47.9547872,-81.8071296,878.3625,-10.257777777777779,-0.8877777777777778,-0.4755555555555555,10.312598490430421,1.3000000000000003,-0.09,0.0,1.3034974067323448
5745.25,5746.15,47.9547936,-81.807104,867.935,-10.096,-1.394,-0.472,10.203477043976385,1.54,0.0,0.0,1.54
5746.25,5746.25,47.9547952,-81.80709759999999,862.2195,-10.4,-1.2300000000000002,-0.37,10.4805439638105,1.822222222222222,0.06666666666666667,0.0,1.8240240211475687
5746.25,5746.35,47.954798933333336,-81.80708266666666,853.101,-10.653636363636362,-0.8763636363636365,-0.1927272727272727,10.692549184738978,1.8999999999999995,0.1,-0.05454545454545454,1.9040621931977102
5746.25,5746.45,47.9548032,-81.8070528,851.259,-10.437000000000001,-0.938,-0.065,10.479925140945129,1.911111111111111,0.1,-0.1,1.91633787468694
5746.25,5746.55,47.9548032,-81.8070272,848.867,-10.304444444444446,-0.7122222222222222,0.2733333333333333,10.333242843411021,2.0,0.02,-0.06000000000000001,2.0019981288952997
5746.25,5746.65,47.954804800000005,-81.8070208,842.796,-9.955,-0.808,0.184,9.98983678335744,1.94,0.0,0.0,1.94
5746.25,5746.75,47.954808,-81.8070016,841.4169999999999,-9.744,-0.8430000000000002,0.147,9.782643909493126,1.8999999999999997,0.0,0.0,1.8999999999999997
5746.25,5746.85,47.9548096,-81.80698026666668,839.946,-9.936,-0.48600000000000004,0.242,9.95277153983755,1.7636363636363634,0.0,0.0,1.7636363636363634
5746.25,5746.95,47.954816,-81.8069504,840.3599999999999,-9.864,-0.47800000000000004,0.346,9.882358369937926,1.6222222222222222,0.0,-0.05555555555555555,1.6239566412156334
5746.25,5747.05,47.954816,-81.8069376,839.762,-10.13,-0.006999999999999995,0.23200000000000004,10.134187579502091,1.57,0.0,-0.1,1.5731842592828855
5746.25,5747.15,47.9548176,-81.80693120000001,839.854,-9.726666666666667,0.03444444444444445,0.1811111111111111,9.728564235367944,1.4600000000000002,0.0,-0.05,1.4616648189186454
5747.25,5747.25,47.9548208,-81.80691200000001,839.992,-9.727999999999998,0.137,0.156,9.731154100046032,1.4,0.0,0.0,1.4
5747.25,5747.35,47.95482453333333,-81.80689066666666,839.762,-9.857000000000001,0.33999999999999997,-0.055999999999999994,9.863305062266987,1.2727272727272725,0.0,0.0,1.2727272727272725
5747.25,5747.45,47.9548256,-81.8068672,840.3599999999999,-9.553,0.172,-0.067,9.555386424466322,1.1999999999999997,0.0,0.0,1.1999999999999997
5747.25,5747.55,47.9548288,-81.8068544,840.681,-9.782,0.15799999999999997,-0.215,9.785825183106471,1.2700000000000002,0.0,0.0,1.2700000000000002
5747.25,5747.65,47.9548288,-81.80684160000001,841.6925,-9.734444444444442,0.18111111111111114,-0.1611111111111111,9.737627766085469,1.2666666666666666,0.0,0.0,1.2666666666666666
5747.25,5747.75,47.954831999999996,-81.8068224,0.0,-9.655999999999999,0.11200000000000002,-0.3370000000000001,9.663399282173032,1.2,0.0,0.0,1.2
5747.25,5747.85,47.9548352,-81.80680746666667,848.9595,-9.561,-0.04700000000000001,-0.8010000000000002,9.595864147870387,1.1909090909090907,0.0,0.0,1.1909090909090907
5747.25,5747.95,47.9548384,-81.806784,852.1805,-9.051000000000002,-0.174,-0.8110000000000002,9.08946350774838,1.09,0.0,0.0,1.09
5747.25,5748.05,47.9548384,-81.8067712,0.0,-9.265454545454546,-0.2609090909090909,-0.7663636363636364,9.30136448315783,0.9800000000000001,0.0,0.0,0.9800000000000001
5747.25,5748.15,47.954840000000004,-81.8067616,859.178,-9.425,-0.4,-0.6825,9.458431353084102,0.8999999999999999,0.0,0.0,0.8999999999999999
5748.25,5748.25,47.9548416,-81.8067456,860.929,-9.356999999999998,-0.471,-0.631,9.390137360248149,0.9,0.01,0.0,0.9005538513813743
5748.25,5748.35,47.9548416,-81.80673066666667,861.1595,-9.956,-0.479,-0.64,9.988197547977993,0.9,0.0,0.0,0.9
5748.25,5748.45,47.9548448,-81.8067008,861.574,-10.325,-0.38299999999999995,-0.623,10.351096680940358,0.9,0.0,0.0,0.9
5748.25,5748.55,47.9548448,-81.806688,861.297,-10.484545454545454,-0.2818181818181818,-0.6327272727272727,10.50757854265679,0.9,0.0,0.0,0.9
5748.25,5748.65,47.9548448,-81.8066848,861.067,-10.139999999999999,-0.3499999999999999,-0.6355555555555555,10.166030085285334,0.8888888888888888,0.0,0.0,0.8888888888888888
5748.25,5748.75,47.954846399999994,-81.80666880000001,859.823,-9.622222222222222,-0.44555555555555554,-0.5822222222222222,9.65014793591533,0.8200000000000001,0.0,0.0,0.8200000000000001
5748.25,5748.85,47.954848,-81.80664746666666,857.5665,-9.316363636363636,-0.4345454545454546,-0.5345454545454545,9.341934486094187,0.8,-0.09,0.0,0.8056031973468695
5748.25,5748.95,47.954848,-81.806624,854.666,-9.27111111111111,-0.5188888888888887,-0.3888888888888889,9.29397001385644,0.8,-0.1,0.0,0.8062257748298551
5748.25,5749.05,47.9548576,-81.8066112,851.2595,-9.31909090909091,-0.5545454545454546,-0.31909090909090915,9.341224476696809,0.8,-0.1,0.0,0.806225774829855
5748.25,5749.15,47.9548576,-81.8066016,847.486,-9.751111111111111,-0.5188888888888888,-0.3922222222222222,9.773134283216118,0.7333333333333334,-0.03333333333333334,0.0,0.7354085916099516
5749.25,5749.25,47.9548576,-81.8065856,845.095,-9.227777777777778,-0.57,-0.31666666666666665,9.251197402747273,0.7,0.0,0.0,0.7
5749.25,5749.35,47.954859733333336,-81.80656213333334,840.957,-9.143636363636363,-0.6363636363636365,-0.11454545454545455,9.166632563281318,0.6299999999999999,0.0,0.0,0.6299999999999999
5749.25,5749.45,47.9548608,-81.8065408,836.454,-9.284444444444444,-0.6588888888888889,-0.09888888888888889,9.308563912073515,0.5999999999999999,0.0,0.0,0.5999999999999999
5749.25,5749.55,47.954864,-81.806528,832.9175,-9.852727272727272,-0.670909090909091,0.11636363636363636,9.87638456988074,0.5999999999999999,0.0,0.0,0.5999999999999999
5749.25,5749.65,47.954865600000005,-81.8065184,829.474,-9.885,-0.695,-0.005,9.909539783056378,0.5333333333333333,0.0,0.0,0.5333333333333333
5749.25,5749.75,47.9548672,-81.80650026666666,827.042,-10.88625,-0.66625,-0.01,10.906686712641346,0.5,0.0,0.08888888888888889,0.508801734541581
5749.25,5749.85,47.9548672,-81.8064832,824.977,-11.162727272727272,-0.8309090909090908,-0.03181818181818182,11.19401691070447,0.5,0.0,0.03636363636363637,0.5036007095851922
5749.25,5749.95,47.9548736,-81.806464,824.427,-10.824444444444445,-0.9388888888888888,-0.14666666666666667,10.86671608952727,0.5,0.0,0.0,0.5
5749.25,5750.05,47.9548736,-81.8064576,822.959,-10.937272727272727,-0.9318181818181818,-0.22363636363636363,10.980418944321459,0.5363636363636364,0.0,-0.07272727272727272,0.5429738925051275
5749.25,5750.15,47.954875200000004,-81.8064416,0.0,-10.45,0.20400000000000001,0.24,10.478125868598278,0.47777777777777775,0.0,-0.16666666666666669,0.5072913289737238
5750.25,5750.25,47.9548768,-81.80642346666666,820.5285,-10.37111111111111,2.01,0.47333333333333333,10.576722917648395,0.24444444444444446,-0.022222222222222223,-0.03333333333333334,0.25818795595722105
5750.25,5750.35,47.95488,-81.8064064,819.932,-9.934000000000001,1.076,0.328,10.022687221973495,-0.02727272727272728,-0.1,0.17272727272727273,0.20701318002697972
5750.25,5750.45,47.95488,-81.8063872,819.7945,-9.837,-0.8030000000000002,0.248,9.882324860902022,-0.022222222222222223,-0.1,0.16666666666666669,0.20095435647427556
5750.25,5750.55,47.95488,-81.8063808,819.107,-9.294,-1.1469999999999998,0.07900000000000001,9.365425024381523,0.0,-0.009090909090909092,0.018181818181818184,0.02194739602157359
5750.25,5750.65,47.95488,-81.8063648,818.924,-9.507000000000001,-0.707,0.292,9.543231808307565,0.08,0.0,-0.08,0.1172134935173836
5750.25,5750.75,47.954882133333335,-81.80634666666667,818.0985000000001,-9.586666666666666,0.4833333333333333,0.7533333333333333,9.634361150018396,0.3333333333333333,0.0,-0.05555555555555555,0.34398854372783016
5750.25,5750.85,47.9548832,-81.8063296,817.365,-9.87,0.7949999999999999,0.9940000000000001,9.952559909169043,0.6599999999999999,0.0,0.04,0.6626665112032806
5750.25,5750.95,47.9548864,-81.8063104,816.678,-9.959,0.10400000000000001,0.7690000000000001,9.994292762635219,0.788888888888889,0.0,0.1,0.7952125533139319
5750.25,5751.05,47.9548864,-81.806304,816.174,-9.748,-0.367,0.41800000000000004,9.76465142749654,0.5727272727272728,0.0,0.08181818181818182,0.5794753871270444
5750.25,5751.15,47.9548864,-81.80628906666668,815.3489999999999,-10.024000000000001,-0.38899999999999996,0.32599999999999996,10.037476990079526,0.24000000000000005,0.02,0.0,0.24828427124746194
5751.25,5751.25,47.9548928,-81.8062656,814.524,-9.83888888888889,-0.2711111111111111,0.38444444444444437,9.850767928637612,0.044444444444444446,0.022222222222222223,0.0,0.05364919027495767
5751.25,5751.35,47.9548928,-81.8062528,814.5695000000001,-9.742,-0.189,0.37299999999999994,9.751182797556938,0.0,0.0,0.0,0.0
5751.25,5751.45,47.9548928,-81.8062336,814.3865000000001,-9.512,-0.31999999999999995,0.394,9.525741675819173,0.0,0.0,0.0,0.0
5751.25,5751.55,47.9548944,-81.8062272,813.974,-9.486,-0.497,0.39299999999999996,9.507532882914054,-0.05,0.0,0.09,0.11071067811865476
5751.25,5751.65,47.954896,-81.80621226666666,812.142,-9.622,-0.577,0.43600000000000005,9.649308837997989,-0.1,0.0,0.02,0.1082842712474619
5751.25,5751.75,47.954896,-81.8061888,811.134,-9.65,-0.6010000000000001,0.48100000000000004,9.680756378046798,-0.1,0.0,0.0,0.1
5751.25,5751.85,47.9548992,-81.806176,811.2715000000001,-9.66888888888889,-0.5755555555555555,0.37222222222222223,9.693287844157046,-0.16,0.0,0.0,0.16
5751.25,5751.95,47.9548992,-81.8061664,811.042,-9.74111111111111,-0.6788888888888889,0.3833333333333333,9.772362004721623,-0.3,0.0,-0.04,0.30570766571572083
5751.25,5752.05,47.954900800000004,-81.8061472,809.9894999999999,-9.683,-0.542,0.481,9.711118093279387,-0.45999999999999996,0.0,-0.1,0.4708653958402736
5751.25,5752.15,47.9549024,-81.80612906666668,809.852,-9.465,-0.13800000000000004,0.525,9.48088333259195,-0.57,0.0,-0.1,0.5787639625286589
5752.25,5752.25,47.9549056,-81.8061056,665.6335,-9.192,0.24200000000000005,0.46399999999999997,9.20854230134655,-0.7222222222222221,0.0,-0.044444444444444446,0.725510732954385
5752.25,5752.35,47.9549056,-81.8060928,810.2639999999999,-9.085999999999999,0.06100000000000002,0.41600000000000004,9.103380441672158,-1.018181818181818,0.0,0.045454545454545456,1.020243682599421
5752.25,5752.45,47.9549056,-81.8060672,811.226,-9.253333333333334,-0.7711111111111112,0.31666666666666665,9.291768059623214,-1.2000000000000002,0.0,0.1,1.2041722727682955
5752.25,5752.55,47.95490773333333,-81.80605866666666,815.1659999999999,-9.264545454545454,-0.9990909090909091,0.22272727272727275,9.32240958266717,-1.46,-0.08,0.04,1.464145652834638
5752.25,5752.65,47.9549088,-81.80603733333334,822.592,-9.434444444444445,-0.8933333333333332,0.3688888888888889,9.485677185589774,-1.67,-0.06000000000000001,0.0,1.671818177234234
5752.25,5752.75,47.9549088,-81.806016,827.363,-9.431999999999999,-0.8739999999999999,0.514,9.487664051203906,-1.7,0.0,0.0,1.7
5752.25,5752.85,47.9549152,-81.8059968,833.423,-9.417,-1.153,0.13799999999999998,9.488481620892502,-1.7,0.0,0.0,1.7
5752.25,5752.95,47.9549152,-81.8059872,836.822,-9.725555555555555,-1.2822222222222224,0.004444444444444442,9.810155528404263,-1.7,0.0,0.06666666666666667,1.70195909106176
5752.25,5753.05,47.954917333333334,-81.80596906666666,729.962,-9.556363636363637,-1.3727272727272728,-0.18181818181818182,9.657489628755823,-1.75,0.0,0.1,1.7528571371623172
5752.25,5753.15,47.9549184,-81.80594773333333,835.443,-9.341111111111111,-1.301111111111111,-0.5588888888888888,9.44910586055305,-1.75,0.0,0.1,1.7528571371623172
5753.25,5753.25,47.9549216,-81.8059264,830.3005,-9.275,-0.9890000000000001,-0.805,9.363001471175757,-1.69,-0.06,0.0,1.691763181955584
5753.25,5753.35,47.9549216,-81.8059008,823.509,-9.552727272727273,-0.6718181818181818,-0.8636363636363636,9.615508570956418,-1.6,0.0,0.0,1.6
5753.25,5753.45,47.954923199999996,-81.8058944,818.007,-9.8975,-0.76625,-0.82125,9.96136794845931,-1.6,0.0,0.0,1.6
5753.25,5753.55,47.9549312,-81.80587093333334,809.5775,-10.265454545454547,-0.9009090909090908,-0.8536363636363635,10.341369892939076,-1.563636363636364,0.0,0.0,1.563636363636364
5753.25,5753.65,47.95493653333333,-81.80585386666667,805.548,-9.918888888888889,-0.4933333333333334,-0.831111111111111,9.966165134192472,-1.5,0.0,0.0,1.5
5753.25,5753.75,47.9549408,-81.805824,803.4884999999999,-9.421999999999999,-0.286,-0.844,9.464146400886083,-1.5,0.0,0.0,1.5
5753.25,5753.85,47.9549472,-81.8058112,801.704,-9.270909090909093,-0.1190909090909091,-0.8472727272727273,9.310565486770406,-1.4,0.0,0.0,1.4
5753.25,5753.95,47.9549472,-81.80579839999999,800.6065,-9.481111111111112,-0.10666666666666667,-0.8311111111111111,9.519640529393676,-1.2799999999999998,0.0,0.0,1.2799999999999998
5753.25,5754.05,47.9549472,-81.8057728,799.509,-9.776,-0.11499999999999999,-0.099,9.77944048813588,-1.1,0.0,0.0,1.1
5753.25,5754.15,47.95495146666667,-81.8057536,798.411,-9.621,-0.148,0.15699999999999997,9.624251306030605,-0.7777777777777778,0.0,0.0,0.7777777777777778
5754.25,5754.25,47.9549568,-81.805728,797.8164999999999,-9.76,-0.09888888888888889,0.12222222222222223,9.761791135182634,-0.22000000000000003,0.0,0.0,0.22000000000000003
5754.25,5754.35,47.954958399999995,-81.80571520000001,796.856,-10.085454545454546,0.053636363636363635,-0.13818181818181818,10.087557872889285,0.16363636363636366,0.0,0.0,0.16363636363636366
5754.25,5754.45,47.95496,-81.805696,796.719,-10.037777777777778,0.19555555555555557,-0.3722222222222222,10.047152979630887,0.4555555555555555,0.0,0.0,0.4555555555555555
5754.25,5754.55,47.95496213333334,-81.80567253333332,796.216,-9.815999999999999,0.302,-0.471,9.832263547998414,0.5,0.0,0.0,0.5
5754.25,5754.65,47.95496533333333,-81.80564693333334,795.988,-10.021,0.153,-0.664,10.045150930473394,0.5111111111111111,0.0,0.0,0.5111111111111111
5754.25,5754.75,47.954976,-81.8056192,795.027,-10.096666666666666,0.06444444444444446,-0.6666666666666666,10.119140493999144,0.69,0.0,0.0,0.69
5754.25,5754.85,47.954976,-81.8056,795.0275,-10.11,-0.1309090909090909,-0.759090909090909,10.139915207661884,0.9727272727272727,0.0,0.0,0.9727272727272727
5754.25,5754.95,47.9549776,-81.8055904,795.576,-9.822999999999999,-0.29300000000000004,-0.9719999999999999,9.875904393780019,1.2555555555555555,0.0,0.0,1.2555555555555555
5754.25,5755.05,47.95498346666667,-81.80556373333333,796.216,-9.658888888888889,-0.31444444444444447,-1.141111111111111,9.731358007251412,1.36,0.0,0.0,1.36
5754.25,5755.15,47.95498560000001,-81.8055424,795.6675,-9.796999999999999,-0.6580000000000001,-1.15,9.887991697402445,1.2799999999999998,-0.05,0.0,1.281984035888005
5755.25,5755.25,47.9549888,-81.8055104,794.936,-10.29888888888889,-0.7611111111111112,-0.9311111111111112,10.372595479389872,1.0777777777777777,-0.1,0.0,1.082422516978792
5755.25,5755.35,47.9549984,-81.8054976,798.914,-10.240909090909092,-0.2209090909090909,-0.8427272727272727,10.278202630723557,0.9454545454545454,-0.1,0.0,0.9507426266766267
5755.25,5755.45,47.955,-81.80548479999999,802.802,-10.465999999999998,-0.389,-0.8440000000000001,10.50815873758025,0.788888888888889,-0.08888888888888889,0.0,0.7944444382199355
5755.25,5755.55,47.955003733333335,-81.80545919999999,806.6005,-10.541,-0.539,-0.7819999999999999,10.58403375028502,0.6299999999999999,0.0,0.0,0.6299999999999999
5755.25,5755.65,47.955008,-81.8054272,808.524,-10.504444444444445,-0.4444444444444444,-0.6211111111111112,10.532885804068478,0.4555555555555556,0.0,0.0,0.4555555555555556
5755.25,5755.75,47.9550144,-81.8054016,810.31,-10.565000000000001,-0.745,-0.15,10.593006099406029,0.3333333333333333,0.0,0.0,0.3333333333333333
5755.25,5755.85,47.9550176,-81.8053824,811.0425,-10.373000000000001,-0.5870000000000001,-0.29900000000000004,10.394185471893296,0.23636363636363633,0.0,-0.07272727272727272,0.25084893227884253
5755.25,5755.95,47.9550208,-81.805376,811.409,-10.086,-0.6769999999999999,-0.10900000000000001,10.109926267958379,0.26000000000000006,0.0,-0.1,0.27917937871009435
5755.25,5756.05,47.95502613333334,-81.80535253333333,812.0954999999999,-9.489,-0.8720000000000001,-0.10200000000000001,9.530247316797476,0.16000000000000003,0.0,-0.1,0.19073262114491119
5755.25,5756.15,47.9550336,-81.8053184,812.233,-9.292222222222222,-0.8955555555555557,-0.12333333333333335,9.337640078750963,0.022222222222222223,-0.05555555555555555,-0.1,0.13221661040679628
5756.25,5756.25,47.95504,-81.8053056,0.0,-9.222000000000001,-0.9269999999999999,-0.08100000000000002,9.26993871105641,-0.08888888888888889,-0.1,0.0,0.14587766893879955
5756.25,5756.35,47.9550416,-81.80529279999999,811.867,-9.219999999999999,-1.1320000000000001,-0.15300000000000002,9.291618725483868,-0.2909090909090909,-0.1,0.0,0.3081223896542207
5756.25,5756.45,47.955044799999996,-81.8052704,810.585,-9.144000000000002,-1.2429999999999999,-0.148,9.229713739400715,-0.4,-0.1,0.04,0.4170919650218311
5756.25,5756.55,47.9550528,-81.805248,807.5619999999999,-9.167000000000002,-1.161,-0.185,9.24222727064167,-0.4,-0.01,0.1,0.4135059131767823
5756.25,5756.65,47.9550592,-81.8052224,805.274,-9.342222222222222,-1.4033333333333333,-0.2122222222222222,9.450132737818324,-0.37777777777777777,0.0,0.1,0.39095882999622655
5756.25,5756.75,47.9550656,-81.8052032,802.4825000000001,-9.309000000000001,-1.6039999999999999,0.199,9.450389424414968,-0.3,0.0,0.03333333333333334,0.3054092553389459
5756.25,5756.85,47.9550688,-81.8051936,800.515,-9.447,-1.4449999999999998,-0.06699999999999999,9.559060200653722,-0.2,0.0,0.0,0.2
5756.25,5756.95,47.955075199999996,-81.80517760000001,799.325,-9.703,-1.3230000000000002,-0.085,9.793954576892094,-0.11000000000000001,0.0,-0.09,0.14727922061357854
5756.25,5757.05,47.95508053333333,-81.80515413333335,797.3135,-10.131818181818183,-0.9627272727272728,-0.4445454545454546,10.187908465751947,-0.13,0.0,-0.030000000000000006,0.14242640687119285
5756.25,5757.15,47.955088,-81.8051328,795.485,-10.153333333333332,-1.0888888888888888,-0.30999999999999994,10.21749714162639,-0.2,0.09,0.0,0.2212461179749811
5757.25,5757.25,47.9550976,-81.8051072,792.468,-10.086666666666666,-1.3744444444444446,-0.08444444444444445,10.181851955539171,-0.2,0.044444444444444446,0.0,0.21049191011110177
5757.25,5757.35,47.9551008,-81.80510079999999,790.274,-10.053999999999998,-1.2630000000000001,-0.426,10.142069095298513,-0.2,0.0,0.05,0.2118033988749895
5757.25,5757.45,47.955110399999995,-81.80507733333333,788.5844999999999,-10.113,-1.291,-0.43100000000000005,10.204348354062493,-0.18,0.0,0.1,0.2071697094474451
5757.25,5757.55,47.95512,-81.805056,787.442,-10.434545454545455,-1.4145454545454546,-0.4245454545454546,10.538831252725508,-0.1,0.0,0.02,0.1082842712474619
5757.25,5757.65,47.9551264,-81.8050304,786.255,-9.963333333333333,-1.3166666666666667,-0.5188888888888888,10.063538255421658,-0.12,0.0,0.0,0.12
5757.25,5757.75,47.9551328,-81.8050176,784.748,-9.594444444444443,-1.2255555555555555,-0.43777777777777777,9.682636673562037,-0.2,0.0,-0.06666666666666667,0.21573786516665266
5757.25,5757.85,47.9551376,-81.805008,782.968,-9.438181818181818,-1.1863636363636365,-0.0890909090909091,9.51346623505175,-0.2899999999999999,0.0,-0.1,0.306965669190152
5757.25,5757.95,47.955148799999996,-81.80498560000001,780.9594999999999,-9.386666666666665,-1.1733333333333333,-0.09333333333333334,9.460424825987236,-0.35,0.0,-0.07,0.3605759955207722
5757.25,5758.05,47.9551584,-81.80496,778.952,-9.282727272727273,-1.3281818181818181,-0.12272727272727271,9.378299770721712,-0.4090909090909091,0.0,0.0,0.4090909090909091
5757.25,5758.15,47.9551648,-81.8049472,777.537,-9.508888888888887,-1.3311111111111111,-0.2933333333333333,9.606414646477951,-0.5,-0.08888888888888889,0.0,0.508801734541581
5758.25,5758.25,47.9551744,-81.8049344,775.485,-9.637777777777778,-1.2922222222222224,-0.31555555555555553,9.729355640806713,-0.5,-0.1,0.05555555555555555,0.5152982240878256
5758.25,5758.35,47.95517866666666,-81.80491733333334,773.6610000000001,-9.927272727272728,-1.4954545454545458,-0.26545454545454544,10.043664851011268,-0.4800000000000001,-0.1,0.06000000000000001,0.4962116481466068
5758.25,5758.45,47.95518506666667,-81.80490026666666,772.9315,-10.092222222222224,-1.3677777777777778,-0.6666666666666667,10.20800515958971,-0.33999999999999997,-0.1,0.0,0.3546608846348092
5758.25,5758.55,47.9552,-81.8048768,772.202,-10.141818181818183,-1.29,-0.8436363636363636,10.25863066645732,-0.18181818181818185,-0.009090909090909092,-0.02727272727272728,0.19459016679352423
5758.25,5758.65,47.9552064,-81.804864,771.3355,-10.4,-1.03,-0.774,10.480151824315232,-0.13333333333333333,0.0,-0.1,0.16881650340819931
5758.25,5758.75,47.955216,-81.8048448,770.287,-10.827777777777778,-0.8066666666666666,-0.7033333333333334,10.880812226151775,-0.21000000000000002,0.0,-0.02,0.2147213595499958
5758.25,5758.85,47.955220266666664,-81.80483626666667,769.7860000000001,-10.709,-1.068,-0.5569999999999999,10.77935985657893,-0.29999999999999993,0.0,0.0,0.29999999999999993
5758.25,5758.95,47.95523093333333,-81.80482346666666,768.646,-10.52,-1.1755555555555557,-0.5033333333333334,10.597770815633792,-0.3,0.0,0.0,0.3
5758.25,5759.05,47.9552416,-81.8048064,768.0540000000001,-10.299999999999999,-1.3018181818181822,-0.5436363636363637,10.397129687723334,-0.29999999999999993,-0.03636363636363637,0.0,0.3059010058243047
5758.25,5759.15,47.9552544,-81.8047936,767.5525,-10.301,-1.377,-0.708,10.417393765535639,-0.2777777777777778,-0.1,0.0,0.2956453286242026
5759.25,5759.25,47.9552592,-81.80478719999999,766.277,-10.321111111111112,-1.2777777777777777,-0.941111111111111,10.443768662937057,-0.17,-0.1,0.0,0.19895116529617812
5759.25,5759.35,47.955270399999996,-81.80476800000001,766.7325,-10.081,-0.898,-1.169,10.189404268773487,-0.1,-0.01,0.0,0.10414213562373095
5759.25,5759.45,47.95527786666667,-81.80475733333333,765.821,-10.269,-0.9470000000000001,-1.016,10.363845167099138,-0.1,0.0,0.0,0.1
5759.25,5759.55,47.9552928,-81.8047424,765.685,-10.901999999999997,-0.9680000000000002,-1.147,11.00707517570971,-0.10909090909090909,0.0,0.0,0.10909090909090909
5759.25,5759.65,47.9553024,-81.8047232,764.911,-11.541,-1.133,-1.175,11.656903835888016,-0.2,0.0,0.0,0.2
5759.25,5759.75,47.9553072,-81.80472,764.728,-11.70888888888889,-1.07,-1.2744444444444443,11.82715918898604,-0.2222222222222222,0.0,0.0,0.2222222222222222
5759.25,5759.85,47.95531626666667,-81.80470826666668,764.2729999999999,-11.059000000000001,-1.2849999999999997,-1.161,11.194343495929497,-0.24,0.0,0.0,0.24
5759.25,5759.95,47.95532693333333,-81.80469973333334,763.089,-11.031,-1.341,-1.2040000000000002,11.178055506011276,-0.3,0.0,0.0,0.3
5759.25,5760.05,47.9553408,-81.8046784,762.5875000000001,-10.878,-1.2180000000000002,-1.341,11.031621500971957,-0.21818181818181823,0.0,0.0,0.21818181818181823
5759.25,5760.15,47.9553504,-81.804672,761.813,-11.157,-0.969,-1.3019999999999998,11.275237594861961,-0.2,0.0,0.0,0.2
5760.25,5760.25,47.9553552,-81.8046688,761.54,-11.62111111111111,-0.8877777777777777,-1.328888888888889,11.732166723449803,-0.2,-0.011111111111111112,0.0,0.20262297752777544
5760.25,5760.35,47.955368533333335,-81.8046528,760.266,-11.358181818181817,-0.9554545454545456,-1.1927272727272729,11.462202873479326,-0.22000000000000003,0.0,0.0,0.22000000000000003
5760.25,5760.45,47.95537706666667,-81.80464213333333,759.446,-11.16,-1.3833333333333333,-1.031111111111111,11.29498158118843,-0.29999999999999993,0.0,0.0,0.29999999999999993
5760.25,5760.55,47.9553856,-81.8046336,758.1714999999999,-10.237,-1.329,-1.016,10.37468817500022,-0.29999999999999993,0.0,0.0,0.29999999999999993
5760.25,5760.65,47.955392,-81.80463040000001,757.444,-9.681999999999999,-0.8460000000000001,-1.303,9.814214448226462,-0.35,0.0,0.0,0.35
5760.25,5760.75,47.9554048,-81.80462080000001,758.354,-9.17,-0.7020000000000002,-1.5029999999999997,9.32080954317699,-0.4,0.0,0.0,0.4
5760.25,5760.85,47.955415466666665,-81.8046144,758.081,-9.411000000000001,-0.7070000000000001,-1.517,9.559673881921722,-0.309090909090909,-0.05454545454545454,0.1,0.33338150007657796
5760.25,5760.95,47.955424,-81.8046016,757.5799999999999,-10.565555555555555,-0.6122222222222223,-1.5322222222222224,10.695383910556881,-0.3,-0.1,0.1,0.33166247903554
5760.25,5761.05,47.9554368,-81.8045952,756.351,-10.044,-0.556,-1.4300000000000002,10.161459338987907,-0.29999999999999993,-0.1,0.04,0.32240165122431874
5760.25,5761.15,47.955439999999996,-81.804592,756.169,-9.870000000000001,-0.975,-1.3840000000000001,10.016903268527166,-0.29999999999999993,-0.1,0.0,0.3162277660168379
5761.25,5761.25,47.955448000000004,-81.8045856,754.5315,-10.193000000000001,-1.025,-1.2559999999999998,10.321572404223044,-0.3,-0.1,-0.12222222222222223,0.3441152641363022
5761.25,5761.35,47.95545920000001,-81.80457813333334,753.076,-10.113000000000001,-0.6639999999999999,-1.254,10.21310523358477,-0.3727272727272727,-0.1,-0.22727272727272732,0.44940826523526706
5761.25,5761.45,47.955472,-81.804576,752.7574999999999,-9.637777777777778,-0.5555555555555556,-1.2855555555555556,9.739158562175163,-0.4,-0.011111111111111112,-0.2,0.44844070372169426
5761.25,5761.55,47.9554784,-81.8045632,752.166,-9.622727272727273,-0.43727272727272726,-1.3518181818181818,9.727616895775009,-0.48,0.0,-0.14000000000000004,0.5030871860582489
5761.25,5761.65,47.955484799999994,-81.80456000000001,751.5745,-10.125555555555556,-0.5688888888888889,-1.4055555555555554,10.239492420477168,-0.5599999999999999,0.0,-0.01,0.5609901951359278
5761.25,5761.75,47.9554944,-81.8045568,751.802,-10.146999999999998,-0.6599999999999999,-1.4149999999999998,10.266829667438795,-0.6799999999999999,0.0,0.10999999999999999,0.6919566872716892
5761.25,5761.85,47.95550186666666,-81.80455253333332,751.529,-10.080000000000002,-0.6639999999999999,-1.435,10.207242205554973,-0.6699999999999999,0.0,0.22999999999999998,0.7108538102246171
5761.25,5761.95,47.9555136,-81.8045504,751.438,-9.866,-0.667,-1.268,9.98028273118109,-0.5888888888888889,0.0,0.2222222222222222,0.6305433843794866
5761.25,5762.05,47.95552,-81.804544,751.347,-9.466,0.017999999999999988,-1.03,9.525444220720773,-0.5,-0.030000000000000006,0.18000000000000002,0.5356568407040646
5761.25,5762.15,47.9555248,-81.80454080000001,750.347,-9.392222222222223,0.19333333333333333,-0.9922222222222222,9.44729626618034,-0.48,-0.1,0.06000000000000001,0.4966596911943624
5762.25,5762.25,47.955531199999996,-81.8045376,749.62,-9.861,0.253,-1.294,9.950072238906344,-0.5499999999999999,-0.06000000000000001,0.0,0.5557786009826213
5762.25,5762.35,47.955537066666665,-81.8045376,747.4825000000001,-9.861818181818181,0.3281818181818182,-1.3818181818181818,9.964049249700166,-0.6900000000000001,0.0,0.0,0.6900000000000001
5762.25,5762.45,47.9555488,-81.8045248,747.346,-10.066666666666668,0.25222222222222224,-1.2022222222222223,10.141714470853675,-0.79,0.0,-0.08,0.7949806198638839
5762.25,5762.55,47.9555552,-81.8045248,747.1185,-10.273,0.269,-1.294,10.35797146359033,-0.8,0.0,-0.1,0.8062257748298551
5762.25,5762.65,47.9555584,-81.8045216,747.8005,-9.986666666666666,0.3744444444444444,-1.2088888888888887,10.06691600921554,-0.8,0.0,-0.1,0.806225774829855
5762.25,5762.75,47.955564800000005,-81.8045184,748.983,-9.375,0.704,-0.836,9.440409744488791,-0.8400000000000001,0.0,-0.09,0.8453970190420355
5762.25,5762.85,47.95557226666667,-81.8045184,749.892,-9.307272727272728,1.061818181818182,-0.4518181818181818,9.380984857414083,-0.9,0.0,0.0,0.9
5762.25,5762.95,47.9555808,-81.804512,751.893,-9.354444444444445,1.0599999999999998,-0.10111111111111111,9.416113928237353,-0.9,0.0,0.0,0.9
5762.25,5763.05,47.955584,-81.804512,755.0319999999999,-9.156,0.892,0.083,9.201224274297058,-0.85,0.0,0.0,0.85
5762.25,5763.15,47.9555888,-81.804512,758.627,-9.135000000000002,0.8310000000000001,-0.067,9.173821950630568,-0.8,-0.03333333333333334,0.0,0.8020752582766184
5763.25,5763.25,47.955595200000005,-81.80450880000001,760.448,-9.794444444444444,0.8666666666666666,0.026666666666666665,9.832933774956622,-0.7,-0.12,-0.030000000000000006,0.7133584156830024
5763.25,5763.35,47.95560106666667,-81.8045056,763.7265,-10.808181818181817,0.7672727272727272,0.37000000000000005,10.845261573326129,-0.7000000000000001,-0.2,-0.11818181818181818,0.7385081084153391
5763.25,5763.45,47.9556096,-81.8045056,766.004,-11.485555555555557,0.8033333333333333,0.3333333333333333,11.519679179463834,-0.6777777777777777,-0.2,-0.2,0.7346148912035204
5763.25,5763.55,47.955616,-81.8045056,768.9655,-11.516,0.9049999999999999,0.127,11.552872271851907,-0.4700000000000001,-0.06,-0.07,0.4840220675975705
5763.25,5763.65,47.9556176,-81.80450239999999,770.287,-10.983333333333333,1.0599999999999998,0.19666666666666666,11.036290894685223,-0.3111111111111111,0.0,0.011111111111111112,0.3129141962240931
5763.25,5763.75,47.955620800000005,-81.8044992,768.9649999999999,-11.059999999999999,0.8600000000000001,0.5288888888888889,11.108793123472905,-0.29999999999999993,0.1,0.15,0.352914108856467
5763.25,5763.85,47.95562666666667,-81.8044992,767.826,-10.737272727272726,0.3463636363636364,0.959090909090909,10.78811474886475,-0.3181818181818181,0.1,0.19090909090909092,0.38636484420946
5763.25,5763.95,47.955632,-81.8044992,767.188,-9.842,0.26099999999999995,0.745,9.875761525254696,-0.4666666666666667,0.05555555555555555,0.06666666666666668,0.48073038538640617
5763.25,5764.05,47.9556352,-81.8044992,766.4590000000001,-9.602,0.121,0.8470000000000001,9.642522028909529,-0.5999999999999999,0.0,-0.06363636363636363,0.6067124361075259
5763.25,5764.15,47.9556384,-81.8044992,765.821,-9.008888888888889,0.3955555555555555,0.6133333333333333,9.03909992139891,-0.5333333333333333,0.0,-0.2222222222222222,0.5797358775470988
5764.25,5764.25,47.9556448,-81.8044992,764.546,-9.345555555555556,0.22444444444444445,0.7577777777777778,9.38257666808572,-0.4,0.0,-0.33333333333333326,0.521895141649746
5764.25,5764.35,47.955650133333336,-81.8044992,762.906,-9.748181818181818,0.3409090909090909,0.6790909090909092,9.781461333669851,-0.3636363636363636,0.0,-0.3727272727272727,0.521144561889132
5764.25,5764.45,47.9556544,-81.8044992,761.5405000000001,-9.416,0.382,0.5210000000000001,9.43970289046909,-0.16666666666666666,0.0,-0.21111111111111114,0.27371151573964014
5764.25,5764.55,47.9556576,-81.8044864,0.0,-9.764999999999999,0.311,0.558,9.786952477043744,0.05454545454545456,0.02727272727272728,-0.009090909090909092,0.08272519347869149
5764.25,5764.65,47.9556592,-81.8044864,758.718,-10.455555555555556,0.2644444444444445,0.6333333333333333,10.478529904770307,0.3111111111111111,0.1,0.15555555555555556,0.364327640712032
5764.25,5764.75,47.9556608,-81.8044864,759.082,-10.215,-0.25600000000000006,0.5210000000000001,10.237301272383949,0.4,0.1,0.24444444444444446,0.4812106281016704
5764.25,5764.85,47.955662933333336,-81.8044864,759.628,-10.58,-1.244,0.21200000000000002,10.661451544306116,0.43636363636363645,0.07272727272727274,0.09090909090909091,0.46197553951761317
5764.25,5764.95,47.9556704,-81.8044864,759.355,-10.308,-1.1840000000000002,0.5469999999999999,10.398133738013074,0.57,0.0,-0.08,0.579801607618664
5764.25,5765.05,47.9556736,-81.80448,759.173,-10.012,-0.011000000000000005,-0.000999999999999998,10.017426295474054,0.58,-0.09,-0.2,0.6210087613247002
5764.25,5765.15,47.9556752,-81.80448,760.4475,-10.155555555555557,0.39666666666666667,-0.21333333333333332,10.165883110395406,0.47777777777777775,-0.18888888888888888,-0.15555555555555556,0.5397230966802087
5765.25,5765.25,47.9556784,-81.80448,762.815,-9.476,0.391,-0.41600000000000004,9.493936457438533,0.4,-0.15555555555555556,-0.03333333333333334,0.4353824610815258
5765.25,5765.35,47.95568213333334,-81.80448,763.5440000000001,-9.775000000000002,0.386,-0.5850000000000001,9.800448578688538,0.4,-0.02727272727272728,0.03636363636363637,0.4078339943574875
5765.25,5765.45,47.9556896,-81.80448,763.726,-9.901,0.134,-0.43099999999999994,9.911883822354193,0.45999999999999996,0.06,0.11000000000000001,0.4795041019105547
5765.25,5765.55,47.9556928,-81.80448,761.722,-9.793000000000001,-0.133,-0.06900000000000002,9.800843839874322,0.64,0.19,0.16000000000000003,0.6896324905438499
5765.25,5765.65,47.9556944,-81.8044768,758.081,-9.991,-0.8879999999999999,0.184,10.03479790322289,0.79,0.11000000000000001,0.05,0.8017694641587763
5765.25,5765.75,47.95569813333333,-81.8044736,753.894,-9.405555555555557,-0.7077777777777778,-0.043333333333333335,9.434873174041476,1.011111111111111,0.044444444444444446,0.0,1.013450239094629
5765.25,5765.85,47.9556992,-81.8044736,748.5740000000001,-9.729000000000001,-0.094,-0.47700000000000004,9.743159748416685,1.1799999999999997,0.0,-0.030000000000000006,1.181323166131668
5765.25,5765.95,47.9557024,-81.8044736,741.893,-9.544,0.11000000000000001,-0.688,9.569593716522501,1.15,0.0,0.0,1.15
5765.25,5766.05,47.9557056,-81.8044704,736.308,-9.196363636363637,-0.07272727272727274,-0.6872727272727273,9.22256255797558,1.14,0.0,0.06999999999999999,1.14302461366731
5765.25,5766.15,47.9557104,-81.8044672,733.1305,-8.865555555555554,-0.11555555555555556,-0.5788888888888888,8.885398876466603,1.2700000000000002,0.0,0.1,1.2739361740921396
5766.25,5766.25,47.95571413333332,-81.8044672,728.276,-8.912222222222223,-0.2,-0.46222222222222226,8.926642639618802,1.3,0.0,0.1,1.3038404810405295
5766.25,5766.35,47.9557152,-81.8044608,725.0565,-8.984,-0.316,-0.522,9.005127614323186,1.3000000000000003,0.0,0.01,1.300384048104053
5766.25,5766.45,47.9557184,-81.8044608,723.833,-9.156,-0.426,-0.598,9.185614113160518,1.3000000000000003,0.0,0.0,1.3000000000000003
5766.25,5766.55,47.95572,-81.8044608,722.6095,-9.363636363636363,-0.5472727272727272,-0.5472727272727272,9.39584156961248,1.3000000000000003,0.0,-0.06,1.3023042886243177
5766.25,5766.65,47.9557248,-81.8044544,721.204,-9.253333333333334,-0.4555555555555555,-0.5666666666666667,9.28196875183651,1.3000000000000003,-0.09,-0.1,1.3072867628600346
5766.25,5766.75,47.95573013333333,-81.804448,720.932,-9.43,-0.43,-0.5922222222222222,9.458567248262664,1.2333333333333332,-0.1,-0.011111111111111112,1.23781193249096
5766.25,5766.85,47.9557344,-81.8044416,719.754,-9.656363636363636,-0.4881818181818182,-0.6372727272727272,9.689917566546887,1.14,-0.08,0.0,1.1434782238391823
5766.25,5766.95,47.9557376,-81.8044416,719.12,-10.152222222222223,-0.4344444444444444,-0.6266666666666667,10.181075499713847,1.04,0.0,0.0,1.04
5766.25,5767.05,47.9557392,-81.8044416,718.803,-10.637272727272727,-0.3981818181818182,-0.52,10.657769595227471,0.8818181818181821,0.06363636363636363,0.0,0.885530125431321
5766.25,5767.15,47.9557408,-81.80443840000001,718.486,-10.871111111111112,-0.5466666666666667,-0.37444444444444447,10.891801175185016,0.8,0.18888888888888888,-0.044444444444444446,0.8252622022768015
5767.25,5767.25,47.95574506666666,-81.8044352,718.033,-10.580000000000002,-0.514,-0.07500000000000001,10.594329058062275,0.8,0.18000000000000002,-0.15,0.8360221116314225
5767.25,5767.35,47.9557504,-81.8044352,717.761,-10.861,0.5109999999999999,0.376,10.892692271995827,0.8,0.05555555555555555,-0.17777777777777778,0.8238895257073124
5767.25,5767.45,47.9557536,-81.8044288,717.852,-10.87,1.3322222222222224,0.37,10.958940070628747,0.71,-0.04,-0.030000000000000006,0.714886646194914
5767.25,5767.55,47.9557536,-81.8044288,717.3985,-9.92,0.18181818181818185,0.20272727272727276,9.937695261252498,0.7727272727272727,-0.1,0.15454545454545454,0.7955645933855358
5767.25,5767.65,47.9557552,-81.8044288,717.67,-9.474,-0.8600000000000001,-0.262,9.519688649980024,0.8888888888888888,-0.06666666666666668,0.15555555555555556,0.9081408726585458
5767.25,5767.75,47.955758933333335,-81.8044288,718.848,-9.55111111111111,-0.8322222222222222,-0.4766666666666667,9.59997392584652,1.08,0.0,0.030000000000000006,1.0814511225942902
5767.25,5767.85,47.9557632,-81.8044224,721.204,-10.081999999999999,-0.5650000000000002,-0.31300000000000006,10.103614552186933,1.19,0.09,-0.04,1.195401567883398
5767.25,5767.95,47.9557696,-81.8044224,724.4675,-10.272222222222222,0.10666666666666666,0.010000000000000002,10.278063145847169,1.1666666666666665,0.05555555555555555,-0.15555555555555556,1.1805031581467254
5767.25,5768.05,47.9557712,-81.8044224,729.093,-10.508181818181818,1.0927272727272728,0.02909090909090909,10.56744622256676,0.9,0.0,-0.07272727272727274,0.9038491003932794
5767.25,5768.15,47.955774399999996,-81.80441920000001,732.177,-10.699000000000002,1.099,-0.354,10.767586838938588,0.6555555555555554,-0.044444444444444446,0.03333333333333334,0.6617204135288287
5768.25,5768.25,47.95577813333333,-81.804416,736.2170000000001,-9.902222222222223,-0.15444444444444444,-0.1922222222222222,9.910164363871067,0.76,0.0,0.1,0.76659755190659
5768.25,5768.35,47.9557792,-81.804416,740.167,-9.674000000000001,-0.7140000000000001,-0.262,9.704289589451923,1.0,0.0,0.05,1.0026590665665402
5768.25,5768.45,47.9557824,-81.804416,743.665,-9.624,-0.515,-0.20600000000000002,9.641129024053054,1.2000000000000002,0.0,0.0,1.2000000000000002
5768.25,5768.55,47.9557856,-81.804416,746.074,-10.104,0.028999999999999998,-0.215,10.108009311173973,1.3000000000000003,0.0,-0.09090909090909091,1.3034913464004814
5768.25,5768.65,47.95579093333333,-81.804416,745.9375,-10.001999999999999,0.45499999999999996,-0.28900000000000003,10.017204163379956,1.19,0.0,-0.1,1.1942086556633384
5768.25,5768.75,47.955792,-81.804416,744.983,-9.796666666666667,0.5633333333333332,-0.3244444444444445,9.818859843422539,0.9777777777777776,-0.1,0.0,0.982898828191155
5768.25,5768.85,47.9557952,-81.804416,743.5285,-10.103636363636362,0.13,-0.45,10.116651157126766,0.8,-0.04,0.0,0.8024215838303306
5768.25,5768.95,47.9557968,-81.8044096,741.9385,-10.146666666666668,-0.3433333333333333,-0.4566666666666667,10.163113466058107,0.6625,0.0,0.0,0.6625
5768.25,5769.05,47.955799999999996,-81.8044032,738.896,-9.979,-0.29900000000000004,-0.30300000000000005,9.9884953076419,0.4454545454545455,0.0,0.0,0.4454545454545455
5768.25,5769.15,47.95580586666666,-81.8044032,736.0355,-9.738,-0.10800000000000001,-0.16400000000000003,9.740511953303297,0.15,0.0,0.0,0.15
5769.25,5769.25,47.955808,-81.8044032,734.174,-9.547777777777778,0.07555555555555554,-0.14,9.54937728015905,-0.10000000000000002,0.0,-0.1,0.1550093846624295
5769.25,5769.35,47.9558112,-81.8044032,733.357,-9.368181818181817,0.27909090909090906,-0.08727272727272727,9.373586635182754,-0.45454545454545453,0.0,-0.1,0.46627983415459634
5769.25,5769.45,47.955812800000004,-81.8044032,734.174,-9.315555555555555,0.33222222222222225,-0.33999999999999997,9.328561309219275,-0.8777777777777778,0.0,-0.05555555555555555,0.881355958427394
5769.25,5769.55,47.955816,-81.8044032,735.9445,-9.438999999999998,-0.054000000000000006,-0.025,9.439875590871416,-1.25,0.0,0.0,1.25
5769.25,5769.65,47.95581760000001,-81.8044032,736.0805,-9.190999999999999,-0.227,-0.13800000000000004,9.195713727226174,-1.45,0.0,0.0,1.45
5769.25,5769.75,47.9558208,-81.8043968,735.173,-9.178,-0.397,-0.147,9.187948161994623,-1.5,0.0,0.0,1.5
5769.25,5769.85,47.9558272,-81.8043968,732.6769999999999,-10.013000000000002,-0.4959999999999999,-0.2,10.0275124501291,-1.4181818181818182,0.0,0.0,1.4181818181818182
5769.25,5769.95,47.9558304,-81.8043968,727.641,-10.924444444444445,-0.5411111111111111,-0.25,10.940942169500092,-1.4,0.0,0.0,1.4
5769.25,5770.05,47.955832533333336,-81.8043968,720.706,-12.151,-0.657,-0.13,12.169895951739502,-1.3400000000000003,0.0,0.0,1.3400000000000003
5769.25,5770.15,47.95583573333332,-81.8043968,713.685,-11.583000000000002,-0.718,-0.035,11.605568341383421,-1.2399999999999998,0.0,0.0,1.2399999999999998
5770.25,5770.25,47.95584,-81.8043968,709.612,-15.097,-0.6850000000000002,-0.236,15.114851527578613,-1.2555555555555555,-0.07777777777777778,0.0,1.2586134801067894
5770.25,5770.35,47.9558464,-81.8043968,704.6804999999999,-14.166999999999998,-0.545,-0.16200000000000003,14.17901232906994,-1.3000000000000003,-0.05454545454545456,0.1,1.3059291366887145
5770.25,5770.45,47.955848,-81.8043968,701.289,-12.575999999999999,-0.45500000000000007,-0.24700000000000003,12.586850714062523,-1.3,0.0,0.1,1.3038404810405295
5770.25,5770.55,47.95585173333333,-81.8043968,699.8430000000001,-10.704,-0.413,-0.24900000000000003,10.715048383531114,-1.3000000000000003,0.0,0.1,1.3038404810405295
5770.25,5770.65,47.955854933333335,-81.8043968,698.758,-8.585555555555555,-0.34777777777777774,-0.15555555555555556,8.595476928340194,-1.3000000000000003,0.0,0.1,1.3038404810405295
5770.25,5770.75,47.9558592,-81.8043968,698.08,-8.139999999999999,-0.366,-0.081,8.14917557219406,-1.3000000000000003,0.0,0.030000000000000006,1.3011521443121592
5770.25,5770.85,47.9558592,-81.8043968,697.131,-22.574,-8.568,-7.896000000000001,40.85021160726723,-0.09999999999999999,0.22000000000000003,0.41,1.424626388948418
5770.25,5770.95,47.955860799999996,-81.8043968,696.137,-6.489,0.7909999999999998,-0.806,7.806528727960588,-1.2600000000000002,1.0699999999999998,0.05,1.6642791232727465
5770.25,5771.05,47.9558624,-81.8043968,696.2729999999999,-5.157,0.051000000000000024,-1.4410000000000003,6.720553785454959,-1.3,1.2333333333333334,0.35555555555555557,1.830113547726911
5770.25,5771.15,47.95586666666666,-81.8043968,699.12,-4.2811111111111115,2.716666666666667,-4.8133333333333335,7.659084761393722,-1.1,1.19,0.61,1.7354023081749488
5771.25,5771.25,47.955872,-81.8043968,696.408,-5.563000000000001,4.816000000000001,-6.3629999999999995,9.89796800493217,-0.82,0.9800000000000001,0.8,1.512888899554024
5771.25,5771.35,47.955872,-81.8043904,694.059,-2.6863636363636365,5.611818181818182,-6.22,9.011701972258601,0.25999999999999995,0.8099999999999999,0.76,1.2320994720237484
5771.25,5771.45,47.955872,-81.8043904,691.3495,-1.0655555555555556,8.237777777777778,-9.875555555555556,13.072268374441277,0.64,0.85,0.6199999999999999,1.2604782122049245
5771.25,5771.55,47.95587626666667,-81.80438613333334,689.904,4.238,15.259,-19.035000000000004,24.97305592891099,-2.9,0.12,0.24,2.9572038362690765
5771.25,5771.65,47.9558816,-81.804384,692.072,-0.2922222222222222,6.776666666666667,-3.191111111111111,7.800310401570982,-3.8666666666666663,-0.3,0.044444444444444446,3.8788757612670373
5771.25,5771.75,47.9558816,-81.8043904,704.91,-1.541,7.935,2.393,8.746712513488351,-5.42,-0.36,0.010000000000000004,5.43269217275792
5771.25,5771.85,47.9558816,-81.8043904,738.896,-0.19363636363636363,-2.9054545454545457,3.928181818181818,6.164768534853031,-6.56,-0.18000000000000002,-0.18,6.566035946997106
5771.25,5771.95,47.9558816,-81.8043904,713.6065,0.08333333333333333,-13.383333333333333,-4.514444444444444,14.669071473801274,-7.15,0.030000000000000006,-0.09,7.151536800029767
5771.25,5772.05,47.95588586666667,-81.8043904,689.182,-0.37000000000000005,-5.506363636363637,-10.312727272727274,12.17003764717066,-5.430000000000001,-0.01,0.19,5.433576366381135
5771.25,5772.15,47.955888,-81.8043904,685.9780000000001,-0.6844444444444445,2.781111111111111,-11.03,11.590238102189591,-4.900000000000001,-0.022222222222222223,0.17777777777777778,4.90366026046543
5772.25,5772.25,47.9558944,-81.804384,691.53,-0.5666666666666668,7.6755555555555555,-3.2088888888888887,9.101426341638682,-3.85,-0.19,0.02,3.855311179569675
5772.25,5772.35,47.9558944,-81.804384,697.5385,-0.49272727272727274,8.764545454545454,0.5236363636363637,8.90492288691309,-2.9818181818181824,-0.15454545454545457,0.0,2.9863076159223283
5772.25,5772.45,47.9558944,-81.804384,706.175,-0.43000000000000005,7.378888888888889,5.3500000000000005,9.381191029590092,-2.9222222222222225,-0.1,0.0,2.9239376096232093
5772.25,5772.55,47.95589653333334,-81.804384,726.281,-0.38272727272727275,2.397272727272727,9.004545454545458,9.442529701789713,-2.118181818181818,-0.045454545454545456,0.0,2.1190934636953895
5772.25,5772.65,47.9558944,-81.8043904,451.5005,-0.3555555555555555,-0.1322222222222222,10.265555555555556,10.277952423154325,-0.7999999999999999,0.0,0.0,0.7999999999999999
5772.25,5772.75,47.9558944,-81.8043904,454.134,-0.3466666666666667,1.2077777777777776,9.914444444444445,10.028333607868937,0.32,0.0,0.0,0.32
5772.25,5772.85,47.9558944,-81.8043904,452.0265,-0.4,2.97,9.399090909090908,9.87193379256111,0.4090909090909091,0.0,0.0,0.4090909090909091
5772.25,5772.95,47.9558928,-81.8043904,450.447,-0.42400000000000004,3.511,9.204,9.860776521064746,0.15555555555555556,0.0,0.0,0.15555555555555556
5772.25,5773.05,47.9558912,-81.8043904,449.174,-0.387,3.5409999999999995,9.185,9.852275050232613,0.0,0.0,0.0,0.0
5772.25,5773.15,47.9558912,-81.8043904,448.955,-0.3844444444444444,3.3177777777777777,9.29,9.872434922114033,0.0,0.0,0.0,0.0
5773.25,5773.25,47.955888,-81.8043904,449.043,-0.44555555555555554,3.4055555555555554,9.24888888888889,9.86629033770926,0.0,0.0,0.0,0.0
5773.25,5773.35,47.955888,-81.8043904,449.3935,-0.44909090909090915,3.3200000000000003,9.264545454545454,9.851985666748446,0.0,0.0,0.0,0.0
5773.25,5773.45,47.955888,-81.8043904,449.306,-0.426,3.393,9.272,9.882661123982139,0.0,0.0,0.0,0.0
5773.25,5773.55,47.95588373333334,-81.80438613333334,449.0865,-0.39,3.386,9.261,9.868355625624837,0.0,0.0,0.0,0.0
5773.25,5773.65,47.9558784,-81.804384,449.218,-0.42000000000000004,3.3870000000000005,9.262,9.871276635910885,0.0,0.0,0.0,0.0
5773.25,5773.75,47.9558784,-81.804384,449.043,-0.40222222222222226,3.3600000000000003,9.252222222222223,9.851869825434234,0.0,0.0,0.0,0.0
5773.25,5773.85,47.9558768,-81.804384,448.86699999999996,-0.397,3.371,9.264999999999999,9.867382499274772,0.0,0.0,0.0,0.0
5773.25,5773.95,47.9558752,-81.804384,448.955,-0.426,3.375,9.271,9.87579306794197,0.0,0.0,0.0,0.0
5773.25,5774.05,47.9558752,-81.80437973333333,734.6735000000001,-0.4010000000000001,3.375,9.276,9.87929760316536,0.0,0.0,0.0,0.0
5773.25,5774.15,47.955872,-81.8043776,734.719,-0.398,3.3369999999999997,9.284,9.873955227317783,0.0,0.0,0.0,0.0
5774.25,5774.25,47.955872,-81.8043776,734.4010000000001,-0.5022222222222222,3.413333333333333,9.315555555555555,9.944305372642045,0.0,0.0,0.0,0.0
5774.25,5774.35,47.955872,-81.8043776,734.265,-0.583,3.4199999999999995,9.219000000000001,9.860276951977847,0.0,0.0,0.0,0.0
5774.25,5774.45,47.95587413333334,-81.80436906666667,734.265,-0.15899999999999997,3.5840000000000005,9.191999999999998,9.872417935043963,0.0,0.0,0.0,0.0
5774.25,5774.55,47.955872,-81.8043648,734.446,-0.377,3.316,9.3,9.881710920603462,0.0,0.0,0.0,0.0
5774.25,5774.65,47.955872,-81.8043648,734.446,-0.47300000000000003,3.4259999999999997,9.251000000000001,9.876837935692475,0.0,0.0,0.0,0.0
5774.25,5774.75,47.955872,-81.8043648,734.356,-1.0888888888888888,3.3844444444444446,9.163333333333334,9.84454551814199,0.0,0.0,0.0,0.0
5774.25,5774.85,47.955872,-81.8043616,734.81,-0.9309999999999998,3.354,9.194999999999999,9.873658194464426,0.0,0.0,0.0,0.0
5774.25,5774.95,47.955872,-81.8043584,734.5375,0.403,3.34,9.462,10.04972694564515,0.0,0.0,0.0,0.0
5774.25,5775.05,47.955872,-81.8043584,735.082,-0.09909090909090906,3.355454545454545,9.242727272727272,9.865262162152707,-0.13,0.0,0.0,0.13
5774.25,5775.15,47.9558688,-81.804352,735.536,-0.5355555555555556,2.681111111111111,9.422222222222222,9.818177607468805,-0.2,0.0,0.0,0.2
5775.25,5775.25,47.9558688,-81.804352,736.5345,-0.344,1.9799999999999998,9.773000000000001,9.986494937023362,-0.022222222222222227,0.0,0.0,0.06666666666666667
5775.25,5775.35,47.955865599999996,-81.804352,736.444,-0.4577777777777778,2.8055555555555554,9.452222222222222,9.871030822634488,0.08,0.0,0.0,0.08
5775.25,5775.45,47.9558624,-81.804352,735.8085,-0.43200000000000005,2.899,9.436,9.881059746135104,0.0,0.0,0.0,0.0
5775.25,5775.55,47.9558592,-81.804352,735.355,-0.48454545454545456,2.963636363636364,9.429090909090908,9.896407314093906,0.0,0.0,0.0,0.0
5775.25,5775.65,47.9558592,-81.804352,735.4000000000001,-0.44555555555555554,2.928888888888889,9.4,9.856123935939188,0.0,0.0,0.0,0.0
5775.25,5775.75,47.9558592,-81.804352,735.445,-0.48600000000000004,2.9110000000000005,9.399000000000001,9.851879094464481,0.0,0.0,0.0,0.0
5775.25,5775.85,47.95585706666666,-81.804352,735.672,-0.42699999999999994,2.9159999999999995,9.439000000000002,9.888513916436148,0.0,0.0,0.0,0.0
5775.25,5775.95,47.955853866666665,-81.80434773333333,735.5360000000001,-0.40444444444444444,2.958888888888889,9.42111111111111,9.883217133531197,0.0,0.0,0.0,0.0
5775.25,5776.05,47.9558528,-81.8043456,735.718,-0.45545454545454545,2.9172727272727275,9.430909090909092,9.882524961573061,0.0,0.0,0.0,0.0
5775.25,5776.15,47.9558496,-81.8043456,735.672,-0.4444444444444444,2.9077777777777776,9.436666666666667,9.884555753370622,0.0,0.0,0.0,0.0
5776.25,5776.25,47.9558496,-81.8043456,735.718,-0.421,2.9330000000000003,9.437999999999999,9.892308428832576,0.0,0.0,0.0,0.0
5776.25,5776.35,47.955853866666665,-81.8043456,735.2635,-0.45200000000000007,2.949,9.418,9.879514387085091,0.0,0.0,0.0,0.0
5776.25,5776.45,47.955856,-81.8043456,735.445,-0.4377777777777778,2.9366666666666665,9.426666666666668,9.883386223793886,0.0,0.0,0.0,0.0
5776.25,5776.55,47.955856,-81.8043456,735.8534999999999,-0.43818181818181823,2.909090909090909,9.42818181818182,9.876659722952311,0.0,0.0,0.0,0.0
5776.25,5776.65,47.9558592,-81.8043456,735.7629999999999,-0.42600000000000005,2.9170000000000003,9.426999999999998,9.877273826632393,0.0,0.0,0.0,0.0
5776.25,5776.75,47.9558592,-81.8043456,735.627,-0.41666666666666674,2.9233333333333333,9.42111111111111,9.87310430221662,0.0,0.0,0.0,0.0
5776.25,5776.85,47.9558592,-81.8043456,735.8085,-0.45099999999999996,2.8939999999999997,9.434000000000001,9.878316684264927,0.0,0.0,0.0,0.0
5776.25,5776.95,47.9558592,-81.8043456,735.718,-0.4411111111111111,2.918888888888889,9.426666666666668,9.878319473366425,0.0,0.0,0.0,0.0
5776.25,5777.05,47.9558592,-81.8043456,736.353,-0.4563636363636364,2.9399999999999995,9.422727272727274,9.881629214531266,0.0,0.0,0.0,0.0
5776.25,5777.15,47.9558592,-81.8043456,736.535,-0.46399999999999997,2.9240000000000004,9.416,9.870717522052425,0.0,0.0,0.0,0.0
5777.25,5777.25,47.9558592,-81.8043456,735.99,-0.4588888888888889,2.9399999999999995,9.416666666666666,9.875837921562734,0.0,0.0,0.0,0.0
5777.25,5777.35,47.9558592,-81.8043456,736.3530000000001,-0.4427272727272728,2.9200000000000004,9.431818181818182,9.883563995373205,0.0,0.0,0.0,0.0
5777.25,5777.45,47.9558592,-81.8043456,736.08,-0.41888888888888887,2.9266666666666667,9.415555555555553,9.869034857507236,0.0,0.0,0.0,0.0
5777.25,5777.55,47.9558592,-81.8043456,736.3074999999999,-0.441,2.9379999999999997,9.445,9.901469836555298,0.0,0.0,0.0,0.0
5777.25,5777.65,47.9558592,-81.8043456,736.444,-0.47000000000000003,2.932,9.418000000000001,9.875242391476858,0.0,0.0,0.0,0.0
5777.25,5777.75,47.9558592,-81.8043456,736.5345,-0.44,2.9522222222222223,9.422222222222222,9.883879163663696,0.0,0.0,0.0,0.0
5777.25,5777.85,47.9558592,-81.8043456,736.716,-0.4390909090909091,2.92,9.42909090909091,9.880772507498268,0.0,0.0,0.0,0.0
5777.25,5777.95,47.9558592,-81.8043456,736.353,-0.4911111111111111,2.9388888888888887,9.416666666666666,9.876982978751748,0.0,0.0,0.0,0.0
5777.25,5778.05,47.955872,-81.804352,736.4894999999999,-0.454,2.947,9.418000000000001,9.879077796976038,0.0,0.0,0.0,0.0
5777.25,5778.15,47.955872,-81.804352,736.262,-0.43099999999999994,2.9349999999999996,9.441999999999998,9.897198336201345,0.0,0.0,0.0,0.0
5778.25,5778.25,47.955872,-81.804352,736.171,-0.44777777777777783,2.9511111111111115,9.425555555555555,9.887051642337376,0.0,0.0,0.0,0.0
5778.25,5778.35,47.955872,-81.804352,735.99,-0.43363636363636365,2.943636363636364,9.433636363636365,9.891813628262549,0.0,0.0,0.0,0.0
5778.25,5778.45,47.955872,-81.804352,736.171,-0.4222222222222223,2.927777777777778,9.426666666666668,9.879936338260405,0.0,0.0,0.0,0.0
5778.25,5778.55,47.955872,-81.804352,736.262,-0.45599999999999996,2.935,9.422,9.879492428418825,0.0,0.0,0.0,0.0
5778.25,5778.65,47.955872,-81.804352,736.08,-0.44000000000000006,2.9449999999999994,9.422999999999998,9.882508072472856,0.0,0.0,0.0,0.0
5778.25,5778.75,47.955872,-81.804352,736.2165,-0.4580000000000001,2.9400000000000004,9.428,9.886552516263082,0.0,0.0,0.0,0.0
5778.25,5778.85,47.955872,-81.804352,736.171,-0.4450000000000001,2.9410000000000003,9.423,9.88150296039149,0.0,0.0,0.0,0.0
5778.25,5778.95,47.955872,-81.804352,736.0805,-0.449,2.9210000000000003,9.43,9.882379275013346,0.0,0.0,0.0,0.0
5778.25,5779.05,47.955872,-81.804352,736.08,-0.42999999999999994,2.936666666666667,9.418888888888889,9.875633119107045,0.0,0.0,0.0,0.0
5778.25,5779.15,47.955872,-81.804352,736.035,-0.434,2.948,9.411,9.871744003048253,0.0,0.0,0.0,0.0
5779.25,5779.25,47.955872,-81.804352,736.535,-0.465,2.936,9.421000000000001,9.879146290108253,0.0,0.0,0.0,0.0
5779.25,5779.35,47.955872,-81.804352,735.8534999999999,-0.453,2.9539999999999997,9.45,9.91162982608956,0.0,0.0,0.0,0.0
5779.25,5779.45,47.955872,-81.804352,735.9895,-0.43,2.931,9.452000000000002,9.905418756608771,0.0,0.0,0.0,0.0
5779.25,5779.55,47.955872,-81.804352,735.718,-0.44799999999999995,2.946,9.421999999999999,9.882183863240206,0.0,0.0,0.0,0.0
5779.25,5779.65,47.955872,-81.804352,735.7629999999999,-0.4277777777777778,2.9355555555555553,9.426666666666666,9.882520747137754,0.0,0.0,0.0,0.0
5779.25,5779.75,47.955872,-81.804352,735.627,-0.414,2.95,9.436,9.895154059374283,0.0,0.0,0.0,0.0
5779.25,5779.85,47.955872,-81.804352,735.7175,-0.425,2.925,9.428999999999998,9.881626258588387,0.0,0.0,0.0,0.0
5779.25,5779.95,47.955872,-81.804352,735.627,-0.4600000000000001,2.938999999999999,9.425,9.883594101425825,0.0,0.0,0.0,0.0
5779.25,5780.05,47.955872,-81.804352,735.672,-0.45,2.9399999999999995,9.442,9.899483984338227,0.0,0.0,0.0,0.0
5779.25,5780.15,47.955872,-81.804352,735.7175,-0.42666666666666664,2.933333333333333,9.452222222222224,9.90646496286683,0.0,0.0,0.0,0.0
5780.25,5780.25,47.955872,-81.804352,734.991,-0.43899999999999995,2.932,9.443000000000001,9.89755426110393,0.0,0.0,0.0,0.0
5780.25,5780.35,47.955872,-81.804352,735.309,-0.4554545454545455,2.927272727272727,9.410909090909092,9.866303896187306,0.0,0.0,0.0,0.0
5780.25,5780.45,47.955872,-81.804352,735.264,-0.45444444444444443,2.9522222222222223,9.432222222222222,9.894130769530362,0.0,0.0,0.0,0.0
5780.25,5780.55,47.955872,-81.804352,735.264,-0.46,2.925454545454546,9.434545454545454,9.888612775311415,0.0,0.0,0.0,0.0
5780.25,5780.65,47.955872,-81.804352,735.264,-0.45499999999999996,2.9425,9.415,9.874773508631016,0.0,0.0,0.0,0.0
5780.25,5780.75,47.955872,-81.804352,735.536,-0.442,2.9370000000000003,9.433,9.889870500044381,0.0,0.0,0.0,0.0
5780.25,5780.85,47.955872,-81.804352,735.0825,-0.4309090909090909,2.9490909090909097,9.42909090909091,9.889161033746733,0.0,0.0,0.0,0.0
5780.25,5780.95,47.955872,-81.804352,735.082,-0.42000000000000004,2.9444444444444446,9.422222222222224,9.880825419818386,0.0,0.0,0.0,0.0
5780.25,5781.05,47.955872,-81.804352,734.8095000000001,-0.46909090909090917,2.928181818181818,9.437272727272727,9.892426950526323,0.0,0.0,0.0,0.0
5780.25,5781.15,47.955872,-81.804352,734.991,-0.4655555555555556,2.931111111111111,9.43,9.886102878138521,0.0,0.0,0.0,0.0
5781.25,5781.25,47.955872,-81.804352,735.037,-0.4366666666666667,2.931111111111111,9.424444444444443,9.879684965632995,0.0,0.0,0.0,0.0
5781.25,5781.35,47.955872,-81.804352,734.991,-0.4636363636363636,2.9390909090909094,9.437272727272727,9.895392112220295,0.0,0.0,0.0,0.0
5781.25,5781.45,47.955872,-81.804352,735.355,-0.4288888888888889,2.96,9.424444444444443,9.887762081216845,0.0,0.0,0.0,0.0
5781.25,5781.55,47.955872,-81.804352,735.2639999999999,-0.45454545454545453,2.936363636363637,9.433636363636365,9.890717432936524,0.0,0.0,0.0,0.0
5781.25,5781.65,47.955872,-81.804352,735.355,-0.4444444444444444,2.9400000000000004,9.443333333333335,9.90047247870252,0.0,0.0,0.0,0.0
5781.25,5781.75,47.955872,-81.804352,735.173,-0.47111111111111115,2.923333333333334,9.443333333333335,9.897058522345123,0.0,0.0,0.0,0.0
5781.25,5781.85,47.955872,-81.804352,735.173,-0.41545454545454547,2.9490909090909097,9.451818181818181,9.91021687142218,0.0,0.0,0.0,0.0
5781.25,5781.95,47.955872,-81.804352,734.9005,-0.441,2.9299999999999997,9.440000000000001,9.894443933301508,0.0,0.0,0.0,0.0
5781.25,5782.05,47.955872,-81.804352,735.082,-0.42800000000000005,2.95,9.433000000000002,9.893048333651091,0.0,0.0,0.0,0.0
5781.25,5782.15,47.955872,-81.804352,734.991,-0.43899999999999995,2.9390000000000005,9.448000000000002,9.9044007365641,0.0,0.0,0.0,0.0
5782.25,5782.25,47.955872,-81.804352,734.991,-0.43375,2.9375,9.4275,9.884252153805582,0.0,0.0,0.0,0.0
5782.25,5782.35,47.955872,-81.804352,735.355,-0.45454545454545453,2.9481818181818182,9.44,9.900493042539807,0.0,0.0,0.0,0.0
5782.25,5782.45,47.955872,-81.804352,735.264,-0.43899999999999995,2.935,9.435,9.890848088295375,0.0,0.0,0.0,0.0
5782.25,5782.55,47.955872,-81.804352,735.173,-0.45,2.925,9.437000000000001,9.890281918421095,0.0,0.0,0.0,0.0
5782.25,5782.65,47.955872,-81.804352,735.3095000000001,-0.43200000000000005,2.9370000000000003,9.449000000000002,9.904582606268791,0.0,0.0,0.0,0.0
5782.25,5782.75,47.955872,-81.804352,735.445,-0.4177777777777778,2.931111111111111,9.42888888888889,9.882895555445428,0.0,0.0,0.0,0.0
5782.25,5782.85,47.955872,-81.804352,735.264,-0.45100000000000007,2.9250000000000003,9.442,9.895410173440306,0.0,0.0,0.0,0.0
5782.25,5782.95,47.955872,-81.804352,735.355,-0.44700000000000006,2.941,9.409,9.868360730276915,0.0,0.0,0.0,0.0
5782.25,5783.05,47.955872,-81.804352,735.264,-0.446,2.9319999999999995,9.434999999999999,9.890494745814122,0.0,0.0,0.0,0.0
5782.25,5783.15,47.955872,-81.804352,735.4905,-0.44799999999999995,2.9259999999999997,9.434,9.887622195987998,0.0,0.0,0.0,0.0
5783.25,5783.25,47.955872,-81.804352,735.627,-0.43555555555555553,2.914444444444444,9.44,9.889400647176016,0.0,0.0,0.0,0.0
5783.25,5783.35,47.955872,-81.804352,735.6724999999999,-0.5150000000000001,2.92,9.438,9.893257242665946,0.0,0.0,0.0,0.0
5783.25,5783.45,47.955872,-81.804352,735.627,-0.425,2.9299999999999997,9.443999999999999,9.897400901031075,0.0,0.0,0.0,0.0
5783.25,5783.55,47.955872,-81.804352,735.627,-0.44299999999999995,2.914,9.445,9.894350444736787,0.0,0.0,0.0,0.0
5783.25,5783.65,47.955872,-81.804352,735.5815,-0.4630000000000001,2.911,9.437000000000001,9.88705461157135,0.0,0.0,0.0,0.0
5783.25,5783.75,47.955872,-81.804352,735.718,-0.45,2.918,9.447,9.89784430035035,0.0,0.0,0.0,0.0
5783.25,5783.85,47.955872,-81.804352,735.899,-0.43444444444444447,2.9,9.449999999999998,9.89470336085181,0.0,0.0,0.0,0.0
5783.25,5783.95,47.955872,-81.804352,736.08,-0.433,2.925,9.438,9.890396623283936,0.0,0.0,0.0,0.0
5783.25,5784.05,47.955872,-81.804352,735.899,-0.4154545454545454,2.9136363636363636,9.451818181818181,9.8995594519917,0.0,0.0,0.0,0.0
5783.25,5784.15,47.955872,-81.804352,736.08,-0.4577777777777778,2.9144444444444444,9.450000000000001,9.900019569646645,0.0,0.0,0.0,0.0
5784.25,5784.25,47.955872,-81.804352,736.171,-0.44000000000000006,2.931,9.447,9.901226809214625,0.0,0.0,0.0,0.0
5784.25,5784.35,47.955872,-81.804352,736.444,-0.4222222222222223,2.9322222222222223,9.455555555555556,9.909023047921227,0.0,0.0,0.0,0.0
5784.25,5784.45,47.955872,-81.804352,736.626,-0.43600000000000005,2.923,9.431999999999999,9.88446238179565,0.0,0.0,0.0,0.0
5784.25,5784.55,47.955872,-81.804352,736.7165,-0.41818181818181815,2.936363636363636,9.431818181818183,9.887391478175529,0.0,0.0,0.0,0.0
5784.25,5784.65,47.955872,-81.804352,737.08,-0.4233333333333333,2.9511111111111115,9.43,9.890246784534112,0.0,0.0,0.0,0.0
5784.25,5784.75,47.955872,-81.804352,737.125,-0.425,2.9159999999999995,9.449000000000002,9.897894464861619,0.0,0.0,0.0,0.0
5784.25,5784.85,47.955872,-81.804352,737.171,-0.44700000000000006,2.929,9.428999999999998,9.883910503854509,0.0,0.0,0.0,0.0
5784.25,5784.95,47.955872,-81.804352,737.534,-0.4766666666666667,2.9466666666666668,9.431111111111111,9.89259920691049,0.0,0.0,0.0,0.0
5784.25,5785.05,47.955872,-81.804352,737.352,-0.49545454545454537,2.9290909090909096,9.41818181818182,9.875875021680667,0.0,0.0,0.0,0.0
5784.25,5785.15,47.955872,-81.804352,737.534,-0.44,2.9344444444444444,9.431111111111111,9.887395127429036,0.0,0.0,0.0,0.0
5785.25,5785.25,47.955872,-81.804352,737.6245,-0.414,2.931,9.438,9.891627209458438,0.0,0.0,0.0,0.0
5785.25,5785.35,47.955872,-81.804352,737.715,-0.43200000000000005,2.9450000000000003,9.435,9.893598480589478,0.0,0.0,0.0,0.0
5785.25,5785.45,47.955872,-81.804352,738.26,-0.42625,2.9387499999999998,9.42875,9.885474957974708,0.0,0.0,0.0,0.0
5785.25,5785.55,0.0,0.0,0.0,-0.36,2.99,9.44,9.908748659644164,0.0,0.0,0.0,0.0
5785.25,5785.65,0.0,0.0,0.0,0.0,0.0,0.0,0.0,0.0,0.0,0.0,0.0
5785.25,5785.75,0.0,0.0,0.0,0.0,0.0,0.0,0.0,0.0,0.0,0.0,0.0
5785.25,5785.85,0.0,0.0,0.0,0.0,0.0,0.0,0.0,0.0,0.0,0.0,0.0
5785.25,5785.95,0.0,0.0,0.0,0.0,0.0,0.0,0.0,0.0,0.0,0.0,0.0
5785.25,5786.05,0.0,0.0,0.0,0.0,0.0,0.0,0.0,0.0,0.0,0.0,0.0
5785.25,5786.15,0.0,0.0,0.0,0.0,0.0,0.0,0.0,0.0,0.0,0.0,0.0
