mission_time,metres
5264.25,559.718
5264.31,365.0
5264.32,560.073
5264.39,559.895
5264.41,365.0
5264.46,559.806
5264.51,365.0
5264.53,559.895
5264.6,559.451
5264.61,365.0
5264.67,559.806
5264.71,365.0
5264.74,559.718
5264.81,365.0
5264.81,559.718
5264.88,559.629
5264.91,365.0
5264.95,559.718
5265.01,365.0
5265.02,559.54
5265.09,559.984
5265.11,365.0
5265.16,559.895
5265.21,365.0
5265.23,559.806
5265.3,560.34
5265.31,365.0
5265.37,559.806
5265.41,365.0
5265.439,559.895
5265.51,365.0
5265.51,559.984
5265.58,560.162
5265.61,365.0
5265.65,559.806
5265.71,365.0
5265.72,559.984
5265.79,560.34
5265.81,365.0
5265.86,560.251
5265.91,365.0
5265.93,560.518
5266.0,559.895
5266.01,365.0
5266.07,559.895
5266.11,365.0
5266.14,559.984
5266.21,559.984
5266.21,365.0
5266.28,559.984
5266.31,365.0
5266.35,560.251
5266.41,365.0
5266.42,560.607
5266.49,560.607
5266.51,365.0
5266.56,560.162
5266.61,365.0
5266.63,559.895
5266.7,560.162
5266.71,365.0
5266.77,560.34
5266.81,365.0
5266.84,560.162
5266.91,365.0
5266.91,559.718
5266.98,560.251
5267.01,365.0
5267.05,559.806
5267.11,365.0
5267.12,559.984
5267.19,559.895
5267.21,365.0
5267.26,559.451
5267.31,365.0
5267.33,559.718
5267.4,560.073
5267.41,365.0
5267.47,560.162
5267.51,365.0
5267.54,560.073
5267.61,365.0
5267.61,560.162
5267.68,559.629
5267.71,365.0
5267.75,559.895
5267.81,365.0
5267.82,559.984
5267.89,560.34
5267.91,365.0
5267.96,559.895
5268.01,365.0
5268.03,560.34
5268.1,560.162
5268.11,365.0
5268.17,559.984
5268.21,365.0
5268.24,559.895
5268.31,559.895
5268.31,365.0
5268.38,559.806
5268.41,365.0
5268.45,559.895
5268.51,365.0
5268.52,559.806
5268.59,559.806
5268.61,365.0
5268.66,560.162
5268.71,365.0
5268.73,559.895
5268.8,559.984
5268.81,365.0
5268.87,559.806
5268.91,365.0
5268.94,559.54
5269.01,559.806
5269.01,365.0
5269.08,560.518
5269.11,365.0
5269.15,560.34
5269.21,365.0
5269.22,560.607
5269.29,560.607
5269.31,365.0
5269.36,560.073
5269.41,365.0
5269.43,560.251
5269.5,560.429
5269.51,365.0
5269.57,560.34
5269.61,365.0
5269.64,560.251
5269.7,365.0
5269.71,560.162
5269.78,559.984
5269.81,365.0
5269.85,560.34
5269.91,365.0
5269.919,559.984
5269.99,560.34
5270.01,365.0
5270.06,559.806
5270.11,365.0
5270.13,560.162
5270.2,559.895
5270.21,365.0
5270.27,559.806
5270.31,365.0
5270.34,559.629
5270.41,559.984
5270.41,365.0
5270.48,559.718
5270.51,365.0
5270.55,559.806
5270.6,365.0
5270.62,559.895
5270.69,559.451
5270.71,365.0
5270.76,559.984
5270.81,365.0
5270.83,559.629
5270.9,560.073
5270.91,365.0
5270.97,560.162
5271.01,365.0
5271.04,559.984
5271.11,560.073
5271.11,365.0
5271.18,559.984
5271.21,365.0
5271.25,559.895
5271.31,365.0
5271.32,560.429
5271.39,560.785
5271.41,365.0
5271.46,559.984
5271.51,365.0
5271.53,559.895
5271.6,560.162
5271.61,365.0
5271.67,560.696
5271.71,365.0
5271.74,560.607
5271.81,365.0
5271.81,560.34
5271.88,560.607
5271.91,365.0
5271.95,561.051
5272.01,365.0
5272.02,560.696
5272.09,560.34
5272.11,365.0
5272.16,561.229
5272.21,365.0
5272.23,560.785
5272.3,560.696
5272.31,365.0
5272.37,560.607
5272.41,365.0
5272.44,560.785
5272.51,365.0
5272.51,560.962
5272.58,560.785
5272.61,365.0
5272.65,560.518
5272.71,365.0
5272.72,560.073
5272.79,560.429
5272.81,365.0
5272.86,560.607
5272.91,365.0
5272.93,560.251
5273.0,560.162
5273.01,365.0
5273.07,560.696
5273.11,365.0
5273.14,560.607
5273.21,560.696
5273.21,365.0
5273.28,560.607
5273.31,365.0
5273.35,560.518
5273.41,365.0
5273.42,560.518
5273.49,560.518
5273.51,365.0
5273.56,560.518
5273.61,365.0
5273.63,560.429
5273.7,560.34
5273.71,365.0
5273.77,559.984
5273.81,365.0
5273.84,559.984
5273.91,365.0
5273.91,560.785
5273.98,560.429
5274.01,365.0
5274.05,560.607
5274.11,365.0
5274.12,560.607
5274.19,560.251
5274.21,365.0
5274.26,560.696
5274.31,365.0
5274.33,560.251
5274.399,560.607
5274.41,365.0
5274.47,560.429
5274.51,365.0
5274.54,560.607
5274.61,365.0
5274.61,560.607
5274.68,560.162
5274.7,365.0
5274.75,560.429
5274.81,365.0
5274.82,560.429
5274.89,560.429
5274.91,365.0
5274.96,559.629
5275.01,365.0
5275.03,559.984
5275.1,560.429
5275.11,365.0
5275.17,560.162
5275.21,365.0
5275.24,560.429
5275.31,560.251
5275.31,365.0
5275.38,559.718
5275.41,365.0
5275.45,560.429
5275.51,365.0
5275.52,560.429
5275.59,560.34
5275.61,365.0
5275.66,560.162
5275.71,365.0
5275.73,560.162
5275.8,560.251
5275.81,365.0
5275.87,560.251
5275.91,365.0
5275.94,559.806
5276.01,559.895
5276.01,365.0
5276.08,560.518
5276.11,365.0
5276.15,559.984
5276.21,365.0
5276.22,559.984
5276.29,559.895
5276.31,365.0
5276.36,559.806
5276.41,365.0
5276.43,560.518
5276.5,560.073
5276.51,365.0
5276.57,560.073
5276.61,365.0
5276.64,560.073
5276.71,365.0
5276.71,559.984
5276.78,560.073
5276.81,365.0
5276.85,559.984
5276.91,365.0
5276.92,560.073
5276.99,560.162
5277.01,365.0
5277.06,559.895
5277.11,365.0
5277.13,560.429
5277.2,560.073
5277.21,365.0
5277.27,559.718
5277.31,365.0
5277.34,559.895
5277.41,560.073
5277.41,365.0
5277.48,560.162
5277.51,365.0
5277.55,559.984
5277.61,365.0
5277.62,559.806
5277.69,560.073
5277.71,365.0
5277.76,559.984
5277.81,365.0
5277.83,560.251
5277.9,560.073
5277.91,365.0
5277.97,559.984
5278.01,365.0
5278.04,559.718
5278.11,559.806
5278.11,365.0
5278.18,559.895
5278.21,365.0
5278.25,560.251
5278.31,365.0
5278.32,559.984
5278.39,559.984
5278.41,365.0
5278.46,560.429
5278.51,365.0
5278.53,560.34
5278.6,560.34
5278.61,365.0
5278.67,559.629
5278.71,365.0
5278.74,559.984
5278.81,365.0
5278.81,559.806
5278.879,560.073
5278.91,365.0
5278.95,560.251
5279.01,365.0
5279.02,559.806
5279.09,559.984
5279.11,365.0
5279.16,560.251
5279.21,365.0
5279.23,559.984
5279.3,560.607
5279.31,365.0
5279.37,559.984
5279.41,365.0
5279.44,560.518
5279.51,560.251
5279.51,365.0
5279.58,560.073
5279.61,365.0
5279.65,560.429
5279.71,365.0
5279.72,560.607
5279.79,559.984
5279.81,365.0
5279.86,560.162
5279.91,365.0
5279.93,560.251
5280.0,560.518
5280.01,365.0
5280.07,559.984
5280.11,365.0
5280.14,560.34
5280.21,560.34
5280.21,365.0
5280.28,560.251
5280.31,365.0
5280.35,560.962
5280.41,365.0
5280.42,560.785
5280.49,559.895
5280.51,365.0
5280.56,560.785
5280.6,365.0
5280.63,560.518
5280.7,560.073
5280.71,365.0
5280.77,559.984
5280.81,365.0
5280.84,560.607
5280.91,365.0
5280.91,560.073
5280.98,560.251
5281.01,365.0
5281.05,560.251
5281.11,365.0
5281.12,559.984
5281.19,560.251
5281.21,365.0
5281.26,559.895
5281.31,365.0
5281.33,560.251
5281.4,559.895
5281.41,365.0
5281.47,560.073
5281.51,365.0
5281.54,560.429
5281.61,365.0
5281.61,560.073
5281.68,559.984
5281.71,365.0
5281.75,559.895
5281.81,365.0
5281.82,560.251
5281.89,561.051
5281.91,365.0
5281.96,560.785
5282.01,365.0
5282.03,560.873
5282.1,560.518
5282.11,365.0
5282.17,560.785
5282.21,365.0
5282.24,560.518
5282.31,560.429
5282.31,365.0
5282.38,560.429
5282.41,365.0
5282.45,560.34
5282.51,365.0
5282.52,560.251
5282.59,560.34
5282.61,365.0
5282.66,560.518
5282.71,365.0
5282.73,560.785
5282.8,560.962
5282.81,365.0
5282.87,560.34
5282.9,365.0
5282.94,560.429
5283.01,560.785
5283.01,365.0
5283.08,560.429
5283.11,365.0
5283.15,560.785
5283.21,365.0
5283.22,560.429
5283.29,560.785
5283.31,365.0
5283.359,560.429
5283.41,365.0
5283.43,560.162
5283.5,560.34
5283.51,365.0
5283.57,559.806
5283.61,365.0
5283.64,559.362
5283.71,560.162
5283.71,365.0
5283.78,560.873
5283.81,365.0
5283.85,563.275
5283.91,365.0
5283.92,566.566
5283.99,570.394
5284.01,365.0
5284.06,575.202
5284.12,365.0
5284.13,580.281
5284.2,586.611
5284.21,365.0
5284.27,593.482
5284.31,365.0
5284.34,601.163
5284.41,609.119
5284.42,365.0
5284.48,618.962
5284.51,372.3
5284.55,628.996
5284.61,372.2
5284.62,639.132
5284.69,649.64
5284.7,372.1
5284.76,660.07
5284.8,372.2
5284.83,673.036
5284.9,689.363
5284.9,372.2
5284.97,705.992
5285.01,372.2
5285.04,719.483
5285.11,372.3
5285.11,736.989
5285.18,756.442
5285.21,372.3
5285.25,776.488
5285.3,372.4
5285.32,791.097
5285.39,816.082
5285.4,372.4
5285.46,838.384
5285.5,372.5
5285.53,853.284
5285.6,881.04
5285.6,372.5
5285.67,902.496
5285.7,372.5
5285.74,927.629
5285.8,372.5
5285.81,956.004
5285.88,986.532
5285.9,372.5
5285.95,1019.612
5286.01,372.5
5286.02,1056.783
5286.09,1091.56
5286.1,372.5
5286.16,1065.18
5286.2,372.5
5286.23,1042.553
5286.3,1034.837
5286.31,372.4
5286.37,1035.683
5286.4,372.4
5286.44,1041.8
5286.5,372.4
5286.51,1054.991
5286.58,1066.313
5286.6,372.4
5286.65,1062.16
5286.7,372.4
5286.72,1041.707
5286.79,1009.665
5286.79,372.6
5286.86,979.613
5286.89,372.6
5286.93,959.08
5287.0,952.929
5287.0,385.0
5287.07,962.529
5287.1,386.7
5287.14,975.502
5287.199,390.9
5287.21,989.338
5287.28,1005.539
5287.3,392.7
5287.35,1024.12
5287.4,394.2
5287.42,1050.372
5287.49,1072.642
5287.49,394.9
5287.56,1095.255
5287.59,395.3
5287.63,1116.124
5287.7,395.8
5287.7,1138.663
5287.77,1163.459
5287.79,397.6
5287.839,1188.138
5287.89,398.5
5287.91,1215.386
5287.98,1244.652
5288.0,399.0
5288.05,1273.149
5288.1,399.7
5288.12,1300.48
5288.19,1331.407
5288.2,400.6
5288.26,1364.599
5288.3,401.9
5288.33,1396.352
5288.4,1442.133
5288.4,402.5
5288.47,1491.341
5288.49,403.5
5288.54,1542.436
5288.59,403.9
5288.61,1588.216
5288.68,1635.255
5288.69,404.4
5288.75,1692.316
5288.8,405.0
5288.82,1739.84
5288.89,1794.218
5288.89,406.8
5288.96,1853.302
5289.0,407.8
5289.03,1917.919
5289.1,1969.363
5289.1,408.3
5289.17,2007.914
5289.2,408.7
5289.24,2043.251
5289.3,409.1
5289.31,2089.921
5289.38,2135.673
5289.4,410.6
5289.45,2180.488
5289.5,410.9
5289.52,2230.637
5289.59,2291.234
5289.6,412.0
5289.66,2348.751
5289.7,412.3
5289.73,2390.076
5289.8,414.1
5289.8,2420.399
5289.87,2462.078
5289.89,414.8
5289.94,2505.755
5290.0,415.1
5290.01,2550.561
5290.08,2597.983
5290.1,416.2
5290.15,2658.894
5290.2,416.7
5290.22,2717.95
5290.29,2753.975
5290.3,417.0
5290.36,2779.389
5290.399,417.4
5290.43,2818.584
5290.5,2859.364
5290.5,418.3
5290.57,2903.863
5290.6,418.6
5290.64,2957.81
5290.69,420.3
5290.71,3019.125
5290.78,3053.953
5290.8,420.6
5290.85,3076.213
5290.89,420.9
5290.92,3112.723
5290.99,3149.996
5291.0,421.0
5291.06,3194.481
5291.1,421.0
5291.13,3260.364
5291.2,3303.958
5291.2,421.0
5291.27,3317.759
5291.3,421.0
5291.34,3351.617
5291.4,421.0
5291.41,3386.979
5291.48,3436.987
5291.5,421.3
5291.55,3504.549
5291.6,421.4
5291.62,3522.093
5291.69,3542.206
5291.69,421.5
5291.76,3575.58
5291.8,421.5
5291.83,3617.645
5291.9,421.6
5291.9,3684.358
5291.97,3709.383
5292.0,421.7
5292.04,3724.381
5292.1,421.8
5292.11,3757.187
5292.18,3798.342
5292.2,422.4
5292.25,3865.322
5292.3,422.6
5292.319,3884.425
5292.39,3902.118
5292.4,423.0
5292.46,3932.705
5292.49,424.5
5292.53,3979.529
5292.6,424.5
5292.6,4039.232
5292.67,4046.49
5292.7,425.8
5292.74,4071.94
5292.79,425.8
5292.81,4103.693
5292.88,4162.922
5292.9,425.9
5292.95,4195.294
5293.0,425.9
5293.02,4207.071
5293.09,4234.937
5293.1,425.9
5293.16,4277.945
5293.2,427.0
5293.23,4335.494
5293.3,4342.871
5293.3,427.1
5293.37,4369.234
5293.4,427.1
5293.44,4400.867
5293.5,427.1
5293.51,4458.84
5293.58,4482.452
5293.599,427.1
5293.65,4499.177
5293.7,427.2
5293.72,4526.46
5293.79,4571.415
5293.8,427.2
5293.86,4619.777
5293.9,428.3
5293.93,4628.128
5294.0,4653.954
5294.0,428.3
5294.07,4686.385
5294.1,428.4
5294.14,4747.239
5294.2,428.4
5294.21,4770.209
5294.28,4784.139
5294.3,428.4
5294.35,4810.302
5294.4,428.4
5294.42,4853.841
5294.49,4911.151
5294.5,428.5
5294.56,4918.603
5294.59,428.6
5294.63,4942.794
5294.7,428.6
5294.7,4972.755
5294.77,5028.918
5294.8,428.6
5294.84,5071.933
5294.9,428.7
5294.91,5083.937
5294.98,5116.542
5295.0,428.7
5295.05,5156.94
5295.1,428.7
5295.12,5228.412
5295.19,5278.216
5295.2,428.7
5295.26,5306.272
5295.3,428.7
5295.33,5356.539
5295.4,5414.853
5295.4,428.7
5295.47,5487.918
5295.5,428.7
5295.54,5496.218
5295.59,428.7
5295.61,5491.269
5295.68,5516.522
5295.7,428.7
5295.75,5528.697
5295.8,428.7
5295.82,5568.867
5295.89,5615.545
5295.9,428.7
5295.96,5606.48
5296.0,428.7
5296.03,5619.595
5296.1,5637.926
5296.1,428.7
5296.17,5673.891
5296.2,428.7
5296.24,5733.3
5296.3,428.7
5296.31,5728.21
5296.38,5730.016
5296.4,428.7
5296.45,5750.399
5296.52,5791.643
5296.59,5866.061
5296.66,5853.223
5296.73,5874.574
5296.799,5903.35
5296.87,5972.174
5296.94,5954.282
5297.01,5940.805
5297.08,5951.754
5297.15,5978.766
5297.22,6050.597
5297.29,6044.801
5297.36,6023.185
5297.4,0.0
5297.43,6037.646
5297.5,723.0
5297.5,6063.909
5297.57,6141.643
5297.6,723.0
5297.64,6139.058
5297.7,723.0
5297.71,6109.468
5297.78,6124.25
5297.8,723.0
5297.85,6144.747
5297.9,723.0
5297.92,6215.926
5297.99,6244.323
5298.0,723.0
5298.06,6206.018
5298.1,723.0
5298.13,6215.056
5298.2,6229.85
5298.2,736.1
5298.27,6274.566
5298.3,723.0
5298.34,6338.732
5298.4,723.0
5298.41,6320.047
5298.48,6302.458
5298.55,6315.294
5298.62,6336.438
5298.69,6403.746
5298.76,6440.639
5298.83,6405.17
5298.9,6403.925
5298.97,6417.094
5299.04,6441.89
5299.1,0.0
5299.11,6515.093
5299.18,6544.335
5299.25,6506.267
5299.32,6505.007
5299.39,6519.96
5299.46,6541.623
5299.53,6614.608
5299.59,0.0
5299.6,6651.521
5299.67,6613.696
5299.74,6604.038
5299.81,6616.614
5299.88,6635.42
5299.95,6695.957
5300.02,6754.893
5300.09,6733.415
5300.16,6699.825
5300.23,6715.127
5300.3,6728.238
5300.37,6761.2
5300.44,6840.987
5300.51,6860.113
5300.58,6814.804
5300.65,6808.458
5300.72,6821.156
5300.79,6838.177
5300.86,6890.391
5300.93,6963.241
5301.0,6958.302
5301.07,6909.442
5301.14,6914.353
5301.21,6926.075
5301.279,6943.879
5301.35,7004.771
5301.42,7068.608
5301.49,7056.302
5301.56,7010.885
5301.63,7016.621
5301.7,7029.444
5301.77,7046.699
5301.84,7099.646
5301.91,7167.128
5301.98,7161.289
5302.05,7113.951
5302.12,7114.724
5302.19,7126.148
5302.26,7142.244
5302.33,7190.914
5302.4,7256.575
5302.47,7251.853
5302.54,7204.787
5302.61,7206.156
5302.68,7214.376
5302.75,7228.288
5302.82,7287.524
5302.89,7345.589
5302.96,7323.742
5303.03,7280.417
5303.1,7291.474
5303.17,7300.371
5303.24,7319.975
5303.31,7397.65
5303.38,7435.15
5303.45,7386.853
5303.52,7371.081
5303.59,7382.058
5303.66,7396.45
5303.73,7457.69
5303.8,7518.566
5303.87,7481.907
5303.94,7451.848
5304.01,7461.923
5304.08,7472.414
5304.15,7524.252
5304.22,7595.234
5304.29,7566.198
5304.36,7523.44
5304.43,7535.227
5304.5,7542.756
5304.57,7578.046
5304.64,7659.385
5304.71,7655.052
5304.78,7603.022
5304.85,7609.585
5304.92,7615.742
5304.99,7634.448
5305.06,7714.467
5305.13,7750.485
5305.2,7696.205
5305.27,7679.016
5305.34,7688.538
5305.41,7698.9
5305.48,7743.186
5305.55,7816.885
5305.62,7804.906
5305.69,7751.945
5305.759,7757.79
5305.83,7764.058
5305.9,7778.071
5305.97,7843.845
5306.04,7898.238
5306.11,7867.295
5306.18,7822.986
5306.25,7833.093
5306.32,7838.994
5306.39,7855.456
5306.46,7928.656
5306.53,7977.169
5306.6,7939.744
5306.67,7896.54
5306.74,7905.885
5306.81,7911.625
5306.88,7925.46
5306.95,7988.965
5307.02,8045.817
5307.09,8023.375
5307.16,7972.883
5307.23,7977.169
5307.3,7981.241
5307.37,7989.394
5307.44,8029.627
5307.51,8103.709
5307.58,8114.594
5307.65,8065.071
5307.72,8042.793
5307.79,8052.302
5307.86,8055.547
5307.93,8069.186
5308.0,8126.148
5308.07,8183.279
5308.14,8174.059
5308.21,8125.276
5308.28,8117.209
5308.35,8122.658
5308.42,8125.712
5308.49,8140.995
5308.56,8199.547
5308.63,8256.735
5308.7,8250.091
5308.77,8199.767
5308.84,8184.816
5308.91,8191.189
5308.98,8194.707
5309.05,8203.729
5309.12,8245.885
5309.19,8312.752
5309.26,8327.932
5309.33,8290.478
5309.4,8253.412
5309.47,8258.286
5309.54,8261.61
5309.61,8264.714
5309.68,8280.03
5309.75,8335.532
5309.82,8387.801
5309.89,8388.926
5309.96,8348.961
5310.03,8320.115
5310.1,8326.592
5310.17,8329.272
5310.239,8331.507
5310.31,8346.273
5310.38,8398.158
5310.45,8453.992
5310.52,8463.978
5310.59,8427.95
5310.66,8390.051
5310.73,8391.852
5310.8,8394.555
5310.87,8393.879
5310.94,8401.087
5311.01,8430.438
5311.08,8494.915
5311.15,8535.58
5311.22,8526.425
5311.29,8483.3
5311.36,8451.951
5311.43,8456.261
5311.5,8457.396
5311.57,8456.715
5311.64,8464.658
5311.71,8489.903
5311.78,8554.149
5311.85,8598.562
5311.92,8597.87
5311.99,8559.659
5312.06,8520.25
5312.13,8516.822
5312.2,8519.337
5312.27,8517.736
5312.34,8520.25
5312.41,8532.146
5312.48,8573.681
5312.55,8631.852
5312.62,8662.947
5312.69,8651.331
5312.76,8610.799
5312.83,8576.901
5312.9,8575.062
5312.97,8576.901
5313.04,8574.141
5313.11,8574.831
5313.18,8582.657
5313.25,8611.03
5313.32,8666.203
5313.39,8710.51
5313.46,8721.74
5313.53,8696.96
5313.6,8656.208
5313.67,8630.693
5313.74,8631.389
5313.81,8630.693
5313.88,8627.451
5313.95,8627.915
5314.02,8636.254
5314.09,8662.716
5314.16,8718.229
5314.23,8767.047
5314.3,8786.37
5314.37,8767.753
5314.44,8725.955
5314.51,8687.861
5314.58,8680.636
5314.65,8681.335
5314.719,8677.841
5314.79,8673.882
5314.86,8675.278
5314.93,8685.996
5315.0,8716.825
5315.07,8772.697
5315.14,8817.568
5315.21,8835.822
5315.28,8818.989
5315.35,8782.124
5315.42,8742.133
5315.49,8724.081
5315.56,8724.315
5315.63,8722.208
5315.7,8716.592
5315.77,8713.783
5315.84,8717.526
5315.91,8731.11
5315.98,8768.93
5316.05,8820.885
5316.12,8863.633
5316.19,8876.738
5316.26,8861.014
5316.33,8822.543
5316.4,8782.596
5316.47,8762.575
5316.54,8759.987
5316.61,8757.166
5316.68,8751.291
5316.75,8747.062
5316.82,8745.889
5316.89,8753.405
5316.96,8773.168
5317.03,8811.888
5317.1,8855.303
5317.17,8884.85
5317.24,8892.729
5317.31,8875.308
5317.38,8841.52
5317.45,8808.103
5317.52,8788.257
5317.59,8785.19
5317.66,8782.596
5317.73,8775.996
5317.8,8771.049
5317.87,8767.753
5317.94,8770.578
5318.01,8782.596
5318.08,8808.339
5318.15,8847.933
5318.19,0.0
5318.22,8880.793
5318.29,8900.618
5318.36,8897.271
5318.43,8877.215
5318.5,8846.982
5318.57,8818.043
5318.64,8802.428
5318.71,8797.701
5318.78,8794.396
5318.85,8789.201
5318.92,8781.652
5318.99,8779.531
5319.06,8780.709
5319.13,8788.493
5319.199,8808.575
5319.27,8838.907
5319.34,8889.147
5319.41,8917.854
5319.48,8919.771
5319.55,8911.386
5319.62,8890.341
5319.69,8863.156
5319.76,8837.009
5319.83,8818.279
5319.9,8809.521
5319.97,8809.995
5320.04,8809.521
5320.11,8808.339
5320.18,8807.156
5320.25,8800.301
5320.32,8788.729
5320.39,8786.134
5320.46,8787.078
5320.53,8781.652
5320.6,8773.64
5320.67,8772.934
5320.74,8771.049
5320.81,8768.224
5320.88,8776.467
5320.95,8774.582
5321.02,8788.021
5321.09,8779.767
5321.16,8766.575
5321.23,8777.645
5321.3,8775.524
5321.37,8773.876
5321.44,8778.352
5321.51,8787.078
5321.58,8801.482
5321.65,8817.568
5321.72,8834.873
5321.79,8820.41
5321.86,8812.36
5321.93,8836.059
5322.0,8859.109
5322.07,8868.872
5322.14,8846.032
5322.21,8802.191
5322.28,8771.991
5322.35,8765.399
5322.42,8764.223
5322.49,8759.987
5322.56,8758.106
5322.63,8749.411
5322.7,8750.586
5322.77,8744.245
5322.84,8737.44
5322.91,8736.269
5322.98,8734.861
5323.05,8732.985
5323.12,8731.344
5323.19,8729.704
5323.26,8729.235
5323.33,8727.596
5323.4,8727.126
5323.47,8727.126
5323.54,8724.315
5323.61,8722.677
5323.679,8721.974
5323.75,8724.784
5323.82,8721.506
5323.89,8719.867
5323.96,8718.463
5324.03,8716.825
5324.1,8717.293
5324.17,8721.038
5324.24,8726.189
5324.31,8730.876
5324.38,8742.837
5324.45,8761.164
5324.52,8784.246
5324.59,8794.867
5324.66,8790.145
5324.73,8777.881
5324.8,8761.87
5324.87,8747.768
5324.94,8740.49
5325.01,8729.235
5325.08,8716.825
5325.15,8708.172
5325.22,8698.127
5325.29,8689.494
5325.36,8683.665
5325.43,8680.636
5325.5,8679.005
5325.57,8678.771
5325.64,8675.745
5325.71,8675.046
5325.78,8672.252
5325.85,8670.391
5325.92,8668.53
5325.99,8666.203
5326.06,8664.809
5326.13,8662.483
5326.2,8659.461
5326.27,8656.44
5326.34,8654.35
5326.41,8653.653
5326.48,8652.725
5326.55,8650.171
5326.62,8647.617
5326.69,8646.689
5326.76,8646.457
5326.83,8646.689
5326.9,8645.761
5326.97,8641.354
5327.04,8637.181
5327.11,8632.778
5327.18,8629.999
5327.25,8631.619
5327.32,8633.01
5327.39,8633.705
5327.46,8632.546
5327.53,8627.915
5327.6,8627.684
5327.67,8632.314
5327.74,8645.065
5327.81,8657.834
5327.88,8669.692
5327.95,8675.046
5328.02,8666.669
5328.09,8640.426
5328.159,8615.19
5328.23,8607.334
5328.3,8604.794
5328.37,8602.946
5328.44,8602.023
5328.51,8602.716
5328.58,8606.18
5328.65,8617.271
5328.72,8621.666
5328.79,8629.072
5328.86,8637.412
5328.93,8643.673
5329.0,8648.546
5329.07,8632.083
5329.14,8648.546
5329.21,8641.817
5329.28,8614.266
5329.35,8579.894
5329.42,8571.15
5329.49,8573.221
5329.56,8577.592
5329.63,8580.585
5329.7,8581.506
5329.77,8590.26
5329.84,8610.105
5329.91,8640.426
5329.98,8658.3
5330.05,8653.189
5330.12,8632.778
5330.19,8598.331
5330.26,8560.809
5330.33,8550.479
5330.4,8549.102
5330.47,8549.102
5330.54,8549.561
5330.61,8554.149
5330.68,8577.132
5330.75,8599.946
5330.82,8614.497
5330.89,8624.211
5330.96,8627.22
5331.03,8628.146
5331.1,8627.915
5331.17,8623.054
5331.24,8607.103
5331.31,8590.26
5331.38,8582.657
5331.45,8579.894
5331.52,8573.221
5331.59,8541.994
5331.66,8522.536
5331.73,8516.594
5331.8,8511.341
5331.87,8509.285
5331.94,8508.144
5332.01,8508.601
5332.08,8507.003
5332.15,8505.634
5332.22,8504.721
5332.29,8503.352
5332.36,8500.615
5332.43,8500.387
5332.5,8499.019
5332.57,8499.019
5332.639,8496.283
5332.71,8494.915
5332.78,8492.864
5332.85,8498.334
5332.92,8512.711
5332.99,8526.196
5333.06,8536.038
5333.13,8539.016
5333.2,8538.328
5333.27,8538.099
5333.34,8536.038
5333.41,8534.893
5333.48,8528.941
5333.55,8505.405
5333.62,8474.429
5333.69,8461.707
5333.76,8457.849
5333.83,8457.396
5333.9,8456.715
5333.97,8456.034
5334.04,8455.126
5334.11,8453.766
5334.18,8451.951
5334.25,8451.498
5334.32,8451.498
5334.39,8448.777
5334.46,8446.964
5334.53,8445.379
5334.6,8447.871
5334.67,8450.138
5334.74,8461.253
5334.81,8489.22
5334.88,8517.508
5334.95,8518.879
5335.02,8501.07
5335.09,8471.246
5335.16,8440.396
5335.23,8425.464
5335.3,8422.526
5335.37,8420.944
5335.44,8419.363
5335.51,8419.138
5335.58,8417.557
5335.65,8415.75
5335.72,8415.75
5335.79,8416.202
5335.86,8429.307
5335.93,8439.037
5336.0,8443.113
5336.07,8446.738
5336.14,8450.591
5336.21,8453.085
5336.28,8444.019
5336.35,8442.434
5336.42,8438.584
5336.49,8439.716
5336.56,8441.075
5336.63,8429.533
5336.7,8431.569
5336.77,8428.629
5336.84,8422.3
5336.91,8423.655
5336.98,8423.204
5337.05,8422.752
5337.119,8425.464
5337.19,8428.629
5337.26,8430.664
5337.33,8434.283
5337.4,8436.999
5337.47,8447.644
5337.54,8447.644
5337.61,8436.32
5337.68,8407.4
5337.75,8373.186
5337.82,8360.168
5337.89,8356.132
5337.96,8354.786
5338.03,8353.218
5338.1,8353.218
5338.17,8351.425
5338.24,8349.409
5338.31,8348.512
5338.38,8346.945
5338.45,8345.154
5338.52,8344.035
5338.59,8342.691
5338.66,8339.782
5338.73,8337.992
5338.8,8336.65
5338.87,8335.308
5338.94,8333.296
5339.01,8334.19
5339.08,8335.979
5339.15,8334.861
5339.22,8329.943
5339.29,8327.932
5339.36,8324.135
5339.43,8323.465
5339.5,8320.561
5339.57,8317.884
5339.64,8316.99
5339.71,8315.429
5339.78,8312.529
5339.85,8310.745
5339.92,8308.738
5339.99,8307.624
5340.06,8306.955
5340.13,8307.846
5340.2,8319.891
5340.27,8337.321
5340.34,8352.769
5340.41,8357.476
5340.48,8354.786
5340.55,8348.065
5340.62,8342.019
5340.69,8331.06
5340.76,8316.99
5340.83,8298.935
5340.9,8288.922
5340.97,8284.474
5341.04,8283.807
5341.11,8284.474
5341.18,8285.586
5341.25,8287.809
5341.32,8288.476
5341.39,8283.141
5341.46,8276.254
5341.53,8273.145
5341.599,8272.036
5341.67,8274.477
5341.74,8276.921
5341.81,8280.252
5341.88,8286.031
5341.95,8286.031
5342.02,8291.812
5342.09,8307.177
5342.16,8327.485
5342.23,8344.929
5342.3,8350.753
5342.37,8340.677
5342.44,8325.474
5342.51,8314.09
5342.58,8306.732
5342.65,8302.053
5342.72,8293.816
5342.79,8282.919
5342.86,8268.928
5342.93,8267.597
5343.0,8274.922
5343.07,8284.697
5343.14,8293.148
5343.21,8290.256
5343.28,8274.922
5343.35,8261.167
5343.42,8251.64
5343.49,8240.577
5343.56,8248.762
5343.63,8239.913
5343.7,8241.24
5343.77,8237.039
5343.84,8233.283
5343.91,8237.481
5343.98,8246.106
5344.05,8256.512
5344.12,8265.601
5344.19,8266.489
5344.26,8251.64
5344.33,8226.657
5344.4,8203.729
5344.47,8192.508
5344.54,8188.771
5344.61,8185.914
5344.68,8184.156
5344.75,8181.96
5344.82,8179.106
5344.89,8175.814
5344.96,8175.814
5345.03,8175.814
5345.1,8176.033
5345.17,8175.594
5345.24,8178.009
5345.31,8182.18
5345.38,8194.707
5345.45,8213.201
5345.52,8238.808
5345.59,8245.001
5345.66,8222.022
5345.73,8188.331
5345.8,8163.534
5345.87,8154.337
5345.94,8151.491
5346.01,8150.616
5346.079,8149.303
5346.15,8148.21
5346.22,8147.554
5346.29,8145.586
5346.36,8145.148
5346.43,8144.055
5346.5,8141.214
5346.57,8142.744
5346.64,8143.4
5346.71,8140.122
5346.78,8143.618
5346.85,8138.811
5346.92,8134.66
5346.99,8131.822
5347.06,8128.985
5347.13,8134.442
5347.2,8141.433
5347.27,8149.741
5347.34,8160.248
5347.41,8167.698
5347.48,8171.427
5347.55,8165.507
5347.62,8147.116
5347.69,8132.04
5347.76,8126.802
5347.83,8125.494
5347.9,8126.366
5347.97,8126.366
5348.04,8129.203
5348.11,8132.259
5348.18,8135.971
5348.25,8143.618
5348.32,8149.085
5348.39,8146.679
5348.46,8134.879
5348.53,8117.863
5348.6,8102.621
5348.67,8090.665
5348.74,8083.499
5348.81,8078.726
5348.88,8074.388
5348.95,8073.738
5349.02,8071.787
5349.09,8070.703
5349.16,8068.753
5349.23,8068.536
5349.3,8069.186
5349.37,8068.969
5349.44,8067.02
5349.51,8064.637
5349.58,8063.338
5349.65,8061.606
5349.72,8059.874
5349.79,8057.927
5349.86,8057.927
5349.93,8060.091
5350.0,8062.905
5350.07,8062.472
5350.14,8054.898
5350.21,8049.275
5350.28,8045.169
5350.35,8046.25
5350.42,8048.843
5350.49,8054.032
5350.559,8055.979
5350.63,8054.032
5350.7,8045.817
5350.77,8041.928
5350.84,8040.849
5350.91,8045.601
5350.98,8047.762
5351.05,8039.985
5351.12,8030.921
5351.19,8023.159
5351.26,8020.358
5351.33,8018.635
5351.4,8016.912
5351.47,8016.051
5351.54,8013.467
5351.61,8012.176
5351.68,8010.025
5351.75,8007.873
5351.82,8006.367
5351.89,8007.228
5351.96,8006.152
5352.03,8004.002
5352.1,8002.282
5352.17,7999.488
5352.24,7998.629
5352.31,8000.777
5352.38,8010.67
5352.45,8027.686
5352.52,8047.546
5352.59,8052.302
5352.66,8044.521
5352.73,8040.417
5352.8,8040.633
5352.87,8043.657
5352.94,8050.572
5353.01,8054.465
5353.08,8045.601
5353.15,8032.647
5353.22,8030.058
5353.29,8031.352
5353.36,8031.136
5353.43,8025.315
5353.5,8013.037
5353.57,7996.05
5353.64,7987.677
5353.71,7978.669
5353.78,7969.456
5353.85,7962.393
5353.92,7956.832
5353.99,7953.839
5354.06,7953.839
5354.13,7951.915
5354.2,7951.488
5354.27,7952.77
5354.34,7953.839
5354.41,7953.839
5354.48,7948.07
5354.55,7945.294
5354.62,7944.226
5354.69,7949.138
5354.76,7954.266
5354.83,7952.77
5354.9,7942.092
5354.97,7933.559
5355.039,7929.082
5355.11,7928.869
5355.18,7935.691
5355.25,7953.198
5355.32,7969.884
5355.39,7979.741
5355.46,7978.454
5355.53,7967.743
5355.6,7961.537
5355.67,7959.612
5355.74,7962.179
5355.81,7964.532
5355.88,7962.606
5355.95,7958.756
5356.02,7959.184
5356.09,7963.035
5356.16,7962.179
5356.23,7946.575
5356.3,7921.627
5356.37,7901.636
5356.44,7889.961
5356.51,7886.568
5356.58,7884.448
5356.65,7882.964
5356.72,7881.905
5356.79,7880.845
5356.86,7879.997
5356.93,7879.785
5357.0,7878.938
5357.07,7877.879
5357.14,7873.856
5357.21,7874.914
5357.28,7881.693
5357.35,7895.478
5357.42,7901.636
5357.49,7883.388
5357.56,7872.585
5357.63,7860.95
5357.7,7857.358
5357.77,7855.879
5357.84,7854.4
5357.91,7852.499
5357.98,7852.71
5358.05,7850.387
5358.12,7849.332
5358.19,7847.854
5358.26,7846.166
5358.33,7845.955
5358.4,7845.955
5358.47,7848.276
5358.54,7846.799
5358.61,7848.488
5358.68,7852.288
5358.75,7860.739
5358.82,7868.987
5358.89,7871.527
5358.96,7862.008
5359.03,7842.79
5359.1,7833.093
5359.17,7826.774
5359.24,7824.88
5359.31,7822.986
5359.38,7818.568
5359.45,7815.413
5359.519,7811.84
5359.59,7810.158
5359.66,7809.528
5359.73,7808.267
5359.8,7804.906
5359.87,7803.017
5359.94,7800.078
5360.01,7799.449
5360.08,7799.239
5360.15,7797.98
5360.22,7796.302
5360.29,7794.413
5360.36,7791.897
5360.43,7791.478
5360.5,7791.688
5360.57,7792.107
5360.64,7790.429
5360.71,7792.317
5360.78,7800.288
5360.85,7807.217
5360.92,7811.629
5360.99,7810.368
5361.06,7803.647
5361.13,7794.204
5361.2,7782.258
5361.27,7773.885
5361.34,7771.584
5361.41,7768.865
5361.48,7767.193
5361.55,7766.984
5361.62,7765.939
5361.69,7765.521
5361.76,7766.148
5361.83,7765.102
5361.9,7763.012
5361.97,7760.088
5362.04,7758.626
5362.11,7758.626
5362.18,7764.475
5362.25,7777.024
5362.32,7791.268
5362.39,7798.399
5362.46,7796.092
5362.53,7793.155
5362.6,7785.61
5362.67,7775.559
5362.74,7760.297
5362.81,7745.062
5362.88,7733.185
5362.95,7729.23
5363.02,7726.109
5363.09,7724.861
5363.16,7722.573
5363.23,7720.286
5363.3,7718.831
5363.37,7719.247
5363.44,7718.831
5363.51,7717.584
5363.58,7715.922
5363.65,7715.091
5363.72,7711.767
5363.79,7709.275
5363.86,7707.822
5363.93,7706.576
5363.999,7705.539
5364.07,7704.294
5364.14,7702.219
5364.21,7701.596
5364.28,7698.693
5364.35,7697.034
5364.42,7695.997
5364.49,7695.169
5364.56,7694.547
5364.63,7691.438
5364.7,7688.331
5364.77,7686.467
5364.84,7685.846
5364.91,7684.811
5364.98,7683.155
5365.05,7681.706
5365.12,7681.499
5365.19,7681.292
5365.26,7679.43
5365.33,7676.327
5365.4,7676.12
5365.47,7678.396
5365.54,7687.917
5365.61,7704.709
5365.68,7721.949
5365.75,7729.23
5365.82,7730.687
5365.89,7727.358
5365.96,7720.494
5366.03,7715.714
5366.1,7713.429
5366.17,7710.313
5366.24,7705.331
5366.31,7701.389
5366.38,7699.315
5366.45,7697.242
5366.52,7700.767
5366.59,7707.406
5366.66,7708.237
5366.73,7702.634
5366.8,7696.619
5366.87,7690.403
5366.94,7689.159
5367.01,7691.645
5367.08,7693.303
5367.15,7691.438
5367.22,7688.538
5367.29,7678.602
5367.36,7667.439
5367.43,7658.56
5367.5,7652.783
5367.57,7645.981
5367.64,7638.154
5367.71,7629.717
5367.78,7624.782
5367.85,7620.877
5367.92,7616.974
5367.99,7611.842
5368.06,7611.021
5368.13,7609.174
5368.2,7606.713
5368.27,7605.072
5368.34,7603.431
5368.41,7601.177
5368.479,7598.922
5368.55,7597.898
5368.62,7595.439
5368.69,7593.595
5368.76,7592.777
5368.83,7589.501
5368.9,7588.477
5368.97,7586.431
5369.04,7585.203
5369.11,7581.931
5369.18,7582.748
5369.25,7580.294
5369.32,7578.659
5369.39,7576.41
5369.46,7574.367
5369.53,7573.141
5369.6,7570.486
5369.67,7570.281
5369.74,7567.423
5369.81,7566.198
5369.88,7564.157
5369.95,7562.32
5370.02,7561.708
5370.09,7560.892
5370.16,7559.669
5370.23,7558.241
5370.3,7556.201
5370.37,7555.794
5370.44,7554.774
5370.51,7552.328
5370.58,7553.144
5370.65,7562.32
5370.72,7574.776
5370.79,7582.34
5370.86,7578.659
5370.93,7560.688
5371.0,7542.756
5371.07,7535.024
5371.14,7532.584
5371.21,7530.144
5371.28,7528.315
5371.35,7530.144
5371.42,7530.754
5371.49,7527.909
5371.56,7534.211
5371.63,7550.291
5371.7,7564.565
5371.77,7572.937
5371.84,7576.41
5371.91,7570.486
5371.98,7551.717
5372.05,7527.502
5372.12,7509.64
5372.19,7505.18
5372.26,7504.37
5372.33,7507.004
5372.4,7507.613
5372.47,7514.508
5372.54,7537.058
5372.61,7546.624
5372.68,7546.217
5372.75,7539.093
5372.82,7526.283
5372.89,7510.654
5372.959,7497.281
5373.03,7491.816
5373.1,7490.197
5373.17,7489.793
5373.24,7491.209
5373.31,7496.268
5373.38,7500.318
5373.45,7507.815
5373.52,7514.914
5373.59,7519.582
5373.66,7524.455
5373.73,7530.348
5373.8,7529.331
5373.87,7521.815
5373.94,7506.396
5374.01,7481.705
5374.08,7469.79
5374.15,7461.319
5374.22,7458.093
5374.29,7456.682
5374.36,7455.071
5374.43,7455.876
5374.5,7453.258
5374.57,7450.841
5374.64,7449.432
5374.71,7449.633
5374.78,7449.029
5374.85,7452.05
5374.92,7459.504
5374.99,7471.808
5375.06,7478.876
5375.13,7477.058
5375.2,7471.405
5375.27,7461.923
5375.34,7458.698
5375.41,7457.891
5375.48,7455.876
5375.55,7446.614
5375.62,7433.744
5375.69,7424.706
5375.76,7421.696
5375.83,7420.692
5375.9,7419.689
5375.97,7418.486
5376.04,7417.081
5376.11,7416.279
5376.18,7415.477
5376.25,7414.274
5376.32,7416.68
5376.39,7424.505
5376.46,7431.132
5376.53,7429.324
5376.6,7422.096
5376.67,7410.065
5376.74,7399.051
5376.81,7393.849
5376.88,7391.65
5376.95,7391.85
5377.02,7392.65
5377.09,7393.449
5377.16,7393.249
5377.23,7392.65
5377.3,7399.051
5377.37,7401.653
5377.439,7397.85
5377.51,7389.651
5377.58,7381.259
5377.65,7375.27
5377.72,7372.078
5377.79,7369.684
5377.86,7367.89
5377.93,7366.295
5378.0,7366.893
5378.07,7367.092
5378.14,7368.288
5378.21,7366.295
5378.28,7372.676
5378.35,7381.658
5378.42,7387.452
5378.49,7381.459
5378.56,7370.881
5378.63,7356.931
5378.7,7350.561
5378.77,7347.378
5378.84,7347.179
5378.91,7349.169
5378.98,7358.723
5379.05,7384.055
5379.12,7395.05
5379.19,7393.65
5379.26,7387.652
5379.33,7379.063
5379.4,7370.681
5379.47,7364.9
5379.54,7357.529
5379.61,7345.589
5379.68,7333.07
5379.75,7325.329
5379.82,7322.751
5379.89,7322.751
5379.96,7325.131
5380.03,7325.528
5380.1,7327.711
5380.17,7331.481
5380.24,7337.837
5380.31,7342.407
5380.38,7344.793
5380.45,7345.589
5380.52,7344.594
5380.59,7337.042
5380.66,7321.164
5380.73,7305.911
5380.8,7301.161
5380.87,7298.986
5380.94,7298.591
5381.01,7298.986
5381.08,7298.195
5381.15,7295.823
5381.22,7294.636
5381.29,7291.869
5381.36,7292.463
5381.43,7297.207
5381.5,7312.247
5381.57,7329.298
5381.64,7322.949
5381.71,7295.625
5381.78,7276.669
5381.85,7272.922
5381.919,7273.513
5381.99,7276.077
5382.06,7277.656
5382.13,7276.275
5382.2,7276.669
5382.27,7283.969
5382.34,7303.14
5382.41,7321.164
5382.48,7318.984
5382.55,7288.906
5382.62,7262.677
5382.69,7258.543
5382.76,7258.739
5382.83,7256.968
5382.9,7257.362
5382.97,7264.843
5383.04,7282.983
5383.11,7300.964
5383.18,7307.494
5383.25,7287.524
5383.32,7258.346
5383.39,7243.205
5383.46,7239.473
5383.53,7237.51
5383.6,7236.332
5383.67,7235.547
5383.74,7234.173
5383.81,7234.761
5383.88,7234.173
5383.95,7233.192
5384.02,7239.473
5384.09,7252.05
5384.16,7262.086
5384.23,7259.527
5384.3,7243.795
5384.37,7222.014
5384.44,7216.333
5384.51,7214.376
5384.58,7214.571
5384.65,7214.376
5384.72,7218.88
5384.79,7235.155
5384.86,7233.192
5384.93,7208.308
5385.0,7202.245
5385.07,7202.636
5385.14,7203.223
5385.21,7203.223
5385.28,7204.2
5385.35,7207.917
5385.42,7212.026
5385.49,7215.746
5385.56,7218.88
5385.63,7222.799
5385.7,7228.484
5385.77,7234.566
5385.84,7240.652
5385.91,7239.669
5385.98,7238.688
5386.05,7237.902
5386.12,7234.566
5386.19,7227.699
5386.26,7223.974
5386.33,7218.684
5386.399,7220.447
5386.47,7226.523
5386.54,7233.977
5386.61,7235.939
5386.68,7234.566
5386.75,7232.799
5386.82,7226.327
5386.89,7211.635
5386.96,7195.015
5387.03,7176.868
5387.1,7166.349
5387.17,7158.177
5387.24,7151.373
5387.31,7148.07
5387.38,7146.904
5387.45,7145.933
5387.52,7147.098
5387.59,7152.344
5387.66,7160.706
5387.73,7169.465
5387.8,7175.309
5387.87,7174.334
5387.94,7166.544
5388.01,7166.349
5388.08,7161.678
5388.15,7155.844
5388.22,7155.454
5388.29,7160.122
5388.36,7158.177
5388.43,7148.652
5388.5,7134.677
5388.57,7126.148
5388.64,7122.855
5388.71,7119.95
5388.78,7118.014
5388.85,7117.821
5388.92,7116.273
5388.99,7114.724
5389.06,7113.177
5389.13,7110.276
5389.2,7107.182
5389.27,7106.215
5389.34,7103.896
5389.41,7101.965
5389.48,7100.612
5389.55,7099.646
5389.62,7096.17
5389.69,7095.012
5389.76,7093.082
5389.83,7090.188
5389.9,7089.609
5389.97,7087.488
5390.04,7085.945
5390.11,7084.402
5390.18,7083.438
5390.25,7081.896
5390.32,7079.969
5390.39,7079.006
5390.46,7076.886
5390.53,7075.153
5390.6,7072.457
5390.67,7070.533
5390.74,7069.185
5390.81,7068.031
5390.879,7067.069
5390.95,7065.53
5391.02,7064.183
5391.09,7063.606
5391.16,7063.222
5391.23,7063.222
5391.3,7062.837
5391.37,7062.452
5391.44,7058.992
5391.51,7057.647
5391.58,7055.533
5391.65,7054.573
5391.72,7054.188
5391.79,7051.307
5391.86,7049.003
5391.93,7047.084
5392.0,7049.579
5392.07,7058.223
5392.14,7074.575
5392.21,7088.451
5392.28,7096.943
5392.35,7106.602
5392.42,7111.049
5392.49,7114.144
5392.56,7114.338
5392.63,7112.21
5392.7,7107.376
5392.77,7097.908
5392.84,7086.33
5392.91,7075.924
5392.98,7066.877
5393.05,7057.07
5393.12,7042.094
5393.19,7026.571
5393.26,7015.473
5393.33,7012.414
5393.4,7009.929
5393.47,7010.12
5393.54,7008.592
5393.61,7004.771
5393.68,7002.671
5393.75,6998.09
5393.82,6995.61
5393.89,6993.893
5393.96,6993.511
5394.03,6995.037
5394.1,7002.671
5394.17,7014.899
5394.24,7019.489
5394.31,7016.238
5394.38,7008.783
5394.45,7002.289
5394.52,6999.235
5394.59,6994.846
5394.66,6988.935
5394.73,6984.171
5394.8,6980.172
5394.87,6975.983
5394.94,6972.368
5395.01,6970.085
5395.08,6967.613
5395.15,6966.852
5395.22,6967.423
5395.29,6969.324
5395.359,6971.607
5395.43,6973.7
5395.5,6980.362
5395.57,6983.98
5395.64,6985.505
5395.71,6978.648
5395.78,6967.232
5395.85,6955.643
5395.92,6951.467
5395.99,6949.38
5396.06,6946.724
5396.13,6943.69
5396.2,6941.604
5396.27,6943.879
5396.34,6955.643
5396.41,6969.324
5396.48,6976.554
5396.55,6978.839
5396.62,6969.515
5396.69,6947.672
5396.76,6933.268
5396.83,6930.05
5396.9,6927.778
5396.97,6925.13
5397.04,6921.346
5397.11,6921.346
5397.18,6920.402
5397.25,6928.535
5397.32,6956.212
5397.39,6966.662
5397.46,6952.036
5397.53,6928.914
5397.6,6914.164
5397.67,6908.686
5397.74,6905.1
5397.81,6902.458
5397.88,6902.647
5397.95,6915.487
5398.02,6931.564
5398.09,6932.321
5398.16,6920.023
5398.23,6918.699
5398.3,6912.653
5398.37,6904.156
5398.44,6895.857
5398.51,6890.957
5398.58,6888.508
5398.65,6885.495
5398.72,6883.988
5398.79,6882.106
5398.86,6882.106
5398.93,6884.365
5399.0,6892.276
5399.07,6906.61
5399.14,6918.133
5399.21,6921.914
5399.28,6919.645
5399.35,6915.109
5399.42,6905.289
5399.49,6891.71
5399.56,6873.64
5399.63,6865.183
5399.7,6862.366
5399.77,6860.113
5399.839,6857.485
5399.91,6855.233
5399.98,6854.108
5400.05,6855.609
5400.12,6875.144
5400.19,6908.309
5400.26,6915.487
5400.33,6902.458
5400.4,6884.93
5400.47,6865.935
5400.54,6852.607
5400.61,6845.483
5400.68,6842.298
5400.75,6839.863
5400.82,6837.99
5400.89,6835.556
5400.96,6833.685
5401.03,6831.814
5401.1,6829.008
5401.17,6825.828
5401.24,6822.277
5401.31,6821.156
5401.38,6822.277
5401.45,6831.252
5401.52,6849.795
5401.59,6862.366
5401.66,6859.362
5401.73,6845.109
5401.8,6820.969
5401.87,6812.378
5401.94,6807.339
5402.01,6804.355
5402.08,6807.713
5402.15,6823.959
5402.22,6837.803
5402.29,6835.744
5402.36,6817.232
5402.43,6805.287
5402.5,6800.067
5402.57,6797.457
5402.64,6795.035
5402.71,6794.291
5402.78,6791.683
5402.85,6789.449
5402.92,6789.262
5402.99,6787.774
5403.06,6784.796
5403.13,6782.191
5403.2,6780.332
5403.27,6778.472
5403.34,6779.402
5403.41,6791.496
5403.48,6816.859
5403.55,6832.936
5403.62,6834.808
5403.69,6823.399
5403.76,6797.644
5403.83,6771.968
5403.9,6766.953
5403.97,6763.427
5404.04,6761.014
5404.11,6757.861
5404.18,6759.901
5404.25,6765.282
5404.319,6769.182
5404.39,6775.498
5404.46,6785.168
5404.53,6796.526
5404.6,6796.712
5404.67,6783.68
5404.74,6765.097
5404.81,6750.631
5404.88,6745.444
5404.95,6742.666
5405.02,6740.445
5405.09,6737.854
5405.16,6736.744
5405.23,6741.926
5405.3,6755.079
5405.37,6765.654
5405.44,6771.039
5405.51,6772.525
5405.58,6765.097
5405.65,6750.631
5405.72,6733.599
5405.79,6725.097
5405.86,6722.881
5405.93,6720.664
5406.0,6718.634
5406.07,6716.972
5406.14,6716.05
5406.21,6712.913
5406.28,6709.777
5406.35,6707.196
5406.42,6704.246
5406.49,6703.325
5406.56,6702.773
5406.63,6705.352
5406.7,6712.728
5406.77,6728.053
5406.84,6738.409
5406.91,6741.37
5406.98,6737.669
5407.05,6731.196
5407.12,6726.76
5407.19,6727.314
5407.26,6730.826
5407.33,6732.12
5407.4,6728.053
5407.47,6715.68
5407.54,6701.851
5407.61,6688.045
5407.68,6683.816
5407.75,6679.955
5407.82,6677.934
5407.89,6676.465
5407.96,6673.894
5408.03,6672.975
5408.1,6670.772
5408.17,6667.836
5408.24,6667.285
5408.31,6663.617
5408.38,6661.233
5408.45,6657.933
5408.52,6656.284
5408.59,6656.284
5408.66,6656.467
5408.73,6662.333
5408.799,6670.038
5408.87,6674.628
5408.94,6673.894
5409.01,6671.507
5409.08,6668.019
5409.15,6662.15
5409.22,6653.169
5409.29,6654.635
5409.36,6654.452
5409.43,6646.578
5409.5,6641.454
5409.57,6638.528
5409.64,6637.797
5409.71,6633.958
5409.78,6631.764
5409.85,6630.303
5409.92,6628.294
5409.99,6627.746
5410.06,6625.92
5410.13,6622.269
5410.2,6621.357
5410.27,6618.802
5410.34,6617.16
5410.41,6615.884
5410.48,6614.425
5410.55,6613.149
5410.62,6612.42
5410.69,6611.873
5410.76,6610.051
5410.83,6607.864
5410.9,6606.042
5410.97,6605.677
5411.04,6604.22
5411.11,6603.674
5411.18,6608.228
5411.25,6612.967
5411.32,6622.269
5411.39,6631.034
5411.46,6638.528
5411.53,6638.162
5411.6,6628.477
5411.67,6614.79
5411.74,6601.307
5411.81,6592.937
5411.88,6589.118
5411.95,6585.302
5412.02,6582.214
5412.09,6579.671
5412.16,6577.129
5412.23,6575.677
5412.3,6574.043
5412.37,6574.043
5412.44,6574.769
5412.51,6575.314
5412.58,6575.858
5412.65,6575.314
5412.72,6573.499
5412.79,6572.592
5412.86,6571.322
5412.93,6568.057
5413.0,6564.794
5413.07,6562.8
5413.14,6559.177
5413.21,6557.184
5413.279,6554.83
5413.35,6553.201
5413.42,6550.848
5413.49,6548.134
5413.56,6545.059
5413.63,6543.07
5413.7,6541.262
5413.77,6540.177
5413.84,6539.094
5413.91,6536.925
5413.98,6536.202
5414.05,6535.118
5414.12,6534.396
5414.19,6534.215
5414.26,6532.59
5414.33,6530.604
5414.4,6528.438
5414.47,6527.716
5414.54,6525.37
5414.61,6524.107
5414.68,6523.927
5414.75,6524.469
5414.82,6522.484
5414.89,6521.041
5414.96,6521.041
5415.03,6520.861
5415.1,6520.68
5415.17,6520.32
5415.24,6520.139
5415.31,6521.221
5415.38,6522.664
5415.45,6523.205
5415.52,6518.698
5415.59,6513.471
5415.66,6509.688
5415.73,6506.448
5415.8,6503.747
5415.87,6504.827
5415.94,6502.128
5416.01,6503.927
5416.08,6501.768
5416.15,6502.128
5416.22,6499.61
5416.29,6496.732
5416.36,6493.856
5416.43,6489.722
5416.5,6487.567
5416.57,6485.412
5416.64,6483.437
5416.71,6480.924
5416.78,6478.232
5416.85,6474.824
5416.92,6472.672
5416.99,6469.804
5417.06,6467.654
5417.13,6464.608
5417.2,6461.742
5417.27,6459.951
5417.34,6456.909
5417.41,6455.119
5417.48,6451.9
5417.55,6452.257
5417.62,6450.648
5417.69,6449.932
5417.759,6449.754
5417.83,6449.754
5417.9,6451.184
5417.97,6453.152
5418.04,6453.688
5418.11,6454.94
5418.18,6456.551
5418.25,6456.73
5418.32,6454.94
5418.39,6451.184
5418.46,6450.648
5418.53,6449.038
5418.6,6449.754
5418.67,6448.859
5418.74,6448.145
5418.81,6446.357
5418.88,6444.033
5418.95,6439.211
5419.02,6436.889
5419.09,6435.818
5419.16,6433.319
5419.23,6423.331
5419.3,6414.78
5419.37,6411.041
5419.44,6408.906
5419.51,6408.194
5419.58,6407.482
5419.65,6405.17
5419.72,6405.525
5419.79,6404.813
5419.86,6404.28
5419.93,6403.746
5420.0,6403.213
5420.07,6402.146
5420.14,6407.304
5420.21,6421.906
5420.28,6432.427
5420.35,6430.464
5420.42,6419.945
5420.49,6409.973
5420.56,6404.813
5420.63,6401.435
5420.7,6402.679
5420.77,6403.925
5420.84,6401.968
5420.91,6388.999
5420.98,6382.788
5421.05,6379.064
5421.12,6377.113
5421.19,6375.341
5421.26,6372.506
5421.33,6369.671
5421.4,6366.129
5421.47,6364.89
5421.54,6365.952
5421.61,6365.952
5421.68,6366.838
5421.75,6367.9
5421.82,6355.16
5421.89,6360.289
5421.96,6366.483
5422.03,6396.281
5422.1,6403.746
5422.17,6409.617
5422.239,6411.219
5422.31,6408.194
5422.38,6406.948
5422.45,6412.287
5422.52,6421.014
5422.59,6423.687
5422.66,6418.163
5422.73,6405.881
5422.8,6391.307
5422.87,6371.797
5422.94,6350.564
5423.01,6340.321
5423.08,6335.733
5423.15,6333.263
5423.22,6331.323
5423.29,6329.561
5423.36,6327.27
5423.43,6324.274
5423.5,6320.751
5423.57,6319.167
5423.64,6317.759
5423.71,6318.111
5423.78,6324.979
5423.85,6342.615
5423.92,6359.051
5423.99,6363.297
5424.06,6355.513
5424.13,6340.321
5424.2,6325.155
5424.27,6315.118
5424.34,6310.544
5424.41,6308.082
5424.48,6305.621
5424.55,6303.16
5424.62,6301.052
5424.69,6298.768
5424.76,6297.012
5424.83,6295.608
5424.9,6292.448
5424.97,6290.343
5425.04,6289.64
5425.11,6286.307
5425.18,6287.535
5425.25,6284.379
5425.32,6287.184
5425.39,6285.606
5425.46,6285.781
5425.53,6287.36
5425.6,6291.746
5425.67,6299.295
5425.74,6308.61
5425.81,6317.231
5425.88,6318.638
5425.95,6315.294
5426.02,6310.896
5426.09,6302.633
5426.16,6291.746
5426.23,6279.646
5426.3,6270.189
5426.37,6264.589
5426.44,6262.84
5426.51,6260.916
5426.58,6259.343
5426.65,6258.294
5426.719,6256.721
5426.79,6253.751
5426.86,6250.258
5426.93,6247.289
5427.0,6246.068
5427.07,6256.022
5427.14,6273.515
5427.21,6288.588
5427.28,6299.998
5427.35,6308.082
5427.42,6310.544
5427.49,6304.215
5427.56,6295.783
5427.63,6288.939
5427.7,6280.698
5427.77,6272.114
5427.84,6261.616
5427.91,6248.686
5427.98,6235.95
5428.05,6228.98
5428.12,6226.716
5428.19,6224.452
5428.26,6222.19
5428.33,6220.449
5428.4,6217.317
5428.47,6216.274
5428.54,6213.491
5428.61,6212.622
5428.68,6211.579
5428.75,6211.753
5428.82,6214.535
5428.89,6217.317
5428.96,6217.491
5429.03,6216.1
5429.1,6213.665
5429.17,6220.971
5429.24,6235.95
5429.31,6250.956
5429.38,6264.239
5429.45,6273.34
5429.52,6279.471
5429.59,6278.946
5429.66,6267.739
5429.73,6249.908
5429.8,6230.548
5429.87,6216.448
5429.94,6207.061
5430.01,6202.545
5430.08,6200.462
5430.15,6197.858
5430.22,6194.735
5430.29,6190.052
5430.36,6186.239
5430.43,6183.12
5430.5,6176.885
5430.57,6173.942
5430.64,6173.251
5430.71,6170.482
5430.78,6167.369
5430.85,6163.911
5430.92,6162.874
5430.99,6168.579
5431.06,6181.907
5431.13,6198.899
5431.199,6216.448
5431.27,6228.632
5431.34,6234.207
5431.41,6223.93
5431.48,6204.976
5431.55,6186.065
5431.62,6169.445
5431.69,6156.136
5431.76,6149.923
5431.83,6146.644
5431.9,6143.54
5431.97,6141.126
5432.04,6138.368
5432.11,6136.301
5432.18,6135.095
5432.25,6133.373
5432.32,6131.307
5432.39,6130.446
5432.46,6128.724
5432.53,6126.831
5432.6,6127.52
5432.67,6138.714
5432.74,6155.619
5432.81,6169.617
5432.88,6175.846
5432.95,6176.885
5433.02,6176.539
5433.09,6176.193
5433.16,6174.981
5433.23,6172.904
5433.3,6170.482
5433.37,6164.603
5433.44,6149.577
5433.51,6132.684
5433.58,6114.793
5433.65,6108.609
5433.72,6106.377
5433.79,6104.66
5433.86,6101.915
5433.93,6100.199
5434.0,6097.455
5434.07,6096.426
5434.14,6094.54
5434.21,6090.941
5434.28,6087.686
5434.35,6086.144
5434.42,6084.603
5434.49,6085.288
5434.56,6088.885
5434.63,6100.885
5434.7,6115.137
5434.77,6123.39
5434.84,6124.938
5434.91,6126.831
5434.98,6129.24
5435.05,6134.406
5435.12,6136.646
5435.19,6128.896
5435.26,6106.377
5435.33,6081.693
5435.4,6071.941
5435.47,6069.206
5435.54,6066.985
5435.61,6063.909
5435.679,6062.885
5435.75,6060.153
5435.82,6057.933
5435.89,6055.715
5435.96,6054.52
5436.03,6053.497
5436.1,6052.302
5436.17,6050.256
5436.24,6048.039
5436.31,6046.164
5436.38,6044.119
5436.45,6042.756
5436.52,6039.69
5436.59,6038.668
5436.66,6036.114
5436.73,6035.773
5436.8,6035.262
5436.87,6033.901
5436.94,6032.539
5437.01,6030.497
5437.08,6028.796
5437.15,6028.286
5437.22,6028.967
5437.29,6029.987
5437.36,6029.647
5437.43,6028.967
5437.5,6025.565
5437.57,6026.585
5437.64,6022.675
5437.71,6024.715
5437.78,6027.605
5437.85,6027.946
5437.92,6030.157
5437.99,6033.56
5438.06,6027.436
5438.13,6010.955
5438.2,6013.331
5438.27,6006.542
5438.34,6004.677
5438.41,6003.489
5438.48,6002.641
5438.55,6000.268
5438.62,5998.403
5438.69,5997.048
5438.76,5996.709
5438.83,5994.676
5438.9,5993.828
5438.97,5992.135
5439.04,5992.642
5439.11,5993.151
5439.18,5993.151
5439.25,5993.828
5439.32,5995.523
5439.39,5998.403
5439.46,6001.963
5439.53,6005.525
5439.6,6011.973
5439.67,6016.898
5439.74,6019.106
5439.81,6020.975
5439.88,6026.245
5439.95,6031.178
5440.02,6036.284
5440.09,6039.179
5440.159,6040.2
5440.23,6041.393
5440.3,6039.69
5440.37,6037.816
5440.44,6033.731
5440.51,6029.136
5440.58,6023.864
5440.65,6023.864
5440.72,6024.034
5440.79,6020.975
5440.86,6018.936
5440.93,6015.029
5441.0,6015.539
5441.07,6018.427
5441.14,6022.335
5441.21,6024.715
5441.28,5998.234
5441.35,6003.998
5441.42,5981.64
5441.49,5971.16
5441.56,5964.067
5441.63,5956.306
5441.7,5959.68
5441.77,5958.499
5441.84,5949.9
5441.91,5941.816
5441.98,5939.964
5442.05,5939.459
5442.12,5939.796
5442.19,5939.29
5442.26,5935.589
5442.33,5927.853
5442.4,5921.973
5442.47,5919.79
5442.54,5917.104
5442.61,5915.09
5442.68,5912.237
5442.75,5910.895
5442.82,5909.385
5442.89,5908.379
5442.96,5908.547
5443.03,5906.535
5443.1,5905.027
5443.17,5903.685
5443.24,5901.34
5443.31,5899.832
5443.38,5902.01
5443.45,5910.559
5443.52,5922.645
5443.59,5939.122
5443.66,5958.33
5443.73,5976.737
5443.8,5980.288
5443.87,5978.596
5443.94,5973.526
5444.01,5970.315
5444.08,5968.119
5444.15,5964.236
5444.22,5951.922
5444.29,5935.421
5444.36,5922.309
5444.43,5911.566
5444.5,5902.68
5444.57,5894.975
5444.639,5887.946
5444.71,5880.589
5444.78,5873.573
5444.85,5869.732
5444.92,5866.561
5444.99,5864.059
5445.06,5862.391
5445.13,5860.89
5445.2,5859.056
5445.27,5858.389
5445.34,5856.223
5445.41,5855.556
5445.48,5853.556
5445.55,5852.557
5445.62,5851.058
5445.69,5850.392
5445.76,5850.891
5445.83,5850.392
5445.9,5848.394
5445.97,5848.061
5446.04,5846.229
5446.11,5843.9
5446.18,5841.238
5446.25,5839.075
5446.32,5836.913
5446.39,5835.417
5446.46,5835.417
5446.53,5835.085
5446.6,5836.082
5446.67,5841.404
5446.74,5852.224
5446.81,5860.224
5446.88,5864.726
5446.95,5873.072
5447.02,5882.094
5447.09,5886.441
5447.16,5882.595
5447.23,5877.581
5447.3,5869.9
5447.37,5861.724
5447.44,5858.056
5447.51,5856.389
5447.58,5859.056
5447.65,5857.222
5447.72,5854.39
5447.79,5850.891
5447.86,5844.399
5447.93,5834.42
5448.0,5823.124
5448.07,5813.833
5448.14,5807.865
5448.21,5806.043
5448.28,5805.381
5448.35,5802.4
5448.42,5799.088
5448.49,5795.944
5448.56,5792.966
5448.63,5792.47
5448.7,5789.824
5448.77,5790.485
5448.84,5792.47
5448.91,5792.966
5448.98,5794.124
5449.05,5794.951
5449.119,5792.139
5449.19,5787.344
5449.26,5776.607
5449.33,5789.328
5449.4,5801.074
5449.47,5813.501
5449.54,5814.331
5449.61,5822.958
5449.68,5819.473
5449.75,5811.678
5449.82,5799.585
5449.89,5789.162
5449.96,5782.221
5450.03,5776.276
5450.1,5771.325
5450.17,5765.058
5450.24,5759.29
5450.31,5753.032
5450.38,5749.576
5450.45,5746.943
5450.52,5743.818
5450.59,5741.188
5450.66,5740.037
5450.73,5737.572
5450.8,5738.229
5450.87,5738.886
5450.94,5748.917
5451.01,5764.235
5451.08,5778.588
5451.15,5791.312
5451.22,5801.406
5451.29,5808.695
5451.36,5811.18
5451.43,5808.198
5451.5,5798.261
5451.57,5784.039
5451.64,5762.092
5451.71,5739.051
5451.78,5724.436
5451.85,5718.039
5451.92,5714.434
5451.99,5711.157
5452.06,5709.192
5452.13,5707.063
5452.2,5706.244
5452.27,5705.098
5452.3,0.0
5452.34,5704.607
5452.4,5344.4
5452.41,5704.28
5452.48,5707.227
5452.55,5714.598
5452.62,5727.718
5452.69,5745.627
5452.76,5763.245
5452.83,5777.927
5452.9,5781.396
5452.97,5773.636
5453.04,5756.82
5453.11,5726.405
5453.18,5718.86
5453.25,5705.753
5453.32,5697.735
5453.39,5693.157
5453.46,5689.562
5453.53,5688.745
5453.599,5686.785
5453.67,5684.498
5453.74,5682.702
5453.81,5680.58
5453.88,5679.764
5453.95,5677.316
5454.02,5674.38
5454.09,5671.282
5454.16,5671.282
5454.23,5668.999
5454.3,5667.044
5454.37,5662.646
5454.44,5660.854
5454.51,5662.157
5454.58,5681.886
5454.65,5716.565
5454.72,5738.229
5454.79,5742.174
5454.86,5734.779
5454.93,5720.171
5455.0,5702.153
5455.07,5682.212
5455.14,5659.714
5455.21,5647.675
5455.28,5643.124
5455.35,5640.037
5455.42,5637.277
5455.49,5636.789
5455.56,5646.699
5455.63,5678.948
5455.7,5697.572
5455.77,5697.572
5455.84,5691.686
5455.91,5682.212
5455.98,5671.119
5456.05,5658.9
5456.12,5647.837
5456.19,5635.166
5456.26,5628.999
5456.33,5625.268
5456.4,5622.837
5456.47,5621.864
5456.54,5620.568
5456.61,5618.623
5456.68,5615.059
5456.75,5611.821
5456.82,5609.069
5456.89,5606.965
5456.96,5604.053
5457.0,0.0
5457.03,5603.892
5457.1,5604.377
5457.17,5609.879
5457.24,5617.651
5457.3,0.0
5457.31,5622.675
5457.38,5625.107
5457.45,5622.027
5457.52,5618.623
5457.59,5616.679
5457.66,5620.568
5457.73,5970.484
5457.8,5981.302
5457.87,5984.855
5457.94,5983.502
5458.01,5977.243
5458.079,5968.795
5458.15,5963.223
5458.22,5957.824
5458.29,5949.226
5458.36,5599.688
5458.43,5587.895
5458.5,5578.053
5458.57,5573.218
5458.64,5570.156
5458.71,5569.673
5458.78,5567.74
5458.85,5564.842
5458.92,5563.071
5458.99,5561.622
5459.06,5560.175
5459.13,5557.761
5459.2,5557.279
5459.27,5555.831
5459.34,5553.58
5459.41,5889.619
5459.48,5888.281
5459.55,5886.776
5459.62,5885.437
5459.69,5883.097
5459.76,5883.097
5459.83,5881.091
5459.9,5880.422
5459.97,5879.252
5460.04,5878.918
5460.11,5876.913
5460.18,5875.243
5460.25,5872.237
5460.32,5870.4
5460.39,5868.898
5460.46,5867.396
5460.53,5866.561
5460.6,5866.728
5460.67,5864.226
5460.74,5864.059
5460.81,5863.225
5460.88,5860.724
5460.95,5859.223
5461.02,5856.556
5461.09,5854.89
5461.16,5852.224
5461.23,5850.725
5461.3,5848.227
5461.37,5845.564
5461.44,5844.732
5461.51,5849.393
5461.58,5860.724
5461.65,5872.404
5461.72,5877.581
5461.79,5878.918
5461.86,5877.08
5461.93,5873.573
5462.0,5869.065
5462.07,5869.065
5462.14,5872.404
5462.21,5880.756
5462.28,5889.285
5462.35,5891.962
5462.42,5890.958
5462.49,5886.441
5462.559,5878.082
5462.63,5871.068
5462.7,5864.393
5462.77,5862.391
5462.84,5862.725
5462.91,5864.893
5462.98,5865.56
5463.05,5865.06
5463.12,5860.39
5463.19,5853.556
5463.26,5843.067
5463.33,5829.102
5463.4,5815.989
5463.47,5807.865
5463.54,5803.724
5463.61,5801.737
5463.68,5801.074
5463.75,5801.074
5463.82,5799.75
5463.89,5797.93
5463.96,5795.779
5464.03,5794.455
5464.1,5791.477
5464.17,5788.501
5464.24,5787.014
5464.31,5785.196
5464.38,5784.699
5464.45,5783.213
5464.52,5781.726
5464.59,5780.57
5464.66,5779.249
5464.73,5776.937
5464.8,5773.47
5464.87,5771.16
5464.94,5768.851
5465.01,5766.872
5465.08,5765.058
5465.15,5764.729
5465.22,5766.542
5465.29,5773.966
5465.36,5787.675
5465.43,5801.406
5465.5,5811.844
5465.57,5816.155
5465.64,5815.491
5465.71,5812.507
5465.78,5809.689
5465.85,5806.375
5465.92,5802.234
5465.99,5795.944
5466.06,5790.485
5466.13,5784.534
5466.2,5779.579
5466.27,5774.956
5466.34,5766.872
5466.41,5760.114
5466.48,5752.867
5466.55,5748.095
5466.62,5744.64
5466.69,5741.68
5466.76,5739.051
5466.83,5734.614
5466.9,5729.852
5466.97,5726.898
5467.039,5724.272
5467.11,5722.303
5467.18,5720.335
5467.25,5718.039
5467.32,5716.729
5467.39,5714.925
5467.46,5715.908
5467.53,5715.745
5467.6,5719.187
5467.67,5724.928
5467.69,0.0
5467.74,5739.872
5467.79,1241.3
5467.81,5748.589
5467.88,5752.044
5467.95,5749.905
5468.02,5745.463
5468.09,5742.667
5468.16,5739.708
5468.23,5736.093
5468.3,5730.837
5468.37,5725.256
5468.44,5721.319
5468.51,5718.696
5468.58,5718.86
5468.59,0.0
5468.65,5721.319
5468.72,5723.287
5468.79,5725.42
5468.86,5724.928
5468.93,5723.616
5469.0,5722.303
5469.07,5724.6
5469.14,5724.928
5469.21,5720.664
5469.28,5716.565
5469.35,5713.123
5469.42,5709.192
5469.49,5706.08
5469.56,5702.807
5469.63,5702.807
5469.7,5705.753
5469.77,5708.7
5469.84,5705.098
5469.91,5698.063
5469.98,5691.359
5470.05,5689.889
5470.12,5689.889
5470.19,5696.264
5470.26,5702.643
5470.33,5701.989
5470.4,5694.465
5470.47,5683.192
5470.54,5676.827
5470.61,5674.707
5470.68,5670.14
5470.75,5656.459
5470.82,5657.76
5470.89,5652.228
5470.96,5647.025
5471.03,5643.611
5471.1,5638.412
5471.17,5634.678
5471.24,5632.082
5471.31,5629.972
5471.38,5629.648
5471.45,5629.648
5471.519,5629.323
5471.59,5627.052
5471.66,5623.485
5471.73,5622.188
5471.8,5619.92
5471.87,5618.785
5471.94,5617.489
5472.01,5615.545
5472.08,5614.736
5472.15,5613.602
5472.22,5612.793
5472.29,5611.821
5472.36,5611.173
5472.43,5610.04
5472.5,5608.422
5472.57,5605.186
5472.64,5602.598
5472.71,5601.467
5472.78,5599.85
5472.85,5598.071
5472.92,5595.809
5472.99,5594.355
5473.06,5593.062
5473.13,5591.609
5473.2,5590.479
5473.27,5589.025
5473.34,5586.765
5473.41,5586.281
5473.48,5585.796
5473.55,5586.443
5473.62,5587.088
5473.69,5588.703
5473.76,5589.187
5473.83,5589.51
5473.9,5592.417
5473.97,5599.85
5474.04,5608.26
5474.11,5615.869
5474.18,5620.082
5474.25,5617.651
5474.32,5611.011
5474.39,5598.395
5474.46,5580.795
5474.53,5567.901
5474.6,5563.232
5474.67,5559.048
5474.74,5556.635
5474.81,5554.385
5474.88,5552.937
5474.95,5553.58
5475.02,5562.749
5475.09,5585.313
5475.16,5597.263
5475.23,5595.648
5475.3,5581.279
5475.37,5557.761
5475.44,5545.063
5475.51,5540.888
5475.58,5538.16
5475.65,5538.321
5475.72,5548.115
5475.79,5556.153
5475.86,5553.902
5475.93,5543.458
5475.999,5535.592
5476.07,5531.423
5476.14,5528.376
5476.21,5524.37
5476.28,5522.127
5476.35,5523.889
5476.42,5115.321
5476.49,5128.152
5476.56,5137.94
5476.63,5141.308
5476.7,5142.686
5476.77,5142.686
5476.84,5138.706
5476.91,5132.128
5476.98,5126.929
5477.05,5121.123
5477.12,5115.779
5477.19,5108.913
5477.26,5101.443
5477.33,5092.457
5477.4,5085.002
5477.47,5083.177
5477.54,5081.049
5477.61,5077.705
5477.68,5074.819
5477.75,5074.515
5477.82,5081.961
5477.89,5097.482
5477.96,5103.576
5478.03,5098.549
5478.1,5089.11
5478.17,5078.009
5478.24,5070.414
5478.31,5067.075
5478.38,5064.647
5478.45,5062.675
5478.52,5060.552
5478.59,5061.007
5478.66,5067.379
5478.73,5081.656
5478.8,5091.239
5478.87,5092.457
5478.94,5079.377
5479.01,5055.701
5479.08,5050.701
5479.15,5047.218
5479.22,5044.947
5479.29,5044.039
5479.36,5051.61
5479.43,5071.781
5479.5,5082.417
5479.57,5072.54
5479.64,5055.853
5479.71,5042.98
5479.78,5038.593
5479.85,5034.056
5479.92,5031.94
5479.99,5029.22
5480.06,5027.559
5480.13,5026.803
5480.2,5026.048
5480.27,5023.934
5480.34,5025.747
5480.41,5036.324
5480.479,5051.761
5480.55,5061.462
5480.62,5063.888
5480.69,5060.097
5480.76,5054.944
5480.83,5049.338
5480.9,5042.375
5480.97,5035.871
5481.04,5028.767
5481.11,5022.878
5481.18,5016.69
5481.25,5013.221
5481.32,5010.055
5481.39,5007.191
5481.46,5004.781
5481.53,5003.726
5481.6,5002.07
5481.67,4999.51
5481.74,4997.101
5481.81,4994.844
5481.88,4991.384
5481.95,4988.377
5482.02,4987.625
5482.09,4986.122
5482.16,4986.422
5482.23,4990.03
5482.3,5000.113
5482.37,5005.082
5482.44,4994.693
5482.51,4991.535
5482.58,4983.867
5482.65,4980.863
5482.72,4977.858
5482.79,4975.156
5482.86,4973.956
5482.93,4972.454
5483.0,4969.754
5483.07,4966.154
5483.14,4965.405
5483.21,4963.156
5483.28,4961.207
5483.35,4960.608
5483.42,4959.559
5483.49,4959.259
5483.56,4958.51
5483.63,4956.863
5483.7,4955.964
5483.77,4954.317
5483.84,4954.317
5483.91,4955.215
5483.98,4958.66
5484.05,4963.456
5484.12,4968.404
5484.19,4971.404
5484.26,4972.605
5484.33,4973.505
5484.4,4975.006
5484.47,4974.856
5484.54,4974.406
5484.61,4972.605
5484.68,4970.504
5484.75,4966.154
5484.82,4960.907
5484.89,4956.863
5484.959,4955.364
5485.03,4952.37
5485.1,4948.927
5485.17,4942.494
5485.24,4939.206
5485.31,4935.619
5485.38,4933.677
5485.45,4932.929
5485.52,4932.929
5485.59,4932.781
5485.66,4929.495
5485.73,4924.569
5485.8,4919.647
5485.87,4915.174
5485.94,4911.002
5486.01,4909.364
5486.08,4906.385
5486.15,4904.152
5486.22,4902.812
5486.29,4901.771
5486.36,4900.878
5486.43,4901.92
5486.5,4902.812
5486.57,4904.747
5486.64,4906.236
5486.71,4910.554
5486.78,4916.218
5486.85,4921.586
5486.92,4923.823
5486.99,4923.973
5487.06,4920.243
5487.13,4915.771
5487.2,4911.597
5487.27,4906.534
5487.34,4902.514
5487.41,4898.795
5487.48,4896.563
5487.55,4895.076
5487.62,4893.886
5487.69,4891.657
5487.76,4891.211
5487.83,4891.211
5487.9,4890.468
5487.97,4891.954
5488.04,4891.954
5488.11,4892.995
5488.18,4889.13
5488.25,4886.16
5488.32,4881.556
5488.39,4877.698
5488.46,4874.581
5488.53,4871.615
5488.6,4870.874
5488.67,4871.171
5488.74,4871.615
5488.81,4874.433
5488.88,4877.252
5488.95,4878.142
5489.02,4874.284
5489.09,4865.39
5489.16,4852.213
5489.23,4841.863
5489.3,4837.431
5489.37,4834.921
5489.439,4834.478
5489.51,4834.626
5489.58,4836.693
5489.65,4836.398
5489.72,4840.681
5489.79,4848.811
5489.86,4856.208
5489.93,4857.096
5490.0,4852.656
5490.07,4846.593
5490.14,4840.829
5490.21,4833.002
5490.28,4823.119
5490.35,4815.603
5490.42,4814.572
5490.49,4814.131
5490.56,4813.836
5490.63,4813.099
5490.7,4814.131
5490.77,4817.371
5490.84,4821.202
5490.91,4824.151
5490.98,4827.543
5491.05,4826.51
5491.12,4817.666
5491.19,4804.563
5491.26,4798.239
5491.33,4794.86
5491.4,4794.124
5491.47,4793.831
5491.54,4793.096
5491.61,4794.271
5491.68,4795.3
5491.75,4797.358
5491.82,4800.739
5491.89,4803.827
5491.96,4808.241
5492.03,4810.743
5492.1,4810.89
5492.17,4810.743
5492.24,4805.004
5492.31,4796.916
5492.38,4786.341
5492.45,4777.098
5492.52,4771.822
5492.59,4769.33
5492.66,4767.573
5492.73,4767.426
5492.8,4767.426
5492.87,4766.841
5492.94,4766.255
5493.01,4765.523
5493.08,4764.644
5493.15,4761.57
5493.22,4760.106
5493.29,4759.083
5493.36,4758.79
5493.43,4760.692
5493.5,4766.109
5493.57,4768.451
5493.64,4767.719
5493.71,4767.426
5493.78,4766.841
5493.85,4768.598
5493.919,4770.064
5493.99,4770.503
5494.06,4771.382
5494.13,4772.407
5494.2,4770.649
5494.27,4765.083
5494.34,4752.793
5494.41,4741.397
5494.48,4734.099
5494.55,4729.14
5494.62,4727.245
5494.69,4727.1
5494.76,4726.517
5494.83,4725.496
5494.9,4723.311
5494.97,4723.311
5495.04,4721.854
5495.11,4720.98
5495.18,4719.378
5495.25,4717.485
5495.32,4716.32
5495.39,4715.156
5495.46,4714.428
5495.53,4712.537
5495.6,4711.227
5495.67,4709.772
5495.74,4709.045
5495.81,4707.445
5495.88,4706.864
5495.95,4706.427
5496.02,4705.119
5496.09,4702.793
5496.16,4702.066
5496.23,4700.759
5496.3,4698.724
5496.37,4698.579
5496.44,4697.853
5496.51,4696.981
5496.58,4695.819
5496.65,4694.077
5496.72,4693.206
5496.79,4691.319
5496.86,4690.302
5496.93,4688.416
5497.0,4688.416
5497.07,4686.095
5497.14,4684.789
5497.21,4683.485
5497.28,4682.324
5497.35,4681.745
5497.42,4685.225
5497.49,4685.225
5497.56,4681.31
5497.63,4676.672
5497.7,4674.064
5497.77,4671.457
5497.84,4669.14
5497.91,4667.983
5497.98,4666.39
5498.05,4664.075
5498.12,4662.34
5498.19,4659.737
5498.26,4658.29
5498.33,4656.267
5498.399,4655.833
5498.47,4654.533
5498.54,4653.376
5498.61,4654.388
5498.68,4657.134
5498.75,4663.063
5498.82,4670.299
5498.89,4678.121
5498.96,4684.644
5499.03,4688.416
5499.1,4686.53
5499.17,4681.164
5499.24,4673.629
5499.31,4665.233
5499.38,4655.544
5499.45,4647.021
5499.52,4640.959
5499.59,4637.785
5499.66,4635.623
5499.73,4632.451
5499.8,4632.019
5499.87,4630.289
5499.94,4629.424
5500.01,4628.128
5500.08,4626.4
5500.15,4624.672
5500.22,4623.375
5500.29,4621.36
5500.36,4619.201
5500.43,4618.05
5500.5,4616.179
5500.57,4617.474
5500.64,4620.496
5500.71,4623.952
5500.78,4627.408
5500.85,4629.136
5500.92,4631.442
5500.99,4632.451
5501.06,4632.595
5501.13,4630.577
5501.2,4626.544
5501.27,4622.511
5501.34,4618.482
5501.41,4614.597
5501.48,4610.283
5501.55,4603.817
5501.62,4597.355
5501.69,4594.198
5501.76,4591.903
5501.83,4590.038
5501.9,4588.031
5501.97,4586.597
5502.04,4584.448
5502.11,4582.298
5502.18,4580.292
5502.25,4578.001
5502.32,4576.711
5502.39,4575.423
5502.46,4574.564
5502.53,4573.562
5502.6,4572.704
5502.67,4571.129
5502.74,4570.7
5502.81,4568.983
5502.879,4567.696
5502.95,4566.837
5503.02,4566.266
5503.09,4565.836
5503.16,4564.263
5503.23,4562.548
5503.3,4561.548
5503.37,4559.261
5503.44,4557.261
5503.51,4556.69
5503.58,4555.118
5503.65,4554.261
5503.72,4552.691
5503.79,4551.977
5503.86,4550.407
5503.93,4549.265
5504.0,4548.266
5504.07,4547.267
5504.14,4545.841
5504.21,4544.699
5504.28,4543.7
5504.35,4542.418
5504.42,4541.704
5504.49,4541.277
5504.56,4540.135
5504.63,4539.993
5504.7,4538.425
5504.77,4538.282
5504.84,4539.281
5504.91,4539.423
5504.98,4539.993
5505.05,4539.566
5505.12,4538.282
5505.19,4535.432
5505.26,4532.013
5505.33,4526.745
5505.4,4521.907
5505.47,4518.352
5505.54,4516.219
5505.61,4513.803
5505.68,4512.523
5505.75,4511.529
5505.82,4510.676
5505.89,4510.819
5505.96,4512.097
5506.03,4513.945
5506.1,4518.067
5506.17,4527.03
5506.24,4538.853
5506.31,4546.553
5506.38,4553.976
5506.45,4556.118
5506.52,4554.261
5506.59,4542.559
5506.66,4525.891
5506.73,4509.256
5506.8,4497.901
5506.87,4493.078
5506.94,4493.645
5507.01,4493.22
5507.08,4491.944
5507.15,4489.819
5507.22,4487.409
5507.29,4486.701
5507.359,4486.135
5507.43,4486.277
5507.5,4487.976
5507.57,4490.811
5507.64,4495.206
5507.71,4501.305
5507.78,4507.694
5507.85,4513.234
5507.92,4517.214
5507.99,4512.666
5508.06,4503.151
5508.13,4490.952
5508.2,4479.338
5508.27,4472.405
5508.34,4468.022
5508.41,4465.903
5508.48,4463.924
5508.55,4463.359
5508.62,4462.37
5508.69,4462.512
5508.76,4461.382
5508.83,4462.37
5508.9,4462.512
5508.97,4464.772
5509.04,4467.315
5509.11,4470.426
5509.18,4475.376
5509.25,4482.594
5509.32,4488.685
5509.39,4492.086
5509.46,4493.645
5509.53,4487.693
5509.6,4479.621
5509.67,4469.86
5509.74,4458.84
5509.81,4449.385
5509.88,4442.9
5509.95,4438.954
5510.02,4436.278
5510.09,4434.167
5510.16,4433.04
5510.23,4431.633
5510.3,4430.084
5510.37,4428.396
5510.44,4427.693
5510.51,4425.443
5510.58,4424.458
5510.65,4423.755
5510.72,4421.224
5510.79,4419.959
5510.86,4418.273
5510.93,4418.132
5511.0,4417.149
5511.07,4416.165
5511.14,4415.744
5511.21,4414.479
5511.28,4413.216
5511.35,4412.513
5511.42,4410.548
5511.49,4409.706
5511.56,4409.565
5511.63,4407.46
5511.7,4406.057
5511.77,4405.074
5511.839,4403.811
5511.91,4402.128
5511.98,4401.287
5512.05,4399.323
5512.12,4399.464
5512.19,4398.343
5512.26,4397.922
5512.33,4396.941
5512.4,4396.661
5512.47,4395.119
5512.54,4393.297
5512.61,4392.037
5512.68,4390.496
5512.75,4388.676
5512.82,4387.275
5512.89,4385.455
5512.96,4383.776
5513.03,4381.677
5513.1,4381.817
5513.17,4380.698
5513.24,4382.237
5513.31,4388.676
5513.38,4395.96
5513.45,4403.811
5513.52,4410.127
5513.59,4413.075
5513.66,4410.407
5513.73,4407.179
5513.8,4404.233
5513.87,4402.128
5513.94,4397.922
5514.01,4390.776
5514.08,4383.216
5514.15,4375.104
5514.22,4371.33
5514.29,4370.911
5514.36,4369.933
5514.43,4368.396
5514.5,4367.418
5514.57,4366.301
5514.64,4370.491
5514.71,4373.985
5514.78,4377.76
5514.85,4379.159
5514.92,4381.817
5514.99,4383.635
5515.06,4381.397
5515.13,4377.201
5515.2,4371.469
5515.27,4368.955
5515.34,4365.044
5515.41,4360.438
5515.48,4353.881
5515.55,4348.165
5515.62,4345.518
5515.69,4345.239
5515.76,4345.518
5515.83,4344.543
5515.9,4335.911
5515.97,4327.149
5516.04,4320.896
5516.11,4317.702
5516.18,4315.481
5516.25,4314.509
5516.319,4313.537
5516.39,4311.178
5516.46,4309.097
5516.53,4307.433
5516.6,4306.047
5516.67,4305.076
5516.74,4303.828
5516.81,4301.611
5516.88,4300.917
5516.95,4299.116
5517.02,4298.7
5517.09,4298.7
5517.16,4299.393
5517.23,4298.839
5517.3,4295.376
5517.37,4293.715
5517.44,4291.776
5517.51,4289.008
5517.58,4286.933
5517.65,4286.379
5517.72,4284.996
5517.79,4283.89
5517.86,4282.369
5517.93,4281.262
5518.0,4280.019
5518.07,4279.051
5518.14,4278.222
5518.21,4277.945
5518.28,4276.425
5518.35,4273.385
5518.42,4271.453
5518.49,4269.519
5518.49,0.0
5518.56,4269.519
5518.59,1253.0
5518.63,4267.448
5518.7,4266.759
5518.77,4266.207
5518.84,4267.863
5518.91,4272.971
5518.98,4278.498
5519.05,4278.636
5519.12,4274.076
5519.19,4271.038
5519.26,4271.038
5519.33,4275.32
5519.4,4278.636
5519.47,4275.043
5519.54,4268.277
5519.61,4264.826
5519.68,4263.171
5519.75,4266.069
5519.82,4272.419
5519.89,4278.222
5519.96,4283.198
5520.03,4287.763
5520.1,4294.407
5520.17,4289.562
5520.24,4271.866
5520.31,4246.219
5520.38,4237.275
5520.45,4233.699
5520.52,4231.225
5520.59,4230.126
5520.66,4230.126
5520.73,4230.126
5520.799,4233.287
5520.87,4239.338
5520.94,4250.075
5521.01,4262.619
5521.08,4278.083
5521.15,4280.433
5521.22,4263.032
5521.29,4237.688
5521.36,4219.826
5521.43,4216.396
5521.5,4214.338
5521.57,4211.869
5521.64,4210.087
5521.71,4209.676
5521.78,4215.709
5521.85,4229.027
5521.92,4245.393
5521.99,4256.827
5522.06,4258.757
5522.13,4252.417
5522.2,4241.677
5522.27,4232.875
5522.34,4228.34
5522.41,4226.279
5522.48,4221.885
5522.55,4214.886
5522.62,4205.564
5522.69,4196.526
5522.76,4192.284
5522.83,4188.728
5522.9,4187.087
5522.97,4186.54
5523.04,4185.447
5523.1,0.0
5523.11,4183.807
5523.18,4183.259
5523.2,1236.0
5523.25,4181.211
5523.32,4180.527
5523.39,4179.298
5523.46,4178.752
5523.53,4177.932
5523.6,4178.752
5523.67,4179.844
5523.74,4179.435
5523.81,4179.571
5523.88,4181.346
5523.95,4186.13
5524.02,4191.326
5524.09,4194.336
5524.16,4192.557
5524.23,4186.54
5524.3,4178.888
5524.37,4175.065
5524.44,4177.932
5524.51,4182.303
5524.58,4186.95
5524.65,4179.435
5524.72,4187.224
5524.79,4182.713
5524.86,4178.341
5524.93,4174.109
5525.0,4171.106
5525.07,4167.968
5525.14,4164.014
5525.21,4160.06
5525.279,4154.884
5525.35,4147.941
5525.42,4143.451
5525.49,4141.139
5525.56,4138.42
5525.63,4135.701
5525.7,4132.713
5525.77,4130.947
5525.84,4132.169
5525.91,4130.267
5525.98,4129.182
5526.05,4128.231
5526.12,4126.602
5526.19,4124.566
5526.26,4122.531
5526.33,4119.682
5526.4,4118.597
5526.47,4116.292
5526.54,4115.75
5526.61,4118.055
5526.68,4127.281
5526.75,4139.235
5526.82,4149.845
5526.89,4157.471
5526.96,4156.382
5527.03,4145.355
5527.1,4130.267
5527.17,4115.479
5527.24,4107.078
5527.31,4103.151
5527.38,4100.039
5527.45,4097.875
5527.52,4096.792
5527.59,4096.251
5527.66,4101.257
5527.73,4112.903
5527.8,4123.752
5527.87,4130.539
5527.94,4130.947
5528.01,4127.417
5528.08,4122.124
5528.15,4115.343
5528.22,4106.942
5528.29,4096.386
5528.36,4087.194
5528.43,4082.331
5528.5,4080.036
5528.57,4077.472
5528.64,4076.662
5528.71,4074.503
5528.78,4071.671
5528.85,4069.783
5528.92,4069.109
5528.99,4070.592
5529.06,4075.583
5529.13,4083.412
5529.2,4090.572
5529.27,4099.498
5529.34,4106.266
5529.41,4105.453
5529.48,4109.922
5529.55,4109.245
5529.62,4107.891
5529.69,4105.453
5529.759,4093.817
5529.83,4078.686
5529.9,4060.082
5529.97,4052.677
5530.04,4049.987
5530.11,4047.969
5530.18,4046.893
5530.25,4045.549
5530.32,4043.936
5530.39,4042.457
5530.46,4040.979
5530.53,4038.158
5530.6,4037.084
5530.67,4034.934
5530.74,4033.592
5530.81,4033.056
5530.88,4031.847
5530.95,4031.042
5531.02,4029.297
5531.09,4027.821
5531.16,4027.285
5531.23,4027.017
5531.3,4027.017
5531.37,4029.566
5531.44,4036.68
5531.51,4048.911
5531.58,4062.371
5531.65,4073.425
5531.72,4079.496
5531.79,4080.982
5531.86,4080.172
5531.93,4077.876
5532.0,4074.773
5532.07,4072.885
5532.14,4068.165
5532.21,4060.62
5532.28,4052.677
5532.35,4048.372
5532.42,4050.66
5532.49,4056.581
5532.56,4065.605
5532.63,4070.053
5532.7,4071.401
5532.77,4070.322
5532.84,4064.661
5532.91,4057.254
5532.98,4049.449
5533.05,4041.785
5533.12,4035.203
5533.19,4028.492
5533.26,4022.725
5533.33,4016.962
5533.4,4012.541
5533.47,4009.863
5533.54,4008.123
5533.61,4006.919
5533.68,4003.842
5533.75,3996.62
5533.82,3988.07
5533.89,3983.532
5533.96,3979.129
5534.03,3975.661
5534.1,3975.527
5534.17,3976.061
5534.239,3976.461
5534.31,3973.528
5534.38,3969.13
5534.45,3966.599
5534.52,3963.804
5534.59,3961.274
5534.66,3959.677
5534.73,3958.346
5534.8,3956.218
5534.87,3955.685
5534.94,3955.286
5535.01,3953.291
5535.08,3952.095
5535.15,3951.962
5535.22,3954.089
5535.29,3961.673
5535.36,3972.462
5535.43,3983.532
5535.5,3992.478
5535.57,3997.957
5535.64,3999.562
5535.71,3998.224
5535.78,3992.21
5535.85,3982.865
5535.92,3973.528
5535.99,3964.602
5536.06,3955.818
5536.13,3945.317
5536.2,3937.217
5536.27,3932.705
5536.34,3929.522
5536.41,3927.931
5536.48,3925.28
5536.55,3924.087
5536.62,3921.702
5536.69,3920.245
5536.76,3919.715
5536.83,3918.258
5536.9,3916.934
5536.97,3916.272
5537.04,3915.08
5537.11,3913.228
5537.18,3911.507
5537.25,3910.051
5537.32,3909.39
5537.39,3908.464
5537.46,3906.084
5537.53,3904.497
5537.6,3903.571
5537.67,3902.118
5537.74,3901.325
5537.81,3901.192
5537.88,3900.4
5537.95,3899.342
5538.02,3898.682
5538.09,3897.625
5538.16,3895.907
5538.23,3894.323
5538.3,3892.87
5538.37,3891.154
5538.44,3889.703
5538.51,3887.855
5538.58,3886.8
5538.65,3885.48
5538.719,3883.765
5538.79,3882.974
5538.86,3881.919
5538.93,3880.997
5539.0,3880.997
5539.07,3880.865
5539.14,3882.315
5539.21,3884.161
5539.28,3887.987
5539.35,3897.625
5539.42,3907.009
5539.49,3916.934
5539.56,3923.027
5539.63,3919.715
5539.7,3907.142
5539.77,3887.723
5539.84,3870.719
5539.91,3861.374
5539.98,3858.35
5540.05,3857.167
5540.12,3855.458
5540.19,3854.143
5540.26,3853.486
5540.33,3852.435
5540.4,3851.253
5540.47,3851.253
5540.54,3849.676
5540.61,3850.202
5540.68,3855.72
5540.75,3870.587
5540.82,3878.755
5540.89,3876.383
5540.96,3870.983
5541.03,3866.243
5541.1,3863.611
5541.17,3864.663
5541.24,3865.98
5541.31,3866.243
5541.38,3858.35
5541.45,3849.151
5541.52,3847.575
5541.59,3836.682
5541.66,3831.831
5541.73,3827.245
5541.79,0.0
5541.8,3824.756
5541.87,3822.791
5541.94,3821.744
5542.01,3820.959
5542.08,3820.566
5542.15,3820.174
5542.22,3819.519
5542.29,3821.613
5542.36,3835.108
5542.43,3842.324
5542.5,3844.161
5542.57,3835.371
5542.64,3834.453
5542.71,3819.257
5542.78,3809.97
5542.85,3806.049
5542.92,3803.828
5542.99,3802.913
5543.06,3801.737
5543.13,3801.477
5543.199,3799.517
5543.27,3798.734
5543.34,3799.387
5543.41,3800.17
5543.48,3799.125
5543.55,3797.559
5543.62,3795.862
5543.69,3795.079
5543.76,3792.991
5543.83,3791.817
5543.9,3791.556
5543.97,3791.556
5544.04,3791.034
5544.11,3791.817
5544.18,3793.774
5544.25,3796.645
5544.32,3799.517
5544.39,3801.868
5544.46,3803.435
5544.53,3805.395
5544.6,3807.748
5544.67,3811.8
5544.74,3817.687
5544.81,3818.079
5544.88,3808.794
5544.95,3789.338
5545.02,3769.929
5545.09,3765.246
5545.16,3764.596
5545.23,3764.726
5545.3,3765.376
5545.37,3765.116
5545.44,3764.596
5545.51,3763.556
5545.58,3762.906
5545.65,3769.929
5545.72,3782.82
5545.79,3796.515
5545.86,3797.168
5545.93,3774.354
5546.0,3756.018
5546.07,3748.358
5546.14,3746.411
5546.21,3746.152
5546.28,3746.022
5546.35,3746.281
5546.42,3745.113
5546.49,3743.687
5546.56,3742.519
5546.63,3747.579
5546.7,3771.881
5546.77,3796.645
5546.84,3800.954
5546.91,3791.817
5546.98,3780.084
5547.05,3769.799
5547.12,3763.816
5547.19,3761.346
5547.26,3757.837
5547.33,3744.465
5547.4,3743.037
5547.47,3732.02
5547.54,3724.123
5547.61,3721.535
5547.679,3718.689
5547.75,3717.396
5547.82,3716.879
5547.89,3717.008
5547.96,3715.974
5548.03,3715.715
5548.1,3714.293
5548.17,3713.905
5548.24,3713.905
5548.31,3722.441
5548.38,3736.555
5548.45,3732.15
5548.52,3735.519
5548.59,3716.879
5548.66,3702.538
5548.73,3699.958
5548.8,3700.344
5548.87,3699.183
5548.94,3698.151
5549.01,3699.183
5549.08,3701.893
5549.15,3725.029
5549.22,3744.854
5549.29,3738.759
5549.36,3709.77
5549.43,3689.769
5549.5,3686.805
5549.57,3686.547
5549.64,3686.547
5549.71,3690.671
5549.78,3712.613
5549.85,3735.13
5549.92,3745.892
5549.99,3749.396
5550.06,3745.892
5550.13,3734.612
5550.2,3715.328
5550.27,3696.86
5550.34,3684.229
5550.41,3675.861
5550.48,3672.388
5550.55,3670.716
5550.62,3670.458
5550.69,3665.188
5550.76,3662.875
5550.83,3660.948
5550.9,3659.15
5550.97,3659.022
5551.04,3656.326
5551.11,3655.94
5551.18,3654.144
5551.25,3653.758
5551.32,3652.732
5551.39,3652.218
5551.46,3651.063
5551.53,3649.524
5551.6,3647.344
5551.67,3646.19
5551.74,3646.062
5551.81,3645.293
5551.88,3644.267
5551.95,3643.755
5552.02,3644.908
5552.09,3655.17
5552.159,3671.745
5552.23,3682.426
5552.3,3688.351
5552.37,3684.1
5552.44,3670.716
5552.51,3653.501
5552.58,3638.372
5552.65,3630.561
5552.72,3628.258
5552.79,3626.339
5552.86,3625.828
5552.93,3624.804
5553.0,3624.165
5553.07,3623.269
5553.14,3621.991
5553.21,3621.607
5553.28,3620.712
5553.35,3621.607
5553.42,3626.211
5553.49,3636.451
5553.56,3643.241
5553.63,3640.678
5553.7,3638.372
5553.77,3635.298
5553.84,3632.097
5553.91,3629.922
5553.98,3631.201
5554.05,3632.865
5554.12,3637.091
5554.19,3636.707
5554.26,3637.091
5554.33,3637.988
5554.4,3638.5
5554.47,3641.063
5554.54,3643.241
5554.61,3637.603
5554.68,3624.421
5554.75,3611.896
5554.82,3600.666
5554.89,3594.038
5554.96,3592.254
5555.03,3589.069
5555.1,3588.05
5555.17,3586.013
5555.24,3584.231
5555.31,3582.577
5555.38,3580.795
5555.45,3579.65
5555.52,3577.869
5555.59,3576.725
5555.66,3575.072
5555.73,3574.563
5555.8,3574.436
5555.87,3575.453
5555.94,3580.032
5556.01,3583.722
5556.08,3583.086
5556.15,3579.778
5556.22,3574.69
5556.29,3568.717
5556.36,3564.653
5556.43,3562.748
5556.5,3561.479
5556.57,3560.083
5556.639,3558.94
5556.71,3558.179
5556.78,3559.828
5556.85,3572.021
5556.92,3579.015
5556.99,3578.76
5557.06,3573.547
5557.13,3570.496
5557.2,3567.955
5557.27,3569.988
5557.34,3578.632
5557.41,3583.976
5557.48,3583.722
5557.55,3579.523
5557.6,0.0
5557.62,3572.402
5557.69,3564.906
5557.7,3392.9
5557.76,3556.783
5557.81,3395.8
5557.83,3548.034
5557.9,3542.459
5557.9,3404.5
5557.97,3538.407
5558.0,3405.3
5558.04,3535.37
5558.1,3405.2
5558.11,3533.977
5558.18,3533.218
5558.2,3405.1
5558.25,3531.448
5558.3,3404.7
5558.32,3529.93
5558.39,3528.792
5558.4,3404.0
5558.46,3527.907
5558.5,3403.4
5558.53,3532.966
5558.6,3542.586
5558.6,3402.7
5558.67,3547.147
5558.7,3401.6
5558.74,3544.486
5558.8,3400.4
5558.81,3541.192
5558.88,3539.42
5558.91,3398.9
5558.95,3544.359
5559.02,3397.7
5559.02,3553.231
5559.09,3559.956
5559.11,3396.2
5559.16,3563.764
5559.199,3394.6
5559.23,3565.415
5559.3,3564.526
5559.3,3393.3
5559.37,3554.626
5559.4,3392.0
5559.44,3539.294
5559.5,3390.6
5559.51,3524.241
5559.58,3513.758
5559.6,3389.2
5559.65,3509.215
5559.7,3388.0
5559.72,3505.179
5559.79,3503.919
5559.8,3386.6
5559.86,3501.901
5559.9,3385.1
5559.93,3499.885
5560.0,3497.869
5560.01,3384.0
5560.07,3495.854
5560.1,3382.9
5560.14,3494.72
5560.2,3381.7
5560.21,3493.083
5560.28,3491.824
5560.3,3380.5
5560.35,3491.698
5560.4,3379.3
5560.42,3492.201
5560.49,3495.98
5560.5,3377.8
5560.56,3500.389
5560.6,3376.3
5560.63,3504.927
5560.7,3509.72
5560.7,3374.9
5560.77,3516.536
5560.8,3373.5
5560.84,3523.483
5560.9,3372.1
5560.91,3534.737
5560.98,3544.993
5561.0,3370.6
5561.05,3549.301
5561.1,3368.9
5561.119,3545.626
5561.19,3535.37
5561.2,3367.6
5561.26,3523.103
5561.3,3366.3
5561.33,3514.389
5561.4,3507.702
5561.4,3364.6
5561.47,3496.609
5561.5,3363.2
5561.54,3485.28
5561.6,3361.7
5561.61,3476.982
5561.68,3472.333
5561.7,3360.3
5561.75,3470.072
5561.8,3358.7
5561.82,3467.436
5561.89,3464.8
5561.9,3357.0
5561.96,3463.168
5562.0,3355.2
5562.03,3461.537
5562.1,3460.158
5562.1,3353.7
5562.17,3459.405
5562.2,3351.9
5562.24,3458.277
5562.3,3350.4
5562.31,3457.023
5562.38,3455.518
5562.399,3348.8
5562.45,3453.889
5562.5,3347.2
5562.52,3452.636
5562.59,3451.759
5562.6,3345.5
5562.66,3451.633
5562.7,3343.9
5562.73,3450.756
5562.8,3450.005
5562.8,3342.3
5562.87,3449.755
5562.9,3340.8
5562.94,3450.255
5563.01,3339.2
5563.01,3449.128
5563.08,3448.001
5563.1,3337.4
5563.15,3446.122
5563.2,3335.6
5563.22,3443.744
5563.29,3442.367
5563.31,3333.5
5563.36,3439.989
5563.41,3331.6
5563.43,3437.988
5563.5,3436.862
5563.51,3329.8
5563.57,3435.236
5563.61,3328.2
5563.64,3434.111
5563.7,3326.5
5563.71,3437.362
5563.78,3433.235
5563.81,3324.8
5563.85,3430.61
5563.91,3323.2
5563.92,3428.361
5563.99,3427.611
5564.02,3321.5
5564.06,3425.987
5564.12,3319.8
5564.13,3424.863
5564.2,3423.988
5564.22,3318.2
5564.27,3422.366
5564.319,3316.4
5564.34,3420.618
5564.41,3417.996
5564.42,3314.5
5564.48,3417.123
5564.52,3312.7
5564.55,3416.624
5564.62,3310.8
5564.62,3414.877
5564.69,3413.505
5564.71,3309.0
5564.76,3411.634
5564.8,3307.3
5564.83,3411.011
5564.9,3411.884
5564.9,3305.5
5564.97,3417.622
5565.0,3303.7
5565.04,3427.111
5565.1,3301.7
5565.11,3436.611
5565.18,3446.248
5565.2,3299.8
5565.25,3455.143
5565.3,3298.0
5565.32,3462.792
5565.39,3468.189
5565.4,3296.2
5565.46,3469.57
5565.5,3294.3
5565.53,3464.925
5565.599,3450.506
5565.599,3292.3
5565.67,3432.61
5565.7,3290.2
5565.74,3415.75
5565.8,3288.0
5565.81,3402.661
5565.88,3397.306
5565.9,3285.7
5565.95,3393.82
5566.0,3283.2
5566.02,3390.213
5566.09,3388.845
5566.1,3281.1
5566.16,3387.353
5566.2,3278.9
5566.23,3386.606
5566.3,3385.487
5566.3,3276.9
5566.37,3384.866
5566.44,3383.374
5566.51,3382.007
5566.58,3381.51
5566.65,3381.013
5566.7,0.0
5566.72,3379.895
5566.79,3380.765
5566.8,3258.1
5566.86,3381.261
5566.9,3255.6
5566.93,3382.877
5567.0,3385.114
5567.0,3253.5
5567.07,3388.968
5567.1,3251.8
5567.14,3394.816
5567.2,3250.2
5567.21,3399.796
5567.28,3400.916
5567.3,3248.1
5567.35,3399.92
5567.4,3245.8
5567.42,3399.547
5567.49,3399.796
5567.5,3244.0
5567.56,3400.169
5567.6,3242.0
5567.63,3399.796
5567.7,3239.2
5567.7,3399.173
5567.77,3398.55
5567.8,3237.4
5567.84,3398.301
5567.9,3236.8
5567.91,3398.301
5567.98,3398.8
5568.0,3236.1
5568.05,3400.419
5568.1,3232.6
5568.12,3401.664
5568.19,3401.539
5568.2,3228.9
5568.26,3400.169
5568.3,3227.6
5568.33,3398.675
5568.4,3398.924
5568.4,3223.9
5568.47,3399.048
5568.5,3222.1
5568.54,3399.173
5568.6,3223.9
5568.61,3395.438
5568.68,3388.845
5568.7,3221.6
5568.75,3382.131
5568.799,3218.3
5568.82,3377.783
5568.89,3381.013
5568.9,3216.7
5568.96,3387.104
5569.0,3212.9
5569.03,3385.612
5569.1,3373.189
5569.1,3211.3
5569.17,3353.97
5569.2,3210.9
5569.24,3337.143
5569.3,3210.3
5569.31,3331.829
5569.38,3329.112
5569.4,3208.3
5569.45,3328.248
5569.52,3328.618
5569.59,3332.818
5569.66,3336.031
5569.73,3341.347
5569.8,3346.542
5569.87,3345.057
5569.9,0.0
5569.94,3351.865
5570.0,3211.4
5570.01,3364.504
5570.079,3358.182
5570.1,3201.7
5570.15,3349.388
5570.2,3197.0
5570.22,3341.594
5570.29,3331.336
5570.36,3320.842
5570.43,3316.033
5570.5,3314.923
5570.57,3316.649
5570.64,3319.239
5570.71,3320.966
5570.78,3315.416
5570.85,3307.407
5570.92,3302.727
5570.99,3301.004
5571.06,3299.158
5571.13,3299.035
5571.2,3300.758
5571.27,3307.899
5571.34,3317.142
5571.41,3324.668
5571.48,3330.965
5571.55,3336.896
5571.62,3341.47
5571.69,3341.47
5571.76,3339.121
5571.83,3335.66
5571.9,3331.088
5571.97,3328.001
5572.04,3324.174
5572.11,3318.253
5572.18,3309.131
5572.25,3297.682
5572.32,3289.812
5572.39,3285.388
5572.46,3281.089
5572.53,3278.634
5572.6,3275.565
5572.67,3274.216
5572.74,3272.254
5572.78,0.0
5572.81,3272.254
5572.88,3268.452
5572.88,3162.8
5572.95,3265.142
5572.99,3143.6
5573.02,3266.49
5573.09,3140.8
5573.09,3266.613
5573.16,3263.917
5573.19,3141.2
5573.23,3262.324
5573.29,3144.2
5573.3,3259.262
5573.37,3254.242
5573.39,3144.4
5573.44,3252.528
5573.49,3142.6
5573.51,3256.69
5573.58,3256.445
5573.59,3140.4
5573.65,3252.773
5573.69,3140.0
5573.72,3251.427
5573.79,3249.837
5573.79,3138.0
5573.86,3248.369
5573.89,3136.5
5573.93,3247.268
5574.0,3136.4
5574.0,3245.557
5574.07,3244.089
5574.09,3135.8
5574.14,3242.622
5574.19,3135.2
5574.21,3241.766
5574.28,3240.178
5574.3,3134.3
5574.35,3239.811
5574.4,3124.6
5574.42,3238.956
5574.49,3237.857
5574.49,3123.8
5574.559,3239.323
5574.6,3123.8
5574.63,3249.837
5574.69,3123.2
5574.7,3270.046
5574.77,3290.057
5574.79,3122.0
5574.84,3302.358
5574.89,3122.7
5574.91,3297.804
5574.98,3274.462
5575.0,3122.6
5575.05,3243.6
5575.1,3122.4
5575.12,3230.775
5575.19,3227.48
5575.199,3120.3
5575.26,3225.284
5575.3,3119.0
5575.33,3223.454
5575.4,3117.5
5575.4,3222.113
5575.47,3220.772
5575.5,3116.1
5575.54,3219.431
5575.6,3114.5
5575.61,3218.456
5575.68,3218.091
5575.7,3113.3
5575.75,3220.285
5575.8,3112.2
5575.82,3230.53
5575.89,3249.959
5575.89,3111.2
5575.96,3267.594
5576.0,3110.2
5576.03,3276.916
5576.1,3109.0
5576.1,3267.226
5576.17,3245.678
5576.2,3107.9
5576.24,3224.064
5576.29,3106.6
5576.31,3212.973
5576.38,3207.373
5576.4,3105.2
5576.45,3205.06
5576.5,3103.2
5576.52,3202.383
5576.59,3200.072
5576.59,3101.5
5576.66,3198.37
5576.69,3099.9
5576.73,3198.005
5576.8,3098.8
5576.8,3208.224
5576.87,3232.972
5576.89,3097.5
5576.94,3249.225
5577.0,3096.4
5577.01,3247.39
5577.08,3231.385
5577.1,3095.8
5577.15,3208.103
5577.2,3094.8
5577.22,3193.63
5577.29,3188.892
5577.3,3093.3
5577.36,3186.463
5577.4,3091.6
5577.43,3184.521
5577.49,3090.0
5577.5,3182.943
5577.57,3183.064
5577.6,3088.4
5577.64,3199.586
5577.7,3086.9
5577.71,3221.626
5577.78,3225.894
5577.79,3085.5
5577.85,3215.166
5577.89,3084.8
5577.92,3195.088
5577.99,3181.729
5578.0,3083.8
5578.06,3176.877
5578.1,3082.1
5578.13,3174.573
5578.2,3080.4
5578.2,3172.269
5578.27,3170.694
5578.3,3078.7
5578.34,3169.967
5578.399,3077.0
5578.41,3167.422
5578.48,3166.938
5578.5,3075.3
5578.55,3166.332
5578.59,3073.6
5578.62,3170.936
5578.69,3181.001
5578.7,3072.3
5578.76,3180.516
5578.8,3071.0
5578.83,3196.06
5578.9,3069.6
5578.9,3193.022
5578.97,3184.399
5579.0,3068.2
5579.039,3172.512
5579.1,3066.5
5579.11,3164.152
5579.18,3159.431
5579.2,3064.6
5579.25,3157.858
5579.3,3062.8
5579.32,3155.559
5579.39,3153.261
5579.4,3065.8
5579.46,3151.447
5579.5,3064.3
5579.53,3149.391
5579.6,3062.7
5579.6,3147.458
5579.67,3145.403
5579.7,3061.0
5579.74,3145.041
5579.8,3059.2
5579.81,3144.074
5579.88,3142.746
5579.9,3057.6
5579.95,3142.625
5580.0,3055.8
5580.02,3141.176
5580.09,3139.848
5580.1,3054.1
5580.16,3138.036
5580.2,3052.4
5580.23,3136.708
5580.3,3135.019
5580.3,3050.8
5580.37,3134.053
5580.4,3049.3
5580.44,3133.209
5580.5,3047.8
5580.51,3131.399
5580.58,3130.073
5580.6,3046.2
5580.65,3128.264
5580.7,3044.6
5580.72,3126.455
5580.79,3126.575
5580.8,3043.0
5580.86,3123.321
5580.9,3041.5
5580.93,3122.237
5581.0,3120.791
5581.0,3040.0
5581.07,3120.189
5581.1,3038.5
5581.14,3119.587
5581.2,3037.0
5581.21,3119.706
5581.28,3122.237
5581.3,3035.7
5581.35,3132.123
5581.4,3034.5
5581.42,3144.195
5581.49,3150.48
5581.5,3033.1
5581.56,3153.14
5581.599,3031.7
5581.63,3150.48
5581.69,3030.1
5581.7,3146.733
5581.77,3143.47
5581.8,3028.5
5581.84,3139.364
5581.9,3026.9
5581.91,3137.915
5581.98,3139.726
5582.0,3025.1
5582.05,3140.813
5582.1,3023.2
5582.12,3141.9
5582.19,3143.47
5582.2,3021.5
5582.26,3144.557
5582.3,3019.7
5582.33,3146.008
5582.4,3145.645
5582.4,3017.7
5582.47,3142.867
5582.5,3015.8
5582.54,3138.64
5582.6,3013.8
5582.61,3136.588
5582.68,3133.933
5582.7,3011.9
5582.75,3126.817
5582.8,3009.8
5582.82,3114.89
5582.89,3100.215
5582.9,3007.9
5582.96,3092.527
5583.0,3005.6
5583.03,3088.566
5583.1,3086.886
5583.1,3003.2
5583.17,3084.726
5583.2,3000.7
5583.24,3083.287
5583.3,2998.1
5583.31,3081.608
5583.38,3081.008
5583.4,2995.6
5583.45,3078.49
5583.5,2993.1
5583.519,3077.172
5583.59,3075.854
5583.6,2990.6
5583.66,3074.655
5583.7,2988.3
5583.73,3073.578
5583.8,2986.1
5583.8,3072.619
5583.87,3072.859
5583.9,2983.7
5583.94,3072.379
5584.0,2981.6
5584.01,3074.895
5584.08,3080.169
5584.1,2979.6
5584.15,3089.046
5584.2,2977.5
5584.22,3093.487
5584.29,3095.769
5584.36,3097.331
5584.43,3094.809
5584.5,3088.446
5584.57,3081.008
5584.64,3074.775
5584.71,3070.223
5584.78,3066.871
5584.85,3063.281
5584.89,0.0
5584.92,3059.931
5584.99,3056.104
5585.0,2940.3
5585.06,3053.116
5585.1,2937.1
5585.13,3050.368
5585.2,3048.576
5585.27,3046.426
5585.34,3044.874
5585.41,3042.725
5585.48,3041.532
5585.49,0.0
5585.55,3039.981
5585.62,3037.953
5585.69,3036.879
5585.76,3035.447
5585.79,0.0
5585.83,3034.255
5585.9,2920.0
5585.9,3032.943
5585.97,3032.466
5586.0,2920.2
5586.04,3031.275
5586.1,2920.6
5586.11,3030.202
5586.18,3027.818
5586.2,2920.9
5586.25,3026.269
5586.29,2921.1
5586.32,3024.84
5586.39,3024.483
5586.39,2921.1
5586.46,3023.054
5586.49,2920.9
5586.53,3021.148
5586.59,2920.7
5586.6,3020.791
5586.67,3019.005
5586.69,2920.4
5586.74,3017.934
5586.79,2920.0
5586.81,3016.268
5586.88,3015.555
5586.89,2913.5
5586.95,3014.841
5587.0,2913.3
5587.02,3014.722
5587.09,3014.245
5587.1,2912.9
5587.16,3013.413
5587.23,3012.581
5587.3,3011.272
5587.37,3008.894
5587.44,3007.705
5587.51,3005.804
5587.58,3004.378
5587.65,3002.002
5587.72,3000.814
5587.79,2999.507
5587.86,2999.27
5587.93,2998.082
5587.999,2997.845
5588.07,2996.777
5588.14,2995.827
5588.21,2994.047
5588.28,2992.148
5588.35,2990.724
5588.42,2989.42
5588.49,2987.878
5588.56,2987.404
5588.63,2987.048
5588.7,2984.914
5588.77,2983.017
5588.84,2981.24
5588.91,2980.173
5588.98,2979.462
5589.05,2978.751
5589.12,2977.686
5589.19,2976.027
5589.26,2975.08
5589.33,2975.435
5589.4,2975.198
5589.47,2974.015
5589.54,2972.712
5589.61,2971.884
5589.68,2971.291
5589.75,2969.28
5589.82,2964.548
5589.89,2964.075
5589.96,2962.893
5590.03,2963.602
5590.1,2964.548
5590.17,2964.666
5590.24,2965.494
5590.31,2970.7
5590.38,2979.581
5590.45,2987.878
5590.52,2991.555
5590.59,2990.843
5590.66,2988.708
5590.73,2988.708
5590.8,2973.304
5590.87,2982.069
5590.94,2971.765
5591.01,2962.301
5591.08,2954.502
5591.15,2949.306
5591.22,2946.237
5591.29,2946.592
5591.36,2948.362
5591.43,2951.077
5591.5,2954.62
5591.57,2958.992
5591.64,2963.247
5591.71,2966.795
5591.78,2973.541
5591.85,2983.729
5591.92,2994.047
5591.99,2999.151
5592.06,2985.151
5592.13,2956.628
5592.2,2931.5
5592.27,2925.612
5592.3,0.0
5592.34,2922.67
5592.39,2812.0
5592.41,2921.611
5592.479,2918.552
5592.5,2811.8
5592.55,2915.377
5592.59,2811.5
5592.62,2916.788
5592.69,2916.318
5592.69,2810.9
5592.76,2919.258
5592.8,2810.1
5592.83,2928.202
5592.89,2809.2
5592.9,2945.411
5592.97,2963.011
5593.0,2808.3
5593.04,2968.925
5593.1,2807.4
5593.11,2963.129
5593.18,2952.14
5593.2,2806.4
5593.25,2941.872
5593.3,2805.5
5593.32,2937.864
5593.39,2938.924
5593.4,2804.6
5593.46,2943.406
5593.5,2803.8
5593.53,2945.884
5593.59,2802.7
5593.6,2939.278
5593.67,2923.14
5593.69,2802.5
5593.74,2908.208
5593.8,2801.0
5593.81,2900.341
5593.88,2896.938
5593.9,2799.4
5593.95,2893.771
5594.0,2798.2
5594.02,2891.309
5594.09,2889.902
5594.09,2797.0
5594.16,2889.081
5594.2,2796.8
5594.23,2888.496
5594.3,2888.964
5594.3,2795.7
5594.37,2889.55
5594.399,2794.5
5594.44,2894.24
5594.49,2793.3
5594.51,2900.341
5594.58,2904.919
5594.59,2792.1
5594.65,2905.976
5594.69,2790.9
5594.72,2905.389
5594.79,2903.276
5594.8,2790.0
5594.86,2905.389
5594.89,2789.0
5594.93,2907.034
5595.0,2788.2
5595.0,2908.208
5595.07,2905.859
5595.1,2787.4
5595.14,2897.877
5595.2,2786.3
5595.21,2884.981
5595.28,2874.56
5595.3,2785.1
5595.35,2871.051
5595.4,2783.8
5595.42,2868.361
5595.49,2867.192
5595.49,2782.7
5595.56,2865.439
5595.6,2781.6
5595.63,2864.153
5595.69,2780.5
5595.7,2862.751
5595.77,2861.699
5595.79,2779.8
5595.84,2862.284
5595.89,2778.6
5595.91,2871.051
5595.98,2894.005
5596.0,2777.3
5596.05,2913.261
5596.1,2776.1
5596.12,2917.847
5596.19,2913.379
5596.19,2774.9
5596.26,2907.855
5596.3,2773.7
5596.33,2904.567
5596.4,2773.0
5596.4,2900.458
5596.47,2897.408
5596.49,2772.6
5596.54,2896.469
5596.6,2771.7
5596.61,2897.759
5596.68,2899.637
5596.69,2770.3
5596.75,2895.882
5596.8,2769.5
5596.82,2888.378
5596.89,2878.774
5596.89,2768.1
5596.959,2870.934
5597.0,2767.1
5597.03,2865.556
5597.1,2766.0
5597.1,2861.232
5597.17,2856.56
5597.2,2765.0
5597.24,2851.192
5597.3,2763.9
5597.31,2845.36
5597.38,2841.163
5597.4,2762.7
5597.45,2838.017
5597.5,2761.4
5597.52,2836.153
5597.59,2834.406
5597.59,2760.3
5597.66,2833.824
5597.7,2759.2
5597.73,2832.078
5597.8,2830.564
5597.87,2828.469
5597.94,2826.608
5598.01,2823.932
5598.08,2822.537
5598.15,2821.491
5598.22,2820.328
5598.29,2818.7
5598.36,2818.468
5598.43,2818.235
5598.5,2818.119
5598.57,2817.305
5598.64,2816.26
5598.71,2815.098
5598.78,2813.355
5598.85,2811.962
5598.92,2811.032
5598.99,2810.684
5599.06,2810.568
5599.13,2813.936
5599.2,2821.955
5599.27,2831.961
5599.34,2843.145
5599.41,2852.009
5599.48,2856.327
5599.55,2858.078
5599.62,2858.896
5599.69,2857.495
5599.76,2855.276
5599.83,2852.359
5599.9,2847.925
5599.97,2841.979
5600.04,2837.085
5600.11,2831.961
5600.18,2824.514
5600.25,2815.098
5600.32,2802.559
5600.39,2789.229
5600.46,2783.902
5600.53,2781.472
5600.6,2780.43
5600.67,2778.348
5600.74,2776.844
5600.81,2775.341
5600.88,2773.607
5600.95,2771.988
5601.02,2772.682
5601.09,2774.185
5601.16,2779.505
5601.23,2787.839
5601.3,2793.515
5601.37,2791.777
5601.439,2783.671
5601.51,2773.953
5601.58,2766.788
5601.65,2762.977
5601.72,2760.09
5601.79,2758.359
5601.86,2757.667
5601.93,2756.052
5602.0,2755.129
5602.07,2752.591
5602.14,2750.746
5602.21,2749.363
5602.28,2751.092
5602.35,2760.206
5602.42,2776.266
5602.49,2791.082
5602.56,2796.877
5602.58,0.0
5602.63,2792.704
5602.68,2755.6
5602.7,2783.439
5602.77,2770.139
5602.78,2755.6
5602.84,2757.552
5602.88,2755.7
5602.91,2745.098
5602.98,2738.764
5602.99,2753.4
5603.05,2736.807
5603.09,2697.5
5603.12,2735.426
5603.19,2664.5
5603.19,2733.699
5603.26,2732.203
5603.29,2657.9
5603.33,2731.628
5603.39,2652.0
5603.4,2735.886
5603.47,2747.172
5603.49,2647.1
5603.54,2762.746
5603.59,2643.7
5603.61,2775.341
5603.68,2773.723
5603.69,2642.2
5603.75,2759.975
5603.79,2639.5
5603.82,2743.716
5603.89,2729.558
5603.89,2637.5
5603.96,2721.856
5603.99,2635.9
5604.03,2719.213
5604.09,2634.5
5604.1,2716.916
5604.17,2715.768
5604.2,2633.4
5604.24,2714.16
5604.29,2632.4
5604.31,2712.324
5604.38,2710.717
5604.4,2631.6
5604.45,2708.996
5604.49,2630.6
5604.52,2708.078
5604.59,2707.964
5604.59,2629.2
5604.66,2710.029
5604.69,2628.1
5604.73,2715.998
5604.79,2627.2
5604.8,2725.533
5604.87,2726.109
5604.89,2617.4
5604.94,2730.363
5605.0,2614.3
5605.01,2725.993
5605.08,2723.005
5605.09,2614.0
5605.15,2724.154
5605.2,2613.2
5605.22,2720.937
5605.29,2716.227
5605.3,2612.5
5605.36,2710.029
5605.39,2610.2
5605.43,2702.688
5605.49,2609.8
5605.5,2697.76
5605.57,2693.179
5605.6,2607.2
5605.64,2690.774
5605.7,2601.8
5605.71,2688.713
5605.78,2687.34
5605.79,2598.5
5605.85,2685.853
5605.89,2598.4
5605.919,2684.594
5605.99,2682.993
5606.0,2598.4
5606.06,2681.963
5606.1,2598.1
5606.13,2680.476
5606.2,2679.219
5606.2,2596.1
5606.27,2677.962
5606.3,2594.0
5606.34,2676.704
5606.4,2592.3
5606.41,2675.219
5606.48,2674.304
5606.5,2590.7
5606.55,2672.59
5606.6,2589.2
5606.62,2671.563
5606.69,2669.849
5606.7,2587.8
5606.76,2669.278
5606.8,2586.5
5606.83,2667.794
5606.9,2666.653
5606.9,2585.5
5606.97,2666.424
5607.0,2584.0
5607.04,2665.625
5607.1,2582.6
5607.11,2664.826
5607.18,2663.457
5607.199,2581.3
5607.25,2662.088
5607.3,2579.9
5607.32,2659.92
5607.39,2660.034
5607.4,2578.3
5607.46,2659.236
5607.5,2576.8
5607.53,2659.007
5607.6,2658.894
5607.6,2575.4
5607.67,2660.49
5607.69,2574.0
5607.74,2662.316
5607.79,2573.6
5607.81,2667.109
5607.88,2674.19
5607.89,2573.1
5607.95,2678.647
5608.0,2572.6
5608.02,2678.304
5608.09,2673.733
5608.1,2572.1
5608.16,2671.334
5608.2,2571.6
5608.23,2670.42
5608.3,2571.1
5608.3,2671.105
5608.37,2672.933
5608.4,2570.7
5608.44,2674.076
5608.5,2570.2
5608.51,2674.99
5608.58,2674.419
5608.6,2568.9
5608.65,2671.677
5608.7,2568.4
5608.72,2668.137
5608.79,2662.658
5608.8,2567.2
5608.86,2658.21
5608.9,2565.9
5608.93,2654.333
5609.0,2648.863
5609.0,2564.6
5609.07,2644.65
5609.1,2563.4
5609.14,2641.007
5609.2,2562.4
5609.21,2638.959
5609.28,2636.569
5609.3,2561.3
5609.35,2633.954
5609.4,2560.8
5609.42,2631.111
5609.49,2626.565
5609.5,2560.3
5609.56,2622.022
5609.6,2559.6
5609.63,2619.071
5609.7,2559.0
5609.7,2616.233
5609.77,2614.871
5609.8,2558.4
5609.84,2614.078
5609.9,2557.5
5609.91,2612.603
5609.98,2612.035
5610.0,2556.6
5610.05,2611.128
5610.1,2555.7
5610.12,2610.674
5610.19,2610.674
5610.2,2554.8
5610.26,2611.242
5610.3,2553.8
5610.33,2611.809
5610.399,2613.51
5610.399,2552.9
5610.47,2616.006
5610.5,2551.9
5610.54,2619.865
5610.6,2551.0
5610.61,2623.158
5610.68,2626.111
5610.7,2550.2
5610.75,2627.247
5610.8,2549.1
5610.82,2610.334
5610.89,2606.366
5610.9,2547.0
5610.96,2597.304
5611.0,2544.1
5611.03,2594.021
5611.1,2541.8
5611.1,2592.89
5611.17,2591.531
5611.2,2540.5
5611.24,2590.74
5611.3,2539.0
5611.31,2591.079
5611.38,2591.531
5611.4,2537.5
5611.45,2594.135
5611.5,2536.4
5611.52,2596.059
5611.59,2597.644
5611.6,2535.2
5611.66,2597.53
5611.7,2534.1
5611.73,2598.21
5611.8,2532.9
5611.8,2598.436
5611.87,2601.721
5611.9,2531.5
5611.94,2606.933
5612.0,2529.8
5612.01,2613.397
5612.08,2616.233
5612.1,2527.7
5612.15,2613.964
5612.2,2525.3
5612.22,2603.987
5612.29,2590.627
5612.3,2524.2
5612.36,2577.966
5612.4,2521.6
5612.43,2572.771
5612.5,2520.4
5612.5,2569.949
5612.57,2567.354
5612.6,2526.4
5612.64,2565.549
5612.7,2524.2
5612.71,2564.195
5612.78,2562.505
5612.8,2521.3
5612.85,2561.264
5612.9,2519.1
5612.92,2560.587
5612.99,2559.798
5613.0,2518.0
5613.06,2558.672
5613.1,2516.8
5613.13,2557.657
5613.2,2556.53
5613.2,2514.6
5613.27,2555.516
5613.3,2513.5
5613.34,2554.164
5613.4,2512.3
5613.41,2552.7
5613.48,2551.349
5613.5,2510.1
5613.55,2550.223
5613.599,2508.9
5613.62,2549.435
5613.69,2548.197
5613.7,2507.2
5613.76,2547.634
5613.8,2505.6
5613.83,2547.296
5613.9,2503.4
5613.9,2546.284
5613.97,2545.496
5614.0,2501.9
5614.04,2544.257
5614.1,2500.5
5614.11,2543.471
5614.18,2542.458
5614.2,2499.0
5614.25,2541.333
5614.3,2497.4
5614.32,2540.546
5614.39,2539.534
5614.4,2495.9
5614.46,2538.41
5614.5,2494.2
5614.53,2537.06
5614.6,2535.599
5614.6,2492.4
5614.67,2534.251
5614.7,2490.8
5614.74,2532.902
5614.8,2489.3
5614.81,2532.003
5614.879,2530.543
5614.95,2529.532
5615.02,2527.96
5615.09,2527.735
5615.1,0.0
5615.16,2526.5
5615.23,2526.388
5615.3,2527.398
5615.37,2527.735
5615.44,2525.714
5615.51,2522.01
5615.58,2518.532
5615.59,0.0
5615.65,2515.953
5615.69,2415.9
5615.72,2514.159
5615.79,2512.366
5615.79,2416.5
5615.86,2511.021
5615.89,2414.9
5615.93,2509.452
5616.0,2412.3
5616.0,2508.555
5616.07,2507.435
5616.14,2506.091
5616.21,2504.188
5616.28,2502.732
5616.35,2501.276
5616.42,2500.269
5616.49,2499.262
5616.56,2498.591
5616.63,2496.912
5616.69,0.0
5616.7,2496.465
5616.77,2495.01
5616.79,2392.8
5616.84,2493.891
5616.89,2388.3
5616.91,2492.438
5616.98,2491.991
5617.05,2491.096
5617.12,2490.202
5617.19,2489.755
5617.26,2489.084
5617.29,0.0
5617.33,2487.855
5617.39,2395.1
5617.4,2486.514
5617.47,2485.955
5617.49,2393.9
5617.54,2485.396
5617.59,2391.2
5617.61,2483.05
5617.68,2480.705
5617.69,2389.2
5617.75,2479.7
5617.79,2386.6
5617.82,2479.141
5617.89,2477.802
5617.89,2383.7
5617.96,2476.686
5618.0,2383.1
5618.03,2475.57
5618.1,2377.0
5618.1,2474.008
5618.17,2472.892
5618.2,2384.6
5618.24,2472.112
5618.3,2375.5
5618.31,2471.442
5618.38,2468.096
5618.4,2370.3
5618.45,2467.984
5618.5,2369.8
5618.52,2467.651
5618.59,2466.536
5618.59,2376.3
5618.66,2464.64
5618.69,2374.5
5618.73,2463.526
5618.8,2461.632
5618.8,2368.0
5618.87,2459.961
5618.9,2361.7
5618.94,2458.401
5619.0,2369.3
5619.01,2456.397
5619.08,2455.173
5619.15,2454.059
5619.22,2452.501
5619.29,2452.39
5619.359,2451.277
5619.39,0.0
5619.43,2450.053
5619.49,2358.6
5619.5,2448.495
5619.57,2447.606
5619.6,2360.0
5619.64,2445.715
5619.69,2343.1
5619.71,2444.38
5619.78,2443.38
5619.79,2349.9
5619.85,2442.491
5619.89,2351.1
5619.92,2440.934
5619.99,2439.601
5619.999,2351.0
5620.06,2438.823
5620.1,2349.4
5620.13,2437.935
5620.19,2348.9
5620.2,2436.712
5620.27,2435.824
5620.3,2346.4
5620.34,2434.713
5620.41,2433.38
5620.48,2430.938
5620.49,0.0
5620.55,2430.272
5620.62,2430.161
5620.69,2430.05
5620.76,2431.16
5620.79,0.0
5620.83,2435.047
5620.89,2337.2
5620.9,2439.823
5620.97,2444.27
5621.0,2335.6
5621.04,2445.493
5621.1,2333.3
5621.11,2443.713
5621.18,2442.602
5621.2,2332.5
5621.25,2443.158
5621.3,2331.9
5621.32,2444.047
5621.39,2444.714
5621.39,2329.7
5621.46,2445.493
5621.49,2329.0
5621.53,2443.269
5621.59,2328.6
5621.6,2442.158
5621.67,2439.935
5621.69,2328.2
5621.74,2436.602
5621.79,2327.6
5621.81,2431.826
5621.88,2426.61
5621.95,2422.173
5621.99,0.0
5622.02,2418.182
5622.09,2416.187
5622.1,2314.3
5622.16,2414.636
5622.2,2313.6
5622.23,2413.639
5622.3,2411.755
5622.37,2408.766
5622.44,2407.105
5622.51,2405.445
5622.58,2404.891
5622.65,2406.994
5622.72,2410.537
5622.79,2414.304
5622.86,2419.18
5622.93,2423.726
5623.0,2423.948
5623.07,2417.295
5623.14,2406.774
5623.21,2394.495
5623.28,2385.437
5623.35,2381.574
5623.42,2381.022
5623.49,2380.36
5623.56,2380.028
5623.63,2381.243
5623.7,2385.658
5623.77,2397.812
5623.839,2409.209
5623.91,2413.75
5623.98,2407.548
5624.05,2395.269
5624.12,2382.898
5624.19,2374.955
5624.26,2370.324
5624.33,2369.002
5624.4,2368.121
5624.47,2367.239
5624.54,2366.468
5624.61,2365.367
5624.68,2363.825
5624.75,2361.843
5624.78,0.0
5624.82,2359.861
5624.88,2261.3
5624.89,2358.32
5624.96,2356.669
5624.99,2259.0
5625.03,2354.689
5625.09,2257.4
5625.1,2353.369
5625.17,2351.609
5625.19,2256.4
5625.24,2350.4
5625.29,2255.4
5625.31,2350.4
5625.38,2348.421
5625.39,2253.3
5625.45,2348.091
5625.49,2251.9
5625.52,2347.871
5625.59,2250.7
5625.59,2346.882
5625.66,2345.344
5625.69,2249.9
5625.73,2343.585
5625.79,2248.4
5625.8,2341.718
5625.87,2339.521
5625.89,2247.2
5625.94,2338.204
5625.99,2245.1
5626.01,2337.435
5626.08,2336.886
5626.09,2241.2
5626.15,2335.898
5626.2,2238.6
5626.22,2334.691
5626.29,2333.704
5626.3,2237.5
5626.36,2332.606
5626.39,2237.1
5626.43,2331.729
5626.49,2235.6
5626.5,2331.29
5626.57,2330.412
5626.59,2234.8
5626.64,2329.535
5626.69,2233.2
5626.71,2327.89
5626.78,2326.135
5626.79,2232.0
5626.85,2324.162
5626.89,2231.3
5626.92,2323.724
5626.99,2323.395
5627.0,2229.9
5627.06,2322.847
5627.1,2229.4
5627.13,2323.943
5627.2,2227.3
5627.2,2324.053
5627.27,2327.561
5627.29,2225.7
5627.34,2333.484
5627.39,2224.5
5627.41,2341.828
5627.48,2350.73
5627.5,2223.3
5627.55,2355.899
5627.59,2222.2
5627.62,2356.229
5627.69,2352.929
5627.69,2221.0
5627.76,2347.871
5627.79,2220.2
5627.83,2341.059
5627.89,2219.4
5627.9,2333.155
5627.97,2325.806
5627.99,2219.0
5628.04,2318.135
5628.09,2218.9
5628.11,2311.238
5628.18,2305.986
5628.19,2218.7
5628.25,2303.143
5628.29,2218.3
5628.319,2302.487
5628.39,2301.175
5628.39,2218.1
5628.46,2299.973
5628.49,2217.8
5628.53,2299.208
5628.59,2217.5
5628.6,2297.568
5628.67,2295.493
5628.69,2217.1
5628.74,2293.745
5628.8,2216.6
5628.81,2292.435
5628.88,2291.125
5628.89,2216.0
5628.95,2290.36
5629.0,2215.5
5629.02,2290.033
5629.09,2290.142
5629.1,2214.9
5629.16,2290.797
5629.2,2214.3
5629.23,2291.015
5629.3,2290.906
5629.3,2213.5
5629.37,2291.234
5629.4,2212.6
5629.44,2291.015
5629.49,2212.1
5629.51,2290.797
5629.58,2290.36
5629.59,2211.6
5629.65,2290.797
5629.69,2211.2
5629.72,2292.107
5629.79,2294.182
5629.79,2209.7
5629.86,2297.35
5629.89,2208.4
5629.93,2300.082
5630.0,2207.8
5630.0,2302.925
5630.07,2304.127
5630.09,2207.2
5630.14,2303.69
5630.19,2206.7
5630.21,2301.503
5630.28,2299.427
5630.3,2206.2
5630.35,2296.476
5630.39,2205.7
5630.42,2292.653
5630.49,2289.05
5630.49,2205.3
5630.56,2286.103
5630.59,2204.8
5630.63,2282.94
5630.69,2204.2
5630.7,2281.086
5630.77,2278.687
5630.79,2203.7
5630.84,2277.379
5630.89,2203.2
5630.91,2274.763
5630.98,2271.168
5631.0,2202.7
5631.05,2265.941
5631.1,2202.2
5631.12,2260.174
5631.19,2256.041
5631.2,2201.6
5631.26,2252.128
5631.3,2201.0
5631.33,2250.389
5631.39,2199.4
5631.4,2248.759
5631.47,2246.913
5631.49,2198.3
5631.54,2245.175
5631.59,2197.5
5631.61,2243.438
5631.68,2242.244
5631.69,2196.9
5631.75,2240.182
5631.79,2196.3
5631.82,2239.205
5631.89,2237.035
5631.9,2195.7
5631.96,2236.384
5632.0,2194.8
5632.03,2234.974
5632.1,2194.1
5632.1,2233.998
5632.17,2233.348
5632.2,2193.2
5632.24,2233.022
5632.3,2192.2
5632.31,2232.588
5632.38,2233.456
5632.39,2191.3
5632.45,2235.625
5632.49,2190.4
5632.52,2238.445
5632.59,2244.089
5632.59,2189.5
5632.66,2248.434
5632.69,2188.6
5632.73,2249.629
5632.79,2187.5
5632.799,2250.389
5632.87,2249.194
5632.89,2186.0
5632.94,2246.913
5633.0,2184.2
5633.01,2243.112
5633.08,2238.338
5633.09,2182.3
5633.15,2232.588
5633.19,2181.4
5633.22,2226.952
5633.29,2221.861
5633.29,2180.2
5633.36,2218.18
5633.39,2179.0
5633.43,2215.15
5633.5,2177.8
5633.5,2212.986
5633.57,2210.823
5633.59,2175.7
5633.64,2209.417
5633.69,2174.8
5633.71,2207.255
5633.78,2205.417
5633.79,2173.4
5633.85,2203.797
5633.89,2172.0
5633.92,2202.5
5633.99,2201.311
5633.99,2170.5
5634.06,2199.583
5634.09,2169.3
5634.13,2198.18
5634.19,2168.4
5634.2,2196.992
5634.27,2195.912
5634.3,2167.6
5634.34,2196.02
5634.39,2166.7
5634.41,2198.071
5634.48,2205.201
5634.49,2165.7
5634.55,2216.99
5634.59,2164.7
5634.62,2229.553
5634.69,2236.384
5634.69,2163.8
5634.76,2234.432
5634.79,2162.8
5634.83,2223.269
5634.89,2161.6
5634.9,2206.282
5634.97,2191.595
5635.0,2160.4
5635.04,2184.369
5635.09,2157.3
5635.11,2180.596
5635.18,2178.549
5635.2,2155.8
5635.25,2177.256
5635.29,2164.1
5635.32,2176.502
5635.39,2178.119
5635.46,2192.458
5635.53,2209.742
5635.6,2207.903
5635.67,2192.566
5635.74,2175.318
5635.81,2169.074
5635.88,2167.137
5635.89,0.0
5635.95,2166.599
5635.999,2080.399
5636.02,2163.695
5636.09,2162.942
5636.16,2161.222
5636.23,2159.825
5636.3,2158.642
5636.37,2158.104
5636.44,2157.353
5636.51,2158.319
5636.58,2161.867
5636.65,2165.631
5636.72,2164.663
5636.79,2161.33
5636.86,2158.535
5636.93,2155.741
5637.0,2153.699
5637.07,2153.699
5637.14,2158.427
5637.21,2165.308
5637.279,2171.226
5637.35,2171.765
5637.42,2167.89
5637.49,2161.759
5637.56,2154.129
5637.63,2146.613
5637.7,2140.819
5637.77,2137.28
5637.84,2134.172
5637.91,2132.244
5637.98,2130.851
5638.05,2129.458
5638.12,2127.959
5638.19,2127.316
5638.26,2125.924
5638.33,2124.319
5638.4,2123.569
5638.47,2122.82
5638.54,2122.285
5638.61,2122.178
5638.68,2124.426
5638.75,2130.744
5638.82,2141.463
5638.89,2150.907
5638.96,2158.212
5639.03,2161.867
5639.1,2161.007
5639.17,2154.988
5639.24,2147.364
5639.31,2137.817
5639.38,2126.995
5639.45,2118.434
5639.52,2112.125
5639.59,2107.957
5639.66,2106.141
5639.73,2104.005
5639.8,2103.471
5639.87,2102.19
5639.89,0.0
5639.94,2101.549
5639.99,2011.2
5640.01,2100.695
5640.08,2099.521
5640.1,2010.4
5640.15,2100.055
5640.19,2010.5
5640.22,2103.257
5640.29,2106.996
5640.3,2009.5
5640.36,2110.094
5640.39,2008.4
5640.43,2111.376
5640.49,2007.6
5640.5,2111.376
5640.57,2111.376
5640.59,2006.6
5640.64,2111.056
5640.69,2006.5
5640.71,2110.735
5640.78,2110.094
5640.8,2006.4
5640.85,2110.415
5640.9,2005.2
5640.92,2109.88
5640.99,2109.88
5641.0,2004.9
5641.06,2110.094
5641.09,2004.9
5641.13,2110.094
5641.2,2003.6
5641.2,2109.026
5641.27,2108.598
5641.29,2003.2
5641.34,2107.744
5641.39,2002.9
5641.41,2105.927
5641.48,2104.753
5641.49,2001.8
5641.55,2104.326
5641.59,2000.5
5641.62,2103.044
5641.69,2102.297
5641.7,1999.6
5641.759,2102.51
5641.8,1998.7
5641.83,2102.404
5641.89,1997.8
5641.9,2101.976
5641.97,2101.869
5641.99,1996.6
5642.04,2101.442
5642.1,1995.5
5642.11,2101.016
5642.18,2100.375
5642.19,1994.3
5642.25,2099.201
5642.3,1993.4
5642.32,2097.28
5642.39,2095.253
5642.399,1992.0
5642.46,2092.586
5642.5,1990.6
5642.53,2088.429
5642.6,1989.1
5642.6,2084.486
5642.67,2080.119
5642.7,1987.6
5642.74,2075.755
5642.8,1986.8
5642.81,2071.179
5642.88,2068.201
5642.9,1986.1
5642.95,2064.162
5643.01,1985.0
5643.02,2060.124
5643.09,2056.832
5643.1,1983.8
5643.16,2054.283
5643.2,1982.8
5643.23,2053.01
5643.3,2051.311
5643.31,1981.9
5643.37,2050.038
5643.4,1981.0
5643.44,2048.871
5643.5,1979.9
5643.51,2047.811
5643.58,2045.371
5643.6,1978.7
5643.65,2043.251
5643.7,1977.4
5643.72,2041.978
5643.79,2040.07
5643.8,1975.9
5643.86,2037.739
5643.9,1974.6
5643.93,2036.468
5644.0,2034.985
5644.01,1973.3
5644.07,2034.562
5644.11,1972.1
5644.14,2033.608
5644.2,1971.0
5644.21,2032.126
5644.28,2030.644
5644.3,1969.8
5644.35,2029.056
5644.4,1968.8
5644.42,2026.939
5644.49,2025.458
5644.5,1967.9
5644.56,2024.612
5644.59,1966.9
5644.63,2022.391
5644.69,1965.8
5644.7,2021.333
5644.77,2019.853
5644.79,1964.8
5644.84,2018.479
5644.91,2017.316
5644.91,1963.8
5644.98,2015.731
5645.01,1962.6
5645.05,2014.568
5645.12,2013.934
5645.12,1961.5
5645.19,2013.195
5645.22,1960.1
5645.26,2012.033
5645.32,1959.0
5645.33,2011.505
5645.4,2009.604
5645.41,1958.3
5645.47,2008.97
5645.51,1957.7
5645.54,2007.597
5645.599,1956.5
5645.61,2006.014
5645.68,2004.642
5645.7,1955.9
5645.75,2003.482
5645.8,1955.7
5645.82,2002.532
5645.89,2001.266
5645.9,1955.3
5645.96,2000.527
5646.01,1954.9
5646.03,1999.895
5646.1,1999.262
5646.11,1954.5
5646.17,1999.473
5646.21,1954.1
5646.239,1999.789
5646.31,2000.422
5646.31,1953.6
5646.38,2001.899
5646.41,1953.1
5646.45,2003.692
5646.51,1952.5
5646.52,2005.803
5646.59,2006.331
5646.61,1952.1
5646.66,2006.859
5646.71,1952.6
5646.73,2006.542
5646.8,2006.226
5646.81,1952.2
5646.87,2005.592
5646.91,1951.8
5646.94,2004.537
5647.01,2002.532
5647.01,1951.4
5647.08,2001.372
5647.11,1951.0
5647.15,1994.728
5647.21,1950.5
5647.22,1999.579
5647.29,1998.946
5647.31,1949.9
5647.36,1998.84
5647.41,1949.4
5647.43,1999.683
5647.5,1999.789
5647.51,1949.7
5647.57,2000.844
5647.61,1949.4
5647.64,2001.688
5647.71,2002.954
5647.71,1949.0
5647.78,2003.165
5647.81,1948.7
5647.85,2004.325
5647.91,1948.3
5647.92,2005.276
5647.99,2006.014
5648.01,1947.5
5648.06,2006.648
5648.11,1947.1
5648.13,2007.387
5648.2,2008.126
5648.21,1946.7
5648.27,2008.02
5648.31,1946.2
5648.34,2006.753
5648.41,2003.798
5648.41,1945.7
5648.48,2000.106
5648.5,1945.2
5648.55,1995.993
5648.6,1944.8
5648.62,1991.672
5648.69,1986.405
5648.69,1944.4
5648.76,1980.72
5648.799,1943.9
5648.83,1976.091
5648.89,1943.4
5648.9,1971.149
5648.97,1966.315
5648.99,1943.0
5649.04,1963.9
5649.1,1942.5
5649.11,1961.274
5649.18,1958.755
5649.2,1941.8
5649.25,1956.026
5649.29,1941.2
5649.32,1952.145
5649.39,1948.685
5649.39,1940.3
5649.46,1945.645
5649.49,1939.8
5649.53,1943.235
5649.59,1939.5
5649.6,1941.035
5649.67,1939.464
5649.69,1939.0
5649.74,1937.475
5649.79,1938.2
5649.81,1935.8
5649.88,1933.811
5649.89,1937.7
5649.95,1932.451
5650.0,1940.2
5650.02,1932.137
5650.09,1931.404
5650.1,1939.8
5650.16,1931.404
5650.2,1939.4
5650.23,1930.777
5650.3,1939.0
5650.3,1930.463
5650.37,1929.417
5650.44,1928.058
5650.51,1926.279
5650.58,1924.712
5650.65,1922.412
5650.719,1920.74
5650.79,1918.964
5650.86,1917.815
5650.93,1916.77
5650.99,0.0
5651.0,1916.039
5651.07,1914.995
5651.09,1852.8
5651.14,1913.324
5651.19,1846.6
5651.21,1912.281
5651.28,1911.759
5651.29,1843.3
5651.35,1910.611
5651.39,1841.6
5651.42,1910.193
5651.49,1909.672
5651.5,1840.5
5651.56,1908.941
5651.59,1834.5
5651.63,1907.689
5651.69,1834.4
5651.7,1906.646
5651.77,1905.186
5651.79,1834.3
5651.84,1904.56
5651.89,1834.0
5651.91,1903.413
5651.98,1903.413
5651.99,1833.7
5652.05,1904.038
5652.09,1833.3
5652.12,1905.707
5652.19,1910.715
5652.19,1832.9
5652.26,1917.188
5652.29,1832.4
5652.33,1924.502
5652.39,1830.1
5652.4,1930.986
5652.47,1936.428
5652.49,1829.2
5652.54,1939.254
5652.59,1825.5
5652.61,1938.626
5652.68,1935.59
5652.69,1824.5
5652.75,1932.66
5652.79,1820.1
5652.82,1929.208
5652.89,1923.98
5652.89,1819.2
5652.96,1918.964
5653.0,1812.5
5653.03,1914.369
5653.1,1808.7
5653.1,1909.672
5653.17,1904.143
5653.2,1806.2
5653.24,1898.618
5653.3,1804.2
5653.31,1892.263
5653.38,1886.954
5653.4,1802.3
5653.45,1882.376
5653.49,1800.6
5653.52,1878.632
5653.59,1876.449
5653.59,1799.0
5653.66,1874.682
5653.69,1798.9
5653.73,1872.604
5653.8,1871.15
5653.87,1869.591
5653.94,1867.618
5654.01,1866.684
5654.08,1865.127
5654.15,1863.466
5654.22,1863.363
5654.29,1862.325
5654.36,1862.117
5654.39,0.0
5654.43,1862.74
5654.49,1775.1
5654.5,1863.363
5654.57,1867.722
5654.59,1774.3
5654.64,1875.513
5654.69,1772.1
5654.71,1883.416
5654.78,1888.827
5654.79,1771.4
5654.85,1889.764
5654.89,1772.3
5654.92,1884.144
5654.99,1872.708
5655.0,1772.5
5655.06,1861.495
5655.1,1770.0
5655.13,1854.235
5655.199,1767.8
5655.199,1850.089
5655.27,1847.603
5655.3,1766.3
5655.34,1845.428
5655.41,1843.978
5655.48,1843.046
5655.55,1841.39
5655.62,1840.562
5655.69,1840.976
5655.76,1843.461
5655.83,1852.473
5655.9,1866.061
5655.97,1876.449
5655.99,0.0
5656.04,1879.256
5656.09,1748.8
5656.11,1877.904
5656.18,1874.058
5656.2,1748.1
5656.25,1870.422
5656.29,1747.2
5656.32,1868.449
5656.39,1866.476
5656.39,1746.6
5656.46,1863.674
5656.49,1746.1
5656.53,1858.071
5656.59,1745.1
5656.6,1849.675
5656.67,1840.873
5656.69,1740.9
5656.74,1833.113
5656.8,1739.6
5656.81,1827.014
5656.88,1823.502
5656.89,1737.8
5656.95,1820.403
5657.0,1737.7
5657.02,1818.029
5657.09,1816.068
5657.09,1737.6
5657.16,1814.211
5657.19,1737.5
5657.23,1812.663
5657.29,1737.3
5657.3,1810.91
5657.37,1810.188
5657.39,1737.1
5657.44,1808.538
5657.51,1807.301
5657.58,1806.167
5657.65,1804.518
5657.72,1803.075
5657.79,1802.457
5657.86,1801.014
5657.93,1799.881
5658.0,1799.16
5658.07,1798.542
5658.14,1797.513
5658.21,1796.586
5658.28,1795.145
5658.35,1794.321
5658.42,1792.777
5658.49,1791.234
5658.56,1789.999
5658.63,1789.176
5658.7,1788.147
5658.77,1787.119
5658.84,1786.193
5658.91,1785.782
5658.98,1784.959
5659.05,1785.062
5659.12,1783.212
5659.19,1782.595
5659.26,1781.259
5659.33,1778.998
5659.4,1777.149
5659.47,1775.916
5659.54,1774.684
5659.61,1773.965
5659.679,1773.451
5659.75,1773.247
5659.82,1772.631
5659.89,1771.809
5659.96,1772.835
5660.03,1775.198
5660.1,1778.279
5660.17,1781.259
5660.24,1784.959
5660.31,1787.428
5660.38,1790.925
5660.45,1794.115
5660.52,1797.101
5660.59,1797.924
5660.66,1795.66
5660.73,1793.704
5660.8,1791.336
5660.87,1789.896
5660.94,1788.045
5661.01,1785.576
5661.08,1782.904
5661.15,1780.334
5661.22,1779.101
5661.29,1778.793
5661.36,1777.354
5661.43,1776.019
5661.5,1774.273
5661.57,1772.528
5661.64,1768.319
5661.71,1760.729
5661.78,1751.917
5661.85,1744.239
5661.92,1739.738
5661.99,1736.875
5662.0,0.0
5662.06,1735.137
5662.1,1650.8
5662.13,1734.013
5662.2,1650.8
5662.2,1732.684
5662.27,1730.539
5662.29,1649.5
5662.34,1728.904
5662.4,1648.8
5662.41,1727.066
5662.48,1726.454
5662.49,1648.7
5662.55,1725.432
5662.6,1648.5
5662.62,1724.514
5662.69,1723.595
5662.69,1648.3
5662.76,1722.779
5662.8,1645.5
5662.83,1724.717
5662.89,1644.1
5662.9,1731.458
5662.97,1741.374
5663.0,1643.1
5663.04,1750.995
5663.11,1642.1
5663.11,1757.244
5663.18,1759.192
5663.21,1640.8
5663.25,1758.577
5663.31,1639.6
5663.32,1754.887
5663.39,1748.435
5663.4,1638.8
5663.46,1739.943
5663.49,1638.1
5663.53,1730.437
5663.59,1637.5
5663.6,1721.145
5663.67,1714.107
5663.69,1636.7
5663.74,1708.909
5663.8,1636.5
5663.81,1706.566
5663.88,1704.529
5663.9,1635.6
5663.95,1703.205
5664.0,1634.6
5664.02,1701.576
5664.09,1700.456
5664.1,1633.6
5664.159,1699.54
5664.2,1632.7
5664.23,1698.217
5664.3,1631.8
5664.3,1697.708
5664.37,1698.726
5664.4,1630.8
5664.44,1699.234
5664.49,1629.8
5664.51,1706.668
5664.58,1711.253
5664.6,1628.8
5664.65,1712.17
5664.7,1628.1
5664.72,1719.921
5664.79,1716.452
5664.799,1627.3
5664.86,1722.676
5664.9,1626.9
5664.93,1721.452
5665.0,1716.249
5665.0,1625.9
5665.07,1708.298
5665.1,1624.6
5665.14,1699.947
5665.19,1623.1
5665.21,1691.706
5665.28,1685.709
5665.3,1621.7
5665.35,1681.544
5665.4,1620.0
5665.42,1679.716
5665.49,1677.482
5665.5,1618.2
5665.56,1675.655
5665.6,1617.2
5665.63,1674.031
5665.7,1615.5
5665.7,1672.408
5665.77,1670.683
5665.8,1613.9
5665.84,1669.466
5665.89,1612.7
5665.91,1668.857
5665.98,1667.337
5666.01,1612.0
5666.05,1665.207
5666.1,1610.8
5666.12,1664.599
5666.19,1663.282
5666.2,1609.6
5666.26,1662.572
5666.3,1608.5
5666.33,1661.762
5666.4,1607.4
5666.4,1661.661
5666.47,1661.255
5666.49,1606.1
5666.54,1659.938
5666.59,1604.8
5666.61,1658.925
5666.68,1658.925
5666.69,1603.3
5666.75,1660.141
5666.79,1602.1
5666.82,1663.383
5666.89,1666.627
5666.89,1601.0
5666.96,1669.872
5667.0,1599.9
5667.03,1673.017
5667.1,1598.9
5667.1,1675.655
5667.17,1676.467
5667.19,1597.7
5667.24,1676.264
5667.3,1596.9
5667.31,1675.35
5667.38,1675.249
5667.39,1596.0
5667.45,1674.742
5667.49,1595.2
5667.52,1673.625
5667.59,1672.002
5667.6,1594.2
5667.66,1669.872
5667.69,1593.0
5667.73,1667.438
5667.79,1591.4
5667.8,1665.005
5667.87,1662.167
5667.89,1589.8
5667.94,1658.419
5667.999,1588.1
5668.01,1654.267
5668.08,1649.915
5668.09,1586.2
5668.15,1644.554
5668.2,1584.3
5668.22,1639.701
5668.29,1635.963
5668.29,1582.4
5668.36,1634.144
5668.39,1580.3
5668.43,1632.125
5668.49,1578.1
5668.5,1630.408
5668.57,1628.39
5668.59,1575.7
5668.639,1628.289
5668.69,1573.3
5668.71,1626.977
5668.78,1631.317
5668.79,1571.0
5668.85,1638.994
5668.89,1568.9
5668.92,1643.441
5668.99,1644.756
5669.0,1566.8
5669.06,1640.307
5669.1,1565.0
5669.13,1634.649
5669.2,1563.3
5669.2,1627.381
5669.27,1621.328
5669.3,1561.8
5669.34,1616.59
5669.4,1560.2
5669.41,1613.466
5669.48,1611.35
5669.5,1558.5
5669.55,1608.531
5669.59,1556.9
5669.62,1606.618
5669.69,1606.115
5669.69,1555.0
5669.76,1605.712
5669.79,1552.7
5669.83,1602.793
5669.89,1550.3
5669.9,1603.397
5669.97,1603.397
5670.0,1548.0
5670.04,1603.095
5670.1,1545.5
5670.11,1604.202
5670.18,1604.504
5670.2,1542.8
5670.25,1603.799
5670.3,1540.3
5670.32,1605.007
5670.39,1606.517
5670.4,1537.6
5670.46,1610.444
5670.49,1534.8
5670.53,1613.969
5670.59,1532.1
5670.6,1618.808
5670.67,1623.345
5670.69,1529.8
5670.74,1627.381
5670.79,1527.7
5670.81,1629.904
5670.88,1630.712
5670.89,1525.6
5670.95,1631.115
5671.0,1523.4
5671.02,1630.106
5671.09,1629.298
5671.09,1521.3
5671.16,1628.188
5671.19,1519.1
5671.23,1626.775
5671.3,1516.9
5671.3,1625.565
5671.37,1621.429
5671.4,1514.8
5671.44,1615.682
5671.49,1512.8
5671.51,1608.128
5671.58,1599.071
5671.59,1511.1
5671.65,1589.823
5671.69,1509.1
5671.72,1581.087
5671.79,1575.468
5671.79,1507.2
5671.86,1572.761
5671.89,1505.1
5671.93,1571.057
5672.0,1503.2
5672.0,1570.054
5672.07,1568.752
5672.1,1501.4
5672.14,1567.75
5672.2,1499.5
5672.21,1567.048
5672.28,1566.447
5672.3,1497.5
5672.35,1565.946
5672.4,1495.4
5672.42,1566.347
5672.49,1570.756
5672.49,1493.5
5672.56,1577.174
5672.59,1491.5
5672.63,1578.879
5672.69,1489.5
5672.7,1575.77
5672.77,1567.85
5672.79,1487.6
5672.84,1561.138
5672.89,1485.8
5672.91,1557.235
5672.98,1556.134
5673.0,1484.1
5673.05,1553.433
5673.1,1482.3
5673.119,1552.833
5673.19,1551.432
5673.2,1480.5
5673.26,1550.532
5673.3,1478.6
5673.33,1549.532
5673.4,1476.6
5673.4,1548.232
5673.47,1546.433
5673.5,1474.6
5673.54,1545.234
5673.6,1472.6
5673.61,1544.634
5673.68,1544.334
5673.69,1470.6
5673.75,1543.335
5673.79,1468.7
5673.82,1541.537
5673.89,1540.139
5673.89,1466.6
5673.96,1538.64
5674.0,1464.7
5674.03,1537.642
5674.1,1462.7
5674.1,1537.143
5674.17,1537.043
5674.2,1460.8
5674.24,1536.943
5674.29,1458.9
5674.31,1537.642
5674.38,1542.036
5674.39,1457.1
5674.45,1552.932
5674.49,1455.4
5674.52,1566.648
5674.59,1574.566
5674.59,1453.5
5674.66,1573.263
5674.69,1451.7
5674.73,1563.041
5674.79,1449.8
5674.8,1547.332
5674.87,1531.154
5674.89,1447.8
5674.94,1523.576
5675.0,1445.9
5675.01,1521.084
5675.08,1520.387
5675.09,1444.0
5675.15,1520.087
5675.19,1442.2
5675.22,1519.191
5675.29,1518.593
5675.29,1440.4
5675.36,1518.593
5675.4,1438.7
5675.43,1520.187
5675.49,1437.0
5675.5,1525.569
5675.57,1536.144
5675.59,1435.2
5675.64,1544.035
5675.69,1433.4
5675.71,1546.833
5675.78,1543.635
5675.79,1431.4
5675.85,1534.946
5675.89,1429.6
5675.92,1523.874
5675.99,1510.926
5676.0,1427.7
5676.06,1503.464
5676.1,1425.8
5676.13,1501.774
5676.19,1424.0
5676.2,1500.879
5676.27,1500.084
5676.29,1422.1
5676.34,1499.09
5676.39,1420.4
5676.41,1498.593
5676.48,1499.786
5676.49,1418.7
5676.55,1507.443
5676.59,1417.0
5676.62,1520.984
5676.69,1532.352
5676.69,1415.4
5676.76,1536.943
5676.79,1413.5
5676.83,1533.45
5676.89,1411.7
5676.9,1523.775
5676.97,1510.826
5677.0,1409.8
5677.04,1497.102
5677.1,1408.0
5677.11,1488.859
5677.18,1485.286
5677.19,1406.2
5677.25,1483.5
5677.3,1404.4
5677.32,1482.309
5677.39,1481.318
5677.4,1402.6
5677.46,1480.524
5677.49,1400.8
5677.53,1480.425
5677.59,1399.2
5677.599,1482.508
5677.67,1488.958
5677.7,1397.5
5677.74,1495.81
5677.79,1395.9
5677.81,1498.99
5677.88,1499.686
5677.89,1394.2
5677.95,1493.327
5678.0,1392.3
5678.02,1504.956
5678.09,1505.055
5678.09,1390.4
5678.16,1500.779
5678.2,1388.6
5678.23,1494.618
5678.29,1386.8
5678.3,1485.682
5678.37,1476.36
5678.4,1385.0
5678.44,1469.226
5678.49,1383.2
5678.51,1464.375
5678.58,1461.801
5678.59,1381.4
5678.65,1460.219
5678.69,1379.6
5678.72,1458.834
5678.79,1457.251
5678.79,1377.8
5678.86,1457.053
5678.89,1376.0
5678.93,1457.449
5679.0,1374.2
5679.0,1456.657
5679.07,1455.075
5679.1,1372.4
5679.14,1453.79
5679.2,1370.7
5679.21,1454.087
5679.28,1457.152
5679.3,1368.9
5679.35,1460.12
5679.39,1367.1
5679.42,1465.958
5679.49,1471.009
5679.49,1365.3
5679.56,1471.108
5679.59,1363.5
5679.63,1466.552
5679.69,1361.8
5679.7,1462.099
5679.77,1458.141
5679.79,1360.0
5679.84,1459.229
5679.89,1358.3
5679.91,1465.167
5679.98,1473.684
5680.0,1356.8
5680.05,1482.111
5680.09,1354.9
5680.12,1486.973
5680.19,1486.774
5680.2,1353.6
5680.26,1477.351
5680.3,1352.1
5680.33,1464.671
5680.4,1350.6
5680.4,1453.493
5680.47,1444.305
5680.49,1349.0
5680.54,1438.58
5680.59,1347.3
5680.61,1437.198
5680.68,1437.001
5680.7,1345.7
5680.75,1438.678
5680.799,1344.1
5680.82,1439.665
5680.89,1439.369
5680.89,1342.4
5680.96,1438.481
5680.99,1340.7
5681.03,1437.1
5681.09,1339.1
5681.1,1433.943
5681.17,1430.492
5681.2,1337.5
5681.24,1425.367
5681.29,1335.9
5681.31,1421.132
5681.38,1418.178
5681.39,1334.3
5681.45,1416.209
5681.49,1332.7
5681.52,1414.831
5681.59,1413.257
5681.59,1331.1
5681.66,1411.487
5681.69,1329.4
5681.73,1409.814
5681.79,1327.8
5681.8,1408.438
5681.87,1409.716
5681.89,1326.2
5681.94,1417.981
5682.0,1324.6
5682.01,1432.168
5682.079,1441.541
5682.09,1322.9
5682.15,1442.528
5682.19,1321.2
5682.22,1433.647
5682.29,1418.867
5682.3,1319.5
5682.36,1405.685
5682.39,1317.8
5682.43,1400.772
5682.49,1316.2
5682.5,1398.807
5682.57,1396.45
5682.59,1314.5
5682.64,1394.683
5682.69,1312.9
5682.71,1393.898
5682.78,1392.327
5682.79,1311.2
5682.85,1390.855
5682.89,1309.6
5682.92,1390.267
5682.99,1389.776
5683.0,1307.9
5683.06,1391.739
5683.09,1306.2
5683.13,1398.022
5683.19,1304.5
5683.2,1407.16
5683.27,1412.372
5683.3,1302.9
5683.34,1415.127
5683.39,1301.2
5683.41,1415.52
5683.48,1415.914
5683.49,1299.5
5683.55,1419.064
5683.59,1297.8
5683.62,1422.904
5683.69,1428.126
5683.69,1296.1
5683.76,1429.112
5683.79,1294.5
5683.83,1426.254
5683.89,1292.9
5683.9,1420.147
5683.97,1412.569
5683.999,1291.3
5684.04,1407.75
5684.09,1289.7
5684.11,1404.21
5684.18,1401.459
5684.19,1288.1
5684.25,1400.87
5684.3,1286.6
5684.32,1400.772
5684.39,1399.003
5684.4,1284.9
5684.46,1396.254
5684.49,1283.3
5684.53,1386.049
5684.59,1281.7
5684.6,1385.755
5684.67,1379.089
5684.69,1280.0
5684.74,1371.645
5684.8,1278.4
5684.81,1365.186
5684.88,1361.567
5684.89,1276.7
5684.95,1359.417
5685.0,1275.1
5685.02,1358.244
5685.09,1356.68
5685.1,1273.5
5685.16,1355.996
5685.2,1271.7
5685.23,1355.507
5685.3,1270.1
5685.3,1354.335
5685.37,1354.335
5685.39,1268.6
5685.44,1353.065
5685.49,1267.0
5685.51,1352.381
5685.58,1352.283
5685.59,1265.4
5685.65,1356.778
5685.69,1263.8
5685.72,1368.024
5685.79,1380.657
5685.79,1262.1
5685.86,1391.052
5685.89,1260.6
5685.93,1389.678
5686.0,1259.1
5686.0,1377.815
5686.07,1361.079
5686.1,1257.5
5686.14,1347.011
5686.2,1255.9
5686.21,1340.083
5686.28,1338.62
5686.3,1254.2
5686.35,1337.645
5686.4,1252.5
5686.42,1336.865
5686.49,1336.572
5686.5,1250.9
5686.559,1335.695
5686.59,1249.3
5686.63,1334.525
5686.69,1247.7
5686.7,1334.233
5686.77,1338.132
5686.79,1246.1
5686.84,1345.742
5686.89,1244.5
5686.91,1349.744
5686.98,1348.963
5687.0,1242.9
5687.05,1347.401
5687.09,1241.3
5687.12,1345.644
5687.19,1348.182
5687.199,1239.7
5687.26,1353.163
5687.3,1238.1
5687.33,1358.048
5687.4,1236.5
5687.4,1362.252
5687.47,1363.914
5687.5,1234.9
5687.54,1361.567
5687.59,1233.2
5687.61,1356.191
5687.68,1348.963
5687.69,1231.6
5687.75,1341.838
5687.79,1229.9
5687.82,1335.792
5687.89,1334.038
5687.89,1228.3
5687.96,1334.428
5688.0,1226.6
5688.03,1336.67
5688.09,1224.9
5688.1,1340.278
5688.17,1344.083
5688.2,1223.2
5688.24,1347.401
5688.29,1221.6
5688.31,1349.061
5688.38,1347.987
5688.4,1219.9
5688.45,1343.985
5688.49,1218.3
5688.52,1339.497
5688.59,1334.525
5688.59,1216.6
5688.66,1329.945
5688.69,1215.0
5688.73,1325.368
5688.79,1213.2
5688.8,1321.669
5688.87,1320.598
5688.89,1211.6
5688.94,1322.934
5689.0,1209.8
5689.01,1327.705
5689.08,1332.576
5689.09,1208.1
5689.15,1334.135
5689.2,1206.4
5689.22,1331.309
5689.29,1328.095
5689.3,1204.8
5689.36,1325.174
5689.4,1203.2
5689.43,1320.307
5689.49,1201.5
5689.5,1318.458
5689.57,1318.361
5689.59,1199.9
5689.64,1321.864
5689.69,1198.2
5689.71,1325.465
5689.78,1326.926
5689.79,1196.5
5689.85,1325.855
5689.89,1194.8
5689.92,1324.784
5689.99,1321.475
5690.0,1193.2
5690.06,1318.166
5690.1,1191.5
5690.13,1316.124
5690.19,1189.9
5690.2,1314.373
5690.27,1313.303
5690.29,1188.4
5690.34,1311.846
5690.399,1186.9
5690.41,1311.359
5690.48,1310.582
5690.49,1185.4
5690.55,1310.679
5690.59,1183.8
5690.62,1311.165
5690.69,1310.971
5690.69,1182.3
5690.76,1307.57
5690.79,1180.8
5690.83,1301.742
5690.9,1179.4
5690.9,1293.784
5690.97,1285.737
5691.0,1178.0
5691.039,1278.472
5691.1,1176.6
5691.11,1272.084
5691.18,1268.796
5691.19,1175.0
5691.25,1267.538
5691.3,1173.5
5691.32,1267.345
5691.39,1270.44
5691.4,1171.9
5691.46,1274.987
5691.49,1170.3
5691.53,1280.796
5691.59,1168.7
5691.6,1284.865
5691.67,1288.645
5691.69,1167.1
5691.74,1290.293
5691.79,1165.5
5691.81,1290.972
5691.88,1290.002
5691.89,1163.6
5691.95,1287.676
5692.0,1161.8
5692.02,1282.443
5692.09,1276.342
5692.09,1160.1
5692.16,1270.149
5692.2,1158.6
5692.23,1263.381
5692.3,1157.1
5692.3,1257.101
5692.37,1252.756
5692.39,1155.6
5692.44,1248.51
5692.5,1154.0
5692.51,1245.713
5692.58,1242.82
5692.59,1152.3
5692.65,1240.024
5692.69,1150.8
5692.72,1238.097
5692.79,1236.362
5692.79,1149.0
5692.86,1235.399
5692.89,1147.3
5692.93,1234.628
5693.0,1145.7
5693.0,1234.243
5693.07,1236.266
5693.1,1144.2
5693.14,1245.809
5693.2,1142.6
5693.21,1253.819
5693.28,1256.812
5693.3,1140.9
5693.35,1259.13
5693.4,1139.3
5693.42,1261.255
5693.49,1261.545
5693.5,1137.7
5693.56,1254.687
5693.59,1136.0
5693.63,1240.699
5693.69,1134.3
5693.7,1229.814
5693.77,1224.328
5693.79,1132.8
5693.84,1222.597
5693.89,1131.3
5693.91,1220.866
5693.98,1220.097
5694.0,1129.7
5694.05,1219.327
5694.09,1128.1
5694.12,1219.039
5694.19,1219.231
5694.19,1126.6
5694.26,1220.193
5694.29,1125.0
5694.33,1222.212
5694.4,1123.5
5694.4,1226.349
5694.47,1231.451
5694.49,1121.9
5694.54,1238.289
5694.59,1120.4
5694.61,1242.82
5694.68,1238.482
5694.69,1118.9
5694.75,1230.777
5694.79,1117.5
5694.82,1222.693
5694.89,1213.08
5694.89,1116.0
5694.96,1206.07
5695.0,1114.4
5695.03,1206.262
5695.09,1112.8
5695.1,1204.822
5695.17,1202.71
5695.19,1111.2
5695.24,1201.175
5695.29,1109.7
5695.31,1200.504
5695.38,1198.585
5695.39,1108.1
5695.45,1196.572
5695.49,1106.6
5695.519,1195.516
5695.59,1194.462
5695.59,1105.0
5695.66,1193.408
5695.69,1103.4
5695.73,1192.354
5695.79,1101.8
5695.8,1190.916
5695.87,1189.095
5695.89,1100.2
5695.94,1188.712
5696.0,1098.5
5696.01,1188.138
5696.08,1187.754
5696.1,1097.5
5696.15,1189.67
5696.19,1095.9
5696.22,1197.818
5696.29,1208.086
5696.29,1094.3
5696.36,1212.792
5696.39,1092.8
5696.43,1209.142
5696.49,1091.2
5696.5,1201.271
5696.57,1193.12
5696.59,1089.6
5696.64,1186.701
5696.69,1088.1
5696.71,1184.69
5696.78,1184.785
5696.79,1086.6
5696.85,1185.169
5696.89,1085.0
5696.92,1185.36
5696.99,1186.222
5697.0,1083.3
5697.06,1187.754
5697.1,1081.7
5697.13,1189.095
5697.19,1080.0
5697.2,1189.383
5697.27,1188.999
5697.29,1078.3
5697.34,1188.617
5697.4,1076.7
5697.41,1186.892
5697.48,1185.36
5697.49,1075.1
5697.55,1184.116
5697.59,1073.3
5697.62,1183.732
5697.69,1182.583
5697.69,1071.6
5697.76,1181.531
5697.79,1069.9
5697.83,1180.573
5697.89,1068.1
5697.9,1179.521
5697.97,1176.746
5698.0,1066.4
5698.04,1173.494
5698.1,1064.6
5698.11,1170.339
5698.18,1167.854
5698.2,1062.9
5698.25,1165.848
5698.29,1061.1
5698.32,1164.797
5698.39,1163.459
5698.39,1059.3
5698.46,1161.645
5698.49,1057.5
5698.53,1160.022
5698.59,1055.7
5698.6,1159.353
5698.67,1157.921
5698.69,1054.0
5698.74,1156.872
5698.79,1052.2
5698.81,1155.822
5698.88,1153.914
5698.89,1050.5
5698.95,1152.006
5699.0,1048.7
5699.02,1149.336
5699.09,1145.809
5699.1,1047.1
5699.16,1141.806
5699.19,1045.3
5699.23,1138.949
5699.3,1043.6
5699.3,1136.283
5699.37,1133.998
5699.39,1041.9
5699.44,1132.57
5699.49,1040.1
5699.51,1130.953
5699.58,1129.621
5699.59,1038.4
5699.65,1127.814
5699.69,1036.6
5699.72,1126.387
5699.79,1124.771
5699.79,1034.9
5699.86,1123.25
5699.89,1033.1
5699.93,1121.444
5699.999,1031.4
5699.999,1120.209
5700.07,1118.593
5700.09,1029.6
5700.14,1117.453
5700.19,1027.9
5700.21,1116.029
5700.28,1115.459
5700.3,1026.199
5700.35,1116.503
5700.39,1024.4
5700.42,1119.543
5700.49,1123.535
5700.49,1022.7
5700.56,1124.771
5700.59,1021.0
5700.63,1124.961
5700.69,1019.3
5700.7,1125.627
5700.77,1127.528
5700.79,1017.6
5700.84,1130.192
5700.89,1015.9
5700.91,1131.048
5700.98,1128.384
5701.0,1014.2
5701.05,1121.919
5701.09,1012.5
5701.12,1117.548
5701.19,1114.889
5701.19,1010.8
5701.26,1112.135
5701.29,1009.0
5701.33,1111.186
5701.39,1007.3
5701.4,1110.617
5701.47,1110.047
5701.49,1005.6
5701.54,1109.383
5701.59,1003.9
5701.61,1108.718
5701.68,1109.003
5701.69,1002.2
5701.75,1107.77
5701.79,1000.5
5701.82,1106.441
5701.89,1102.837
5701.89,998.8
5701.96,1098.761
5702.0,997.1
5702.03,1094.591
5702.09,995.4
5702.1,1091.466
5702.17,1088.72
5702.2,993.7
5702.24,1087.679
5702.29,992.0
5702.31,1087.868
5702.38,1088.341
5702.39,990.3
5702.45,1088.53
5702.49,988.6
5702.52,1089.193
5702.59,1088.53
5702.59,987.0
5702.66,1086.827
5702.69,985.3
5702.73,1084.555
5702.79,983.6
5702.8,1080.866
5702.87,1077.934
5702.89,981.9
5702.94,1076.516
5703.0,980.3
5703.01,1074.437
5703.08,1073.586
5703.1,978.6
5703.15,1072.169
5703.199,977.0
5703.22,1071.885
5703.29,1070.846
5703.29,975.3
5703.36,1070.091
5703.39,973.7
5703.43,1069.807
5703.49,972.1
5703.5,1068.957
5703.57,1067.163
5703.59,970.4
5703.64,1063.575
5703.69,968.7
5703.71,1059.895
5703.78,1056.971
5703.79,967.1
5703.85,1056.405
5703.89,965.4
5703.92,1055.651
5703.99,1055.179
5704.0,963.8
5704.06,1054.236
5704.09,962.1
5704.13,1052.634
5704.2,960.4
5704.2,1051.785
5704.27,1050.466
5704.3,958.7
5704.34,1049.147
5704.39,957.0
5704.41,1047.828
5704.479,1046.415
5704.49,955.3
5704.55,1044.813
5704.59,953.6
5704.62,1043.872
5704.69,1043.024
5704.69,951.9
5704.76,1041.612
5704.8,950.2
5704.83,1040.671
5704.89,948.5
5704.9,1039.918
5704.97,1038.13
5705.0,946.8
5705.04,1037.565
5705.1,945.0
5705.11,1035.965
5705.18,1034.46
5705.19,943.3
5705.25,1034.742
5705.3,941.6
5705.32,1034.742
5705.39,1033.896
5705.39,940.0
5705.46,1032.203
5705.49,938.5
5705.53,1033.614
5705.59,937.0
5705.6,1031.733
5705.67,1029.853
5705.69,935.4
5705.74,1033.708
5705.79,933.8
5705.81,1043.966
5705.88,1054.236
5705.89,932.2
5705.95,1058.197
5706.0,930.5
5706.02,1059.235
5706.09,1057.254
5706.1,928.9
5706.16,1053.859
5706.19,927.3
5706.23,1047.639
5706.3,925.6
5706.3,1039.635
5706.37,1029.947
5706.39,924.0
5706.44,1021.584
5706.49,922.3
5706.51,1016.889
5706.58,1013.886
5706.59,920.6
5706.65,1011.822
5706.69,918.9
5706.72,1010.134
5706.79,1008.727
5706.79,917.2
5706.86,1007.32
5706.89,915.5
5706.93,1005.258
5707.0,913.8
5707.0,1004.321
5707.07,1003.102
5707.1,912.1
5707.14,1004.415
5707.2,910.5
5707.21,1010.978
5707.28,1020.363
5707.3,908.8
5707.35,1027.973
5707.4,907.1
5707.42,1034.931
5707.49,1036.154
5707.49,905.5
5707.56,1030.511
5707.59,903.8
5707.63,1021.302
5707.69,902.1
5707.7,1010.509
5707.77,1001.322
5707.79,900.4
5707.84,995.328
5707.89,898.7
5707.91,991.116
5707.98,988.777
5707.99,897.0
5708.05,987.373
5708.09,895.4
5708.12,985.69
5708.19,984.755
5708.2,893.7
5708.26,984.474
5708.29,892.0
5708.33,982.791
5708.4,890.4
5708.4,981.95
5708.47,982.418
5708.49,888.7
5708.54,988.216
5708.59,887.0
5708.61,995.141
5708.68,1000.198
5708.69,885.4
5708.75,1002.165
5708.79,883.7
5708.82,1004.415
5708.89,1007.977
5708.89,882.0
5708.959,1011.541
5709.0,880.4
5709.03,1208.95
5709.1,878.7
5709.1,1210.582
5709.17,1212.216
5709.2,877.1
5709.24,1212.696
5709.3,875.5
5709.31,1211.927
5709.38,1209.238
5709.39,873.8
5709.45,1011.541
5709.49,872.1
5709.52,1006.758
5709.59,1001.697
5709.59,870.4
5709.66,995.796
5709.69,868.8
5709.73,990.367
5709.79,867.1
5709.8,987.0
5709.87,986.157
5709.89,865.4
5709.94,986.064
5710.0,863.7
5710.01,985.784
5710.08,985.503
5710.09,862.0
5710.15,984.942
5710.19,860.3
5710.22,984.381
5710.29,983.446
5710.29,858.6
5710.36,984.568
5710.39,856.9
5710.43,985.784
5710.49,855.0
5710.5,982.791
5710.57,987.28
5710.59,853.4
5710.64,985.503
5710.69,851.6
5710.71,983.633
5710.78,981.763
5710.79,849.9
5710.85,980.081
5710.89,848.2
5710.92,977.838
5710.99,974.942
5710.99,846.4
5711.06,970.46
5711.09,844.7
5711.13,965.328
5711.19,843.1
5711.2,960.384
5711.27,955.258
5711.29,841.4
5711.34,950.6
5711.4,839.9
5711.41,943.711
5711.48,940.176
5711.49,838.4
5711.55,935.155
5711.59,836.9
5711.62,930.322
5711.69,927.443
5711.69,835.4
5711.76,925.864
5711.79,833.8
5711.83,924.471
5711.89,832.1
5711.9,923.357
5711.97,922.522
5711.99,830.5
5712.04,922.15
5712.09,828.8
5712.11,921.779
5712.18,920.851
5712.2,827.2
5712.25,919.737
5712.29,825.5
5712.32,918.81
5712.39,917.79
5712.39,823.9
5712.46,916.584
5712.49,822.3
5712.53,915.656
5712.59,820.6
5712.6,914.914
5712.67,914.636
5712.69,819.0
5712.74,916.12
5712.79,817.3
5712.81,920.294
5712.88,926.793
5712.89,815.6
5712.95,932.552
5713.0,813.9
5713.02,1129.05
5713.09,1130.667
5713.09,812.2
5713.16,1128.765
5713.2,810.5
5713.23,1124.01
5713.29,808.8
5713.3,925.121
5713.37,916.027
5713.4,807.1
5713.439,907.962
5713.49,805.5
5713.51,901.2
5713.58,897.498
5713.59,803.7
5713.65,895.647
5713.69,802.1
5713.72,894.074
5713.79,892.224
5713.79,800.4
5713.86,891.392
5713.89,798.6
5713.93,890.375
5714.0,796.9
5714.0,889.542
5714.07,888.525
5714.09,795.2
5714.14,887.601
5714.19,793.5
5714.21,886.492
5714.28,885.475
5714.29,791.7
5714.35,885.29
5714.4,790.0
5714.42,883.904
5714.49,883.257
5714.49,788.3
5714.56,882.796
5714.59,786.5
5714.63,883.627
5714.69,784.8
5714.7,884.459
5714.77,886.861
5714.79,783.0
5714.84,890.56
5714.89,781.2
5714.91,891.854
5714.98,889.358
5715.0,779.5
5715.05,892.779
5715.1,777.8
5715.12,894.259
5715.19,894.444
5715.2,776.0
5715.26,894.351
5715.29,774.3
5715.33,896.757
5715.39,772.6
5715.4,1092.602
5715.47,1095.065
5715.49,770.9
5715.54,1096.107
5715.59,769.3
5715.61,1096.865
5715.68,1096.297
5715.69,767.6
5715.75,1095.633
5715.79,765.9
5715.82,1093.549
5715.89,1092.507
5715.89,764.3
5715.96,1090.708
5715.999,762.6
5716.03,1087.962
5716.09,761.0
5716.1,893.519
5716.17,890.837
5716.19,759.9
5716.24,889.358
5716.29,758.2
5716.31,887.601
5716.38,886.676
5716.39,756.6
5716.45,884.551
5716.49,754.9
5716.52,882.241
5716.59,879.747
5716.59,753.9
5716.66,877.07
5716.69,752.9
5716.73,875.316
5716.79,752.0
5716.8,873.377
5716.87,872.086
5716.89,750.8
5716.94,871.071
5717.0,749.7
5717.01,870.61
5717.08,869.595
5717.09,748.6
5717.15,868.949
5717.19,747.5
5717.22,866.921
5717.29,864.616
5717.29,746.3
5717.36,861.297
5717.39,745.2
5717.43,859.178
5717.5,744.0
5717.5,858.165
5717.57,856.968
5717.59,743.0
5717.64,856.323
5717.69,741.9
5717.71,856.415
5717.78,856.6
5717.79,740.8
5717.85,857.152
5717.89,739.7
5717.919,855.863
5717.99,855.863
5718.0,738.7
5718.06,855.495
5718.09,737.5
5718.13,854.205
5718.19,736.6
5718.2,854.666
5718.27,854.941
5718.29,735.9
5718.34,854.021
5718.39,735.1
5718.41,854.113
5718.48,854.758
5718.49,734.3
5718.55,854.85
5718.59,733.6
5718.62,855.678
5718.69,856.876
5718.69,732.7
5718.76,859.455
5718.79,731.9
5718.83,863.141
5718.89,731.1
5718.9,1058.952
5718.97,1063.764
5719.0,730.8
5719.04,1065.558
5719.09,730.5
5719.11,1068.485
5719.18,1070.752
5719.19,729.7
5719.25,1073.114
5719.3,729.2
5719.32,1074.059
5719.39,1075.76
5719.39,728.3
5719.46,1075.571
5719.49,727.1
5719.53,1075.571
5719.59,726.2
5719.6,1074.815
5719.67,1073.208
5719.69,725.3
5719.74,1071.224
5719.79,724.6
5719.81,1068.674
5719.88,1065.558
5719.89,723.8
5719.95,1062.348
5720.0,723.0
5720.02,1058.857
5720.09,1054.614
5720.09,722.1
5720.16,1051.032
5720.19,721.4
5720.23,1047.451
5720.29,720.6
5720.3,1042.836
5720.37,1038.976
5720.39,719.8
5720.44,1035.871
5720.49,719.0
5720.51,842.796
5720.58,839.946
5720.59,718.3
5720.65,838.476
5720.69,717.5
5720.72,837.006
5720.79,836.087
5720.79,716.6
5720.86,834.984
5720.89,715.6
5720.93,834.709
5721.0,714.6
5721.0,834.158
5721.07,833.331
5721.1,713.7
5721.14,832.78
5721.2,712.8
5721.21,832.688
5721.28,832.229
5721.3,712.2
5721.35,831.219
5721.39,711.5
5721.42,831.494
5721.49,830.3
5721.49,710.7
5721.56,830.117
5721.59,709.7
5721.63,830.117
5721.69,708.7
5721.7,830.3
5721.77,1020.175
5721.79,707.7
5721.84,1020.457
5721.89,706.7
5721.91,1019.8
5721.98,1020.081
5722.0,706.0
5722.05,1020.081
5722.09,705.5
5722.12,1020.269
5722.19,1020.739
5722.19,705.1
5722.26,1022.429
5722.3,705.2
5722.33,1023.932
5722.39,705.2
5722.399,1025.623
5722.47,1028.161
5722.49,706.0
5722.54,1032.298
5722.59,706.4
5722.61,1036.718
5722.68,1041.048
5722.69,705.7
5722.75,1044.719
5722.79,706.0
5722.82,1047.168
5722.89,1049.712
5722.89,705.8
5722.96,1052.634
5723.0,705.3
5723.03,1055.273
5723.1,704.6
5723.1,1054.142
5723.17,1052.634
5723.2,704.0
5723.24,1048.487
5723.29,703.3
5723.31,1043.683
5723.38,1037.283
5723.39,702.6
5723.45,1030.605
5723.49,702.2
5723.52,1024.777
5723.59,1018.297
5723.59,701.8
5723.66,1013.042
5723.69,701.0
5723.73,1009.665
5723.79,700.3
5723.8,1007.227
5723.87,1005.539
5723.89,699.6
5723.94,1004.789
5724.0,699.0
5724.01,1003.571
5724.08,1003.102
5724.09,698.4
5724.15,1002.353
5724.19,697.8
5724.22,1001.884
5724.29,1001.791
5724.29,697.1
5724.36,1001.509
5724.39,696.5
5724.43,1001.322
5724.49,696.0
5724.5,1001.228
5724.57,1001.135
5724.59,695.7
5724.64,1001.228
5724.69,694.9
5724.71,1001.041
5724.78,1001.416
5724.79,694.3
5724.85,1002.728
5724.89,693.6
5724.92,1004.696
5724.99,1007.32
5725.0,693.3
5725.06,1010.884
5725.09,692.8
5725.13,1015.857
5725.19,692.4
5725.2,1019.612
5725.27,1024.59
5725.29,691.8
5725.34,1027.973
5725.39,691.3
5725.41,1031.733
5725.48,1032.768
5725.49,690.8
5725.55,1033.708
5725.59,690.2
5725.62,1033.802
5725.69,1032.673
5725.69,689.5
5725.76,1032.862
5725.79,689.0
5725.83,1032.768
5725.89,688.4
5725.9,1032.391
5725.97,1031.169
5726.0,687.7
5726.04,1030.041
5726.09,687.0
5726.11,1028.537
5726.18,1024.966
5726.19,686.3
5726.25,1021.208
5726.29,685.7
5726.32,1016.232
5726.39,1010.415
5726.39,685.0
5726.46,1003.852
5726.49,684.3
5726.53,996.545
5726.59,683.7
5726.6,990.835
5726.67,986.906
5726.69,683.1
5726.74,984.755
5726.79,682.4
5726.81,984.287
5726.879,983.165
5726.89,681.8
5726.95,982.698
5727.0,681.2
5727.02,982.324
5727.09,982.137
5727.09,680.6
5727.16,981.763
5727.19,680.0
5727.23,981.015
5727.29,679.3
5727.3,980.268
5727.37,979.987
5727.39,678.6
5727.44,979.707
5727.49,677.9
5727.51,980.174
5727.58,981.389
5727.59,677.3
5727.65,983.82
5727.69,676.5
5727.72,987.093
5727.79,992.052
5727.79,676.0
5727.86,996.171
5727.89,675.4
5727.93,1000.479
5728.0,674.8
5728.0,1003.29
5728.07,1004.602
5728.09,674.2
5728.14,1005.727
5728.19,673.5
5728.21,1006.57
5728.28,1007.133
5728.29,672.9
5728.35,1006.57
5728.39,672.2
5728.42,1004.789
5728.49,1002.259
5728.49,671.5
5728.56,999.542
5728.59,670.9
5728.63,997.107
5728.69,670.2
5728.7,996.171
5728.77,995.328
5728.79,669.5
5728.84,983.446
5728.89,668.8
5728.91,981.389
5728.98,981.109
5728.99,668.2
5729.05,980.828
5729.09,667.5
5729.12,980.828
5729.19,981.015
5729.19,666.8
5729.26,988.59
5729.29,666.2
5729.33,980.174
5729.39,665.5
5729.4,980.174
5729.47,979.8
5729.49,664.8
5729.54,993.362
5729.59,664.1
5729.61,994.298
5729.68,989.525
5729.69,663.4
5729.75,982.791
5729.79,662.7
5729.82,974.008
5729.89,967.194
5729.89,662.0
5729.96,964.022
5730.0,661.4
5730.03,961.503
5730.09,660.7
5730.1,960.571
5730.17,960.012
5730.19,660.1
5730.24,958.986
5730.29,659.4
5730.31,958.427
5730.38,958.24
5730.39,658.8
5730.45,958.147
5730.49,658.1
5730.52,958.334
5730.59,957.402
5730.59,657.4
5730.66,957.402
5730.69,656.7
5730.73,959.08
5730.79,656.1
5730.8,962.343
5730.87,967.66
5730.89,655.4
5730.94,974.382
5730.99,654.7
5731.01,979.24
5731.08,982.324
5731.09,654.1
5731.15,984.007
5731.19,653.4
5731.22,984.101
5731.29,982.979
5731.29,652.7
5731.359,981.389
5731.39,652.0
5731.43,980.174
5731.49,651.4
5731.5,977.371
5731.57,978.773
5731.59,650.7
5731.64,981.203
5731.69,650.0
5731.71,981.95
5731.78,982.511
5731.79,649.4
5731.85,983.446
5731.89,648.8
5731.92,983.54
5731.99,982.885
5731.99,648.1
5732.06,982.324
5732.09,647.5
5732.13,983.165
5732.19,646.8
5732.2,982.418
5732.27,982.418
5732.29,646.2
5732.34,982.418
5732.39,645.5
5732.41,982.043
5732.48,981.576
5732.49,644.8
5732.55,981.109
5732.59,644.1
5732.62,980.922
5732.69,980.642
5732.69,643.4
5732.76,980.268
5732.79,642.7
5732.83,979.24
5732.89,642.0
5732.9,978.773
5732.97,978.96
5733.0,641.3
5733.04,978.492
5733.09,640.6
5733.11,978.306
5733.18,977.558
5733.19,639.9
5733.25,976.904
5733.3,639.2
5733.32,976.997
5733.39,976.997
5733.39,638.5
5733.46,976.343
5733.49,637.8
5733.53,976.81
5733.59,637.1
5733.6,976.343
5733.67,975.502
5733.69,636.4
5733.74,974.569
5733.79,635.7
5733.81,973.261
5733.88,972.421
5733.89,634.9
5733.95,971.58
5733.99,634.2
5734.02,970.927
5734.09,968.127
5734.09,633.5
5734.16,966.167
5734.19,632.9
5734.23,962.902
5734.29,632.5
5734.3,959.452
5734.37,955.165
5734.39,631.8
5734.44,949.204
5734.49,631.1
5734.51,943.525
5734.58,938.316
5734.59,630.5
5734.65,934.225
5734.69,629.8
5734.72,930.787
5734.79,927.814
5734.79,629.1
5734.86,926.421
5734.89,628.3
5734.93,925.492
5735.0,627.4
5735.0,924.564
5735.07,924.285
5735.09,626.8
5735.14,923.264
5735.19,626.2
5735.21,922.707
5735.28,922.336
5735.29,625.6
5735.35,921.686
5735.39,624.9
5735.42,921.223
5735.49,921.223
5735.49,624.2
5735.56,922.15
5735.59,623.5
5735.63,920.944
5735.69,622.7
5735.7,920.294
5735.77,919.83
5735.79,622.0
5735.839,919.552
5735.89,621.2
5735.91,918.996
5735.98,918.81
5736.0,620.4
5736.05,917.882
5736.1,619.7
5736.12,917.233
5736.19,917.233
5736.19,618.9
5736.26,916.584
5736.3,618.2
5736.33,915.841
5736.39,617.4
5736.4,915.841
5736.47,914.543
5736.49,616.7
5736.54,914.172
5736.59,616.0
5736.61,913.987
5736.68,913.801
5736.69,615.3
5736.75,913.616
5736.79,614.5
5736.82,913.987
5736.89,914.729
5736.89,613.8
5736.96,916.212
5736.99,613.0
5737.03,917.697
5737.09,612.3
5737.1,919.459
5737.17,921.13
5737.19,611.6
5737.24,923.728
5737.29,610.9
5737.31,925.864
5737.38,927.443
5737.39,610.2
5737.45,929.486
5737.49,609.5
5737.52,930.787
5737.59,932.459
5737.59,608.8
5737.66,933.76
5737.69,608.0
5737.73,934.783
5737.79,607.3
5737.8,936.364
5737.87,937.014
5737.89,606.6
5737.94,937.2
5738.0,605.9
5738.01,937.572
5738.08,936.735
5738.09,605.2
5738.15,935.991
5738.19,604.5
5738.22,935.062
5738.29,933.482
5738.29,603.6
5738.36,933.574
5738.39,602.8
5738.43,932.831
5738.49,602.0
5738.5,932.088
5738.57,932.459
5738.59,601.3
5738.64,931.809
5738.69,600.6
5738.71,931.066
5738.78,929.486
5738.79,599.8
5738.85,928.279
5738.89,599.1
5738.92,926.328
5738.99,923.821
5738.99,598.3
5739.06,920.202
5739.09,597.5
5739.13,917.14
5739.19,596.8
5739.2,912.874
5739.27,909.259
5739.29,596.1
5739.34,906.016
5739.39,595.4
5739.41,902.867
5739.48,900.089
5739.49,594.7
5739.55,897.96
5739.59,594.0
5739.62,896.757
5739.69,894.999
5739.69,593.2
5739.76,893.889
5739.79,592.5
5739.83,893.241
5739.89,591.8
5739.9,892.132
5739.97,891.392
5740.0,591.1
5740.04,891.207
5740.09,590.4
5740.11,890.005
5740.18,889.542
5740.19,589.8
5740.25,888.063
5740.29,589.1
5740.319,888.156
5740.39,887.139
5740.39,588.4
5740.46,886.307
5740.49,587.7
5740.53,886.307
5740.59,586.9
5740.6,886.307
5740.67,885.105
5740.69,586.2
5740.74,884.829
5740.79,585.5
5740.81,883.904
5740.88,883.35
5740.89,584.7
5740.95,882.888
5740.99,584.0
5741.02,881.964
5741.09,881.595
5741.09,583.3
5741.16,880.948
5741.19,582.6
5741.23,880.117
5741.29,581.9
5741.3,880.025
5741.37,879.655
5741.39,581.2
5741.44,879.563
5741.49,580.5
5741.51,879.101
5741.58,879.101
5741.59,579.8
5741.65,878.27
5741.69,579.0
5741.72,877.808
5741.79,876.793
5741.79,578.3
5741.86,876.423
5741.89,577.7
5741.93,875.962
5742.0,576.9
5742.0,875.685
5742.07,875.501
5742.09,576.2
5742.14,875.131
5742.19,575.5
5742.21,874.947
5742.28,874.393
5742.29,574.8
5742.35,874.301
5742.39,574.0
5742.42,873.101
5742.49,872.547
5742.49,573.3
5742.56,871.809
5742.59,572.7
5742.63,871.994
5742.69,572.0
5742.7,871.44
5742.77,870.149
5742.79,571.3
5742.84,870.149
5742.89,570.6
5742.91,869.595
5742.98,868.857
5742.99,569.9
5743.05,868.949
5743.1,569.2
5743.12,868.12
5743.19,867.658
5743.2,568.5
5743.26,867.105
5743.29,567.8
5743.33,866.644
5743.39,567.1
5743.4,866.183
5743.47,865.445
5743.49,566.4
5743.54,865.353
5743.59,565.7
5743.61,864.984
5743.68,864.339
5743.69,565.0
5743.75,863.786
5743.79,564.3
5743.82,863.141
5743.89,863.417
5743.89,563.7
5743.96,862.772
5743.99,563.0
5744.03,862.404
5744.09,562.3
5744.1,861.666
5744.17,861.666
5744.19,561.6
5744.24,861.113
5744.29,560.9
5744.31,860.745
5744.38,860.008
5744.39,560.2
5744.45,859.639
5744.49,559.6
5744.52,858.994
5744.59,558.9
5744.59,858.441
5744.66,857.428
5744.69,558.2
5744.73,857.889
5744.79,557.5
5744.799,857.889
5744.87,859.086
5744.89,556.9
5744.94,858.81
5745.0,556.1
5745.01,858.533
5745.08,857.705
5745.1,555.5
5745.15,856.968
5745.19,554.7
5745.22,857.06
5745.29,857.52
5745.29,554.0
5745.36,858.533
5745.39,553.3
5745.43,860.1
5745.49,552.6
5745.5,862.957
5745.57,864.984
5745.59,552.0
5745.64,862.219
5745.69,551.3
5745.71,863.417
5745.78,863.601
5745.79,550.7
5745.85,862.495
5745.89,550.1
5745.92,870.702
5745.99,875.685
5745.99,549.5
5746.06,877.901
5746.09,548.8
5746.13,878.824
5746.19,548.3
5746.2,867.935
5746.27,859.455
5746.29,547.6
5746.34,864.984
5746.39,547.0
5746.41,853.101
5746.48,851.259
5746.49,546.3
5746.55,851.627
5746.59,545.7
5746.62,846.107
5746.69,842.796
5746.69,546.4
5746.76,841.877
5746.79,546.9
5746.83,840.957
5746.89,546.3
5746.9,839.946
5746.97,840.406
5746.99,545.8
5747.04,840.314
5747.09,545.2
5747.11,839.762
5747.18,839.854
5747.19,544.7
5747.25,840.038
5747.29,544.1
5747.32,839.946
5747.39,543.6
5747.39,839.762
5747.46,840.314
5747.49,543.1
5747.53,840.406
5747.59,542.5
5747.6,840.681
5747.67,841.049
5747.69,542.0
5747.74,842.336
5747.79,541.4
5747.81,843.9
5747.88,847.027
5747.89,540.8
5747.95,850.892
5747.99,540.2
5748.02,853.469
5748.09,856.6
5748.09,539.7
5748.16,858.533
5748.2,539.1
5748.23,859.823
5748.29,538.5
5748.3,860.929
5748.37,861.206
5748.39,538.0
5748.44,861.113
5748.49,537.4
5748.51,861.574
5748.58,861.297
5748.59,536.9
5748.65,861.297
5748.69,536.3
5748.72,860.837
5748.79,859.823
5748.79,535.8
5748.86,858.35
5748.89,535.2
5748.93,856.783
5748.99,534.7
5749.0,854.666
5749.07,852.272
5749.09,534.1
5749.14,850.247
5749.19,535.7
5749.21,847.486
5749.279,845.095
5749.29,535.2
5749.35,842.428
5749.39,534.7
5749.42,839.486
5749.49,836.454
5749.49,534.2
5749.56,834.249
5749.59,533.7
5749.63,831.586
5749.69,535.0
5749.7,829.474
5749.77,827.547
5749.79,534.5
5749.84,826.537
5749.89,534.1
5749.91,824.977
5749.98,824.427
5750.0,533.6
5750.05,822.959
5750.09,533.2
5750.12,822.5
5750.19,821.4
5750.2,532.7
5750.26,820.941
5750.29,532.0
5750.33,820.116
5750.39,531.4
5750.4,819.932
5750.47,819.932
5750.49,530.9
5750.54,819.657
5750.59,530.4
5750.61,819.107
5750.68,818.924
5750.69,530.0
5750.75,818.19
5750.79,529.4
5750.82,818.007
5750.89,817.365
5750.89,528.9
5750.96,816.907
5750.99,528.4
5751.03,816.449
5751.1,527.9
5751.1,816.174
5751.17,815.624
5751.19,527.4
5751.24,815.074
5751.29,527.0
5751.31,814.524
5751.38,814.707
5751.39,526.5
5751.45,814.432
5751.49,526.0
5751.52,814.341
5751.59,813.974
5751.59,525.5
5751.66,812.6
5751.69,525.0
5751.73,812.142
5751.79,524.4
5751.8,811.134
5751.87,811.226
5751.89,523.9
5751.94,811.317
5752.0,523.4
5752.01,811.042
5752.08,810.127
5752.09,522.9
5752.15,809.852
5752.19,522.4
5752.22,809.852
5752.29,809.668
5752.3,521.599
5752.36,810.218
5752.39,520.8
5752.43,810.31
5752.49,520.2
5752.5,811.226
5752.57,813.333
5752.59,519.5
5752.64,816.999
5752.69,518.8
5752.71,822.592
5752.78,827.363
5752.79,518.0
5752.85,831.862
5752.89,517.3
5752.92,834.984
5752.99,836.822
5752.99,516.3
5753.06,837.557
5753.09,515.599
5753.13,836.73
5753.19,515.0
5753.2,835.443
5753.27,832.596
5753.29,514.5
5753.34,828.005
5753.39,513.9
5753.41,823.509
5753.48,818.007
5753.49,513.3
5753.55,811.867
5753.59,512.7
5753.62,807.288
5753.69,805.548
5753.69,513.5
5753.759,804.175
5753.79,514.0
5753.83,802.802
5753.89,514.4
5753.9,801.704
5753.97,800.881
5753.99,514.7
5754.04,800.332
5754.09,514.3
5754.11,799.509
5754.18,798.411
5754.19,513.8
5754.25,798.228
5754.3,513.4
5754.32,797.405
5754.39,796.856
5754.39,512.9
5754.46,796.856
5754.49,512.5
5754.53,796.582
5754.59,511.9
5754.6,796.216
5754.67,796.125
5754.69,512.4
5754.74,795.851
5754.79,511.9
5754.81,795.027
5754.88,794.662
5754.89,511.4
5754.95,795.393
5754.99,511.0
5755.02,795.759
5755.09,796.216
5755.09,510.5
5755.16,796.399
5755.19,510.0
5755.23,794.936
5755.29,509.5
5755.3,794.936
5755.37,797.862
5755.39,509.0
5755.44,799.966
5755.49,508.5
5755.51,802.802
5755.58,805.639
5755.59,508.0
5755.65,807.562
5755.69,507.5
5755.72,809.486
5755.79,810.31
5755.79,507.0
5755.86,810.676
5755.89,506.5
5755.93,811.409
5755.99,506.0
5756.0,811.409
5756.07,811.958
5756.09,505.4
5756.14,812.233
5756.2,504.9
5756.21,812.233
5756.28,812.6
5756.3,504.3
5756.35,812.417
5756.39,503.8
5756.42,811.317
5756.49,810.585
5756.49,502.9
5756.56,808.569
5756.59,501.9
5756.63,806.555
5756.69,501.1
5756.7,805.274
5756.77,803.169
5756.79,500.2
5756.84,801.796
5756.89,499.5
5756.91,800.515
5756.98,799.325
5756.99,498.9
5757.05,797.862
5757.09,498.3
5757.12,796.765
5757.19,795.485
5757.19,497.6
5757.26,793.382
5757.29,497.0
5757.33,791.554
5757.39,496.4
5757.4,790.274
5757.47,788.996
5757.49,495.8
5757.54,788.173
5757.59,495.1
5757.61,787.442
5757.68,786.255
5757.69,494.5
5757.75,785.25
5757.79,493.8
5757.82,784.246
5757.89,782.968
5757.89,493.1
5757.96,781.233
5758.0,492.4
5758.03,780.686
5758.09,491.7
5758.1,778.952
5758.17,778.039
5758.19,490.9
5758.239,777.035
5758.29,490.2
5758.31,775.485
5758.38,774.299
5758.39,489.4
5758.45,773.023
5758.49,488.7
5758.52,772.84
5758.59,772.202
5758.59,488.0
5758.66,772.019
5758.69,487.3
5758.73,770.652
5758.79,486.5
5758.8,770.287
5758.87,770.014
5758.89,485.7
5758.94,769.558
5758.99,484.9
5759.01,768.646
5759.08,768.464
5759.09,484.1
5759.15,767.644
5759.19,483.1
5759.22,767.461
5759.29,766.277
5759.29,482.3
5759.36,766.55
5759.39,481.5
5759.43,766.915
5759.49,480.7
5759.5,765.821
5759.57,765.184
5759.59,479.9
5759.64,766.186
5759.69,479.3
5759.71,764.911
5759.78,764.728
5759.79,478.6
5759.85,764.637
5759.89,477.8
5759.92,763.909
5759.99,763.089
5759.99,477.1
5760.06,762.815
5760.09,476.5
5760.13,762.36
5760.19,475.8
5760.2,761.813
5760.27,761.722
5760.29,475.2
5760.34,761.358
5760.39,474.5
5760.41,760.266
5760.48,759.446
5760.49,473.9
5760.55,758.262
5760.59,473.4
5760.62,758.081
5760.69,757.444
5760.69,472.7
5760.76,758.9
5760.79,472.5
5760.83,758.354
5760.89,472.2
5760.9,758.081
5760.97,757.716
5760.99,471.6
5761.04,757.444
5761.09,471.2
5761.11,756.351
5761.18,756.169
5761.19,470.6
5761.25,754.895
5761.29,470.0
5761.32,754.168
5761.39,753.076
5761.39,469.4
5761.46,752.985
5761.49,468.8
5761.53,752.53
5761.59,468.2
5761.6,752.166
5761.67,751.893
5761.69,467.7
5761.74,751.256
5761.79,467.1
5761.81,751.802
5761.88,751.347
5761.89,466.5
5761.95,751.711
5762.0,465.9
5762.02,751.165
5762.09,751.347
5762.09,465.3
5762.16,750.802
5762.19,464.7
5762.23,749.892
5762.29,464.1
5762.3,749.62
5762.37,747.892
5762.39,463.5
5762.44,747.073
5762.49,462.9
5762.51,747.346
5762.58,746.891
5762.59,462.3
5762.65,747.346
5762.69,461.7
5762.719,748.255
5762.79,748.983
5762.79,461.1
5762.86,749.346
5762.89,460.4
5762.93,750.438
5763.0,459.8
5763.0,751.893
5763.07,754.168
5763.09,459.2
5763.14,755.896
5763.19,458.6
5763.21,758.627
5763.28,760.448
5763.29,458.0
5763.35,763.089
5763.39,457.3
5763.42,764.364
5763.49,766.004
5763.49,456.7
5763.56,768.008
5763.59,456.1
5763.63,769.923
5763.69,455.5
5763.7,770.287
5763.77,769.284
5763.79,454.9
5763.84,768.646
5763.89,454.3
5763.91,767.826
5763.98,767.188
5763.99,453.7
5764.05,766.55
5764.09,453.1
5764.12,766.368
5764.19,765.821
5764.19,452.5
5764.26,765.275
5764.29,452.0
5764.33,763.817
5764.39,451.4
5764.4,762.906
5764.47,762.178
5764.49,450.8
5764.54,760.903
5764.59,450.2
5764.61,758.9
5764.68,758.718
5764.69,449.6
5764.75,758.809
5764.79,448.9
5764.82,759.355
5764.89,448.3
5764.89,759.628
5764.96,759.355
5764.99,447.6
5765.03,758.9
5765.09,446.9
5765.1,759.173
5765.17,759.992
5765.19,446.3
5765.24,760.903
5765.29,445.7
5765.31,762.815
5765.38,763.089
5765.39,445.1
5765.45,763.999
5765.49,444.5
5765.52,763.453
5765.59,761.722
5765.59,443.8
5765.66,759.173
5765.69,443.3
5765.73,756.989
5765.79,442.7
5765.8,753.894
5765.87,750.529
5765.89,442.0
5765.94,746.619
5765.99,441.4
5766.01,741.893
5766.08,737.988
5766.09,440.8
5766.15,734.628
5766.19,440.2
5766.22,731.633
5766.29,728.276
5766.29,439.6
5766.36,725.374
5766.39,439.1
5766.43,724.739
5766.49,438.6
5766.5,723.833
5766.57,723.108
5766.59,438.0
5766.64,722.111
5766.69,437.4
5766.71,721.204
5766.78,720.932
5766.79,436.7
5766.85,719.845
5766.89,436.1
5766.92,719.663
5766.99,719.12
5766.99,435.5
5767.06,719.211
5767.09,434.9
5767.13,718.395
5767.19,434.3
5767.199,718.486
5767.27,718.033
5767.29,433.7
5767.34,718.033
5767.39,433.1
5767.41,717.761
5767.48,717.852
5767.49,432.5
5767.55,717.036
5767.59,432.0
5767.62,717.761
5767.69,717.67
5767.69,431.4
5767.76,718.033
5767.79,430.8
5767.83,719.663
5767.89,430.3
5767.9,721.204
5767.97,723.198
5767.99,429.7
5768.04,725.737
5768.09,429.1
5768.11,729.093
5768.18,732.177
5768.19,428.5
5768.25,734.719
5768.29,427.9
5768.32,737.715
5768.39,740.167
5768.39,427.3
5768.46,742.62
5768.49,426.8
5768.53,744.71
5768.59,426.2
5768.6,746.074
5768.67,746.256
5768.69,425.6
5768.74,745.619
5768.79,425.0
5768.81,744.983
5768.88,744.165
5768.89,424.4
5768.95,742.892
5768.99,423.8
5769.02,740.985
5769.09,738.896
5769.1,423.2
5769.16,736.716
5769.19,422.6
5769.23,735.355
5769.29,422.0
5769.3,734.174
5769.37,733.266
5769.39,421.4
5769.44,733.448
5769.49,420.9
5769.51,734.174
5769.58,735.627
5769.59,420.3
5769.65,736.262
5769.69,419.7
5769.72,735.899
5769.79,735.173
5769.79,419.1
5769.86,734.084
5769.89,418.5
5769.93,731.27
5769.99,417.9
5770.0,727.641
5770.07,722.836
5770.09,417.3
5770.14,718.576
5770.19,416.6
5770.21,713.685
5770.28,709.612
5770.29,416.2
5770.35,705.992
5770.39,415.6
5770.42,703.369
5770.49,701.289
5770.49,415.1
5770.56,700.114
5770.59,414.8
5770.63,699.572
5770.69,414.3
5770.7,698.758
5770.77,698.306
5770.79,413.9
5770.84,697.854
5770.89,413.7
5770.91,697.131
5770.98,696.137
5770.99,413.3
5771.05,696.318
5771.09,412.9
5771.12,696.228
5771.19,699.12
5771.19,412.5
5771.26,697.673
5771.29,412.0
5771.33,695.143
5771.39,411.4
5771.4,694.059
5771.47,692.162
5771.49,410.9
5771.54,690.537
5771.59,410.3
5771.61,689.904
5771.679,692.072
5771.69,412.3
5771.75,698.126
5771.79,411.8
5771.82,711.694
5771.89,738.896
5771.89,411.2
5771.96,727.732
5771.99,410.7
5772.03,699.481
5772.09,410.3
5772.1,689.182
5772.17,684.94
5772.19,409.8
5772.24,687.016
5772.29,409.3
5772.31,691.53
5772.38,694.692
5772.39,411.1
5772.45,700.385
5772.49,410.6
5772.52,711.965
5772.59,726.281
5772.59,410.2
5772.66,449.833
5772.69,409.7
5772.73,453.168
5772.79,409.3
5772.8,454.134
5772.87,452.641
5772.89,408.9
5772.94,451.412
5772.99,408.4
5773.01,450.447
5773.08,449.218
5773.09,408.0
5773.15,449.13
5773.19,407.5
5773.22,448.78
5773.29,449.043
5773.29,407.1
5773.36,449.569
5773.39,406.7
5773.43,449.218
5773.49,406.7
5773.5,449.306
5773.57,448.867
5773.59,406.7
5773.64,449.306
5773.69,405.5
5773.71,449.218
5773.78,449.043
5773.79,405.1
5773.85,448.604
5773.89,404.9
5773.92,449.13
5773.99,448.955
5773.99,404.8
5774.06,734.628
5774.09,404.8
5774.13,734.719
5774.19,404.8
5774.2,734.719
5774.27,734.537
5774.29,404.9
5774.34,734.265
5774.39,405.4
5774.41,734.265
5774.48,734.265
5774.49,405.8
5774.55,734.446
5774.59,406.3
5774.62,734.446
5774.69,734.446
5774.69,406.2
5774.76,734.356
5774.79,406.4
5774.83,734.356
5774.89,406.5
5774.9,734.81
5774.97,734.719
5774.99,406.6
5775.04,734.356
5775.09,406.6
5775.11,735.082
5775.18,735.536
5775.19,406.6
5775.25,736.171
5775.3,406.5
5775.32,736.898
5775.39,736.444
5775.39,406.2
5775.46,735.899
5775.49,406.2
5775.53,735.718
5775.59,406.0
5775.6,735.355
5775.67,735.355
5775.69,405.8
5775.74,735.445
5775.79,405.6
5775.81,735.445
5775.88,735.536
5775.89,405.6
5775.95,735.808
5776.0,405.6
5776.02,735.264
5776.09,735.718
5776.1,405.6
5776.159,735.899
5776.2,405.4
5776.23,735.445
5776.3,405.5
5776.3,735.718
5776.37,735.445
5776.39,405.5
5776.44,735.082
5776.49,407.1
5776.51,735.445
5776.58,735.808
5776.59,407.6
5776.65,735.899
5776.69,407.5
5776.72,735.627
5776.79,735.627
5776.79,407.8
5776.86,735.718
5776.89,407.8
5776.93,735.899
5776.99,408.1
5777.0,735.718
5777.07,736.353
5777.09,408.2
5777.14,736.353
5777.19,408.2
5777.21,736.535
5777.28,735.99
5777.29,408.2
5777.35,736.535
5777.39,408.2
5777.42,736.171
5777.49,736.08
5777.49,408.2
5777.56,736.353
5777.59,408.2
5777.63,736.262
5777.69,408.2
5777.7,736.444
5777.77,736.171
5777.79,408.2
5777.84,736.898
5777.89,408.2
5777.91,736.716
5777.98,736.353
5777.99,408.2
5778.05,736.444
5778.09,408.2
5778.12,736.535
5778.19,736.262
5778.19,410.0
5778.26,736.08
5778.29,410.3
5778.33,736.262
5778.39,410.5
5778.4,735.99
5778.47,736.171
5778.49,410.7
5778.54,736.171
5778.59,410.9
5778.61,736.262
5778.68,736.08
5778.69,410.9
5778.75,736.171
5778.79,410.9
5778.82,736.262
5778.89,736.171
5778.89,410.9
5778.96,735.808
5778.99,410.9
5779.03,736.353
5779.09,410.9
5779.1,736.08
5779.17,736.262
5779.19,410.9
5779.24,735.808
5779.29,410.9
5779.31,736.535
5779.38,735.899
5779.39,410.9
5779.45,735.808
5779.49,410.9
5779.52,736.171
5779.59,735.718
5779.59,410.9
5779.66,735.808
5779.69,410.9
5779.73,735.718
5779.79,410.9
5779.8,735.627
5779.87,735.808
5779.89,410.9
5779.94,735.627
5779.99,410.9
5780.01,735.627
5780.08,735.808
5780.09,410.9
5780.15,735.536
5780.19,410.9
5780.22,735.899
5780.29,734.991
5780.29,410.9
5780.36,735.173
5780.39,410.9
5780.43,735.445
5780.49,410.9
5780.5,735.264
5780.57,735.173
5780.59,410.9
5780.639,735.355
5780.69,410.9
5780.71,735.264
5780.78,735.536
5780.79,410.9
5780.85,734.901
5780.89,410.9
5780.92,735.264
5780.99,735.082
5780.99,410.9
5781.06,734.991
5781.09,410.9
5781.13,734.628
5781.19,410.9
5781.2,734.991
5781.27,735.264
5781.29,410.9
5781.34,734.81
5781.39,410.9
5781.41,734.991
5781.48,735.355
5781.49,410.9
5781.55,734.901
5781.59,410.9
5781.62,735.627
5781.69,735.355
5781.69,410.9
5781.76,735.355
5781.79,410.9
5781.83,734.991
5781.89,410.9
5781.9,735.173
5781.97,734.719
5781.99,410.9
5782.04,735.082
5782.09,410.9
5782.11,735.082
5782.18,734.991
5782.19,410.9
5782.25,734.991
5782.29,410.9
5782.32,734.991
5782.39,735.355
5782.39,410.9
5782.46,735.173
5782.49,410.9
5782.53,735.355
5782.59,410.9
5782.6,735.173
5782.67,735.264
5782.69,410.9
5782.74,735.355
5782.79,410.9
5782.81,735.445
5782.88,735.173
5782.89,410.9
5782.95,735.355
5782.99,410.9
5783.02,735.355
5783.09,735.264
5783.09,410.9
5783.16,735.536
5783.19,410.9
5783.23,735.445
5783.29,410.9
5783.3,735.627
5783.37,735.718
5783.39,410.9
5783.44,735.627
5783.49,410.9
5783.51,735.627
5783.58,735.899
5783.59,410.9
5783.65,735.355
5783.69,410.9
5783.72,735.808
5783.79,735.718
5783.79,410.9
5783.86,735.899
5783.89,410.9
5783.93,735.899
5783.99,410.9
5784.0,736.08
5784.07,735.808
5784.09,410.9
5784.14,735.99
5784.19,410.9
5784.21,736.08
5784.28,736.171
5784.29,410.9
5784.35,736.353
5784.39,410.9
5784.42,736.535
5784.49,736.626
5784.49,410.9
5784.56,736.626
5784.59,410.9
5784.63,736.807
5784.69,410.9
5784.7,737.08
5784.77,736.989
5784.79,410.9
5784.84,737.261
5784.89,410.9
5784.91,737.171
5784.98,737.534
5784.99,410.9
5785.05,737.261
5785.09,410.9
5785.119,737.443
5785.19,737.534
5785.19,410.9
5785.26,737.443
5785.29,410.9
5785.33,737.806
5785.39,410.9
5785.4,737.715
5785.47,738.26
5785.49,410.9
5785.54,738.26
