mission_time,latitude,longitude
5264.25,47.9868608,-81.8484864
5264.31,47.9868608,-81.8484864
5264.32,47.9868608,-81.8484864
5264.41,47.9868608,-81.8484864
5264.41,47.9868608,-81.8484864
5264.5,47.9868608,-81.8484864
5264.51,47.9868608,-81.8484864
5264.58,47.9868608,-81.8484864
5264.61,47.9868608,-81.8484864
5264.66,47.9868608,-81.8484864
5264.71,47.9868608,-81.8484864
5264.74,47.9868608,-81.8484864
5264.81,47.9868608,-81.8484864
5264.82,47.9868608,-81.8484864
5264.91,47.9868608,-81.8484864
5264.91,47.9868608,-81.8484864
5265.0,47.9868608,-81.8484864
5265.01,47.9868608,-81.8484864
5265.08,47.9868608,-81.8484864
5265.11,47.9868608,-81.8484864
5265.16,47.9868608,-81.8484864
5265.21,47.9868608,-81.8484864
5265.24,47.9868608,-81.8484864
5265.31,47.9868608,-81.8484864
5265.32,47.9868608,-81.8484864
5265.41,47.9868608,-81.8484864
5265.41,47.9868608,-81.8484864
5265.5,47.9868608,-81.8484864
5265.51,47.9868608,-81.8484864
5265.58,47.9868608,-81.8484864
5265.61,47.9868608,-81.8484864
5265.66,47.9868608,-81.8484864
5265.71,47.9868608,-81.8484864
5265.74,47.9868608,-81.8484864
5265.81,47.9868608,-81.8484864
5265.82,47.9868608,-81.8484864
5265.91,47.9868608,-81.8484864
5265.91,47.9868608,-81.8484864
5266.0,47.9868608,-81.8484864
5266.01,47.9868608,-81.8484864
5266.07,47.9868608,-81.8484864
5266.11,47.9868608,-81.8484864
5266.16,47.9868608,-81.8484864
5266.21,47.9868608,-81.8484864
5266.23,47.9868608,-81.8484864
5266.31,47.9868608,-81.8484864
5266.32,47.9868608,-81.8484864
5266.41,47.9868608,-81.8484864
5266.41,47.9868608,-81.8484864
5266.49,47.9868608,-81.8484864
5266.51,47.9868608,-81.8484864
5266.57,47.9868608,-81.8484864
5266.61,47.9868608,-81.8484864
5266.66,47.9868608,-81.8484864
5266.71,47.9868608,-81.8484864
5266.73,47.9868608,-81.8484864
5266.81,47.9868608,-81.8484864
5266.82,47.9868608,-81.8484864
5266.91,47.9868608,-81.8484864
5266.91,47.9868608,-81.8484864
5266.98,47.9868608,-81.8484864
5267.01,47.9868608,-81.8484864
5267.07,47.9868608,-81.8484864
5267.11,47.9868608,-81.8484864
5267.16,47.9868608,-81.8484864
5267.21,47.9868608,-81.8484864
5267.23,47.9868608,-81.8484864
5267.31,47.9868608,-81.8484864
5267.31,47.9868608,-81.8484864
5267.4,47.9868608,-81.8484864
5267.41,47.9868608,-81.8484864
5267.47,47.9868608,-81.8484864
5267.51,47.9868608,-81.8484864
5267.56,47.9868608,-81.8484864
5267.61,47.9868608,-81.8484864
5267.65,47.9868608,-81.8484864
5267.71,47.9868608,-81.8484864
5267.73,47.9868608,-81.8484864
5267.81,47.9868608,-81.8484864
5267.81,47.9868608,-81.8484864
5267.89,47.9868608,-81.8484864
5267.91,47.9868608,-81.8484864
5267.97,47.9868608,-81.8484864
5268.01,47.9868608,-81.8484864
5268.06,47.9868608,-81.8484864
5268.11,47.9868608,-81.8484864
5268.14,47.9868608,-81.8484864
5268.21,47.9868608,-81.8484864
5268.23,47.9868608,-81.8484864
5268.31,47.9868608,-81.8484864
5268.31,47.9868608,-81.8484864
5268.39,47.9868608,-81.8484864
5268.41,47.9868608,-81.8484864
5268.47,47.9868608,-81.8484864
5268.51,47.9868608,-81.8484864
5268.56,47.9868608,-81.8484864
5268.61,47.9868608,-81.8484864
5268.65,47.9868608,-81.8484864
5268.71,47.9868608,-81.8484864
5268.73,47.9868608,-81.8484864
5268.8,47.9868608,-81.8484864
5268.81,47.9868608,-81.8484864
5268.88,47.9868608,-81.8484864
5268.91,47.9868608,-81.8484864
5268.97,47.9868608,-81.8484864
5269.01,47.9868608,-81.8484864
5269.05,47.9868608,-81.8484864
5269.11,47.9868608,-81.8484864
5269.14,47.9868608,-81.8484864
5269.21,47.9868608,-81.8484864
5269.22,47.9868608,-81.8484864
5269.3,47.9868608,-81.8484864
5269.31,47.9868608,-81.8484864
5269.38,47.9868608,-81.8484864
5269.41,47.9868608,-81.8484864
5269.47,47.9868608,-81.8484864
5269.51,47.9868608,-81.8484864
5269.55,47.9868608,-81.8484864
5269.61,47.9868608,-81.8484864
5269.64,47.9868608,-81.8484864
5269.7,47.9868608,-81.8484864
5269.71,47.9868608,-81.8484864
5269.8,47.9868608,-81.8484864
5269.81,47.9868608,-81.8484864
5269.88,47.9868608,-81.8484864
5269.91,47.9868608,-81.8484864
5269.97,47.9868608,-81.8484864
5270.01,47.9868608,-81.8484864
5270.05,47.9868608,-81.8484864
5270.11,47.9868608,-81.8484864
5270.13,47.9868608,-81.8484864
5270.21,47.9868608,-81.8484864
5270.21,47.9868608,-81.8484864
5270.31,47.9868608,-81.8484864
5270.31,47.9868608,-81.8484864
5270.39,47.9868608,-81.8484864
5270.41,47.9868608,-81.8484864
5270.47,47.9868608,-81.8484864
5270.51,47.9868608,-81.8484864
5270.55,47.9868608,-81.8484864
5270.6,47.9868608,-81.8484864
5270.63,47.9868608,-81.8484864
5270.71,47.9868608,-81.8484864
5270.71,47.9868608,-81.8484864
5270.8,47.9868608,-81.8484864
5270.81,47.9868608,-81.8484864
5270.89,47.9868608,-81.8484864
5270.91,47.9868608,-81.8484864
5270.97,47.9868608,-81.8484864
5271.01,47.9868608,-81.8484864
5271.05,47.9868608,-81.8484864
5271.11,47.9868608,-81.8484864
5271.13,47.9868608,-81.8484864
5271.21,47.9868608,-81.8484864
5271.22,47.9868608,-81.8484864
5271.31,47.9868608,-81.8484864
5271.31,47.9868608,-81.8484864
5271.39,47.9868608,-81.8484864
5271.41,47.9868608,-81.8484864
5271.46,47.9868608,-81.8484864
5271.51,47.9868608,-81.8484864
5271.54,47.9868608,-81.8484864
5271.61,47.9868608,-81.8484864
5271.63,47.9868608,-81.8484864
5271.71,47.9868608,-81.8484864
5271.72,47.9868608,-81.8484864
5271.8,47.9868608,-81.8484864
5271.81,47.9868608,-81.8484864
5271.88,47.9868608,-81.8484864
5271.91,47.9868608,-81.8484864
5271.96,47.9868608,-81.8484864
5272.01,47.9868608,-81.8484864
5272.04,47.9868608,-81.8484864
5272.11,47.9868608,-81.8484864
5272.13,47.9868608,-81.8484864
5272.21,47.9868608,-81.8484864
5272.22,47.9868608,-81.8484864
5272.3,47.9868608,-81.8484864
5272.31,47.9868608,-81.8484864
5272.38,47.9868608,-81.8484864
5272.41,47.9868608,-81.8484864
5272.46,47.9868608,-81.8484864
5272.51,47.9868608,-81.8484864
5272.54,47.9868608,-81.8484864
5272.61,47.9868608,-81.8484864
5272.62,47.9868608,-81.8484864
5272.71,47.9868608,-81.8484864
5272.71,47.9868608,-81.8484864
5272.79,47.9868608,-81.8484864
5272.81,47.9868608,-81.8484864
5272.87,47.9868608,-81.8484864
5272.91,47.9868608,-81.8484864
5272.96,47.9868608,-81.8484864
5273.01,47.9868608,-81.8484864
5273.04,47.9868608,-81.8484864
5273.11,47.9868608,-81.8484864
5273.119,47.9868608,-81.8484864
5273.21,47.9868608,-81.8484864
5273.21,47.9868608,-81.8484864
5273.29,47.9868608,-81.8484864
5273.31,47.9868608,-81.8484864
5273.37,47.9868608,-81.8484864
5273.41,47.9868608,-81.8484864
5273.46,47.9868608,-81.8484864
5273.51,47.9868608,-81.8484864
5273.54,47.9868608,-81.8484864
5273.61,47.9868608,-81.8484864
5273.62,47.9868608,-81.8484864
5273.7,47.9868608,-81.8484864
5273.71,47.9868608,-81.8484864
5273.79,47.9868608,-81.8484864
5273.81,47.9868608,-81.8484864
5273.87,47.9868608,-81.8484864
5273.91,47.9868608,-81.8484864
5273.96,47.9868608,-81.8484864
5274.01,47.9868608,-81.8484864
5274.04,47.9868608,-81.8484864
5274.11,47.9868608,-81.8484864
5274.12,47.9868608,-81.8484864
5274.19,47.9868608,-81.8484864
5274.21,47.9868608,-81.8484864
5274.28,47.9868608,-81.8484864
5274.31,47.9868608,-81.8484864
5274.37,47.9868608,-81.8484864
5274.41,47.9868608,-81.8484864
5274.45,47.9868608,-81.8484864
5274.51,47.9868608,-81.8484864
5274.54,47.9868608,-81.8484864
5274.61,47.9868608,-81.8484864
5274.61,47.9868608,-81.8484864
5274.7,47.9868608,-81.8484864
5274.7,47.9868608,-81.8484864
5274.78,47.9868608,-81.8484864
5274.81,47.9868608,-81.8484864
5274.87,47.9868608,-81.8484864
5274.91,47.9868608,-81.8484864
5274.96,47.9868608,-81.8484864
5275.01,47.9868608,-81.8484864
5275.03,47.9868608,-81.8484864
5275.11,47.9868608,-81.8484864
5275.11,47.9868608,-81.8484864
5275.19,47.9868608,-81.8484864
5275.21,47.9868608,-81.8484864
5275.28,47.9868608,-81.8484864
5275.31,47.9868608,-81.8484864
5275.37,47.9868608,-81.8484864
5275.41,47.9868608,-81.8484864
5275.45,47.9868608,-81.8484864
5275.51,47.9868608,-81.8484864
5275.52,47.9868608,-81.8484864
5275.61,47.9868608,-81.8484864
5275.61,47.9868608,-81.8484864
5275.7,47.9868608,-81.8484864
5275.71,47.9868608,-81.8484864
5275.78,47.9868608,-81.8484864
5275.81,47.9868608,-81.8484864
5275.86,47.9868608,-81.8484864
5275.91,47.9868608,-81.8484864
5275.94,47.9868608,-81.8484864
5276.01,47.9868608,-81.8484864
5276.02,47.9868608,-81.8484864
5276.11,47.9868608,-81.8484864
5276.11,47.9868608,-81.8484864
5276.19,47.9868608,-81.8484864
5276.21,47.9868608,-81.8484864
5276.27,47.9868608,-81.8484864
5276.31,47.9868608,-81.8484864
5276.36,47.9868608,-81.8484864
5276.41,47.9868608,-81.8484864
5276.45,47.9868608,-81.8484864
5276.51,47.9868608,-81.8484864
5276.52,47.9868608,-81.8484864
5276.61,47.9868608,-81.8484864
5276.61,47.9868608,-81.8484864
5276.7,47.9868608,-81.8484864
5276.71,47.9868608,-81.8484864
5276.78,47.9868608,-81.8484864
5276.81,47.9868608,-81.8484864
5276.86,47.9868608,-81.8484864
5276.91,47.9868608,-81.8484864
5276.95,47.9868608,-81.8484864
5277.01,47.9868608,-81.8484864
5277.03,47.9868608,-81.8484864
5277.11,47.9868608,-81.8484864
5277.11,47.9868608,-81.8484864
5277.2,47.9868608,-81.8484864
5277.21,47.9868608,-81.8484864
5277.27,47.9868608,-81.8484864
5277.31,47.9868608,-81.8484864
5277.35,47.9868608,-81.8484864
5277.41,47.9868608,-81.8484864
5277.45,47.9868608,-81.8484864
5277.51,47.9868608,-81.8484864
5277.53,47.9868608,-81.8484864
5277.61,47.9868608,-81.8484864
5277.61,47.9868608,-81.8484864
5277.69,47.9868608,-81.8484864
5277.71,47.9868608,-81.8484864
5277.77,47.9868608,-81.8484864
5277.81,47.9868608,-81.8484864
5277.85,47.9868608,-81.8484864
5277.91,47.9868608,-81.8484864
5277.94,47.9868608,-81.8484864
5278.01,47.9868608,-81.8484864
5278.03,47.9868608,-81.8484864
5278.11,47.9868608,-81.8484864
5278.11,47.9868608,-81.8484864
5278.18,47.9868608,-81.8484864
5278.21,47.9868608,-81.8484864
5278.27,47.9868608,-81.8484864
5278.31,47.9868608,-81.8484864
5278.35,47.9868608,-81.8484864
5278.41,47.9868608,-81.8484864
5278.43,47.9868608,-81.8484864
5278.51,47.9868608,-81.8484864
5278.52,47.9868608,-81.8484864
5278.6,47.9868608,-81.8484864
5278.61,47.9868608,-81.8484864
5278.68,47.9868608,-81.8484864
5278.71,47.9868608,-81.8484864
5278.77,47.9868608,-81.8484864
5278.81,47.9868608,-81.8484864
5278.85,47.9868608,-81.8484864
5278.91,47.9868608,-81.8484864
5278.93,47.9868608,-81.8484864
5279.01,47.9868608,-81.8484864
5279.02,47.9868608,-81.8484864
5279.1,47.9868608,-81.8484864
5279.11,47.9868608,-81.8484864
5279.18,47.9868608,-81.8484864
5279.21,47.9868608,-81.8484864
5279.27,47.9868608,-81.8484864
5279.31,47.9868608,-81.8484864
5279.35,47.9868608,-81.8484864
5279.41,47.9868608,-81.8484864
5279.43,47.9868608,-81.8484864
5279.51,47.9868608,-81.8484864
5279.51,47.9868608,-81.8484864
5279.6,47.9868608,-81.8484864
5279.61,47.9868608,-81.8484864
5279.68,47.9868608,-81.8484864
5279.71,47.9868608,-81.8484864
5279.77,47.9868608,-81.8484864
5279.81,47.9868608,-81.8484864
5279.85,47.9868608,-81.8484864
5279.91,47.9868608,-81.8484864
5279.93,47.9868608,-81.8484864
5280.01,47.9868608,-81.8484864
5280.01,47.9868608,-81.8484864
5280.11,47.9868608,-81.8484864
5280.11,47.9868608,-81.8484864
5280.19,47.9868608,-81.8484864
5280.21,47.9868608,-81.8484864
5280.27,47.9868608,-81.8484864
5280.31,47.9868608,-81.8484864
5280.35,47.9868608,-81.8484864
5280.41,47.9868608,-81.8484864
5280.42,47.9868608,-81.8484864
5280.51,47.9868608,-81.8484864
5280.51,47.9868608,-81.8484864
5280.6,47.9868608,-81.8484864
5280.6,47.9868608,-81.8484864
5280.68,47.9868608,-81.8484864
5280.71,47.9868608,-81.8484864
5280.76,47.9868608,-81.8484864
5280.81,47.9868608,-81.8484864
5280.84,47.9868608,-81.8484864
5280.91,47.9868608,-81.8484864
5280.93,47.9868608,-81.8484864
5281.01,47.9868608,-81.8484864
5281.01,47.9868608,-81.8484864
5281.1,47.9868608,-81.8484864
5281.11,47.9868608,-81.8484864
5281.19,47.9868608,-81.8484864
5281.21,47.9868608,-81.8484864
5281.26,47.9868608,-81.8484864
5281.31,47.9868608,-81.8484864
5281.34,47.9868608,-81.8484864
5281.41,47.9868608,-81.8484864
5281.43,47.9868608,-81.8484864
5281.51,47.9868608,-81.8484864
5281.51,47.9868608,-81.8484864
5281.6,47.9868608,-81.8484864
5281.61,47.9868608,-81.8484864
5281.68,47.9868608,-81.8484864
5281.71,47.9868608,-81.8484864
5281.76,47.9868608,-81.8484864
5281.81,47.9868608,-81.8484864
5281.84,47.9868608,-81.8484864
5281.91,47.9868608,-81.8484864
5281.92,47.9868608,-81.8484864
5282.01,47.9868608,-81.8484864
5282.01,47.9868608,-81.8484864
5282.09,47.9868608,-81.8484864
5282.11,47.9868608,-81.8484864
5282.17,47.9868608,-81.8484864
5282.21,47.9868608,-81.8484864
5282.26,47.9868608,-81.8484864
5282.31,47.9868608,-81.8484864
5282.34,47.9868608,-81.8484864
5282.41,47.9868608,-81.8484864
5282.42,47.9868608,-81.8484864
5282.51,47.9868608,-81.8484864
5282.51,47.9868608,-81.8484864
5282.59,47.9868608,-81.8484864
5282.61,47.9868608,-81.8484864
5282.66,47.9868608,-81.8484864
5282.71,47.9868608,-81.8484864
5282.76,47.9868608,-81.8484864
5282.81,47.9868608,-81.8484864
5282.84,47.9868608,-81.8484864
5282.9,47.9868608,-81.8484864
5282.92,47.9868608,-81.8484864
5283.01,47.9868608,-81.8484864
5283.01,47.9868608,-81.8484864
5283.08,47.9868608,-81.8484864
5283.11,47.9868608,-81.8484864
5283.16,47.9868608,-81.8484864
5283.21,47.9868608,-81.8484864
5283.26,47.9868608,-81.8484864
5283.31,47.9868608,-81.8484864
5283.34,47.9868608,-81.8484864
5283.41,47.9868608,-81.8484864
5283.42,47.9868608,-81.8484864
5283.5,47.9868608,-81.8484864
5283.51,47.9868608,-81.8484864
5283.58,47.9868608,-81.8484864
5283.61,47.9868608,-81.8484864
5283.66,47.9868608,-81.8484864
5283.71,47.9868608,-81.8484864
5283.76,47.9868608,-81.8484864
5283.81,47.9868608,-81.8484864
5283.84,47.9868608,-81.8484864
5283.91,47.9868608,-81.8484864
5283.92,47.9868608,-81.8484864
5283.99,47.9868608,-81.8484864
5284.01,47.9868608,-81.8484864
5284.08,47.9868608,-81.8484864
5284.12,47.9868608,-81.8484864
5284.16,47.9868608,-81.8484864
5284.21,47.9868608,-81.8484864
5284.25,47.9868608,-81.8484864
5284.31,47.9868608,-81.8484864
5284.34,47.9868608,-81.8484864
5284.42,47.9868608,-81.8484864
5284.42,47.986816,-81.848512
5284.5,47.986816,-81.848512
5284.51,47.9868192,-81.8485056
5284.58,47.9868192,-81.8485056
5284.61,47.9868288,-81.8484864
5284.66,47.9868288,-81.8484864
5284.7,47.9868352,-81.8484736
5284.75,47.9868352,-81.8484736
5284.8,47.9868416,-81.8484544
5284.83,47.9868416,-81.8484544
5284.9,47.986848,-81.848448
5284.91,47.986848,-81.848448
5285.0,47.986848,-81.848448
5285.01,47.9868512,-81.8484352
5285.08,47.9868512,-81.8484352
5285.11,47.9868576,-81.8484288
5285.17,47.9868576,-81.8484288
5285.21,47.9868672,-81.8484096
5285.25,47.9868672,-81.8484096
5285.3,47.9868704,-81.8483968
5285.32,47.9868704,-81.8483968
5285.4,47.9868768,-81.8483904
5285.41,47.9868768,-81.8483904
5285.5,47.9868768,-81.8483904
5285.5,47.9868864,-81.8483712
5285.58,47.9868864,-81.8483712
5285.6,47.9868896,-81.8483584
5285.67,47.9868896,-81.8483584
5285.7,47.986896,-81.848352
5285.74,47.986896,-81.848352
5285.8,47.9868992,-81.8483328
5285.83,47.9868992,-81.8483328
5285.9,47.986912,-81.84832
5285.91,47.986912,-81.84832
5286.01,47.9869184,-81.8482944
5286.01,47.9869184,-81.8482944
5286.09,47.9869184,-81.8482944
5286.1,47.986928,-81.8482816
5286.16,47.986928,-81.8482816
5286.2,47.9869312,-81.848256
5286.25,47.9869312,-81.848256
5286.31,47.9869376,-81.8482368
5286.32,47.9869376,-81.8482368
5286.4,47.9869408,-81.848224
5286.42,47.9869408,-81.848224
5286.5,47.9869504,-81.8482048
5286.5,47.9869504,-81.8482048
5286.58,47.9869504,-81.8482048
5286.6,47.9869568,-81.848192
5286.66,47.9869568,-81.848192
5286.7,47.9869504,-81.8481664
5286.75,47.9869504,-81.8481664
5286.79,47.98696,-81.8481472
5286.83,47.98696,-81.8481472
5286.89,47.9872544,-81.8480768
5286.91,47.9872544,-81.8480768
5287.0,47.9872544,-81.8480768
5287.0,47.9868992,-81.848416
5287.08,47.9868992,-81.848416
5287.1,47.9871744,-81.848032
5287.16,47.9871744,-81.848032
5287.199,47.9869888,-81.8475008
5287.25,47.9869888,-81.8475008
5287.3,47.9869728,-81.8473408
5287.32,47.9869728,-81.8473408
5287.4,47.9869664,-81.8472448
5287.41,47.9869664,-81.8472448
5287.49,47.9869664,-81.8472448
5287.49,47.9869728,-81.8472384
5287.58,47.9869728,-81.8472384
5287.59,47.9870144,-81.8472192
5287.66,47.9870144,-81.8472192
5287.7,47.986992,-81.8471424
5287.74,47.986992,-81.8471424
5287.79,47.9869376,-81.8470528
5287.82,47.9869376,-81.8470528
5287.89,47.9869312,-81.8469952
5287.91,47.9869312,-81.8469952
5287.99,47.9869312,-81.8469952
5288.0,47.9869536,-81.846944
5288.07,47.9869536,-81.846944
5288.1,47.9869664,-81.84688
5288.16,47.9869664,-81.84688
5288.2,47.9869504,-81.8467776
5288.24,47.9869504,-81.8467776
5288.3,47.9870912,-81.846688
5288.32,47.9870912,-81.846688
5288.4,47.9869952,-81.8465984
5288.4,47.9869952,-81.8465984
5288.49,47.9869952,-81.8465984
5288.49,47.9869856,-81.8465408
5288.58,47.9869856,-81.8465408
5288.59,47.9870048,-81.846496
5288.66,47.9870048,-81.846496
5288.69,47.9869696,-81.846496
5288.74,47.9869696,-81.846496
5288.8,47.9869952,-81.8462656
5288.82,47.9869952,-81.8462656
5288.89,47.986928,-81.8461504
5288.89,47.986928,-81.8461504
5288.99,47.986928,-81.8461504
5289.0,47.987056,-81.8461312
5289.07,47.987056,-81.8461312
5289.1,47.9869792,-81.8461376
5289.16,47.9869792,-81.8461376
5289.2,47.9869568,-81.8461312
5289.24,47.9869568,-81.8461312
5289.3,47.9870144,-81.8459136
5289.31,47.9870144,-81.8459136
5289.4,47.986912,-81.8459136
5289.4,47.986912,-81.8459136
5289.49,47.986912,-81.8459136
5289.5,47.9869664,-81.8457152
5289.57,47.9869664,-81.8457152
5289.6,47.9869344,-81.845696
5289.66,47.9869344,-81.845696
5289.7,47.98704,-81.8456896
5289.73,47.98704,-81.8456896
5289.8,47.9870656,-81.845472
5289.81,47.9870656,-81.845472
5289.89,47.98696,-81.8455232
5289.89,47.98696,-81.8455232
5289.98,47.98696,-81.8455232
5290.0,47.9870144,-81.8451968
5290.07,47.9870144,-81.8451968
5290.1,47.9870688,-81.8449728
5290.15,47.9870688,-81.8449728
5290.2,47.9871104,-81.8449152
5290.22,47.9871104,-81.8449152
5290.3,47.9871264,-81.844992
5290.3,47.9871264,-81.844992
5290.39,47.9871264,-81.844992
5290.399,47.987152,-81.8450304
5290.47,47.987152,-81.8450304
5290.5,47.9870528,-81.8450304
5290.56,47.9870528,-81.8450304
5290.6,47.98712,-81.8448896
5290.64,47.98712,-81.8448896
5290.69,47.9871552,-81.8445312
5290.71,47.9871552,-81.8445312
5290.8,47.987216,-81.8445568
5290.8,47.987216,-81.8445568
5290.88,47.987216,-81.8445568
5290.89,47.9872448,-81.8445312
5290.97,47.9872448,-81.8445312
5291.0,47.9872288,-81.844512
5291.06,47.9872288,-81.844512
5291.1,47.9872288,-81.844512
5291.13,47.9872288,-81.844512
5291.2,47.9872288,-81.844512
5291.21,47.9872288,-81.844512
5291.3,47.9872288,-81.844512
5291.3,47.9872288,-81.844512
5291.38,47.9872288,-81.844512
5291.4,47.9872576,-81.8444224
5291.46,47.9872576,-81.8444224
5291.5,47.9872576,-81.8443904
5291.55,47.9872576,-81.8443904
5291.6,47.9872576,-81.844384
5291.62,47.9872576,-81.844384
5291.69,47.987264,-81.844352
5291.71,47.987264,-81.844352
5291.79,47.987264,-81.844352
5291.8,47.9872512,-81.84432
5291.87,47.9872512,-81.84432
5291.9,47.987248,-81.8443072
5291.96,47.987248,-81.8443072
5292.0,47.987248,-81.8442944
5292.04,47.987248,-81.8442944
5292.1,47.9872544,-81.8440576
5292.13,47.9872544,-81.8440576
5292.2,47.9871552,-81.8439744
5292.2,47.9871552,-81.8439744
5292.3,47.9871552,-81.8439744
5292.3,47.9871744,-81.8437888
5292.38,47.9871744,-81.8437888
5292.4,47.9872544,-81.8437888
5292.46,47.9872544,-81.8437888
5292.49,47.9872544,-81.8437888
5292.54,47.9872544,-81.8437888
5292.6,47.9878528,-81.8437376
5292.63,47.9878528,-81.8437376
5292.7,47.9878848,-81.8437248
5292.71,47.9878848,-81.8437248
5292.79,47.9880192,-81.8436864
5292.79,47.9880192,-81.8436864
5292.88,47.9880192,-81.8436864
5292.9,47.988032,-81.8436864
5292.95,47.988032,-81.8436864
5293.0,47.988032,-81.8436736
5293.04,47.988032,-81.8436736
5293.1,47.9880896,-81.8436736
5293.12,47.9880896,-81.8436736
5293.2,47.9881024,-81.8436032
5293.21,47.9881024,-81.8436032
5293.3,47.9881024,-81.8436032
5293.3,47.9881056,-81.8435648
5293.37,47.9881056,-81.8435648
5293.4,47.9881184,-81.8435456
5293.45,47.9881184,-81.8435456
5293.5,47.9881184,-81.8435392
5293.54,47.9881184,-81.8435392
5293.599,47.9881184,-81.84352
5293.62,47.9881184,-81.84352
5293.7,47.9881216,-81.8435008
5293.71,47.9881216,-81.8435008
5293.79,47.9881216,-81.8435008
5293.8,47.9881888,-81.8435008
5293.87,47.9881888,-81.8435008
5293.9,47.988192,-81.8434112
5293.95,47.988192,-81.8434112
5294.0,47.9881856,-81.8433664
5294.03,47.9881856,-81.8433664
5294.1,47.9881824,-81.8433536
5294.11,47.9881824,-81.8433536
5294.2,47.9881792,-81.8433472
5294.2,47.9881792,-81.8433472
5294.28,47.9881792,-81.8433472
5294.3,47.988176,-81.843328
5294.36,47.988176,-81.843328
5294.4,47.9881792,-81.8433216
5294.45,47.9881792,-81.8433216
5294.5,47.9881472,-81.8432832
5294.53,47.9881472,-81.8432832
5294.59,47.988144,-81.8432704
5294.61,47.988144,-81.8432704
5294.7,47.9881632,-81.843264
5294.7,47.9881632,-81.843264
5294.78,47.9881632,-81.843264
5294.8,47.9881632,-81.843264
5294.87,47.9881632,-81.843264
5294.9,47.98816,-81.843264
5294.95,47.98816,-81.843264
5295.0,47.98816,-81.843264
5295.03,47.98816,-81.843264
5295.1,47.98816,-81.843264
5295.11,47.98816,-81.843264
5295.19,47.98816,-81.843264
5295.2,47.98816,-81.843264
5295.28,47.98816,-81.843264
5295.3,47.98816,-81.843264
5295.36,47.98816,-81.843264
5295.4,47.98816,-81.843264
5295.44,47.98816,-81.843264
5295.5,47.98816,-81.843264
5295.53,47.98816,-81.843264
5295.59,47.98816,-81.843264
5295.61,47.98816,-81.843264
5295.69,47.98816,-81.843264
5295.7,47.98816,-81.843264
5295.78,47.98816,-81.843264
5295.8,47.98816,-81.843264
5295.86,47.98816,-81.843264
5295.9,47.98816,-81.843264
5295.95,47.98816,-81.843264
5296.0,47.98816,-81.843264
5296.03,47.98816,-81.843264
5296.1,47.98816,-81.843264
5296.1,47.98816,-81.843264
5296.19,47.98816,-81.843264
5296.2,47.98816,-81.843264
5296.28,47.98816,-81.843264
5296.3,47.98816,-81.843264
5296.36,47.98816,-81.843264
5296.4,47.98816,-81.843264
5296.44,47.98816,-81.843264
5296.52,47.98816,-81.843264
5296.61,47.98816,-81.843264
5296.7,47.98816,-81.843264
5296.799,47.98816,-81.843264
5296.88,47.98816,-81.843264
5296.97,47.98816,-81.843264
5297.06,47.98816,-81.843264
5297.15,47.98816,-81.843264
5297.22,47.98816,-81.843264
5297.32,47.98816,-81.843264
5297.4,47.9827104,-81.8641344
5297.41,47.9827104,-81.8641344
5297.49,47.9827104,-81.8641344
5297.5,47.9827104,-81.8641344
5297.57,47.9827104,-81.8641344
5297.6,47.9827104,-81.8641344
5297.65,47.9827104,-81.8641344
5297.7,47.9827104,-81.8641344
5297.73,47.9827104,-81.8641344
5297.8,47.9827104,-81.8641344
5297.81,47.9827104,-81.8641344
5297.9,47.9827104,-81.8641344
5297.91,47.9827104,-81.8641344
5297.99,47.9827104,-81.8641344
5298.0,47.9827104,-81.8641344
5298.06,47.9827104,-81.8641344
5298.1,47.9824416,-81.8648768
5298.15,47.9824416,-81.8648768
5298.2,47.9827104,-81.8641344
5298.23,47.9827104,-81.8641344
5298.3,47.9827104,-81.8641344
5298.32,47.9827104,-81.8641344
5298.4,47.9827104,-81.8641344
5298.41,47.9827104,-81.8641344
5298.48,47.9827104,-81.8641344
5298.57,47.9827104,-81.8641344
5298.66,47.9827104,-81.8641344
5298.75,47.9827104,-81.8641344
5298.83,47.9827104,-81.8641344
5298.93,47.9827104,-81.8641344
5299.02,47.9827104,-81.8641344
5299.1,47.9891968,-81.861536
5299.1,47.9891968,-81.861536
5299.18,47.9891968,-81.861536
5299.27,47.9891968,-81.861536
5299.359,47.9891968,-81.861536
5299.46,47.9891968,-81.861536
5299.54,47.9891968,-81.861536
5299.59,47.98928,-81.8617856
5299.63,47.98928,-81.8617856
5299.72,47.98928,-81.8617856
5299.81,47.98928,-81.8617856
5299.89,47.98928,-81.8617856
5299.98,47.98928,-81.8617856
5300.07,47.98928,-81.8617856
5300.16,47.98928,-81.8617856
5300.25,47.98928,-81.8617856
5300.34,47.98928,-81.8617856
5300.43,47.98928,-81.8617856
5300.51,47.98928,-81.8617856
5300.6,47.98928,-81.8617856
5300.69,47.98928,-81.8617856
5300.79,47.98928,-81.8617856
5300.86,47.98928,-81.8617856
5300.95,47.98928,-81.8617856
5301.05,47.98928,-81.8617856
5301.14,47.98928,-81.8617856
5301.22,47.98928,-81.8617856
5301.31,47.98928,-81.8617856
5301.4,47.98928,-81.8617856
5301.49,47.98928,-81.8617856
5301.58,47.98928,-81.8617856
5301.67,47.98928,-81.8617856
5301.76,47.98928,-81.8617856
5301.84,47.98928,-81.8617856
5301.93,47.98928,-81.8617856
5302.02,47.98928,-81.8617856
5302.12,47.98928,-81.8617856
5302.2,47.98928,-81.8617856
5302.29,47.98928,-81.8617856
5302.38,47.98928,-81.8617856
5302.47,47.98928,-81.8617856
5302.55,47.98928,-81.8617856
5302.65,47.98928,-81.8617856
5302.74,47.98928,-81.8617856
5302.82,47.98928,-81.8617856
5302.91,47.98928,-81.8617856
5303.0,47.98928,-81.8617856
5303.1,47.98928,-81.8617856
5303.18,47.98928,-81.8617856
5303.26,47.98928,-81.8617856
5303.36,47.98928,-81.8617856
5303.45,47.98928,-81.8617856
5303.53,47.98928,-81.8617856
5303.63,47.98928,-81.8617856
5303.72,47.98928,-81.8617856
5303.8,47.98928,-81.8617856
5303.89,47.98928,-81.8617856
5303.98,47.98928,-81.8617856
5304.06,47.98928,-81.8617856
5304.16,47.98928,-81.8617856
5304.25,47.98928,-81.8617856
5304.34,47.98928,-81.8617856
5304.43,47.98928,-81.8617856
5304.51,47.98928,-81.8617856
5304.6,47.98928,-81.8617856
5304.7,47.98928,-81.8617856
5304.78,47.98928,-81.8617856
5304.87,47.98928,-81.8617856
5304.96,47.98928,-81.8617856
5305.05,47.98928,-81.8617856
5305.13,47.98928,-81.8617856
5305.23,47.98928,-81.8617856
5305.32,47.98928,-81.8617856
5305.4,47.98928,-81.8617856
5305.49,47.98928,-81.8617856
5305.58,47.98928,-81.8617856
5305.67,47.98928,-81.8617856
5305.759,47.98928,-81.8617856
5305.85,47.98928,-81.8617856
5305.94,47.98928,-81.8617856
5306.03,47.98928,-81.8617856
5306.11,47.98928,-81.8617856
5306.2,47.98928,-81.8617856
5306.3,47.98928,-81.8617856
5306.39,47.98928,-81.8617856
5306.46,47.98928,-81.8617856
5306.55,47.98928,-81.8617856
5306.65,47.98928,-81.8617856
5306.74,47.98928,-81.8617856
5306.83,47.98928,-81.8617856
5306.92,47.98928,-81.8617856
5307.01,47.98928,-81.8617856
5307.09,47.98928,-81.8617856
5307.18,47.98928,-81.8617856
5307.27,47.98928,-81.8617856
5307.36,47.98928,-81.8617856
5307.45,47.98928,-81.8617856
5307.54,47.98928,-81.8617856
5307.63,47.98928,-81.8617856
5307.72,47.98928,-81.8617856
5307.8,47.98928,-81.8617856
5307.89,47.98928,-81.8617856
5307.99,47.98928,-81.8617856
5308.07,47.98928,-81.8617856
5308.15,47.98928,-81.8617856
5308.25,47.98928,-81.8617856
5308.34,47.98928,-81.8617856
5308.42,47.98928,-81.8617856
5308.52,47.98928,-81.8617856
5308.6,47.98928,-81.8617856
5308.7,47.98928,-81.8617856
5308.77,47.98928,-81.8617856
5308.87,47.98928,-81.8617856
5308.97,47.98928,-81.8617856
5309.05,47.98928,-81.8617856
5309.13,47.98928,-81.8617856
5309.23,47.98928,-81.8617856
5309.32,47.98928,-81.8617856
5309.4,47.98928,-81.8617856
5309.5,47.98928,-81.8617856
5309.58,47.98928,-81.8617856
5309.67,47.98928,-81.8617856
5309.75,47.98928,-81.8617856
5309.85,47.98928,-81.8617856
5309.94,47.98928,-81.8617856
5310.03,47.98928,-81.8617856
5310.11,47.98928,-81.8617856
5310.2,47.98928,-81.8617856
5310.29,47.98928,-81.8617856
5310.38,47.98928,-81.8617856
5310.46,47.98928,-81.8617856
5310.56,47.98928,-81.8617856
5310.65,47.98928,-81.8617856
5310.73,47.98928,-81.8617856
5310.82,47.98928,-81.8617856
5310.91,47.98928,-81.8617856
5311.0,47.98928,-81.8617856
5311.08,47.98928,-81.8617856
5311.17,47.98928,-81.8617856
5311.26,47.98928,-81.8617856
5311.36,47.98928,-81.8617856
5311.44,47.98928,-81.8617856
5311.54,47.98928,-81.8617856
5311.63,47.98928,-81.8617856
5311.71,47.98928,-81.8617856
5311.79,47.98928,-81.8617856
5311.89,47.98928,-81.8617856
5311.99,47.98928,-81.8617856
5312.06,47.98928,-81.8617856
5312.159,47.98928,-81.8617856
5312.25,47.98928,-81.8617856
5312.34,47.98928,-81.8617856
5312.42,47.98928,-81.8617856
5312.52,47.98928,-81.8617856
5312.61,47.98928,-81.8617856
5312.69,47.98928,-81.8617856
5312.77,47.98928,-81.8617856
5312.87,47.98928,-81.8617856
5312.96,47.98928,-81.8617856
5313.05,47.98928,-81.8617856
5313.14,47.98928,-81.8617856
5313.23,47.98928,-81.8617856
5313.32,47.98928,-81.8617856
5313.4,47.98928,-81.8617856
5313.49,47.98928,-81.8617856
5313.59,47.98928,-81.8617856
5313.67,47.98928,-81.8617856
5313.76,47.98928,-81.8617856
5313.85,47.98928,-81.8617856
5313.94,47.98928,-81.8617856
5314.02,47.98928,-81.8617856
5314.12,47.98928,-81.8617856
5314.21,47.98928,-81.8617856
5314.3,47.98928,-81.8617856
5314.38,47.98928,-81.8617856
5314.47,47.98928,-81.8617856
5314.56,47.98928,-81.8617856
5314.65,47.98928,-81.8617856
5314.73,47.98928,-81.8617856
5314.83,47.98928,-81.8617856
5314.91,47.98928,-81.8617856
5315.0,47.98928,-81.8617856
5315.09,47.98928,-81.8617856
5315.18,47.98928,-81.8617856
5315.27,47.98928,-81.8617856
5315.359,47.98928,-81.8617856
5315.45,47.98928,-81.8617856
5315.54,47.98928,-81.8617856
5315.63,47.98928,-81.8617856
5315.71,47.98928,-81.8617856
5315.81,47.98928,-81.8617856
5315.9,47.98928,-81.8617856
5315.98,47.98928,-81.8617856
5316.07,47.98928,-81.8617856
5316.16,47.98928,-81.8617856
5316.26,47.98928,-81.8617856
5316.34,47.98928,-81.8617856
5316.43,47.98928,-81.8617856
5316.52,47.98928,-81.8617856
5316.61,47.98928,-81.8617856
5316.69,47.98928,-81.8617856
5316.78,47.98928,-81.8617856
5316.87,47.98928,-81.8617856
5316.96,47.98928,-81.8617856
5317.05,47.98928,-81.8617856
5317.14,47.98928,-81.8617856
5317.24,47.98928,-81.8617856
5317.31,47.98928,-81.8617856
5317.4,47.98928,-81.8617856
5317.5,47.98928,-81.8617856
5317.58,47.98928,-81.8617856
5317.66,47.98928,-81.8617856
5317.76,47.98928,-81.8617856
5317.85,47.98928,-81.8617856
5317.94,47.98928,-81.8617856
5318.03,47.98928,-81.8617856
5318.11,47.98928,-81.8617856
5318.19,47.9797888,-81.8696768
5318.2,47.9797888,-81.8696768
5318.29,47.9797888,-81.8696768
5318.37,47.9797888,-81.8696768
5318.46,47.9797888,-81.8696768
5318.559,47.9797888,-81.8696768
5318.64,47.9797888,-81.8696768
5318.73,47.9797888,-81.8696768
5318.83,47.9797888,-81.8696768
5318.92,47.9797888,-81.8696768
5319.0,47.9797888,-81.8696768
5319.09,47.9797888,-81.8696768
5319.17,47.9797888,-81.8696768
5319.26,47.9797888,-81.8696768
5319.36,47.9797888,-81.8696768
5319.45,47.9797888,-81.8696768
5319.54,47.9797888,-81.8696768
5319.62,47.9797888,-81.8696768
5319.71,47.9797888,-81.8696768
5319.8,47.9797888,-81.8696768
5319.9,47.9797888,-81.8696768
5319.97,47.9797888,-81.8696768
5320.07,47.9797888,-81.8696768
5320.16,47.9797888,-81.8696768
5320.25,47.9797888,-81.8696768
5320.34,47.9797888,-81.8696768
5320.43,47.9797888,-81.8696768
5320.52,47.9797888,-81.8696768
5320.6,47.9797888,-81.8696768
5320.69,47.9797888,-81.8696768
5320.77,47.9797888,-81.8696768
5320.88,47.9797888,-81.8696768
5320.96,47.9797888,-81.8696768
5321.05,47.9797888,-81.8696768
5321.14,47.9797888,-81.8696768
5321.23,47.9797888,-81.8696768
5321.31,47.9797888,-81.8696768
5321.41,47.9797888,-81.8696768
5321.5,47.9797888,-81.8696768
5321.58,47.9797888,-81.8696768
5321.67,47.9797888,-81.8696768
5321.75,47.9797888,-81.8696768
5321.85,47.9797888,-81.8696768
5321.94,47.9797888,-81.8696768
5322.03,47.9797888,-81.8696768
5322.11,47.9797888,-81.8696768
5322.21,47.9797888,-81.8696768
5322.28,47.9797888,-81.8696768
5322.37,47.9797888,-81.8696768
5322.48,47.9797888,-81.8696768
5322.56,47.9797888,-81.8696768
5322.64,47.9797888,-81.8696768
5322.74,47.9797888,-81.8696768
5322.83,47.9797888,-81.8696768
5322.91,47.9797888,-81.8696768
5323.01,47.9797888,-81.8696768
5323.09,47.9797888,-81.8696768
5323.18,47.9797888,-81.8696768
5323.26,47.9797888,-81.8696768
5323.35,47.9797888,-81.8696768
5323.44,47.9797888,-81.8696768
5323.54,47.9797888,-81.8696768
5323.62,47.9797888,-81.8696768
5323.7,47.9797888,-81.8696768
5323.8,47.9797888,-81.8696768
5323.89,47.9797888,-81.8696768
5323.96,47.9797888,-81.8696768
5324.07,47.9797888,-81.8696768
5324.16,47.9797888,-81.8696768
5324.24,47.9797888,-81.8696768
5324.33,47.9797888,-81.8696768
5324.42,47.9797888,-81.8696768
5324.5,47.9797888,-81.8696768
5324.6,47.9797888,-81.8696768
5324.68,47.9797888,-81.8696768
5324.77,47.9797888,-81.8696768
5324.87,47.9797888,-81.8696768
5324.95,47.9797888,-81.8696768
5325.04,47.9797888,-81.8696768
5325.14,47.9797888,-81.8696768
5325.22,47.9797888,-81.8696768
5325.3,47.9797888,-81.8696768
5325.4,47.9797888,-81.8696768
5325.49,47.9797888,-81.8696768
5325.57,47.9797888,-81.8696768
5325.67,47.9797888,-81.8696768
5325.75,47.9797888,-81.8696768
5325.85,47.9797888,-81.8696768
5325.93,47.9797888,-81.8696768
5326.02,47.9797888,-81.8696768
5326.12,47.9797888,-81.8696768
5326.2,47.9797888,-81.8696768
5326.28,47.9797888,-81.8696768
5326.38,47.9797888,-81.8696768
5326.47,47.9797888,-81.8696768
5326.55,47.9797888,-81.8696768
5326.65,47.9797888,-81.8696768
5326.74,47.9797888,-81.8696768
5326.83,47.9797888,-81.8696768
5326.91,47.9797888,-81.8696768
5327.0,47.9797888,-81.8696768
5327.09,47.9797888,-81.8696768
5327.18,47.9797888,-81.8696768
5327.27,47.9797888,-81.8696768
5327.36,47.9797888,-81.8696768
5327.45,47.9797888,-81.8696768
5327.54,47.9797888,-81.8696768
5327.62,47.9797888,-81.8696768
5327.72,47.9797888,-81.8696768
5327.81,47.9797888,-81.8696768
5327.89,47.9797888,-81.8696768
5327.98,47.9797888,-81.8696768
5328.07,47.9797888,-81.8696768
5328.159,47.9797888,-81.8696768
5328.25,47.9797888,-81.8696768
5328.34,47.9797888,-81.8696768
5328.43,47.9797888,-81.8696768
5328.51,47.9797888,-81.8696768
5328.6,47.9797888,-81.8696768
5328.69,47.9797888,-81.8696768
5328.79,47.9797888,-81.8696768
5328.87,47.9797888,-81.8696768
5328.96,47.9797888,-81.8696768
5329.05,47.9797888,-81.8696768
5329.14,47.9797888,-81.8696768
5329.23,47.9797888,-81.8696768
5329.32,47.9797888,-81.8696768
5329.42,47.9797888,-81.8696768
5329.49,47.9797888,-81.8696768
5329.58,47.9797888,-81.8696768
5329.67,47.9797888,-81.8696768
5329.77,47.9797888,-81.8696768
5329.86,47.9797888,-81.8696768
5329.95,47.9797888,-81.8696768
5330.04,47.9797888,-81.8696768
5330.12,47.9797888,-81.8696768
5330.21,47.9797888,-81.8696768
5330.3,47.9797888,-81.8696768
5330.4,47.9797888,-81.8696768
5330.48,47.9797888,-81.8696768
5330.56,47.9797888,-81.8696768
5330.65,47.9797888,-81.8696768
5330.75,47.9797888,-81.8696768
5330.83,47.9797888,-81.8696768
5330.93,47.9797888,-81.8696768
5331.02,47.9797888,-81.8696768
5331.1,47.9797888,-81.8696768
5331.18,47.9797888,-81.8696768
5331.28,47.9797888,-81.8696768
5331.37,47.9797888,-81.8696768
5331.46,47.9797888,-81.8696768
5331.55,47.9797888,-81.8696768
5331.64,47.9797888,-81.8696768
5331.73,47.9797888,-81.8696768
5331.81,47.9797888,-81.8696768
5331.91,47.9797888,-81.8696768
5331.999,47.9797888,-81.8696768
5332.08,47.9797888,-81.8696768
5332.16,47.9797888,-81.8696768
5332.26,47.9797888,-81.8696768
5332.35,47.9797888,-81.8696768
5332.44,47.9797888,-81.8696768
5332.53,47.9797888,-81.8696768
5332.62,47.9797888,-81.8696768
5332.71,47.9797888,-81.8696768
5332.79,47.9797888,-81.8696768
5332.88,47.9797888,-81.8696768
5332.97,47.9797888,-81.8696768
5333.06,47.9797888,-81.8696768
5333.15,47.9797888,-81.8696768
5333.24,47.9797888,-81.8696768
5333.33,47.9797888,-81.8696768
5333.41,47.9797888,-81.8696768
5333.5,47.9797888,-81.8696768
5333.6,47.9797888,-81.8696768
5333.69,47.9797888,-81.8696768
5333.76,47.9797888,-81.8696768
5333.86,47.9797888,-81.8696768
5333.96,47.9797888,-81.8696768
5334.04,47.9797888,-81.8696768
5334.13,47.9797888,-81.8696768
5334.22,47.9797888,-81.8696768
5334.3,47.9797888,-81.8696768
5334.39,47.9797888,-81.8696768
5334.48,47.9797888,-81.8696768
5334.57,47.9797888,-81.8696768
5334.67,47.9797888,-81.8696768
5334.75,47.9797888,-81.8696768
5334.84,47.9797888,-81.8696768
5334.93,47.9797888,-81.8696768
5335.02,47.9797888,-81.8696768
5335.1,47.9797888,-81.8696768
5335.199,47.9797888,-81.8696768
5335.29,47.9797888,-81.8696768
5335.37,47.9797888,-81.8696768
5335.46,47.9797888,-81.8696768
5335.55,47.9797888,-81.8696768
5335.65,47.9797888,-81.8696768
5335.73,47.9797888,-81.8696768
5335.82,47.9797888,-81.8696768
5335.91,47.9797888,-81.8696768
5336.0,47.9797888,-81.8696768
5336.08,47.9797888,-81.8696768
5336.18,47.9797888,-81.8696768
5336.27,47.9797888,-81.8696768
5336.35,47.9797888,-81.8696768
5336.44,47.9797888,-81.8696768
5336.53,47.9797888,-81.8696768
5336.63,47.9797888,-81.8696768
5336.71,47.9797888,-81.8696768
5336.8,47.9797888,-81.8696768
5336.89,47.9797888,-81.8696768
5336.98,47.9797888,-81.8696768
5337.06,47.9797888,-81.8696768
5337.16,47.9797888,-81.8696768
5337.25,47.9797888,-81.8696768
5337.33,47.9797888,-81.8696768
5337.42,47.9797888,-81.8696768
5337.51,47.9797888,-81.8696768
5337.61,47.9797888,-81.8696768
5337.69,47.9797888,-81.8696768
5337.78,47.9797888,-81.8696768
5337.87,47.9797888,-81.8696768
5337.96,47.9797888,-81.8696768
5338.04,47.9797888,-81.8696768
5338.14,47.9797888,-81.8696768
5338.23,47.9797888,-81.8696768
5338.31,47.9797888,-81.8696768
5338.399,47.9797888,-81.8696768
5338.49,47.9797888,-81.8696768
5338.58,47.9797888,-81.8696768
5338.67,47.9797888,-81.8696768
5338.76,47.9797888,-81.8696768
5338.85,47.9797888,-81.8696768
5338.94,47.9797888,-81.8696768
5339.02,47.9797888,-81.8696768
5339.11,47.9797888,-81.8696768
5339.21,47.9797888,-81.8696768
5339.29,47.9797888,-81.8696768
5339.38,47.9797888,-81.8696768
5339.47,47.9797888,-81.8696768
5339.56,47.9797888,-81.8696768
5339.64,47.9797888,-81.8696768
5339.74,47.9797888,-81.8696768
5339.83,47.9797888,-81.8696768
5339.92,47.9797888,-81.8696768
5340.0,47.9797888,-81.8696768
5340.09,47.9797888,-81.8696768
5340.18,47.9797888,-81.8696768
5340.27,47.9797888,-81.8696768
5340.36,47.9797888,-81.8696768
5340.45,47.9797888,-81.8696768
5340.54,47.9797888,-81.8696768
5340.62,47.9797888,-81.8696768
5340.71,47.9797888,-81.8696768
5340.81,47.9797888,-81.8696768
5340.9,47.9797888,-81.8696768
5340.98,47.9797888,-81.8696768
5341.07,47.9797888,-81.8696768
5341.16,47.9797888,-81.8696768
5341.25,47.9797888,-81.8696768
5341.34,47.9797888,-81.8696768
5341.43,47.9797888,-81.8696768
5341.52,47.9797888,-81.8696768
5341.599,47.9797888,-81.8696768
5341.69,47.9797888,-81.8696768
5341.79,47.9797888,-81.8696768
5341.87,47.9797888,-81.8696768
5341.96,47.9797888,-81.8696768
5342.05,47.9797888,-81.8696768
5342.14,47.9797888,-81.8696768
5342.23,47.9797888,-81.8696768
5342.32,47.9797888,-81.8696768
5342.41,47.9797888,-81.8696768
5342.49,47.9797888,-81.8696768
5342.58,47.9797888,-81.8696768
5342.67,47.9797888,-81.8696768
5342.75,47.9797888,-81.8696768
5342.86,47.9797888,-81.8696768
5342.93,47.9797888,-81.8696768
5343.02,47.9797888,-81.8696768
5343.12,47.9797888,-81.8696768
5343.2,47.9797888,-81.8696768
5343.28,47.9797888,-81.8696768
5343.38,47.9797888,-81.8696768
5343.47,47.9797888,-81.8696768
5343.56,47.9797888,-81.8696768
5343.65,47.9797888,-81.8696768
5343.73,47.9797888,-81.8696768
5343.82,47.9797888,-81.8696768
5343.91,47.9797888,-81.8696768
5344.0,47.9797888,-81.8696768
5344.09,47.9797888,-81.8696768
5344.18,47.9797888,-81.8696768
5344.26,47.9797888,-81.8696768
5344.35,47.9797888,-81.8696768
5344.45,47.9797888,-81.8696768
5344.54,47.9797888,-81.8696768
5344.61,47.9797888,-81.8696768
5344.71,47.9797888,-81.8696768
5344.799,47.9797888,-81.8696768
5344.88,47.9797888,-81.8696768
5344.98,47.9797888,-81.8696768
5345.06,47.9797888,-81.8696768
5345.16,47.9797888,-81.8696768
5345.24,47.9797888,-81.8696768
5345.33,47.9797888,-81.8696768
5345.41,47.9797888,-81.8696768
5345.52,47.9797888,-81.8696768
5345.59,47.9797888,-81.8696768
5345.68,47.9797888,-81.8696768
5345.78,47.9797888,-81.8696768
5345.86,47.9797888,-81.8696768
5345.95,47.9797888,-81.8696768
5346.05,47.9797888,-81.8696768
5346.14,47.9797888,-81.8696768
5346.22,47.9797888,-81.8696768
5346.31,47.9797888,-81.8696768
5346.4,47.9797888,-81.8696768
5346.48,47.9797888,-81.8696768
5346.57,47.9797888,-81.8696768
5346.66,47.9797888,-81.8696768
5346.75,47.9797888,-81.8696768
5346.84,47.9797888,-81.8696768
5346.92,47.9797888,-81.8696768
5347.01,47.9797888,-81.8696768
5347.11,47.9797888,-81.8696768
5347.2,47.9797888,-81.8696768
5347.27,47.9797888,-81.8696768
5347.37,47.9797888,-81.8696768
5347.46,47.9797888,-81.8696768
5347.55,47.9797888,-81.8696768
5347.64,47.9797888,-81.8696768
5347.73,47.9797888,-81.8696768
5347.82,47.9797888,-81.8696768
5347.9,47.9797888,-81.8696768
5347.99,47.9797888,-81.8696768
5348.08,47.9797888,-81.8696768
5348.18,47.9797888,-81.8696768
5348.26,47.9797888,-81.8696768
5348.35,47.9797888,-81.8696768
5348.44,47.9797888,-81.8696768
5348.53,47.9797888,-81.8696768
5348.61,47.9797888,-81.8696768
5348.7,47.9797888,-81.8696768
5348.79,47.9797888,-81.8696768
5348.88,47.9797888,-81.8696768
5348.96,47.9797888,-81.8696768
5349.05,47.9797888,-81.8696768
5349.15,47.9797888,-81.8696768
5349.23,47.9797888,-81.8696768
5349.32,47.9797888,-81.8696768
5349.41,47.9797888,-81.8696768
5349.5,47.9797888,-81.8696768
5349.58,47.9797888,-81.8696768
5349.68,47.9797888,-81.8696768
5349.77,47.9797888,-81.8696768
5349.86,47.9797888,-81.8696768
5349.94,47.9797888,-81.8696768
5350.03,47.9797888,-81.8696768
5350.12,47.9797888,-81.8696768
5350.21,47.9797888,-81.8696768
5350.3,47.9797888,-81.8696768
5350.39,47.9797888,-81.8696768
5350.48,47.9797888,-81.8696768
5350.559,47.9797888,-81.8696768
5350.65,47.9797888,-81.8696768
5350.75,47.9797888,-81.8696768
5350.84,47.9797888,-81.8696768
5350.92,47.9797888,-81.8696768
5351.0,47.9797888,-81.8696768
5351.09,47.9797888,-81.8696768
5351.18,47.9797888,-81.8696768
5351.27,47.9797888,-81.8696768
5351.36,47.9797888,-81.8696768
5351.45,47.9797888,-81.8696768
5351.54,47.9797888,-81.8696768
5351.62,47.9797888,-81.8696768
5351.71,47.9797888,-81.8696768
5351.81,47.9797888,-81.8696768
5351.89,47.9797888,-81.8696768
5351.98,47.9797888,-81.8696768
5352.07,47.9797888,-81.8696768
5352.16,47.9797888,-81.8696768
5352.24,47.9797888,-81.8696768
5352.34,47.9797888,-81.8696768
5352.43,47.9797888,-81.8696768
5352.52,47.9797888,-81.8696768
5352.6,47.9797888,-81.8696768
5352.69,47.9797888,-81.8696768
5352.78,47.9797888,-81.8696768
5352.87,47.9797888,-81.8696768
5352.96,47.9797888,-81.8696768
5353.05,47.9797888,-81.8696768
5353.14,47.9797888,-81.8696768
5353.22,47.9797888,-81.8696768
5353.31,47.9797888,-81.8696768
5353.41,47.9797888,-81.8696768
5353.5,47.9797888,-81.8696768
5353.57,47.9797888,-81.8696768
5353.66,47.9797888,-81.8696768
5353.759,47.9797888,-81.8696768
5353.85,47.9797888,-81.8696768
5353.94,47.9797888,-81.8696768
5354.03,47.9797888,-81.8696768
5354.11,47.9797888,-81.8696768
5354.2,47.9797888,-81.8696768
5354.29,47.9797888,-81.8696768
5354.38,47.9797888,-81.8696768
5354.47,47.9797888,-81.8696768
5354.56,47.9797888,-81.8696768
5354.65,47.9797888,-81.8696768
5354.74,47.9797888,-81.8696768
5354.83,47.9797888,-81.8696768
5354.91,47.9797888,-81.8696768
5355.01,47.9797888,-81.8696768
5355.1,47.9797888,-81.8696768
5355.18,47.9797888,-81.8696768
5355.27,47.9797888,-81.8696768
5355.36,47.9797888,-81.8696768
5355.46,47.9797888,-81.8696768
5355.54,47.9797888,-81.8696768
5355.63,47.9797888,-81.8696768
5355.72,47.9797888,-81.8696768
5355.81,47.9797888,-81.8696768
5355.89,47.9797888,-81.8696768
5355.98,47.9797888,-81.8696768
5356.07,47.9797888,-81.8696768
5356.16,47.9797888,-81.8696768
5356.25,47.9797888,-81.8696768
5356.34,47.9797888,-81.8696768
5356.43,47.9797888,-81.8696768
5356.51,47.9797888,-81.8696768
5356.6,47.9797888,-81.8696768
5356.7,47.9797888,-81.8696768
5356.78,47.9797888,-81.8696768
5356.86,47.9797888,-81.8696768
5356.95,47.9797888,-81.8696768
5357.05,47.9797888,-81.8696768
5357.14,47.9797888,-81.8696768
5357.23,47.9797888,-81.8696768
5357.31,47.9797888,-81.8696768
5357.4,47.9797888,-81.8696768
5357.49,47.9797888,-81.8696768
5357.58,47.9797888,-81.8696768
5357.67,47.9797888,-81.8696768
5357.76,47.9797888,-81.8696768
5357.84,47.9797888,-81.8696768
5357.93,47.9797888,-81.8696768
5358.03,47.9797888,-81.8696768
5358.12,47.9797888,-81.8696768
5358.2,47.9797888,-81.8696768
5358.29,47.9797888,-81.8696768
5358.38,47.9797888,-81.8696768
5358.47,47.9797888,-81.8696768
5358.56,47.9797888,-81.8696768
5358.65,47.9797888,-81.8696768
5358.75,47.9797888,-81.8696768
5358.82,47.9797888,-81.8696768
5358.91,47.9797888,-81.8696768
5359.01,47.9797888,-81.8696768
5359.1,47.9797888,-81.8696768
5359.18,47.9797888,-81.8696768
5359.27,47.9797888,-81.8696768
5359.36,47.9797888,-81.8696768
5359.45,47.9797888,-81.8696768
5359.53,47.9797888,-81.8696768
5359.63,47.9797888,-81.8696768
5359.71,47.9797888,-81.8696768
5359.8,47.9797888,-81.8696768
5359.89,47.9797888,-81.8696768
5359.97,47.9797888,-81.8696768
5360.07,47.9797888,-81.8696768
5360.159,47.9797888,-81.8696768
5360.24,47.9797888,-81.8696768
5360.34,47.9797888,-81.8696768
5360.43,47.9797888,-81.8696768
5360.5,47.9797888,-81.8696768
5360.6,47.9797888,-81.8696768
5360.69,47.9797888,-81.8696768
5360.78,47.9797888,-81.8696768
5360.87,47.9797888,-81.8696768
5360.96,47.9797888,-81.8696768
5361.05,47.9797888,-81.8696768
5361.13,47.9797888,-81.8696768
5361.22,47.9797888,-81.8696768
5361.31,47.9797888,-81.8696768
5361.41,47.9797888,-81.8696768
5361.48,47.9797888,-81.8696768
5361.57,47.9797888,-81.8696768
5361.67,47.9797888,-81.8696768
5361.76,47.9797888,-81.8696768
5361.84,47.9797888,-81.8696768
5361.94,47.9797888,-81.8696768
5362.02,47.9797888,-81.8696768
5362.11,47.9797888,-81.8696768
5362.2,47.9797888,-81.8696768
5362.29,47.9797888,-81.8696768
5362.38,47.9797888,-81.8696768
5362.46,47.9797888,-81.8696768
5362.55,47.9797888,-81.8696768
5362.64,47.9797888,-81.8696768
5362.74,47.9797888,-81.8696768
5362.82,47.9797888,-81.8696768
5362.91,47.9797888,-81.8696768
5363.0,47.9797888,-81.8696768
5363.09,47.9797888,-81.8696768
5363.16,47.9797888,-81.8696768
5363.26,47.9797888,-81.8696768
5363.359,47.9797888,-81.8696768
5363.44,47.9797888,-81.8696768
5363.53,47.9797888,-81.8696768
5363.62,47.9797888,-81.8696768
5363.71,47.9797888,-81.8696768
5363.79,47.9797888,-81.8696768
5363.89,47.9797888,-81.8696768
5363.98,47.9797888,-81.8696768
5364.07,47.9797888,-81.8696768
5364.15,47.9797888,-81.8696768
5364.24,47.9797888,-81.8696768
5364.34,47.9797888,-81.8696768
5364.42,47.9797888,-81.8696768
5364.51,47.9797888,-81.8696768
5364.6,47.9797888,-81.8696768
5364.69,47.9797888,-81.8696768
5364.77,47.9797888,-81.8696768
5364.86,47.9797888,-81.8696768
5364.96,47.9797888,-81.8696768
5365.05,47.9797888,-81.8696768
5365.13,47.9797888,-81.8696768
5365.22,47.9797888,-81.8696768
5365.31,47.9797888,-81.8696768
5365.4,47.9797888,-81.8696768
5365.48,47.9797888,-81.8696768
5365.57,47.9797888,-81.8696768
5365.67,47.9797888,-81.8696768
5365.75,47.9797888,-81.8696768
5365.84,47.9797888,-81.8696768
5365.94,47.9797888,-81.8696768
5366.03,47.9797888,-81.8696768
5366.11,47.9797888,-81.8696768
5366.2,47.9797888,-81.8696768
5366.29,47.9797888,-81.8696768
5366.38,47.9797888,-81.8696768
5366.47,47.9797888,-81.8696768
5366.559,47.9797888,-81.8696768
5366.65,47.9797888,-81.8696768
5366.73,47.9797888,-81.8696768
5366.82,47.9797888,-81.8696768
5366.91,47.9797888,-81.8696768
5367.0,47.9797888,-81.8696768
5367.08,47.9797888,-81.8696768
5367.17,47.9797888,-81.8696768
5367.26,47.9797888,-81.8696768
5367.35,47.9797888,-81.8696768
5367.43,47.9797888,-81.8696768
5367.53,47.9797888,-81.8696768
5367.62,47.9797888,-81.8696768
5367.71,47.9797888,-81.8696768
5367.79,47.9797888,-81.8696768
5367.88,47.9797888,-81.8696768
5367.98,47.9797888,-81.8696768
5368.06,47.9797888,-81.8696768
5368.15,47.9797888,-81.8696768
5368.24,47.9797888,-81.8696768
5368.33,47.9797888,-81.8696768
5368.41,47.9797888,-81.8696768
5368.51,47.9797888,-81.8696768
5368.6,47.9797888,-81.8696768
5368.69,47.9797888,-81.8696768
5368.77,47.9797888,-81.8696768
5368.86,47.9797888,-81.8696768
5368.95,47.9797888,-81.8696768
5369.04,47.9797888,-81.8696768
5369.13,47.9797888,-81.8696768
5369.21,47.9797888,-81.8696768
5369.31,47.9797888,-81.8696768
5369.39,47.9797888,-81.8696768
5369.47,47.9797888,-81.8696768
5369.57,47.9797888,-81.8696768
5369.66,47.9797888,-81.8696768
5369.75,47.9797888,-81.8696768
5369.84,47.9797888,-81.8696768
5369.93,47.9797888,-81.8696768
5370.02,47.9797888,-81.8696768
5370.11,47.9797888,-81.8696768
5370.2,47.9797888,-81.8696768
5370.29,47.9797888,-81.8696768
5370.37,47.9797888,-81.8696768
5370.46,47.9797888,-81.8696768
5370.55,47.9797888,-81.8696768
5370.65,47.9797888,-81.8696768
5370.73,47.9797888,-81.8696768
5370.82,47.9797888,-81.8696768
5370.91,47.9797888,-81.8696768
5371.0,47.9797888,-81.8696768
5371.07,47.9797888,-81.8696768
5371.17,47.9797888,-81.8696768
5371.27,47.9797888,-81.8696768
5371.35,47.9797888,-81.8696768
5371.44,47.9797888,-81.8696768
5371.52,47.9797888,-81.8696768
5371.61,47.9797888,-81.8696768
5371.7,47.9797888,-81.8696768
5371.79,47.9797888,-81.8696768
5371.88,47.9797888,-81.8696768
5371.97,47.9797888,-81.8696768
5372.05,47.9797888,-81.8696768
5372.14,47.9797888,-81.8696768
5372.25,47.9797888,-81.8696768
5372.33,47.9797888,-81.8696768
5372.41,47.9797888,-81.8696768
5372.5,47.9797888,-81.8696768
5372.59,47.9797888,-81.8696768
5372.68,47.9797888,-81.8696768
5372.77,47.9797888,-81.8696768
5372.86,47.9797888,-81.8696768
5372.95,47.9797888,-81.8696768
5373.03,47.9797888,-81.8696768
5373.12,47.9797888,-81.8696768
5373.2,47.9797888,-81.8696768
5373.31,47.9797888,-81.8696768
5373.38,47.9797888,-81.8696768
5373.47,47.9797888,-81.8696768
5373.57,47.9797888,-81.8696768
5373.66,47.9797888,-81.8696768
5373.74,47.9797888,-81.8696768
5373.84,47.9797888,-81.8696768
5373.93,47.9797888,-81.8696768
5374.01,47.9797888,-81.8696768
5374.1,47.9797888,-81.8696768
5374.18,47.9797888,-81.8696768
5374.28,47.9797888,-81.8696768
5374.36,47.9797888,-81.8696768
5374.46,47.9797888,-81.8696768
5374.54,47.9797888,-81.8696768
5374.64,47.9797888,-81.8696768
5374.71,47.9797888,-81.8696768
5374.81,47.9797888,-81.8696768
5374.91,47.9797888,-81.8696768
5374.99,47.9797888,-81.8696768
5375.07,47.9797888,-81.8696768
5375.16,47.9797888,-81.8696768
5375.25,47.9797888,-81.8696768
5375.34,47.9797888,-81.8696768
5375.43,47.9797888,-81.8696768
5375.519,47.9797888,-81.8696768
5375.61,47.9797888,-81.8696768
5375.69,47.9797888,-81.8696768
5375.78,47.9797888,-81.8696768
5375.87,47.9797888,-81.8696768
5375.97,47.9797888,-81.8696768
5376.05,47.9797888,-81.8696768
5376.14,47.9797888,-81.8696768
5376.23,47.9797888,-81.8696768
5376.32,47.9797888,-81.8696768
5376.4,47.9797888,-81.8696768
5376.5,47.9797888,-81.8696768
5376.59,47.9797888,-81.8696768
5376.67,47.9797888,-81.8696768
5376.76,47.9797888,-81.8696768
5376.85,47.9797888,-81.8696768
5376.94,47.9797888,-81.8696768
5377.03,47.9797888,-81.8696768
5377.12,47.9797888,-81.8696768
5377.2,47.9797888,-81.8696768
5377.3,47.9797888,-81.8696768
5377.37,47.9797888,-81.8696768
5377.47,47.9797888,-81.8696768
5377.57,47.9797888,-81.8696768
5377.65,47.9797888,-81.8696768
5377.73,47.9797888,-81.8696768
5377.83,47.9797888,-81.8696768
5377.92,47.9797888,-81.8696768
5378.0,47.9797888,-81.8696768
5378.1,47.9797888,-81.8696768
5378.18,47.9797888,-81.8696768
5378.27,47.9797888,-81.8696768
5378.35,47.9797888,-81.8696768
5378.44,47.9797888,-81.8696768
5378.54,47.9797888,-81.8696768
5378.63,47.9797888,-81.8696768
5378.71,47.9797888,-81.8696768
5378.8,47.9797888,-81.8696768
5378.89,47.9797888,-81.8696768
5378.98,47.9797888,-81.8696768
5379.06,47.9797888,-81.8696768
5379.16,47.9797888,-81.8696768
5379.25,47.9797888,-81.8696768
5379.33,47.9797888,-81.8696768
5379.42,47.9797888,-81.8696768
5379.51,47.9797888,-81.8696768
5379.6,47.9797888,-81.8696768
5379.68,47.9797888,-81.8696768
5379.77,47.9797888,-81.8696768
5379.86,47.9797888,-81.8696768
5379.96,47.9797888,-81.8696768
5380.04,47.9797888,-81.8696768
5380.14,47.9797888,-81.8696768
5380.23,47.9797888,-81.8696768
5380.31,47.9797888,-81.8696768
5380.4,47.9797888,-81.8696768
5380.49,47.9797888,-81.8696768
5380.58,47.9797888,-81.8696768
5380.66,47.9797888,-81.8696768
5380.76,47.9797888,-81.8696768
5380.85,47.9797888,-81.8696768
5380.94,47.9797888,-81.8696768
5381.02,47.9797888,-81.8696768
5381.11,47.9797888,-81.8696768
5381.21,47.9797888,-81.8696768
5381.29,47.9797888,-81.8696768
5381.37,47.9797888,-81.8696768
5381.46,47.9797888,-81.8696768
5381.56,47.9797888,-81.8696768
5381.65,47.9797888,-81.8696768
5381.74,47.9797888,-81.8696768
5381.83,47.9797888,-81.8696768
5381.919,47.9797888,-81.8696768
5382.0,47.9797888,-81.8696768
5382.09,47.9797888,-81.8696768
5382.19,47.9797888,-81.8696768
5382.27,47.9797888,-81.8696768
5382.36,47.9797888,-81.8696768
5382.45,47.9797888,-81.8696768
5382.54,47.9797888,-81.8696768
5382.62,47.9797888,-81.8696768
5382.71,47.9797888,-81.8696768
5382.81,47.9797888,-81.8696768
5382.89,47.9797888,-81.8696768
5382.97,47.9797888,-81.8696768
5383.06,47.9797888,-81.8696768
5383.15,47.9797888,-81.8696768
5383.25,47.9797888,-81.8696768
5383.33,47.9797888,-81.8696768
5383.42,47.9797888,-81.8696768
5383.51,47.9797888,-81.8696768
5383.6,47.9797888,-81.8696768
5383.68,47.9797888,-81.8696768
5383.77,47.9797888,-81.8696768
5383.87,47.9797888,-81.8696768
5383.95,47.9797888,-81.8696768
5384.04,47.9797888,-81.8696768
5384.13,47.9797888,-81.8696768
5384.22,47.9797888,-81.8696768
5384.3,47.9797888,-81.8696768
5384.4,47.9797888,-81.8696768
5384.49,47.9797888,-81.8696768
5384.57,47.9797888,-81.8696768
5384.65,47.9797888,-81.8696768
5384.75,47.9797888,-81.8696768
5384.85,47.9797888,-81.8696768
5384.93,47.9797888,-81.8696768
5385.02,47.9797888,-81.8696768
5385.1,47.9797888,-81.8696768
5385.19,47.9797888,-81.8696768
5385.28,47.9797888,-81.8696768
5385.37,47.9797888,-81.8696768
5385.46,47.9797888,-81.8696768
5385.55,47.9797888,-81.8696768
5385.63,47.9797888,-81.8696768
5385.72,47.9797888,-81.8696768
5385.81,47.9797888,-81.8696768
5385.9,47.9797888,-81.8696768
5385.98,47.9797888,-81.8696768
5386.08,47.9797888,-81.8696768
5386.16,47.9797888,-81.8696768
5386.25,47.9797888,-81.8696768
5386.35,47.9797888,-81.8696768
5386.44,47.9797888,-81.8696768
5386.53,47.9797888,-81.8696768
5386.61,47.9797888,-81.8696768
5386.7,47.9797888,-81.8696768
5386.79,47.9797888,-81.8696768
5386.89,47.9797888,-81.8696768
5386.96,47.9797888,-81.8696768
5387.06,47.9797888,-81.8696768
5387.15,47.9797888,-81.8696768
5387.24,47.9797888,-81.8696768
5387.32,47.9797888,-81.8696768
5387.42,47.9797888,-81.8696768
5387.5,47.9797888,-81.8696768
5387.59,47.9797888,-81.8696768
5387.67,47.9797888,-81.8696768
5387.76,47.9797888,-81.8696768
5387.85,47.9797888,-81.8696768
5387.94,47.9797888,-81.8696768
5388.03,47.9797888,-81.8696768
5388.12,47.9797888,-81.8696768
5388.21,47.9797888,-81.8696768
5388.29,47.9797888,-81.8696768
5388.38,47.9797888,-81.8696768
5388.48,47.9797888,-81.8696768
5388.57,47.9797888,-81.8696768
5388.66,47.9797888,-81.8696768
5388.75,47.9797888,-81.8696768
5388.83,47.9797888,-81.8696768
5388.92,47.9797888,-81.8696768
5389.01,47.9797888,-81.8696768
5389.1,47.9797888,-81.8696768
5389.2,47.9797888,-81.8696768
5389.27,47.9797888,-81.8696768
5389.36,47.9797888,-81.8696768
5389.46,47.9797888,-81.8696768
5389.55,47.9797888,-81.8696768
5389.63,47.9797888,-81.8696768
5389.71,47.9797888,-81.8696768
5389.81,47.9797888,-81.8696768
5389.89,47.9797888,-81.8696768
5389.97,47.9797888,-81.8696768
5390.07,47.9797888,-81.8696768
5390.16,47.9797888,-81.8696768
5390.25,47.9797888,-81.8696768
5390.34,47.9797888,-81.8696768
5390.42,47.9797888,-81.8696768
5390.52,47.9797888,-81.8696768
5390.6,47.9797888,-81.8696768
5390.69,47.9797888,-81.8696768
5390.79,47.9797888,-81.8696768
5390.87,47.9797888,-81.8696768
5390.95,47.9797888,-81.8696768
5391.05,47.9797888,-81.8696768
5391.14,47.9797888,-81.8696768
5391.23,47.9797888,-81.8696768
5391.32,47.9797888,-81.8696768
5391.4,47.9797888,-81.8696768
5391.49,47.9797888,-81.8696768
5391.58,47.9797888,-81.8696768
5391.67,47.9797888,-81.8696768
5391.76,47.9797888,-81.8696768
5391.86,47.9797888,-81.8696768
5391.93,47.9797888,-81.8696768
5392.02,47.9797888,-81.8696768
5392.12,47.9797888,-81.8696768
5392.21,47.9797888,-81.8696768
5392.28,47.9797888,-81.8696768
5392.38,47.9797888,-81.8696768
5392.47,47.9797888,-81.8696768
5392.55,47.9797888,-81.8696768
5392.65,47.9797888,-81.8696768
5392.74,47.9797888,-81.8696768
5392.82,47.9797888,-81.8696768
5392.91,47.9797888,-81.8696768
5393.0,47.9797888,-81.8696768
5393.08,47.9797888,-81.8696768
5393.19,47.9797888,-81.8696768
5393.26,47.9797888,-81.8696768
5393.35,47.9797888,-81.8696768
5393.45,47.9797888,-81.8696768
5393.54,47.9797888,-81.8696768
5393.61,47.9797888,-81.8696768
5393.72,47.9797888,-81.8696768
5393.8,47.9797888,-81.8696768
5393.89,47.9797888,-81.8696768
5393.98,47.9797888,-81.8696768
5394.06,47.9797888,-81.8696768
5394.15,47.9797888,-81.8696768
5394.25,47.9797888,-81.8696768
5394.33,47.9797888,-81.8696768
5394.42,47.9797888,-81.8696768
5394.51,47.9797888,-81.8696768
5394.59,47.9797888,-81.8696768
5394.68,47.9797888,-81.8696768
5394.78,47.9797888,-81.8696768
5394.87,47.9797888,-81.8696768
5394.95,47.9797888,-81.8696768
5395.05,47.9797888,-81.8696768
5395.13,47.9797888,-81.8696768
5395.22,47.9797888,-81.8696768
5395.31,47.9797888,-81.8696768
5395.4,47.9797888,-81.8696768
5395.49,47.9797888,-81.8696768
5395.57,47.9797888,-81.8696768
5395.66,47.9797888,-81.8696768
5395.75,47.9797888,-81.8696768
5395.85,47.9797888,-81.8696768
5395.93,47.9797888,-81.8696768
5396.02,47.9797888,-81.8696768
5396.11,47.9797888,-81.8696768
5396.2,47.9797888,-81.8696768
5396.28,47.9797888,-81.8696768
5396.38,47.9797888,-81.8696768
5396.46,47.9797888,-81.8696768
5396.55,47.9797888,-81.8696768
5396.639,47.9797888,-81.8696768
5396.72,47.9797888,-81.8696768
5396.81,47.9797888,-81.8696768
5396.9,47.9797888,-81.8696768
5396.99,47.9797888,-81.8696768
5397.08,47.9797888,-81.8696768
5397.17,47.9797888,-81.8696768
5397.25,47.9797888,-81.8696768
5397.34,47.9797888,-81.8696768
5397.44,47.9797888,-81.8696768
5397.53,47.9797888,-81.8696768
5397.61,47.9797888,-81.8696768
5397.7,47.9797888,-81.8696768
5397.79,47.9797888,-81.8696768
5397.88,47.9797888,-81.8696768
5397.97,47.9797888,-81.8696768
5398.06,47.9797888,-81.8696768
5398.15,47.9797888,-81.8696768
5398.23,47.9797888,-81.8696768
5398.32,47.9797888,-81.8696768
5398.42,47.9797888,-81.8696768
5398.51,47.9797888,-81.8696768
5398.59,47.9797888,-81.8696768
5398.68,47.9797888,-81.8696768
5398.77,47.9797888,-81.8696768
5398.85,47.9797888,-81.8696768
5398.94,47.9797888,-81.8696768
5399.04,47.9797888,-81.8696768
5399.13,47.9797888,-81.8696768
5399.21,47.9797888,-81.8696768
5399.3,47.9797888,-81.8696768
5399.39,47.9797888,-81.8696768
5399.49,47.9797888,-81.8696768
5399.57,47.9797888,-81.8696768
5399.66,47.9797888,-81.8696768
5399.75,47.9797888,-81.8696768
5399.839,47.9797888,-81.8696768
5399.92,47.9797888,-81.8696768
5400.02,47.9797888,-81.8696768
5400.11,47.9797888,-81.8696768
5400.19,47.9797888,-81.8696768
5400.27,47.9797888,-81.8696768
5400.37,47.9797888,-81.8696768
5400.45,47.9797888,-81.8696768
5400.55,47.9797888,-81.8696768
5400.64,47.9797888,-81.8696768
5400.72,47.9797888,-81.8696768
5400.82,47.9797888,-81.8696768
5400.9,47.9797888,-81.8696768
5400.98,47.9797888,-81.8696768
5401.08,47.9797888,-81.8696768
5401.17,47.9797888,-81.8696768
5401.25,47.9797888,-81.8696768
5401.35,47.9797888,-81.8696768
5401.44,47.9797888,-81.8696768
5401.52,47.9797888,-81.8696768
5401.61,47.9797888,-81.8696768
5401.7,47.9797888,-81.8696768
5401.79,47.9797888,-81.8696768
5401.87,47.9797888,-81.8696768
5401.96,47.9797888,-81.8696768
5402.05,47.9797888,-81.8696768
5402.15,47.9797888,-81.8696768
5402.23,47.9797888,-81.8696768
5402.32,47.9797888,-81.8696768
5402.41,47.9797888,-81.8696768
5402.5,47.9797888,-81.8696768
5402.58,47.9797888,-81.8696768
5402.68,47.9797888,-81.8696768
5402.77,47.9797888,-81.8696768
5402.85,47.9797888,-81.8696768
5402.95,47.9797888,-81.8696768
5403.039,47.9797888,-81.8696768
5403.13,47.9797888,-81.8696768
5403.21,47.9797888,-81.8696768
5403.3,47.9797888,-81.8696768
5403.39,47.9797888,-81.8696768
5403.48,47.9797888,-81.8696768
5403.56,47.9797888,-81.8696768
5403.65,47.9797888,-81.8696768
5403.75,47.9797888,-81.8696768
5403.83,47.9797888,-81.8696768
5403.92,47.9797888,-81.8696768
5404.01,47.9797888,-81.8696768
5404.1,47.9797888,-81.8696768
5404.18,47.9797888,-81.8696768
5404.28,47.9797888,-81.8696768
5404.37,47.9797888,-81.8696768
5404.46,47.9797888,-81.8696768
5404.54,47.9797888,-81.8696768
5404.63,47.9797888,-81.8696768
5404.72,47.9797888,-81.8696768
5404.81,47.9797888,-81.8696768
5404.9,47.9797888,-81.8696768
5404.98,47.9797888,-81.8696768
5405.08,47.9797888,-81.8696768
5405.16,47.9797888,-81.8696768
5405.25,47.9797888,-81.8696768
5405.35,47.9797888,-81.8696768
5405.44,47.9797888,-81.8696768
5405.51,47.9797888,-81.8696768
5405.61,47.9797888,-81.8696768
5405.69,47.9797888,-81.8696768
5405.79,47.9797888,-81.8696768
5405.87,47.9797888,-81.8696768
5405.96,47.9797888,-81.8696768
5406.05,47.9797888,-81.8696768
5406.14,47.9797888,-81.8696768
5406.22,47.9797888,-81.8696768
5406.31,47.9797888,-81.8696768
5406.41,47.9797888,-81.8696768
5406.49,47.9797888,-81.8696768
5406.57,47.9797888,-81.8696768
5406.67,47.9797888,-81.8696768
5406.76,47.9797888,-81.8696768
5406.85,47.9797888,-81.8696768
5406.94,47.9797888,-81.8696768
5407.03,47.9797888,-81.8696768
5407.12,47.9797888,-81.8696768
5407.2,47.9797888,-81.8696768
5407.29,47.9797888,-81.8696768
5407.39,47.9797888,-81.8696768
5407.47,47.9797888,-81.8696768
5407.56,47.9797888,-81.8696768
5407.65,47.9797888,-81.8696768
5407.74,47.9797888,-81.8696768
5407.82,47.9797888,-81.8696768
5407.92,47.9797888,-81.8696768
5408.01,47.9797888,-81.8696768
5408.09,47.9797888,-81.8696768
5408.17,47.9797888,-81.8696768
5408.27,47.9797888,-81.8696768
5408.35,47.9797888,-81.8696768
5408.45,47.9797888,-81.8696768
5408.53,47.9797888,-81.8696768
5408.62,47.9797888,-81.8696768
5408.71,47.9797888,-81.8696768
5408.799,47.9797888,-81.8696768
5408.88,47.9797888,-81.8696768
5408.97,47.9797888,-81.8696768
5409.07,47.9797888,-81.8696768
5409.15,47.9797888,-81.8696768
5409.24,47.9797888,-81.8696768
5409.34,47.9797888,-81.8696768
5409.42,47.9797888,-81.8696768
5409.51,47.9797888,-81.8696768
5409.6,47.9797888,-81.8696768
5409.69,47.9797888,-81.8696768
5409.78,47.9797888,-81.8696768
5409.86,47.9797888,-81.8696768
5409.95,47.9797888,-81.8696768
5410.05,47.9797888,-81.8696768
5410.13,47.9797888,-81.8696768
5410.22,47.9797888,-81.8696768
5410.31,47.9797888,-81.8696768
5410.4,47.9797888,-81.8696768
5410.48,47.9797888,-81.8696768
5410.57,47.9797888,-81.8696768
5410.67,47.9797888,-81.8696768
5410.76,47.9797888,-81.8696768
5410.84,47.9797888,-81.8696768
5410.93,47.9797888,-81.8696768
5411.02,47.9797888,-81.8696768
5411.11,47.9797888,-81.8696768
5411.2,47.9797888,-81.8696768
5411.28,47.9797888,-81.8696768
5411.38,47.9797888,-81.8696768
5411.46,47.9797888,-81.8696768
5411.55,47.9797888,-81.8696768
5411.65,47.9797888,-81.8696768
5411.74,47.9797888,-81.8696768
5411.81,47.9797888,-81.8696768
5411.9,47.9797888,-81.8696768
5411.999,47.9797888,-81.8696768
5412.09,47.9797888,-81.8696768
5412.17,47.9797888,-81.8696768
5412.26,47.9797888,-81.8696768
5412.35,47.9797888,-81.8696768
5412.44,47.9797888,-81.8696768
5412.52,47.9797888,-81.8696768
5412.61,47.9797888,-81.8696768
5412.71,47.9797888,-81.8696768
5412.79,47.9797888,-81.8696768
5412.88,47.9797888,-81.8696768
5412.97,47.9797888,-81.8696768
5413.06,47.9797888,-81.8696768
5413.15,47.9797888,-81.8696768
5413.24,47.9797888,-81.8696768
5413.33,47.9797888,-81.8696768
5413.42,47.9797888,-81.8696768
5413.5,47.9797888,-81.8696768
5413.59,47.9797888,-81.8696768
5413.69,47.9797888,-81.8696768
5413.77,47.9797888,-81.8696768
5413.86,47.9797888,-81.8696768
5413.95,47.9797888,-81.8696768
5414.04,47.9797888,-81.8696768
5414.12,47.9797888,-81.8696768
5414.22,47.9797888,-81.8696768
5414.31,47.9797888,-81.8696768
5414.4,47.9797888,-81.8696768
5414.48,47.9797888,-81.8696768
5414.57,47.9797888,-81.8696768
5414.66,47.9797888,-81.8696768
5414.75,47.9797888,-81.8696768
5414.84,47.9797888,-81.8696768
5414.93,47.9797888,-81.8696768
5415.02,47.9797888,-81.8696768
5415.1,47.9797888,-81.8696768
5415.19,47.9797888,-81.8696768
5415.28,47.9797888,-81.8696768
5415.38,47.9797888,-81.8696768
5415.46,47.9797888,-81.8696768
5415.55,47.9797888,-81.8696768
5415.64,47.9797888,-81.8696768
5415.73,47.9797888,-81.8696768
5415.81,47.9797888,-81.8696768
5415.91,47.9797888,-81.8696768
5416.0,47.9797888,-81.8696768
5416.08,47.9797888,-81.8696768
5416.16,47.9797888,-81.8696768
5416.26,47.9797888,-81.8696768
5416.36,47.9797888,-81.8696768
5416.44,47.9797888,-81.8696768
5416.53,47.9797888,-81.8696768
5416.61,47.9797888,-81.8696768
5416.71,47.9797888,-81.8696768
5416.79,47.9797888,-81.8696768
5416.88,47.9797888,-81.8696768
5416.97,47.9797888,-81.8696768
5417.06,47.9797888,-81.8696768
5417.14,47.9797888,-81.8696768
5417.24,47.9797888,-81.8696768
5417.33,47.9797888,-81.8696768
5417.41,47.9797888,-81.8696768
5417.5,47.9797888,-81.8696768
5417.59,47.9797888,-81.8696768
5417.68,47.9797888,-81.8696768
5417.759,47.9797888,-81.8696768
5417.85,47.9797888,-81.8696768
5417.95,47.9797888,-81.8696768
5418.04,47.9797888,-81.8696768
5418.12,47.9797888,-81.8696768
5418.21,47.9797888,-81.8696768
5418.3,47.9797888,-81.8696768
5418.39,47.9797888,-81.8696768
5418.47,47.9797888,-81.8696768
5418.56,47.9797888,-81.8696768
5418.66,47.9797888,-81.8696768
5418.74,47.9797888,-81.8696768
5418.83,47.9797888,-81.8696768
5418.92,47.9797888,-81.8696768
5419.01,47.9797888,-81.8696768
5419.09,47.9797888,-81.8696768
5419.19,47.9797888,-81.8696768
5419.27,47.9797888,-81.8696768
5419.36,47.9797888,-81.8696768
5419.45,47.9797888,-81.8696768
5419.54,47.9797888,-81.8696768
5419.64,47.9797888,-81.8696768
5419.72,47.9797888,-81.8696768
5419.8,47.9797888,-81.8696768
5419.89,47.9797888,-81.8696768
5419.99,47.9797888,-81.8696768
5420.07,47.9797888,-81.8696768
5420.16,47.9797888,-81.8696768
5420.26,47.9797888,-81.8696768
5420.34,47.9797888,-81.8696768
5420.42,47.9797888,-81.8696768
5420.52,47.9797888,-81.8696768
5420.61,47.9797888,-81.8696768
5420.7,47.9797888,-81.8696768
5420.78,47.9797888,-81.8696768
5420.87,47.9797888,-81.8696768
5420.97,47.9797888,-81.8696768
5421.06,47.9797888,-81.8696768
5421.14,47.9797888,-81.8696768
5421.24,47.9797888,-81.8696768
5421.33,47.9797888,-81.8696768
5421.4,47.9797888,-81.8696768
5421.5,47.9797888,-81.8696768
5421.59,47.9797888,-81.8696768
5421.68,47.9797888,-81.8696768
5421.76,47.9797888,-81.8696768
5421.85,47.9797888,-81.8696768
5421.94,47.9797888,-81.8696768
5422.03,47.9797888,-81.8696768
5422.12,47.9797888,-81.8696768
5422.21,47.9797888,-81.8696768
5422.3,47.9797888,-81.8696768
5422.38,47.9797888,-81.8696768
5422.47,47.9797888,-81.8696768
5422.56,47.9797888,-81.8696768
5422.66,47.9797888,-81.8696768
5422.74,47.9797888,-81.8696768
5422.83,47.9797888,-81.8696768
5422.92,47.9797888,-81.8696768
5423.01,47.9797888,-81.8696768
5423.09,47.9797888,-81.8696768
5423.19,47.9797888,-81.8696768
5423.27,47.9797888,-81.8696768
5423.36,47.9797888,-81.8696768
5423.45,47.9797888,-81.8696768
5423.54,47.9797888,-81.8696768
5423.63,47.9797888,-81.8696768
5423.72,47.9797888,-81.8696768
5423.8,47.9797888,-81.8696768
5423.9,47.9797888,-81.8696768
5423.98,47.9797888,-81.8696768
5424.06,47.9797888,-81.8696768
5424.15,47.9797888,-81.8696768
5424.25,47.9797888,-81.8696768
5424.34,47.9797888,-81.8696768
5424.42,47.9797888,-81.8696768
5424.51,47.9797888,-81.8696768
5424.6,47.9797888,-81.8696768
5424.69,47.9797888,-81.8696768
5424.77,47.9797888,-81.8696768
5424.86,47.9797888,-81.8696768
5424.96,47.9797888,-81.8696768
5425.04,47.9797888,-81.8696768
5425.13,47.9797888,-81.8696768
5425.22,47.9797888,-81.8696768
5425.32,47.9797888,-81.8696768
5425.39,47.9797888,-81.8696768
5425.49,47.9797888,-81.8696768
5425.58,47.9797888,-81.8696768
5425.67,47.9797888,-81.8696768
5425.75,47.9797888,-81.8696768
5425.85,47.9797888,-81.8696768
5425.94,47.9797888,-81.8696768
5426.02,47.9797888,-81.8696768
5426.11,47.9797888,-81.8696768
5426.2,47.9797888,-81.8696768
5426.29,47.9797888,-81.8696768
5426.37,47.9797888,-81.8696768
5426.46,47.9797888,-81.8696768
5426.55,47.9797888,-81.8696768
5426.64,47.9797888,-81.8696768
5426.719,47.9797888,-81.8696768
5426.82,47.9797888,-81.8696768
5426.91,47.9797888,-81.8696768
5427.0,47.9797888,-81.8696768
5427.08,47.9797888,-81.8696768
5427.17,47.9797888,-81.8696768
5427.26,47.9797888,-81.8696768
5427.35,47.9797888,-81.8696768
5427.44,47.9797888,-81.8696768
5427.53,47.9797888,-81.8696768
5427.63,47.9797888,-81.8696768
5427.7,47.9797888,-81.8696768
5427.79,47.9797888,-81.8696768
5427.89,47.9797888,-81.8696768
5427.98,47.9797888,-81.8696768
5428.06,47.9797888,-81.8696768
5428.15,47.9797888,-81.8696768
5428.24,47.9797888,-81.8696768
5428.33,47.9797888,-81.8696768
5428.42,47.9797888,-81.8696768
5428.5,47.9797888,-81.8696768
5428.6,47.9797888,-81.8696768
5428.68,47.9797888,-81.8696768
5428.76,47.9797888,-81.8696768
5428.86,47.9797888,-81.8696768
5428.95,47.9797888,-81.8696768
5429.03,47.9797888,-81.8696768
5429.13,47.9797888,-81.8696768
5429.22,47.9797888,-81.8696768
5429.3,47.9797888,-81.8696768
5429.38,47.9797888,-81.8696768
5429.48,47.9797888,-81.8696768
5429.57,47.9797888,-81.8696768
5429.66,47.9797888,-81.8696768
5429.75,47.9797888,-81.8696768
5429.83,47.9797888,-81.8696768
5429.93,47.9797888,-81.8696768
5430.01,47.9797888,-81.8696768
5430.1,47.9797888,-81.8696768
5430.19,47.9797888,-81.8696768
5430.28,47.9797888,-81.8696768
5430.36,47.9797888,-81.8696768
5430.45,47.9797888,-81.8696768
5430.55,47.9797888,-81.8696768
5430.64,47.9797888,-81.8696768
5430.72,47.9797888,-81.8696768
5430.81,47.9797888,-81.8696768
5430.9,47.9797888,-81.8696768
5430.99,47.9797888,-81.8696768
5431.08,47.9797888,-81.8696768
5431.16,47.9797888,-81.8696768
5431.26,47.9797888,-81.8696768
5431.34,47.9797888,-81.8696768
5431.43,47.9797888,-81.8696768
5431.52,47.9797888,-81.8696768
5431.62,47.9797888,-81.8696768
5431.69,47.9797888,-81.8696768
5431.78,47.9797888,-81.8696768
5431.88,47.9797888,-81.8696768
5431.96,47.9797888,-81.8696768
5432.05,47.9797888,-81.8696768
5432.15,47.9797888,-81.8696768
5432.24,47.9797888,-81.8696768
5432.32,47.9797888,-81.8696768
5432.41,47.9797888,-81.8696768
5432.5,47.9797888,-81.8696768
5432.59,47.9797888,-81.8696768
5432.68,47.9797888,-81.8696768
5432.76,47.9797888,-81.8696768
5432.86,47.9797888,-81.8696768
5432.95,47.9797888,-81.8696768
5433.03,47.9797888,-81.8696768
5433.119,47.9797888,-81.8696768
5433.22,47.9797888,-81.8696768
5433.3,47.9797888,-81.8696768
5433.38,47.9797888,-81.8696768
5433.48,47.9797888,-81.8696768
5433.56,47.9797888,-81.8696768
5433.65,47.9797888,-81.8696768
5433.75,47.9797888,-81.8696768
5433.84,47.9797888,-81.8696768
5433.93,47.9797888,-81.8696768
5434.01,47.9797888,-81.8696768
5434.1,47.9797888,-81.8696768
5434.2,47.9797888,-81.8696768
5434.28,47.9797888,-81.8696768
5434.36,47.9797888,-81.8696768
5434.46,47.9797888,-81.8696768
5434.55,47.9797888,-81.8696768
5434.63,47.9797888,-81.8696768
5434.73,47.9797888,-81.8696768
5434.82,47.9797888,-81.8696768
5434.91,47.9797888,-81.8696768
5434.99,47.9797888,-81.8696768
5435.08,47.9797888,-81.8696768
5435.16,47.9797888,-81.8696768
5435.26,47.9797888,-81.8696768
5435.35,47.9797888,-81.8696768
5435.43,47.9797888,-81.8696768
5435.53,47.9797888,-81.8696768
5435.61,47.9797888,-81.8696768
5435.69,47.9797888,-81.8696768
5435.8,47.9797888,-81.8696768
5435.88,47.9797888,-81.8696768
5435.96,47.9797888,-81.8696768
5436.06,47.9797888,-81.8696768
5436.15,47.9797888,-81.8696768
5436.23,47.9797888,-81.8696768
5436.33,47.9797888,-81.8696768
5436.41,47.9797888,-81.8696768
5436.5,47.9797888,-81.8696768
5436.59,47.9797888,-81.8696768
5436.67,47.9797888,-81.8696768
5436.76,47.9797888,-81.8696768
5436.86,47.9797888,-81.8696768
5436.95,47.9797888,-81.8696768
5437.04,47.9797888,-81.8696768
5437.13,47.9797888,-81.8696768
5437.22,47.9797888,-81.8696768
5437.29,47.9797888,-81.8696768
5437.4,47.9797888,-81.8696768
5437.48,47.9797888,-81.8696768
5437.57,47.9797888,-81.8696768
5437.66,47.9797888,-81.8696768
5437.75,47.9797888,-81.8696768
5437.84,47.9797888,-81.8696768
5437.93,47.9797888,-81.8696768
5438.01,47.9797888,-81.8696768
5438.1,47.9797888,-81.8696768
5438.2,47.9797888,-81.8696768
5438.27,47.9797888,-81.8696768
5438.36,47.9797888,-81.8696768
5438.46,47.9797888,-81.8696768
5438.55,47.9797888,-81.8696768
5438.63,47.9797888,-81.8696768
5438.72,47.9797888,-81.8696768
5438.81,47.9797888,-81.8696768
5438.9,47.9797888,-81.8696768
5438.99,47.9797888,-81.8696768
5439.08,47.9797888,-81.8696768
5439.16,47.9797888,-81.8696768
5439.26,47.9797888,-81.8696768
5439.34,47.9797888,-81.8696768
5439.44,47.9797888,-81.8696768
5439.53,47.9797888,-81.8696768
5439.61,47.9797888,-81.8696768
5439.7,47.9797888,-81.8696768
5439.79,47.9797888,-81.8696768
5439.88,47.9797888,-81.8696768
5439.95,47.9797888,-81.8696768
5440.06,47.9797888,-81.8696768
5440.15,47.9797888,-81.8696768
5440.23,47.9797888,-81.8696768
5440.32,47.9797888,-81.8696768
5440.41,47.9797888,-81.8696768
5440.5,47.9797888,-81.8696768
5440.59,47.9797888,-81.8696768
5440.67,47.9797888,-81.8696768
5440.76,47.9797888,-81.8696768
5440.86,47.9797888,-81.8696768
5440.93,47.9797888,-81.8696768
5441.02,47.9797888,-81.8696768
5441.12,47.9797888,-81.8696768
5441.21,47.9797888,-81.8696768
5441.29,47.9797888,-81.8696768
5441.38,47.9797888,-81.8696768
5441.47,47.9797888,-81.8696768
5441.56,47.9797888,-81.8696768
5441.65,47.9797888,-81.8696768
5441.74,47.9797888,-81.8696768
5441.83,47.9797888,-81.8696768
5441.91,47.9797888,-81.8696768
5442.0,47.9797888,-81.8696768
5442.09,47.9797888,-81.8696768
5442.19,47.9797888,-81.8696768
5442.26,47.9797888,-81.8696768
5442.36,47.9797888,-81.8696768
5442.45,47.9797888,-81.8696768
5442.54,47.9797888,-81.8696768
5442.62,47.9797888,-81.8696768
5442.71,47.9797888,-81.8696768
5442.8,47.9797888,-81.8696768
5442.89,47.9797888,-81.8696768
5442.97,47.9797888,-81.8696768
5443.06,47.9797888,-81.8696768
5443.16,47.9797888,-81.8696768
5443.24,47.9797888,-81.8696768
5443.33,47.9797888,-81.8696768
5443.42,47.9797888,-81.8696768
5443.51,47.9797888,-81.8696768
5443.59,47.9797888,-81.8696768
5443.69,47.9797888,-81.8696768
5443.78,47.9797888,-81.8696768
5443.87,47.9797888,-81.8696768
5443.96,47.9797888,-81.8696768
5444.05,47.9797888,-81.8696768
5444.14,47.9797888,-81.8696768
5444.22,47.9797888,-81.8696768
5444.31,47.9797888,-81.8696768
5444.4,47.9797888,-81.8696768
5444.49,47.9797888,-81.8696768
5444.57,47.9797888,-81.8696768
5444.66,47.9797888,-81.8696768
5444.76,47.9797888,-81.8696768
5444.85,47.9797888,-81.8696768
5444.93,47.9797888,-81.8696768
5445.02,47.9797888,-81.8696768
5445.11,47.9797888,-81.8696768
5445.2,47.9797888,-81.8696768
5445.29,47.9797888,-81.8696768
5445.38,47.9797888,-81.8696768
5445.46,47.9797888,-81.8696768
5445.55,47.9797888,-81.8696768
5445.64,47.9797888,-81.8696768
5445.73,47.9797888,-81.8696768
5445.83,47.9797888,-81.8696768
5445.91,47.9797888,-81.8696768
5446.0,47.9797888,-81.8696768
5446.09,47.9797888,-81.8696768
5446.18,47.9797888,-81.8696768
5446.26,47.9797888,-81.8696768
5446.36,47.9797888,-81.8696768
5446.45,47.9797888,-81.8696768
5446.53,47.9797888,-81.8696768
5446.62,47.9797888,-81.8696768
5446.71,47.9797888,-81.8696768
5446.79,47.9797888,-81.8696768
5446.88,47.9797888,-81.8696768
5446.97,47.9797888,-81.8696768
5447.06,47.9797888,-81.8696768
5447.15,47.9797888,-81.8696768
5447.23,47.9797888,-81.8696768
5447.32,47.9797888,-81.8696768
5447.42,47.9797888,-81.8696768
5447.51,47.9797888,-81.8696768
5447.59,47.9797888,-81.8696768
5447.68,47.9797888,-81.8696768
5447.77,47.9797888,-81.8696768
5447.86,47.9797888,-81.8696768
5447.95,47.9797888,-81.8696768
5448.04,47.9797888,-81.8696768
5448.13,47.9797888,-81.8696768
5448.21,47.9797888,-81.8696768
5448.3,47.9797888,-81.8696768
5448.39,47.9797888,-81.8696768
5448.49,47.9797888,-81.8696768
5448.57,47.9797888,-81.8696768
5448.66,47.9797888,-81.8696768
5448.75,47.9797888,-81.8696768
5448.84,47.9797888,-81.8696768
5448.92,47.9797888,-81.8696768
5449.02,47.9797888,-81.8696768
5449.11,47.9797888,-81.8696768
5449.19,47.9797888,-81.8696768
5449.27,47.9797888,-81.8696768
5449.37,47.9797888,-81.8696768
5449.45,47.9797888,-81.8696768
5449.54,47.9797888,-81.8696768
5449.64,47.9797888,-81.8696768
5449.72,47.9797888,-81.8696768
5449.82,47.9797888,-81.8696768
5449.89,47.9797888,-81.8696768
5449.98,47.9797888,-81.8696768
5450.08,47.9797888,-81.8696768
5450.17,47.9797888,-81.8696768
5450.26,47.9797888,-81.8696768
5450.35,47.9797888,-81.8696768
5450.44,47.9797888,-81.8696768
5450.52,47.9797888,-81.8696768
5450.61,47.9797888,-81.8696768
5450.71,47.9797888,-81.8696768
5450.79,47.9797888,-81.8696768
5450.87,47.9797888,-81.8696768
5450.97,47.9797888,-81.8696768
5451.06,47.9797888,-81.8696768
5451.15,47.9797888,-81.8696768
5451.23,47.9797888,-81.8696768
5451.32,47.9797888,-81.8696768
5451.41,47.9797888,-81.8696768
5451.5,47.9797888,-81.8696768
5451.58,47.9797888,-81.8696768
5451.679,47.9797888,-81.8696768
5451.77,47.9797888,-81.8696768
5451.85,47.9797888,-81.8696768
5451.95,47.9797888,-81.8696768
5452.04,47.9797888,-81.8696768
5452.13,47.9797888,-81.8696768
5452.21,47.9797888,-81.8696768
5452.3,47.9797888,-81.8696768
5452.3,47.961648,-81.8540352
5452.38,47.961648,-81.8540352
5452.4,47.9616672,-81.854016
5452.47,47.9616672,-81.854016
5452.55,47.9616672,-81.854016
5452.64,47.9616672,-81.854016
5452.74,47.9616672,-81.854016
5452.83,47.9616672,-81.854016
5452.91,47.9616672,-81.854016
5453.0,47.9616672,-81.854016
5453.09,47.9616672,-81.854016
5453.18,47.9616672,-81.854016
5453.27,47.9616672,-81.854016
5453.36,47.9616672,-81.854016
5453.45,47.9616672,-81.854016
5453.53,47.9616672,-81.854016
5453.62,47.9616672,-81.854016
5453.72,47.9616672,-81.854016
5453.81,47.9616672,-81.854016
5453.89,47.9616672,-81.854016
5453.97,47.9616672,-81.854016
5454.07,47.9616672,-81.854016
5454.16,47.9616672,-81.854016
5454.25,47.9616672,-81.854016
5454.34,47.9616672,-81.854016
5454.43,47.9616672,-81.854016
5454.51,47.9616672,-81.854016
5454.6,47.9616672,-81.854016
5454.69,47.9616672,-81.854016
5454.79,47.9616672,-81.854016
5454.87,47.9616672,-81.854016
5454.96,47.9616672,-81.854016
5455.05,47.9616672,-81.854016
5455.14,47.9616672,-81.854016
5455.22,47.9616672,-81.854016
5455.32,47.9616672,-81.854016
5455.41,47.9616672,-81.854016
5455.49,47.9616672,-81.854016
5455.57,47.9616672,-81.854016
5455.67,47.9616672,-81.854016
5455.76,47.9616672,-81.854016
5455.84,47.9616672,-81.854016
5455.94,47.9616672,-81.854016
5456.03,47.9616672,-81.854016
5456.12,47.9616672,-81.854016
5456.2,47.9616672,-81.854016
5456.29,47.9616672,-81.854016
5456.39,47.9616672,-81.854016
5456.47,47.9616672,-81.854016
5456.56,47.9616672,-81.854016
5456.65,47.9616672,-81.854016
5456.74,47.9616672,-81.854016
5456.82,47.9616672,-81.854016
5456.92,47.9616672,-81.854016
5457.0,47.97144,-81.8586112
5457.0,47.97144,-81.8586112
5457.09,47.97144,-81.8586112
5457.17,47.97144,-81.8586112
5457.26,47.97144,-81.8586112
5457.3,47.9626144,-81.849984
5457.34,47.9626144,-81.849984
5457.439,47.9626144,-81.849984
5457.52,47.9626144,-81.849984
5457.61,47.9626144,-81.849984
5457.69,47.9626144,-81.849984
5457.79,47.9626144,-81.849984
5457.87,47.9626144,-81.849984
5457.96,47.9626144,-81.849984
5458.06,47.9626144,-81.849984
5458.14,47.9626144,-81.849984
5458.22,47.9626144,-81.849984
5458.31,47.9626144,-81.849984
5458.4,47.9626144,-81.849984
5458.49,47.9626144,-81.849984
5458.58,47.9626144,-81.849984
5458.67,47.9626144,-81.849984
5458.76,47.9626144,-81.849984
5458.85,47.9626144,-81.849984
5458.93,47.9626144,-81.849984
5459.02,47.9626144,-81.849984
5459.12,47.9626144,-81.849984
5459.2,47.9626144,-81.849984
5459.28,47.9626144,-81.849984
5459.38,47.9626144,-81.849984
5459.47,47.9626144,-81.849984
5459.56,47.9626144,-81.849984
5459.65,47.9626144,-81.849984
5459.74,47.9626144,-81.849984
5459.83,47.9626144,-81.849984
5459.91,47.9626144,-81.849984
5459.999,47.9626144,-81.849984
5460.1,47.9626144,-81.849984
5460.18,47.9626144,-81.849984
5460.27,47.9626144,-81.849984
5460.36,47.9626144,-81.849984
5460.45,47.9626144,-81.849984
5460.53,47.9626144,-81.849984
5460.62,47.9626144,-81.849984
5460.72,47.9626144,-81.849984
5460.8,47.9626144,-81.849984
5460.88,47.9626144,-81.849984
5460.97,47.9626144,-81.849984
5461.06,47.9626144,-81.849984
5461.16,47.9626144,-81.849984
5461.24,47.9626144,-81.849984
5461.33,47.9626144,-81.849984
5461.42,47.9626144,-81.849984
5461.51,47.9626144,-81.849984
5461.59,47.9626144,-81.849984
5461.69,47.9626144,-81.849984
5461.78,47.9626144,-81.849984
5461.86,47.9626144,-81.849984
5461.95,47.9626144,-81.849984
5462.04,47.9626144,-81.849984
5462.14,47.9626144,-81.849984
5462.22,47.9626144,-81.849984
5462.31,47.9626144,-81.849984
5462.4,47.9626144,-81.849984
5462.49,47.9626144,-81.849984
5462.57,47.9626144,-81.849984
5462.65,47.9626144,-81.849984
5462.76,47.9626144,-81.849984
5462.84,47.9626144,-81.849984
5462.92,47.9626144,-81.849984
5463.02,47.9626144,-81.849984
5463.11,47.9626144,-81.849984
5463.19,47.9626144,-81.849984
5463.28,47.9626144,-81.849984
5463.37,47.9626144,-81.849984
5463.46,47.9626144,-81.849984
5463.54,47.9626144,-81.849984
5463.64,47.9626144,-81.849984
5463.73,47.9626144,-81.849984
5463.82,47.9626144,-81.849984
5463.9,47.9626144,-81.849984
5463.99,47.9626144,-81.849984
5464.08,47.9626144,-81.849984
5464.17,47.9626144,-81.849984
5464.26,47.9626144,-81.849984
5464.35,47.9626144,-81.849984
5464.44,47.9626144,-81.849984
5464.52,47.9626144,-81.849984
5464.61,47.9626144,-81.849984
5464.7,47.9626144,-81.849984
5464.8,47.9626144,-81.849984
5464.88,47.9626144,-81.849984
5464.97,47.9626144,-81.849984
5465.06,47.9626144,-81.849984
5465.15,47.9626144,-81.849984
5465.23,47.9626144,-81.849984
5465.32,47.9626144,-81.849984
5465.42,47.9626144,-81.849984
5465.5,47.9626144,-81.849984
5465.58,47.9626144,-81.849984
5465.67,47.9626144,-81.849984
5465.77,47.9626144,-81.849984
5465.86,47.9626144,-81.849984
5465.95,47.9626144,-81.849984
5466.04,47.9626144,-81.849984
5466.13,47.9626144,-81.849984
5466.21,47.9626144,-81.849984
5466.3,47.9626144,-81.849984
5466.39,47.9626144,-81.849984
5466.48,47.9626144,-81.849984
5466.57,47.9626144,-81.849984
5466.66,47.9626144,-81.849984
5466.75,47.9626144,-81.849984
5466.83,47.9626144,-81.849984
5466.92,47.9626144,-81.849984
5467.01,47.9626144,-81.849984
5467.11,47.9626144,-81.849984
5467.18,47.9626144,-81.849984
5467.27,47.9626144,-81.849984
5467.36,47.9626144,-81.849984
5467.46,47.9626144,-81.849984
5467.54,47.9626144,-81.849984
5467.64,47.9626144,-81.849984
5467.69,47.956192,-81.8552384
5467.72,47.956192,-81.8552384
5467.79,47.9561888,-81.8552064
5467.8,47.9561888,-81.8552064
5467.88,47.9561888,-81.8552064
5467.97,47.9561888,-81.8552064
5468.07,47.9561888,-81.8552064
5468.16,47.9561888,-81.8552064
5468.24,47.9561888,-81.8552064
5468.33,47.9561888,-81.8552064
5468.42,47.9561888,-81.8552064
5468.51,47.9561888,-81.8552064
5468.59,47.9560928,-81.8550848
5468.59,47.9560928,-81.8550848
5468.68,47.9560928,-81.8550848
5468.77,47.9560928,-81.8550848
5468.86,47.9560928,-81.8550848
5468.94,47.9560928,-81.8550848
5469.04,47.9560928,-81.8550848
5469.13,47.9560928,-81.8550848
5469.21,47.9560928,-81.8550848
5469.3,47.9560928,-81.8550848
5469.39,47.9560928,-81.8550848
5469.47,47.9560928,-81.8550848
5469.56,47.9560928,-81.8550848
5469.65,47.9560928,-81.8550848
5469.74,47.9560928,-81.8550848
5469.83,47.9560928,-81.8550848
5469.91,47.9560928,-81.8550848
5470.0,47.9560928,-81.8550848
5470.1,47.9560928,-81.8550848
5470.19,47.9560928,-81.8550848
5470.27,47.9560928,-81.8550848
5470.36,47.9560928,-81.8550848
5470.45,47.9560928,-81.8550848
5470.54,47.9560928,-81.8550848
5470.63,47.9560928,-81.8550848
5470.72,47.9560928,-81.8550848
5470.81,47.9560928,-81.8550848
5470.89,47.9560928,-81.8550848
5470.98,47.9560928,-81.8550848
5471.07,47.9560928,-81.8550848
5471.17,47.9560928,-81.8550848
5471.25,47.9560928,-81.8550848
5471.34,47.9560928,-81.8550848
5471.43,47.9560928,-81.8550848
5471.519,47.9560928,-81.8550848
5471.6,47.9560928,-81.8550848
5471.7,47.9560928,-81.8550848
5471.79,47.9560928,-81.8550848
5471.87,47.9560928,-81.8550848
5471.96,47.9560928,-81.8550848
5472.05,47.9560928,-81.8550848
5472.14,47.9560928,-81.8550848
5472.22,47.9560928,-81.8550848
5472.32,47.9560928,-81.8550848
5472.41,47.9560928,-81.8550848
5472.49,47.9560928,-81.8550848
5472.57,47.9560928,-81.8550848
5472.67,47.9560928,-81.8550848
5472.76,47.9560928,-81.8550848
5472.85,47.9560928,-81.8550848
5472.94,47.9560928,-81.8550848
5473.02,47.9560928,-81.8550848
5473.12,47.9560928,-81.8550848
5473.2,47.9560928,-81.8550848
5473.29,47.9560928,-81.8550848
5473.39,47.9560928,-81.8550848
5473.47,47.9560928,-81.8550848
5473.56,47.9560928,-81.8550848
5473.65,47.9560928,-81.8550848
5473.74,47.9560928,-81.8550848
5473.83,47.9560928,-81.8550848
5473.92,47.9560928,-81.8550848
5474.01,47.9560928,-81.8550848
5474.09,47.9560928,-81.8550848
5474.18,47.9560928,-81.8550848
5474.26,47.9560928,-81.8550848
5474.36,47.9560928,-81.8550848
5474.46,47.9560928,-81.8550848
5474.53,47.9560928,-81.8550848
5474.62,47.9560928,-81.8550848
5474.71,47.9560928,-81.8550848
5474.81,47.9560928,-81.8550848
5474.89,47.9560928,-81.8550848
5474.98,47.9560928,-81.8550848
5475.07,47.9560928,-81.8550848
5475.16,47.9560928,-81.8550848
5475.24,47.9560928,-81.8550848
5475.34,47.9560928,-81.8550848
5475.43,47.9560928,-81.8550848
5475.51,47.9560928,-81.8550848
5475.6,47.9560928,-81.8550848
5475.69,47.9560928,-81.8550848
5475.78,47.9560928,-81.8550848
5475.86,47.9560928,-81.8550848
5475.96,47.9560928,-81.8550848
5476.05,47.9560928,-81.8550848
5476.14,47.9560928,-81.8550848
5476.21,47.9560928,-81.8550848
5476.31,47.9560928,-81.8550848
5476.4,47.9560928,-81.8550848
5476.49,47.9560928,-81.8550848
5476.57,47.9560928,-81.8550848
5476.66,47.9560928,-81.8550848
5476.75,47.9560928,-81.8550848
5476.84,47.9560928,-81.8550848
5476.92,47.9560928,-81.8550848
5477.01,47.9560928,-81.8550848
5477.11,47.9560928,-81.8550848
5477.19,47.9560928,-81.8550848
5477.27,47.9560928,-81.8550848
5477.37,47.9560928,-81.8550848
5477.46,47.9560928,-81.8550848
5477.55,47.9560928,-81.8550848
5477.64,47.9560928,-81.8550848
5477.73,47.9560928,-81.8550848
5477.82,47.9560928,-81.8550848
5477.9,47.9560928,-81.8550848
5478.0,47.9560928,-81.8550848
5478.08,47.9560928,-81.8550848
5478.17,47.9560928,-81.8550848
5478.26,47.9560928,-81.8550848
5478.35,47.9560928,-81.8550848
5478.44,47.9560928,-81.8550848
5478.53,47.9560928,-81.8550848
5478.61,47.9560928,-81.8550848
5478.71,47.9560928,-81.8550848
5478.79,47.9560928,-81.8550848
5478.87,47.9560928,-81.8550848
5478.96,47.9560928,-81.8550848
5479.06,47.9560928,-81.8550848
5479.15,47.9560928,-81.8550848
5479.23,47.9560928,-81.8550848
5479.32,47.9560928,-81.8550848
5479.41,47.9560928,-81.8550848
5479.5,47.9560928,-81.8550848
5479.59,47.9560928,-81.8550848
5479.68,47.9560928,-81.8550848
5479.77,47.9560928,-81.8550848
5479.86,47.9560928,-81.8550848
5479.95,47.9560928,-81.8550848
5480.04,47.9560928,-81.8550848
5480.13,47.9560928,-81.8550848
5480.21,47.9560928,-81.8550848
5480.3,47.9560928,-81.8550848
5480.39,47.9560928,-81.8550848
5480.479,47.9560928,-81.8550848
5480.56,47.9560928,-81.8550848
5480.66,47.9560928,-81.8550848
5480.75,47.9560928,-81.8550848
5480.83,47.9560928,-81.8550848
5480.91,47.9560928,-81.8550848
5481.01,47.9560928,-81.8550848
5481.1,47.9560928,-81.8550848
5481.18,47.9560928,-81.8550848
5481.27,47.9560928,-81.8550848
5481.36,47.9560928,-81.8550848
5481.45,47.9560928,-81.8550848
5481.53,47.9560928,-81.8550848
5481.63,47.9560928,-81.8550848
5481.72,47.9560928,-81.8550848
5481.81,47.9560928,-81.8550848
5481.89,47.9560928,-81.8550848
5481.98,47.9560928,-81.8550848
5482.07,47.9560928,-81.8550848
5482.16,47.9560928,-81.8550848
5482.25,47.9560928,-81.8550848
5482.34,47.9560928,-81.8550848
5482.43,47.9560928,-81.8550848
5482.51,47.9560928,-81.8550848
5482.6,47.9560928,-81.8550848
5482.69,47.9560928,-81.8550848
5482.79,47.9560928,-81.8550848
5482.87,47.9560928,-81.8550848
5482.96,47.9560928,-81.8550848
5483.05,47.9560928,-81.8550848
5483.14,47.9560928,-81.8550848
5483.22,47.9560928,-81.8550848
5483.31,47.9560928,-81.8550848
5483.4,47.9560928,-81.8550848
5483.49,47.9560928,-81.8550848
5483.57,47.9560928,-81.8550848
5483.66,47.9560928,-81.8550848
5483.75,47.9560928,-81.8550848
5483.84,47.9560928,-81.8550848
5483.93,47.9560928,-81.8550848
5484.02,47.9560928,-81.8550848
5484.11,47.9560928,-81.8550848
5484.19,47.9560928,-81.8550848
5484.28,47.9560928,-81.8550848
5484.38,47.9560928,-81.8550848
5484.47,47.9560928,-81.8550848
5484.56,47.9560928,-81.8550848
5484.65,47.9560928,-81.8550848
5484.74,47.9560928,-81.8550848
5484.82,47.9560928,-81.8550848
5484.91,47.9560928,-81.8550848
5485.0,47.9560928,-81.8550848
5485.1,47.9560928,-81.8550848
5485.17,47.9560928,-81.8550848
5485.26,47.9560928,-81.8550848
5485.35,47.9560928,-81.8550848
5485.45,47.9560928,-81.8550848
5485.53,47.9560928,-81.8550848
5485.62,47.9560928,-81.8550848
5485.71,47.9560928,-81.8550848
5485.8,47.9560928,-81.8550848
5485.88,47.9560928,-81.8550848
5485.97,47.9560928,-81.8550848
5486.07,47.9560928,-81.8550848
5486.15,47.9560928,-81.8550848
5486.239,47.9560928,-81.8550848
5486.33,47.9560928,-81.8550848
5486.42,47.9560928,-81.8550848
5486.5,47.9560928,-81.8550848
5486.6,47.9560928,-81.8550848
5486.69,47.9560928,-81.8550848
5486.77,47.9560928,-81.8550848
5486.86,47.9560928,-81.8550848
5486.95,47.9560928,-81.8550848
5487.04,47.9560928,-81.8550848
5487.13,47.9560928,-81.8550848
5487.22,47.9560928,-81.8550848
5487.3,47.9560928,-81.8550848
5487.39,47.9560928,-81.8550848
5487.48,47.9560928,-81.8550848
5487.57,47.9560928,-81.8550848
5487.66,47.9560928,-81.8550848
5487.75,47.9560928,-81.8550848
5487.83,47.9560928,-81.8550848
5487.92,47.9560928,-81.8550848
5488.02,47.9560928,-81.8550848
5488.11,47.9560928,-81.8550848
5488.19,47.9560928,-81.8550848
5488.28,47.9560928,-81.8550848
5488.37,47.9560928,-81.8550848
5488.46,47.9560928,-81.8550848
5488.55,47.9560928,-81.8550848
5488.64,47.9560928,-81.8550848
5488.73,47.9560928,-81.8550848
5488.81,47.9560928,-81.8550848
5488.9,47.9560928,-81.8550848
5488.99,47.9560928,-81.8550848
5489.09,47.9560928,-81.8550848
5489.17,47.9560928,-81.8550848
5489.26,47.9560928,-81.8550848
5489.35,47.9560928,-81.8550848
5489.439,47.9560928,-81.8550848
5489.52,47.9560928,-81.8550848
5489.62,47.9560928,-81.8550848
5489.71,47.9560928,-81.8550848
5489.79,47.9560928,-81.8550848
5489.88,47.9560928,-81.8550848
5489.96,47.9560928,-81.8550848
5490.06,47.9560928,-81.8550848
5490.15,47.9560928,-81.8550848
5490.24,47.9560928,-81.8550848
5490.33,47.9560928,-81.8550848
5490.42,47.9560928,-81.8550848
5490.5,47.9560928,-81.8550848
5490.59,47.9560928,-81.8550848
5490.69,47.9560928,-81.8550848
5490.77,47.9560928,-81.8550848
5490.86,47.9560928,-81.8550848
5490.95,47.9560928,-81.8550848
5491.04,47.9560928,-81.8550848
5491.12,47.9560928,-81.8550848
5491.22,47.9560928,-81.8550848
5491.31,47.9560928,-81.8550848
5491.4,47.9560928,-81.8550848
5491.48,47.9560928,-81.8550848
5491.56,47.9560928,-81.8550848
5491.66,47.9560928,-81.8550848
5491.75,47.9560928,-81.8550848
5491.83,47.9560928,-81.8550848
5491.93,47.9560928,-81.8550848
5492.02,47.9560928,-81.8550848
5492.1,47.9560928,-81.8550848
5492.19,47.9560928,-81.8550848
5492.28,47.9560928,-81.8550848
5492.37,47.9560928,-81.8550848
5492.46,47.9560928,-81.8550848
5492.54,47.9560928,-81.8550848
5492.63,47.9560928,-81.8550848
5492.73,47.9560928,-81.8550848
5492.81,47.9560928,-81.8550848
5492.9,47.9560928,-81.8550848
5492.99,47.9560928,-81.8550848
5493.08,47.9560928,-81.8550848
5493.16,47.9560928,-81.8550848
5493.25,47.9560928,-81.8550848
5493.35,47.9560928,-81.8550848
5493.43,47.9560928,-81.8550848
5493.53,47.9560928,-81.8550848
5493.61,47.9560928,-81.8550848
5493.7,47.9560928,-81.8550848
5493.78,47.9560928,-81.8550848
5493.88,47.9560928,-81.8550848
5493.97,47.9560928,-81.8550848
5494.06,47.9560928,-81.8550848
5494.15,47.9560928,-81.8550848
5494.24,47.9560928,-81.8550848
5494.33,47.9560928,-81.8550848
5494.41,47.9560928,-81.8550848
5494.5,47.9560928,-81.8550848
5494.59,47.9560928,-81.8550848
5494.68,47.9560928,-81.8550848
5494.76,47.9560928,-81.8550848
5494.85,47.9560928,-81.8550848
5494.95,47.9560928,-81.8550848
5495.04,47.9560928,-81.8550848
5495.12,47.9560928,-81.8550848
5495.21,47.9560928,-81.8550848
5495.3,47.9560928,-81.8550848
5495.39,47.9560928,-81.8550848
5495.47,47.9560928,-81.8550848
5495.57,47.9560928,-81.8550848
5495.66,47.9560928,-81.8550848
5495.74,47.9560928,-81.8550848
5495.82,47.9560928,-81.8550848
5495.92,47.9560928,-81.8550848
5496.01,47.9560928,-81.8550848
5496.09,47.9560928,-81.8550848
5496.18,47.9560928,-81.8550848
5496.27,47.9560928,-81.8550848
5496.36,47.9560928,-81.8550848
5496.45,47.9560928,-81.8550848
5496.54,47.9560928,-81.8550848
5496.63,47.9560928,-81.8550848
5496.72,47.9560928,-81.8550848
5496.8,47.9560928,-81.8550848
5496.89,47.9560928,-81.8550848
5496.98,47.9560928,-81.8550848
5497.07,47.9560928,-81.8550848
5497.16,47.9560928,-81.8550848
5497.25,47.9560928,-81.8550848
5497.34,47.9560928,-81.8550848
5497.42,47.9560928,-81.8550848
5497.51,47.9560928,-81.8550848
5497.61,47.9560928,-81.8550848
5497.7,47.9560928,-81.8550848
5497.78,47.9560928,-81.8550848
5497.87,47.9560928,-81.8550848
5497.96,47.9560928,-81.8550848
5498.05,47.9560928,-81.8550848
5498.13,47.9560928,-81.8550848
5498.22,47.9560928,-81.8550848
5498.31,47.9560928,-81.8550848
5498.399,47.9560928,-81.8550848
5498.48,47.9560928,-81.8550848
5498.57,47.9560928,-81.8550848
5498.67,47.9560928,-81.8550848
5498.76,47.9560928,-81.8550848
5498.85,47.9560928,-81.8550848
5498.94,47.9560928,-81.8550848
5499.03,47.9560928,-81.8550848
5499.11,47.9560928,-81.8550848
5499.2,47.9560928,-81.8550848
5499.29,47.9560928,-81.8550848
5499.38,47.9560928,-81.8550848
5499.46,47.9560928,-81.8550848
5499.55,47.9560928,-81.8550848
5499.65,47.9560928,-81.8550848
5499.73,47.9560928,-81.8550848
5499.82,47.9560928,-81.8550848
5499.91,47.9560928,-81.8550848
5500.0,47.9560928,-81.8550848
5500.08,47.9560928,-81.8550848
5500.17,47.9560928,-81.8550848
5500.26,47.9560928,-81.8550848
5500.36,47.9560928,-81.8550848
5500.44,47.9560928,-81.8550848
5500.53,47.9560928,-81.8550848
5500.62,47.9560928,-81.8550848
5500.71,47.9560928,-81.8550848
5500.79,47.9560928,-81.8550848
5500.88,47.9560928,-81.8550848
5500.98,47.9560928,-81.8550848
5501.06,47.9560928,-81.8550848
5501.15,47.9560928,-81.8550848
5501.25,47.9560928,-81.8550848
5501.33,47.9560928,-81.8550848
5501.41,47.9560928,-81.8550848
5501.51,47.9560928,-81.8550848
5501.59,47.9560928,-81.8550848
5501.68,47.9560928,-81.8550848
5501.77,47.9560928,-81.8550848
5501.86,47.9560928,-81.8550848
5501.95,47.9560928,-81.8550848
5502.04,47.9560928,-81.8550848
5502.12,47.9560928,-81.8550848
5502.21,47.9560928,-81.8550848
5502.31,47.9560928,-81.8550848
5502.39,47.9560928,-81.8550848
5502.48,47.9560928,-81.8550848
5502.57,47.9560928,-81.8550848
5502.66,47.9560928,-81.8550848
5502.74,47.9560928,-81.8550848
5502.84,47.9560928,-81.8550848
5502.93,47.9560928,-81.8550848
5503.02,47.9560928,-81.8550848
5503.1,47.9560928,-81.8550848
5503.18,47.9560928,-81.8550848
5503.28,47.9560928,-81.8550848
5503.37,47.9560928,-81.8550848
5503.45,47.9560928,-81.8550848
5503.55,47.9560928,-81.8550848
5503.64,47.9560928,-81.8550848
5503.72,47.9560928,-81.8550848
5503.8,47.9560928,-81.8550848
5503.9,47.9560928,-81.8550848
5503.99,47.9560928,-81.8550848
5504.07,47.9560928,-81.8550848
5504.159,47.9560928,-81.8550848
5504.25,47.9560928,-81.8550848
5504.35,47.9560928,-81.8550848
5504.43,47.9560928,-81.8550848
5504.52,47.9560928,-81.8550848
5504.61,47.9560928,-81.8550848
5504.7,47.9560928,-81.8550848
5504.78,47.9560928,-81.8550848
5504.87,47.9560928,-81.8550848
5504.97,47.9560928,-81.8550848
5505.05,47.9560928,-81.8550848
5505.15,47.9560928,-81.8550848
5505.24,47.9560928,-81.8550848
5505.32,47.9560928,-81.8550848
5505.4,47.9560928,-81.8550848
5505.5,47.9560928,-81.8550848
5505.59,47.9560928,-81.8550848
5505.68,47.9560928,-81.8550848
5505.76,47.9560928,-81.8550848
5505.85,47.9560928,-81.8550848
5505.94,47.9560928,-81.8550848
5506.03,47.9560928,-81.8550848
5506.12,47.9560928,-81.8550848
5506.21,47.9560928,-81.8550848
5506.3,47.9560928,-81.8550848
5506.38,47.9560928,-81.8550848
5506.47,47.9560928,-81.8550848
5506.57,47.9560928,-81.8550848
5506.66,47.9560928,-81.8550848
5506.74,47.9560928,-81.8550848
5506.83,47.9560928,-81.8550848
5506.92,47.9560928,-81.8550848
5507.01,47.9560928,-81.8550848
5507.09,47.9560928,-81.8550848
5507.18,47.9560928,-81.8550848
5507.28,47.9560928,-81.8550848
5507.359,47.9560928,-81.8550848
5507.44,47.9560928,-81.8550848
5507.54,47.9560928,-81.8550848
5507.64,47.9560928,-81.8550848
5507.71,47.9560928,-81.8550848
5507.81,47.9560928,-81.8550848
5507.89,47.9560928,-81.8550848
5507.98,47.9560928,-81.8550848
5508.06,47.9560928,-81.8550848
5508.16,47.9560928,-81.8550848
5508.25,47.9560928,-81.8550848
5508.34,47.9560928,-81.8550848
5508.42,47.9560928,-81.8550848
5508.51,47.9560928,-81.8550848
5508.6,47.9560928,-81.8550848
5508.69,47.9560928,-81.8550848
5508.77,47.9560928,-81.8550848
5508.87,47.9560928,-81.8550848
5508.96,47.9560928,-81.8550848
5509.04,47.9560928,-81.8550848
5509.13,47.9560928,-81.8550848
5509.23,47.9560928,-81.8550848
5509.31,47.9560928,-81.8550848
5509.4,47.9560928,-81.8550848
5509.49,47.9560928,-81.8550848
5509.57,47.9560928,-81.8550848
5509.67,47.9560928,-81.8550848
5509.76,47.9560928,-81.8550848
5509.85,47.9560928,-81.8550848
5509.94,47.9560928,-81.8550848
5510.02,47.9560928,-81.8550848
5510.11,47.9560928,-81.8550848
5510.2,47.9560928,-81.8550848
5510.3,47.9560928,-81.8550848
5510.37,47.9560928,-81.8550848
5510.46,47.9560928,-81.8550848
5510.559,47.9560928,-81.8550848
5510.64,47.9560928,-81.8550848
5510.73,47.9560928,-81.8550848
5510.82,47.9560928,-81.8550848
5510.91,47.9560928,-81.8550848
5511.0,47.9560928,-81.8550848
5511.08,47.9560928,-81.8550848
5511.17,47.9560928,-81.8550848
5511.26,47.9560928,-81.8550848
5511.35,47.9560928,-81.8550848
5511.44,47.9560928,-81.8550848
5511.54,47.9560928,-81.8550848
5511.63,47.9560928,-81.8550848
5511.7,47.9560928,-81.8550848
5511.8,47.9560928,-81.8550848
5511.89,47.9560928,-81.8550848
5511.98,47.9560928,-81.8550848
5512.06,47.9560928,-81.8550848
5512.15,47.9560928,-81.8550848
5512.25,47.9560928,-81.8550848
5512.33,47.9560928,-81.8550848
5512.42,47.9560928,-81.8550848
5512.51,47.9560928,-81.8550848
5512.6,47.9560928,-81.8550848
5512.68,47.9560928,-81.8550848
5512.77,47.9560928,-81.8550848
5512.86,47.9560928,-81.8550848
5512.96,47.9560928,-81.8550848
5513.04,47.9560928,-81.8550848
5513.13,47.9560928,-81.8550848
5513.22,47.9560928,-81.8550848
5513.31,47.9560928,-81.8550848
5513.39,47.9560928,-81.8550848
5513.48,47.9560928,-81.8550848
5513.57,47.9560928,-81.8550848
5513.66,47.9560928,-81.8550848
5513.75,47.9560928,-81.8550848
5513.84,47.9560928,-81.8550848
5513.93,47.9560928,-81.8550848
5514.01,47.9560928,-81.8550848
5514.1,47.9560928,-81.8550848
5514.19,47.9560928,-81.8550848
5514.28,47.9560928,-81.8550848
5514.36,47.9560928,-81.8550848
5514.45,47.9560928,-81.8550848
5514.55,47.9560928,-81.8550848
5514.64,47.9560928,-81.8550848
5514.72,47.9560928,-81.8550848
5514.81,47.9560928,-81.8550848
5514.9,47.9560928,-81.8550848
5514.99,47.9560928,-81.8550848
5515.07,47.9560928,-81.8550848
5515.17,47.9560928,-81.8550848
5515.26,47.9560928,-81.8550848
5515.34,47.9560928,-81.8550848
5515.43,47.9560928,-81.8550848
5515.52,47.9560928,-81.8550848
5515.61,47.9560928,-81.8550848
5515.69,47.9560928,-81.8550848
5515.79,47.9560928,-81.8550848
5515.87,47.9560928,-81.8550848
5515.96,47.9560928,-81.8550848
5516.05,47.9560928,-81.8550848
5516.15,47.9560928,-81.8550848
5516.24,47.9560928,-81.8550848
5516.319,47.9560928,-81.8550848
5516.41,47.9560928,-81.8550848
5516.5,47.9560928,-81.8550848
5516.6,47.9560928,-81.8550848
5516.67,47.9560928,-81.8550848
5516.76,47.9560928,-81.8550848
5516.86,47.9560928,-81.8550848
5516.95,47.9560928,-81.8550848
5517.03,47.9560928,-81.8550848
5517.13,47.9560928,-81.8550848
5517.21,47.9560928,-81.8550848
5517.3,47.9560928,-81.8550848
5517.38,47.9560928,-81.8550848
5517.47,47.9560928,-81.8550848
5517.56,47.9560928,-81.8550848
5517.66,47.9560928,-81.8550848
5517.75,47.9560928,-81.8550848
5517.84,47.9560928,-81.8550848
5517.93,47.9560928,-81.8550848
5518.01,47.9560928,-81.8550848
5518.1,47.9560928,-81.8550848
5518.2,47.9560928,-81.8550848
5518.28,47.9560928,-81.8550848
5518.36,47.9560928,-81.8550848
5518.45,47.9560928,-81.8550848
5518.49,47.953328,-81.845632
5518.54,47.953328,-81.845632
5518.59,47.9533312,-81.8456064
5518.62,47.9533312,-81.8456064
5518.71,47.9533312,-81.8456064
5518.8,47.9533312,-81.8456064
5518.89,47.9533312,-81.8456064
5518.98,47.9533312,-81.8456064
5519.06,47.9533312,-81.8456064
5519.15,47.9533312,-81.8456064
5519.25,47.9533312,-81.8456064
5519.33,47.9533312,-81.8456064
5519.42,47.9533312,-81.8456064
5519.51,47.9533312,-81.8456064
5519.59,47.9533312,-81.8456064
5519.68,47.9533312,-81.8456064
5519.77,47.9533312,-81.8456064
5519.86,47.9533312,-81.8456064
5519.95,47.9533312,-81.8456064
5520.03,47.9533312,-81.8456064
5520.12,47.9533312,-81.8456064
5520.21,47.9533312,-81.8456064
5520.31,47.9533312,-81.8456064
5520.38,47.9533312,-81.8456064
5520.48,47.9533312,-81.8456064
5520.57,47.9533312,-81.8456064
5520.66,47.9533312,-81.8456064
5520.74,47.9533312,-81.8456064
5520.84,47.9533312,-81.8456064
5520.92,47.9533312,-81.8456064
5521.01,47.9533312,-81.8456064
5521.1,47.9533312,-81.8456064
5521.18,47.9533312,-81.8456064
5521.27,47.9533312,-81.8456064
5521.36,47.9533312,-81.8456064
5521.45,47.9533312,-81.8456064
5521.55,47.9533312,-81.8456064
5521.64,47.9533312,-81.8456064
5521.71,47.9533312,-81.8456064
5521.8,47.9533312,-81.8456064
5521.9,47.9533312,-81.8456064
5521.99,47.9533312,-81.8456064
5522.07,47.9533312,-81.8456064
5522.16,47.9533312,-81.8456064
5522.25,47.9533312,-81.8456064
5522.34,47.9533312,-81.8456064
5522.43,47.9533312,-81.8456064
5522.52,47.9533312,-81.8456064
5522.61,47.9533312,-81.8456064
5522.69,47.9533312,-81.8456064
5522.77,47.9533312,-81.8456064
5522.87,47.9533312,-81.8456064
5522.97,47.9533312,-81.8456064
5523.05,47.9533312,-81.8456064
5523.1,47.9529536,-81.8448128
5523.13,47.9529536,-81.8448128
5523.2,47.9529472,-81.8447936
5523.22,47.9529472,-81.8447936
5523.3,47.9529472,-81.8447936
5523.39,47.9529472,-81.8447936
5523.48,47.9529472,-81.8447936
5523.57,47.9529472,-81.8447936
5523.66,47.9529472,-81.8447936
5523.74,47.9529472,-81.8447936
5523.83,47.9529472,-81.8447936
5523.92,47.9529472,-81.8447936
5524.02,47.9529472,-81.8447936
5524.1,47.9529472,-81.8447936
5524.19,47.9529472,-81.8447936
5524.28,47.9529472,-81.8447936
5524.37,47.9529472,-81.8447936
5524.45,47.9529472,-81.8447936
5524.55,47.9529472,-81.8447936
5524.639,47.9529472,-81.8447936
5524.72,47.9529472,-81.8447936
5524.81,47.9529472,-81.8447936
5524.9,47.9529472,-81.8447936
5524.99,47.9529472,-81.8447936
5525.08,47.9529472,-81.8447936
5525.16,47.9529472,-81.8447936
5525.26,47.9529472,-81.8447936
5525.35,47.9529472,-81.8447936
5525.43,47.9529472,-81.8447936
5525.52,47.9529472,-81.8447936
5525.62,47.9529472,-81.8447936
5525.7,47.9529472,-81.8447936
5525.79,47.9529472,-81.8447936
5525.88,47.9529472,-81.8447936
5525.96,47.9529472,-81.8447936
5526.05,47.9529472,-81.8447936
5526.15,47.9529472,-81.8447936
5526.24,47.9529472,-81.8447936
5526.33,47.9529472,-81.8447936
5526.41,47.9529472,-81.8447936
5526.5,47.9529472,-81.8447936
5526.59,47.9529472,-81.8447936
5526.68,47.9529472,-81.8447936
5526.76,47.9529472,-81.8447936
5526.85,47.9529472,-81.8447936
5526.95,47.9529472,-81.8447936
5527.03,47.9529472,-81.8447936
5527.12,47.9529472,-81.8447936
5527.22,47.9529472,-81.8447936
5527.3,47.9529472,-81.8447936
5527.38,47.9529472,-81.8447936
5527.48,47.9529472,-81.8447936
5527.56,47.9529472,-81.8447936
5527.66,47.9529472,-81.8447936
5527.75,47.9529472,-81.8447936
5527.83,47.9529472,-81.8447936
5527.93,47.9529472,-81.8447936
5528.01,47.9529472,-81.8447936
5528.09,47.9529472,-81.8447936
5528.19,47.9529472,-81.8447936
5528.28,47.9529472,-81.8447936
5528.36,47.9529472,-81.8447936
5528.46,47.9529472,-81.8447936
5528.55,47.9529472,-81.8447936
5528.63,47.9529472,-81.8447936
5528.72,47.9529472,-81.8447936
5528.81,47.9529472,-81.8447936
5528.9,47.9529472,-81.8447936
5528.99,47.9529472,-81.8447936
5529.07,47.9529472,-81.8447936
5529.16,47.9529472,-81.8447936
5529.26,47.9529472,-81.8447936
5529.35,47.9529472,-81.8447936
5529.44,47.9529472,-81.8447936
5529.53,47.9529472,-81.8447936
5529.62,47.9529472,-81.8447936
5529.69,47.9529472,-81.8447936
5529.79,47.9529472,-81.8447936
5529.89,47.9529472,-81.8447936
5529.97,47.9529472,-81.8447936
5530.06,47.9529472,-81.8447936
5530.15,47.9529472,-81.8447936
5530.24,47.9529472,-81.8447936
5530.32,47.9529472,-81.8447936
5530.41,47.9529472,-81.8447936
5530.5,47.9529472,-81.8447936
5530.6,47.9529472,-81.8447936
5530.67,47.9529472,-81.8447936
5530.76,47.9529472,-81.8447936
5530.86,47.9529472,-81.8447936
5530.95,47.9529472,-81.8447936
5531.03,47.9529472,-81.8447936
5531.13,47.9529472,-81.8447936
5531.21,47.9529472,-81.8447936
5531.3,47.9529472,-81.8447936
5531.38,47.9529472,-81.8447936
5531.48,47.9529472,-81.8447936
5531.57,47.9529472,-81.8447936
5531.66,47.9529472,-81.8447936
5531.75,47.9529472,-81.8447936
5531.84,47.9529472,-81.8447936
5531.93,47.9529472,-81.8447936
5532.01,47.9529472,-81.8447936
5532.1,47.9529472,-81.8447936
5532.2,47.9529472,-81.8447936
5532.28,47.9529472,-81.8447936
5532.36,47.9529472,-81.8447936
5532.45,47.9529472,-81.8447936
5532.55,47.9529472,-81.8447936
5532.63,47.9529472,-81.8447936
5532.73,47.9529472,-81.8447936
5532.81,47.9529472,-81.8447936
5532.9,47.9529472,-81.8447936
5532.98,47.9529472,-81.8447936
5533.08,47.9529472,-81.8447936
5533.17,47.9529472,-81.8447936
5533.26,47.9529472,-81.8447936
5533.34,47.9529472,-81.8447936
5533.43,47.9529472,-81.8447936
5533.53,47.9529472,-81.8447936
5533.61,47.9529472,-81.8447936
5533.7,47.9529472,-81.8447936
5533.79,47.9529472,-81.8447936
5533.88,47.9529472,-81.8447936
5533.96,47.9529472,-81.8447936
5534.06,47.9529472,-81.8447936
5534.15,47.9529472,-81.8447936
5534.239,47.9529472,-81.8447936
5534.32,47.9529472,-81.8447936
5534.41,47.9529472,-81.8447936
5534.5,47.9529472,-81.8447936
5534.59,47.9529472,-81.8447936
5534.67,47.9529472,-81.8447936
5534.77,47.9529472,-81.8447936
5534.86,47.9529472,-81.8447936
5534.94,47.9529472,-81.8447936
5535.03,47.9529472,-81.8447936
5535.12,47.9529472,-81.8447936
5535.21,47.9529472,-81.8447936
5535.29,47.9529472,-81.8447936
5535.39,47.9529472,-81.8447936
5535.47,47.9529472,-81.8447936
5535.56,47.9529472,-81.8447936
5535.65,47.9529472,-81.8447936
5535.74,47.9529472,-81.8447936
5535.84,47.9529472,-81.8447936
5535.92,47.9529472,-81.8447936
5536.0,47.9529472,-81.8447936
5536.09,47.9529472,-81.8447936
5536.19,47.9529472,-81.8447936
5536.27,47.9529472,-81.8447936
5536.36,47.9529472,-81.8447936
5536.46,47.9529472,-81.8447936
5536.54,47.9529472,-81.8447936
5536.62,47.9529472,-81.8447936
5536.72,47.9529472,-81.8447936
5536.81,47.9529472,-81.8447936
5536.9,47.9529472,-81.8447936
5536.98,47.9529472,-81.8447936
5537.07,47.9529472,-81.8447936
5537.16,47.9529472,-81.8447936
5537.25,47.9529472,-81.8447936
5537.34,47.9529472,-81.8447936
5537.43,47.9529472,-81.8447936
5537.52,47.9529472,-81.8447936
5537.6,47.9529472,-81.8447936
5537.69,47.9529472,-81.8447936
5537.79,47.9529472,-81.8447936
5537.87,47.9529472,-81.8447936
5537.96,47.9529472,-81.8447936
5538.05,47.9529472,-81.8447936
5538.14,47.9529472,-81.8447936
5538.23,47.9529472,-81.8447936
5538.32,47.9529472,-81.8447936
5538.4,47.9529472,-81.8447936
5538.5,47.9529472,-81.8447936
5538.58,47.9529472,-81.8447936
5538.66,47.9529472,-81.8447936
5538.75,47.9529472,-81.8447936
5538.86,47.9529472,-81.8447936
5538.93,47.9529472,-81.8447936
5539.02,47.9529472,-81.8447936
5539.12,47.9529472,-81.8447936
5539.2,47.9529472,-81.8447936
5539.28,47.9529472,-81.8447936
5539.38,47.9529472,-81.8447936
5539.47,47.9529472,-81.8447936
5539.56,47.9529472,-81.8447936
5539.65,47.9529472,-81.8447936
5539.73,47.9529472,-81.8447936
5539.82,47.9529472,-81.8447936
5539.91,47.9529472,-81.8447936
5539.999,47.9529472,-81.8447936
5540.09,47.9529472,-81.8447936
5540.18,47.9529472,-81.8447936
5540.26,47.9529472,-81.8447936
5540.35,47.9529472,-81.8447936
5540.45,47.9529472,-81.8447936
5540.54,47.9529472,-81.8447936
5540.62,47.9529472,-81.8447936
5540.71,47.9529472,-81.8447936
5540.79,47.9529472,-81.8447936
5540.89,47.9529472,-81.8447936
5540.97,47.9529472,-81.8447936
5541.06,47.9529472,-81.8447936
5541.15,47.9529472,-81.8447936
5541.24,47.9529472,-81.8447936
5541.32,47.9529472,-81.8447936
5541.41,47.9529472,-81.8447936
5541.51,47.9529472,-81.8447936
5541.59,47.9529472,-81.8447936
5541.68,47.9529472,-81.8447936
5541.77,47.9529472,-81.8447936
5541.79,47.9530208,-81.8385344
5541.85,47.9530208,-81.8385344
5541.94,47.9530208,-81.8385344
5542.03,47.9530208,-81.8385344
5542.12,47.9530208,-81.8385344
5542.21,47.9530208,-81.8385344
5542.29,47.9530208,-81.8385344
5542.37,47.9530208,-81.8385344
5542.46,47.9530208,-81.8385344
5542.559,47.9530208,-81.8385344
5542.65,47.9530208,-81.8385344
5542.74,47.9530208,-81.8385344
5542.83,47.9530208,-81.8385344
5542.92,47.9530208,-81.8385344
5543.0,47.9530208,-81.8385344
5543.1,47.9530208,-81.8385344
5543.18,47.9530208,-81.8385344
5543.27,47.9530208,-81.8385344
5543.36,47.9530208,-81.8385344
5543.45,47.9530208,-81.8385344
5543.54,47.9530208,-81.8385344
5543.63,47.9530208,-81.8385344
5543.71,47.9530208,-81.8385344
5543.81,47.9530208,-81.8385344
5543.9,47.9530208,-81.8385344
5543.97,47.9530208,-81.8385344
5544.07,47.9530208,-81.8385344
5544.16,47.9530208,-81.8385344
5544.25,47.9530208,-81.8385344
5544.34,47.9530208,-81.8385344
5544.43,47.9530208,-81.8385344
5544.51,47.9530208,-81.8385344
5544.6,47.9530208,-81.8385344
5544.69,47.9530208,-81.8385344
5544.78,47.9530208,-81.8385344
5544.87,47.9530208,-81.8385344
5544.95,47.9530208,-81.8385344
5545.04,47.9530208,-81.8385344
5545.14,47.9530208,-81.8385344
5545.23,47.9530208,-81.8385344
5545.31,47.9530208,-81.8385344
5545.4,47.9530208,-81.8385344
5545.49,47.9530208,-81.8385344
5545.58,47.9530208,-81.8385344
5545.66,47.9530208,-81.8385344
5545.759,47.9530208,-81.8385344
5545.85,47.9530208,-81.8385344
5545.93,47.9530208,-81.8385344
5546.02,47.9530208,-81.8385344
5546.11,47.9530208,-81.8385344
5546.2,47.9530208,-81.8385344
5546.29,47.9530208,-81.8385344
5546.37,47.9530208,-81.8385344
5546.47,47.9530208,-81.8385344
5546.56,47.9530208,-81.8385344
5546.64,47.9530208,-81.8385344
5546.73,47.9530208,-81.8385344
5546.83,47.9530208,-81.8385344
5546.91,47.9530208,-81.8385344
5547.0,47.9530208,-81.8385344
5547.09,47.9530208,-81.8385344
5547.17,47.9530208,-81.8385344
5547.26,47.9530208,-81.8385344
5547.36,47.9530208,-81.8385344
5547.44,47.9530208,-81.8385344
5547.54,47.9530208,-81.8385344
5547.62,47.9530208,-81.8385344
5547.7,47.9530208,-81.8385344
5547.8,47.9530208,-81.8385344
5547.89,47.9530208,-81.8385344
5547.97,47.9530208,-81.8385344
5548.06,47.9530208,-81.8385344
5548.16,47.9530208,-81.8385344
5548.24,47.9530208,-81.8385344
5548.33,47.9530208,-81.8385344
5548.42,47.9530208,-81.8385344
5548.51,47.9530208,-81.8385344
5548.59,47.9530208,-81.8385344
5548.68,47.9530208,-81.8385344
5548.77,47.9530208,-81.8385344
5548.86,47.9530208,-81.8385344
5548.959,47.9530208,-81.8385344
5549.05,47.9530208,-81.8385344
5549.14,47.9530208,-81.8385344
5549.22,47.9530208,-81.8385344
5549.31,47.9530208,-81.8385344
5549.4,47.9530208,-81.8385344
5549.49,47.9530208,-81.8385344
5549.57,47.9530208,-81.8385344
5549.66,47.9530208,-81.8385344
5549.75,47.9530208,-81.8385344
5549.85,47.9530208,-81.8385344
5549.93,47.9530208,-81.8385344
5550.02,47.9530208,-81.8385344
5550.11,47.9530208,-81.8385344
5550.2,47.9530208,-81.8385344
5550.28,47.9530208,-81.8385344
5550.37,47.9530208,-81.8385344
5550.46,47.9530208,-81.8385344
5550.55,47.9530208,-81.8385344
5550.65,47.9530208,-81.8385344
5550.74,47.9530208,-81.8385344
5550.82,47.9530208,-81.8385344
5550.9,47.9530208,-81.8385344
5551.0,47.9530208,-81.8385344
5551.09,47.9530208,-81.8385344
5551.18,47.9530208,-81.8385344
5551.26,47.9530208,-81.8385344
5551.35,47.9530208,-81.8385344
5551.44,47.9530208,-81.8385344
5551.53,47.9530208,-81.8385344
5551.62,47.9530208,-81.8385344
5551.71,47.9530208,-81.8385344
5551.8,47.9530208,-81.8385344
5551.88,47.9530208,-81.8385344
5551.97,47.9530208,-81.8385344
5552.06,47.9530208,-81.8385344
5552.159,47.9530208,-81.8385344
5552.24,47.9530208,-81.8385344
5552.33,47.9530208,-81.8385344
5552.42,47.9530208,-81.8385344
5552.51,47.9530208,-81.8385344
5552.59,47.9530208,-81.8385344
5552.69,47.9530208,-81.8385344
5552.78,47.9530208,-81.8385344
5552.86,47.9530208,-81.8385344
5552.95,47.9530208,-81.8385344
5553.04,47.9530208,-81.8385344
5553.13,47.9530208,-81.8385344
5553.21,47.9530208,-81.8385344
5553.31,47.9530208,-81.8385344
5553.4,47.9530208,-81.8385344
5553.48,47.9530208,-81.8385344
5553.56,47.9530208,-81.8385344
5553.66,47.9530208,-81.8385344
5553.75,47.9530208,-81.8385344
5553.84,47.9530208,-81.8385344
5553.92,47.9530208,-81.8385344
5554.01,47.9530208,-81.8385344
5554.1,47.9530208,-81.8385344
5554.19,47.9530208,-81.8385344
5554.28,47.9530208,-81.8385344
5554.37,47.9530208,-81.8385344
5554.46,47.9530208,-81.8385344
5554.54,47.9530208,-81.8385344
5554.63,47.9530208,-81.8385344
5554.719,47.9530208,-81.8385344
5554.82,47.9530208,-81.8385344
5554.9,47.9530208,-81.8385344
5554.99,47.9530208,-81.8385344
5555.08,47.9530208,-81.8385344
5555.17,47.9530208,-81.8385344
5555.25,47.9530208,-81.8385344
5555.35,47.9530208,-81.8385344
5555.44,47.9530208,-81.8385344
5555.52,47.9530208,-81.8385344
5555.61,47.9530208,-81.8385344
5555.7,47.9530208,-81.8385344
5555.8,47.9530208,-81.8385344
5555.87,47.9530208,-81.8385344
5555.97,47.9530208,-81.8385344
5556.06,47.9530208,-81.8385344
5556.15,47.9530208,-81.8385344
5556.22,47.9530208,-81.8385344
5556.32,47.9530208,-81.8385344
5556.41,47.9530208,-81.8385344
5556.5,47.9530208,-81.8385344
5556.58,47.9530208,-81.8385344
5556.67,47.9530208,-81.8385344
5556.76,47.9530208,-81.8385344
5556.85,47.9530208,-81.8385344
5556.94,47.9530208,-81.8385344
5557.03,47.9530208,-81.8385344
5557.12,47.9530208,-81.8385344
5557.2,47.9530208,-81.8385344
5557.29,47.9530208,-81.8385344
5557.39,47.9530208,-81.8385344
5557.48,47.9530208,-81.8385344
5557.56,47.9530208,-81.8385344
5557.6,47.953376,-81.836288
5557.64,47.953376,-81.836288
5557.7,47.9533888,-81.8362752
5557.72,47.9533888,-81.8362752
5557.81,47.9534048,-81.8362752
5557.81,47.9534048,-81.8362752
5557.9,47.9534048,-81.8362752
5557.9,47.9533984,-81.836256
5557.97,47.9533984,-81.836256
5558.0,47.9533984,-81.8362432
5558.06,47.9533984,-81.8362432
5558.1,47.9533952,-81.8362176
5558.15,47.9533952,-81.8362176
5558.2,47.9533952,-81.8361984
5558.23,47.9533952,-81.8361984
5558.3,47.953392,-81.8361792
5558.3,47.953392,-81.8361792
5558.39,47.953392,-81.8361792
5558.4,47.9533888,-81.8361664
5558.48,47.9533888,-81.8361664
5558.5,47.9533888,-81.8361536
5558.559,47.9533888,-81.8361536
5558.6,47.9533888,-81.836128
5558.65,47.9533888,-81.836128
5558.7,47.9533856,-81.8361152
5558.73,47.9533856,-81.8361152
5558.8,47.9533792,-81.836096
5558.81,47.9533792,-81.836096
5558.89,47.9533792,-81.836096
5558.91,47.953376,-81.8360832
5558.97,47.953376,-81.8360832
5559.02,47.9533728,-81.836064
5559.06,47.9533728,-81.836064
5559.11,47.95336,-81.8360512
5559.14,47.95336,-81.8360512
5559.199,47.9533568,-81.8360384
5559.23,47.9533568,-81.8360384
5559.3,47.9533568,-81.8360384
5559.3,47.9533504,-81.8360192
5559.39,47.9533504,-81.8360192
5559.4,47.953344,-81.8360064
5559.47,47.953344,-81.8360064
5559.5,47.9533344,-81.8359936
5559.56,47.9533344,-81.8359936
5559.6,47.9533312,-81.8359744
5559.64,47.9533312,-81.8359744
5559.7,47.9533248,-81.8359616
5559.72,47.9533248,-81.8359616
5559.8,47.9533248,-81.8359616
5559.8,47.9533152,-81.8359424
5559.88,47.9533152,-81.8359424
5559.9,47.9533088,-81.8359232
5559.97,47.9533088,-81.8359232
5560.01,47.9533056,-81.835904
5560.06,47.9533056,-81.835904
5560.1,47.9532992,-81.8358912
5560.14,47.9532992,-81.8358912
5560.2,47.953296,-81.8358784
5560.21,47.953296,-81.8358784
5560.3,47.9532928,-81.8358592
5560.3,47.9532928,-81.8358592
5560.38,47.9532928,-81.8358592
5560.4,47.9532864,-81.8358464
5560.47,47.9532864,-81.8358464
5560.5,47.9532864,-81.8358336
5560.55,47.9532864,-81.8358336
5560.6,47.9532768,-81.8358144
5560.63,47.9532768,-81.8358144
5560.7,47.9532736,-81.8358016
5560.71,47.9532736,-81.8358016
5560.8,47.9532736,-81.8358016
5560.8,47.9532704,-81.8357824
5560.88,47.9532704,-81.8357824
5560.9,47.9532672,-81.8357696
5560.96,47.9532672,-81.8357696
5561.0,47.9532576,-81.8357568
5561.05,47.9532576,-81.8357568
5561.1,47.9532544,-81.8357376
5561.13,47.9532544,-81.8357376
5561.2,47.9532512,-81.8357248
5561.21,47.9532512,-81.8357248
5561.3,47.9532512,-81.8357248
5561.3,47.953248,-81.8357056
5561.38,47.953248,-81.8357056
5561.4,47.9532448,-81.8356864
5561.46,47.9532448,-81.8356864
5561.5,47.9532352,-81.8356736
5561.54,47.9532352,-81.8356736
5561.6,47.953232,-81.8356544
5561.63,47.953232,-81.8356544
5561.7,47.9532256,-81.8356416
5561.71,47.9532256,-81.8356416
5561.8,47.9532256,-81.8356416
5561.8,47.9532192,-81.8356224
5561.88,47.9532192,-81.8356224
5561.9,47.9532128,-81.8356032
5561.96,47.9532128,-81.8356032
5562.0,47.9532096,-81.835584
5562.04,47.9532096,-81.835584
5562.1,47.9532064,-81.8355712
5562.12,47.9532064,-81.8355712
5562.2,47.9532,-81.8355584
5562.21,47.9532,-81.8355584
5562.3,47.9532,-81.8355584
5562.3,47.9531936,-81.8355328
5562.38,47.9531936,-81.8355328
5562.399,47.9531904,-81.83552
5562.46,47.9531904,-81.83552
5562.5,47.9531872,-81.8355072
5562.54,47.9531872,-81.8355072
5562.6,47.9531808,-81.835488
5562.62,47.9531808,-81.835488
5562.7,47.9531776,-81.8354752
5562.71,47.9531776,-81.8354752
5562.8,47.9531776,-81.8354752
5562.8,47.9531712,-81.835456
5562.87,47.9531712,-81.835456
5562.9,47.953168,-81.8354368
5562.96,47.953168,-81.8354368
5563.01,47.9531616,-81.8354176
5563.039,47.9531616,-81.8354176
5563.1,47.9531552,-81.8354048
5563.12,47.9531552,-81.8354048
5563.2,47.9531488,-81.8353792
5563.2,47.9531488,-81.8353792
5563.29,47.9531488,-81.8353792
5563.31,47.9531392,-81.8353664
5563.37,47.9531392,-81.8353664
5563.41,47.953136,-81.8353472
5563.46,47.953136,-81.8353472
5563.51,47.9531296,-81.8353344
5563.54,47.9531296,-81.8353344
5563.61,47.9531264,-81.8353088
5563.62,47.9531264,-81.8353088
5563.7,47.95312,-81.835296
5563.7,47.95312,-81.835296
5563.79,47.95312,-81.835296
5563.81,47.9531136,-81.8352832
5563.87,47.9531136,-81.8352832
5563.91,47.9531104,-81.835264
5563.96,47.9531104,-81.835264
5564.02,47.9531072,-81.8352448
5564.04,47.9531072,-81.8352448
5564.12,47.9531008,-81.8352256
5564.12,47.9531008,-81.8352256
5564.2,47.9531008,-81.8352256
5564.22,47.9530976,-81.8352128
5564.29,47.9530976,-81.8352128
5564.319,47.9530944,-81.8352
5564.37,47.9530944,-81.8352
5564.42,47.953088,-81.8351808
5564.46,47.953088,-81.8351808
5564.52,47.9530816,-81.835168
5564.54,47.9530816,-81.835168
5564.62,47.9530784,-81.8351424
5564.62,47.9530784,-81.8351424
5564.7,47.9530784,-81.8351424
5564.71,47.9530752,-81.8351296
5564.78,47.9530752,-81.8351296
5564.8,47.953072,-81.8351104
5564.87,47.953072,-81.8351104
5564.9,47.9530688,-81.8350976
5564.959,47.9530688,-81.8350976
5565.0,47.9530624,-81.8350848
5565.04,47.9530624,-81.8350848
5565.1,47.9530592,-81.8350592
5565.11,47.9530592,-81.8350592
5565.2,47.9530592,-81.8350592
5565.2,47.9530528,-81.8350464
5565.28,47.9530528,-81.8350464
5565.3,47.9530464,-81.8350272
5565.37,47.9530464,-81.8350272
5565.4,47.95304,-81.835008
5565.45,47.95304,-81.835008
5565.5,47.9530336,-81.8349888
5565.53,47.9530336,-81.8349888
5565.599,47.9530272,-81.8349696
5565.61,47.9530272,-81.8349696
5565.69,47.9530272,-81.8349696
5565.7,47.9530176,-81.8349504
5565.78,47.9530176,-81.8349504
5565.8,47.9530112,-81.8349312
5565.86,47.9530112,-81.8349312
5565.9,47.953008,-81.834912
5565.95,47.953008,-81.834912
5566.0,47.9529984,-81.8348928
5566.02,47.9529984,-81.8348928
5566.1,47.952992,-81.83488
5566.11,47.952992,-81.83488
5566.19,47.952992,-81.83488
5566.2,47.9529888,-81.8348608
5566.28,47.9529888,-81.8348608
5566.3,47.9529824,-81.834848
5566.36,47.9529824,-81.834848
5566.45,47.9529824,-81.834848
5566.54,47.9529824,-81.834848
5566.64,47.9529824,-81.834848
5566.7,47.9529408,-81.834752
5566.71,47.9529408,-81.834752
5566.79,47.9529408,-81.834752
5566.8,47.952928,-81.8347456
5566.879,47.952928,-81.8347456
5566.9,47.9529216,-81.8347392
5566.97,47.9529216,-81.8347392
5567.0,47.9529184,-81.8347136
5567.05,47.9529184,-81.8347136
5567.1,47.9529152,-81.8346944
5567.14,47.9529152,-81.8346944
5567.2,47.9529088,-81.834688
5567.21,47.9529088,-81.834688
5567.29,47.9529088,-81.834688
5567.3,47.9528992,-81.8346816
5567.38,47.9528992,-81.8346816
5567.4,47.9529024,-81.834656
5567.45,47.9529024,-81.834656
5567.5,47.9528992,-81.8346496
5567.55,47.9528992,-81.8346496
5567.6,47.9528896,-81.8346304
5567.63,47.9528896,-81.8346304
5567.7,47.95288,-81.8346176
5567.7,47.95288,-81.8346176
5567.79,47.95288,-81.8346176
5567.8,47.9528768,-81.834592
5567.87,47.9528768,-81.834592
5567.9,47.9528832,-81.8345664
5567.96,47.9528832,-81.8345664
5568.0,47.9528736,-81.8345472
5568.05,47.9528736,-81.8345472
5568.1,47.9528672,-81.8345408
5568.12,47.9528672,-81.8345408
5568.2,47.9528672,-81.834528
5568.2,47.9528672,-81.834528
5568.29,47.9528672,-81.834528
5568.3,47.9528544,-81.8345088
5568.37,47.9528544,-81.8345088
5568.4,47.952848,-81.834496
5568.46,47.952848,-81.834496
5568.5,47.9528608,-81.8344576
5568.54,47.9528608,-81.8344576
5568.6,47.952848,-81.834432
5568.62,47.952848,-81.834432
5568.7,47.9528352,-81.8344448
5568.7,47.9528352,-81.8344448
5568.79,47.9528352,-81.8344448
5568.799,47.9528352,-81.8344256
5568.87,47.9528352,-81.8344256
5568.9,47.9528192,-81.8344128
5568.96,47.9528192,-81.8344128
5569.0,47.952816,-81.8343872
5569.03,47.952816,-81.8343872
5569.1,47.9528192,-81.834368
5569.12,47.9528192,-81.834368
5569.2,47.9528128,-81.834336
5569.2,47.9528128,-81.834336
5569.29,47.9528128,-81.834336
5569.3,47.9528032,-81.8343232
5569.37,47.9528032,-81.8343232
5569.4,47.9528096,-81.8342976
5569.45,47.9528096,-81.8342976
5569.54,47.9528096,-81.8342976
5569.64,47.9528096,-81.8342976
5569.73,47.9528096,-81.8342976
5569.8,47.9528096,-81.8342976
5569.89,47.9528096,-81.8342976
5569.9,47.9528128,-81.8341824
5569.98,47.9528128,-81.8341824
5570.0,47.9527808,-81.8341888
5570.06,47.9527808,-81.8341888
5570.1,47.9527776,-81.8341888
5570.15,47.9527776,-81.8341888
5570.2,47.9527808,-81.8342976
5570.22,47.9527808,-81.8342976
5570.31,47.9527808,-81.8342976
5570.4,47.9527808,-81.8342976
5570.49,47.9527808,-81.8342976
5570.57,47.9527808,-81.8342976
5570.66,47.9527808,-81.8342976
5570.75,47.9527808,-81.8342976
5570.85,47.9527808,-81.8342976
5570.93,47.9527808,-81.8342976
5571.02,47.9527808,-81.8342976
5571.11,47.9527808,-81.8342976
5571.2,47.9527808,-81.8342976
5571.28,47.9527808,-81.8342976
5571.38,47.9527808,-81.8342976
5571.46,47.9527808,-81.8342976
5571.55,47.9527808,-81.8342976
5571.64,47.9527808,-81.8342976
5571.73,47.9527808,-81.8342976
5571.82,47.9527808,-81.8342976
5571.9,47.9527808,-81.8342976
5571.99,47.9527808,-81.8342976
5572.08,47.9527808,-81.8342976
5572.17,47.9527808,-81.8342976
5572.26,47.9527808,-81.8342976
5572.35,47.9527808,-81.8342976
5572.44,47.9527808,-81.8342976
5572.53,47.9527808,-81.8342976
5572.61,47.9527808,-81.8342976
5572.7,47.9527808,-81.8342976
5572.78,47.9527392,-81.8337856
5572.79,47.9527392,-81.8337856
5572.88,47.9527392,-81.8337856
5572.88,47.952736,-81.8338176
5572.96,47.952736,-81.8338176
5572.99,47.9526688,-81.8336768
5573.04,47.9526688,-81.8336768
5573.09,47.9526752,-81.833664
5573.12,47.9526752,-81.833664
5573.19,47.9526432,-81.8335552
5573.21,47.9526432,-81.8335552
5573.29,47.9526496,-81.8335424
5573.29,47.9526496,-81.8335424
5573.37,47.9526496,-81.8335424
5573.39,47.9526496,-81.8335168
5573.46,47.9526496,-81.8335168
5573.49,47.9526432,-81.833504
5573.54,47.9526432,-81.833504
5573.59,47.9526368,-81.8334784
5573.62,47.9526368,-81.8334784
5573.69,47.9526368,-81.8334656
5573.71,47.9526368,-81.8334656
5573.79,47.9526368,-81.8334656
5573.79,47.95264,-81.8334528
5573.87,47.95264,-81.8334528
5573.89,47.9526336,-81.8334208
5573.96,47.9526336,-81.8334208
5574.0,47.9526336,-81.8333952
5574.04,47.9526336,-81.8333952
5574.09,47.9526336,-81.8333824
5574.12,47.9526336,-81.8333824
5574.19,47.9526336,-81.8333632
5574.21,47.9526336,-81.8333632
5574.29,47.9526336,-81.8333632
5574.3,47.9526144,-81.8333824
5574.37,47.9526144,-81.8333824
5574.4,47.9525856,-81.8333632
5574.46,47.9525856,-81.8333632
5574.49,47.9525824,-81.833344
5574.54,47.9525824,-81.833344
5574.6,47.9525632,-81.8333376
5574.62,47.9525632,-81.8333376
5574.69,47.9525504,-81.8333184
5574.7,47.9525504,-81.8333184
5574.79,47.9525504,-81.8333184
5574.79,47.9525376,-81.833312
5574.87,47.9525376,-81.833312
5574.89,47.9525344,-81.8332992
5574.96,47.9525344,-81.8332992
5575.0,47.9525312,-81.8332736
5575.05,47.9525312,-81.8332736
5575.1,47.9525248,-81.8332288
5575.12,47.9525248,-81.8332288
5575.199,47.9525216,-81.8331968
5575.199,47.9525216,-81.8331968
5575.28,47.9525216,-81.8331968
5575.3,47.9525216,-81.8331776
5575.37,47.9525216,-81.8331776
5575.4,47.9525248,-81.8331712
5575.46,47.9525248,-81.8331712
5575.5,47.9525248,-81.8331584
5575.54,47.9525248,-81.8331584
5575.6,47.9525216,-81.8331456
5575.61,47.9525216,-81.8331456
5575.7,47.9525184,-81.8331328
5575.7,47.9525184,-81.8331328
5575.78,47.9525184,-81.8331328
5575.8,47.9525184,-81.83312
5575.86,47.9525184,-81.83312
5575.89,47.952512,-81.8331072
5575.95,47.952512,-81.8331072
5576.0,47.9525024,-81.8330944
5576.03,47.9525024,-81.8330944
5576.1,47.952496,-81.8330752
5576.11,47.952496,-81.8330752
5576.2,47.9524864,-81.833056
5576.2,47.9524864,-81.833056
5576.28,47.9524864,-81.833056
5576.29,47.95248,-81.833024
5576.37,47.95248,-81.833024
5576.4,47.9524736,-81.832992
5576.44,47.9524736,-81.832992
5576.5,47.9524736,-81.83296
5576.52,47.9524736,-81.83296
5576.59,47.9524736,-81.8329408
5576.6,47.9524736,-81.8329408
5576.69,47.9524736,-81.8329408
5576.69,47.9524768,-81.8329344
5576.77,47.9524768,-81.8329344
5576.8,47.9524768,-81.8329152
5576.86,47.9524768,-81.8329152
5576.89,47.9524704,-81.8329088
5576.94,47.9524704,-81.8329088
5577.0,47.9524704,-81.832896
5577.01,47.9524704,-81.832896
5577.1,47.9524608,-81.8328704
5577.1,47.9524608,-81.8328704
5577.19,47.9524608,-81.8328704
5577.2,47.9524544,-81.8328384
5577.27,47.9524544,-81.8328384
5577.3,47.9524512,-81.8328192
5577.35,47.9524512,-81.8328192
5577.4,47.9524448,-81.8327872
5577.43,47.9524448,-81.8327872
5577.49,47.9524512,-81.8327744
5577.51,47.9524512,-81.8327744
5577.6,47.9524512,-81.8327744
5577.6,47.9524512,-81.8327616
5577.69,47.9524512,-81.8327616
5577.7,47.9524448,-81.8327488
5577.77,47.9524448,-81.8327488
5577.79,47.9524448,-81.832736
5577.85,47.9524448,-81.832736
5577.89,47.9524416,-81.8327104
5577.92,47.9524416,-81.8327104
5578.0,47.9524352,-81.8326848
5578.01,47.9524352,-81.8326848
5578.1,47.9524352,-81.8326848
5578.1,47.9524256,-81.8326656
5578.19,47.9524256,-81.8326656
5578.2,47.9524224,-81.83264
5578.27,47.9524224,-81.83264
5578.3,47.9524224,-81.8326208
5578.35,47.9524224,-81.8326208
5578.399,47.9524224,-81.8326016
5578.43,47.9524224,-81.8326016
5578.5,47.9524224,-81.8325888
5578.51,47.9524224,-81.8325888
5578.59,47.9524224,-81.832576
5578.59,47.9524224,-81.832576
5578.69,47.9524224,-81.832576
5578.7,47.9524192,-81.8325632
5578.76,47.9524192,-81.8325632
5578.8,47.952416,-81.832544
5578.85,47.952416,-81.832544
5578.9,47.9524064,-81.8325248
5578.93,47.9524064,-81.8325248
5579.0,47.9524,-81.8325056
5579.01,47.9524,-81.8325056
5579.1,47.9523872,-81.83248
5579.1,47.9523872,-81.83248
5579.18,47.9523872,-81.83248
5579.2,47.9523808,-81.8324608
5579.26,47.9523808,-81.8324608
5579.3,47.9523936,-81.8324352
5579.34,47.9523936,-81.8324352
5579.4,47.9523872,-81.8324224
5579.42,47.9523872,-81.8324224
5579.5,47.952384,-81.8323968
5579.51,47.952384,-81.8323968
5579.6,47.952384,-81.832384
5579.6,47.952384,-81.832384
5579.67,47.952384,-81.832384
5579.7,47.9523808,-81.8323776
5579.76,47.9523808,-81.8323776
5579.8,47.952384,-81.8323648
5579.84,47.952384,-81.8323648
5579.9,47.9523776,-81.832352
5579.92,47.9523776,-81.832352
5580.0,47.9523744,-81.8323392
5580.0,47.9523744,-81.8323392
5580.09,47.9523744,-81.8323392
5580.1,47.9523712,-81.8323264
5580.17,47.9523712,-81.8323264
5580.2,47.9523648,-81.8323136
5580.26,47.9523648,-81.8323136
5580.3,47.9523616,-81.8323008
5580.35,47.9523616,-81.8323008
5580.4,47.9523584,-81.8322816
5580.43,47.9523584,-81.8322816
5580.5,47.9523552,-81.8322688
5580.5,47.9523552,-81.8322688
5580.58,47.9523552,-81.8322688
5580.6,47.9523456,-81.8322432
5580.67,47.9523456,-81.8322432
5580.7,47.9523456,-81.8322304
5580.76,47.9523456,-81.8322304
5580.8,47.9523424,-81.8322112
5580.84,47.9523424,-81.8322112
5580.9,47.9523392,-81.8321984
5580.93,47.9523392,-81.8321984
5581.0,47.9523392,-81.8321984
5581.0,47.9523328,-81.8321856
5581.08,47.9523328,-81.8321856
5581.1,47.9523264,-81.83216
5581.16,47.9523264,-81.83216
5581.2,47.9523232,-81.8321472
5581.25,47.9523232,-81.8321472
5581.3,47.95232,-81.832128
5581.34,47.95232,-81.832128
5581.4,47.9523136,-81.8321152
5581.42,47.9523136,-81.8321152
5581.5,47.9523072,-81.8320896
5581.5,47.9523072,-81.8320896
5581.58,47.9523072,-81.8320896
5581.599,47.9523008,-81.8320768
5581.67,47.9523008,-81.8320768
5581.69,47.9522944,-81.8320512
5581.75,47.9522944,-81.8320512
5581.8,47.9522816,-81.8320384
5581.83,47.9522816,-81.8320384
5581.9,47.9522784,-81.8320128
5581.91,47.9522784,-81.8320128
5582.0,47.9522784,-81.8320128
5582.0,47.9522656,-81.832
5582.08,47.9522656,-81.832
5582.1,47.9522624,-81.8319872
5582.16,47.9522624,-81.8319872
5582.2,47.952256,-81.8319616
5582.25,47.952256,-81.8319616
5582.3,47.9522464,-81.8319488
5582.33,47.9522464,-81.8319488
5582.4,47.95224,-81.8319296
5582.41,47.95224,-81.8319296
5582.5,47.95224,-81.8319296
5582.5,47.9522272,-81.8319104
5582.58,47.9522272,-81.8319104
5582.6,47.9522208,-81.8318848
5582.66,47.9522208,-81.8318848
5582.7,47.9522144,-81.831872
5582.75,47.9522144,-81.831872
5582.8,47.9522048,-81.8318464
5582.82,47.9522048,-81.8318464
5582.9,47.9521984,-81.8318336
5582.9,47.9521984,-81.8318336
5583.0,47.9521984,-81.8318336
5583.0,47.9521856,-81.831808
5583.08,47.9521856,-81.831808
5583.1,47.952176,-81.8317952
5583.16,47.952176,-81.8317952
5583.2,47.9521664,-81.8317696
5583.24,47.9521664,-81.8317696
5583.3,47.95216,-81.8317568
5583.32,47.95216,-81.8317568
5583.4,47.9521472,-81.831744
5583.4,47.9521472,-81.831744
5583.49,47.9521472,-81.831744
5583.5,47.9521408,-81.8317184
5583.57,47.9521408,-81.8317184
5583.6,47.9521344,-81.8317056
5583.66,47.9521344,-81.8317056
5583.7,47.952128,-81.8316864
5583.73,47.952128,-81.8316864
5583.8,47.9521216,-81.8316672
5583.81,47.9521216,-81.8316672
5583.9,47.9521184,-81.831648
5583.9,47.9521184,-81.831648
5583.99,47.9521184,-81.831648
5584.0,47.9521088,-81.8316352
5584.07,47.9521088,-81.8316352
5584.1,47.9521024,-81.8316224
5584.15,47.9521024,-81.8316224
5584.2,47.952096,-81.8315968
5584.23,47.952096,-81.8315968
5584.32,47.952096,-81.8315968
5584.41,47.952096,-81.8315968
5584.5,47.952096,-81.8315968
5584.59,47.952096,-81.8315968
5584.68,47.952096,-81.8315968
5584.76,47.952096,-81.8315968
5584.85,47.952096,-81.8315968
5584.89,47.9519648,-81.8315136
5584.93,47.9519648,-81.8315136
5585.0,47.9519552,-81.8315072
5585.02,47.9519552,-81.8315072
5585.1,47.9519488,-81.8314816
5585.11,47.9519488,-81.8314816
5585.2,47.9519488,-81.8314816
5585.27,47.9519488,-81.8314816
5585.37,47.9519488,-81.8314816
5585.46,47.9519488,-81.8314816
5585.49,47.951344,-81.8317696
5585.55,47.951344,-81.8317696
5585.63,47.951344,-81.8317696
5585.71,47.951344,-81.8317696
5585.79,47.9519104,-81.8313344
5585.79,47.9519104,-81.8313344
5585.88,47.9519104,-81.8313344
5585.9,47.9519072,-81.8313088
5585.97,47.9519072,-81.8313088
5586.0,47.951904,-81.8312768
5586.05,47.951904,-81.8312768
5586.1,47.951904,-81.8312448
5586.13,47.951904,-81.8312448
5586.2,47.951904,-81.8312128
5586.22,47.951904,-81.8312128
5586.29,47.9519008,-81.8311872
5586.3,47.9519008,-81.8311872
5586.39,47.9519008,-81.8311872
5586.39,47.9519008,-81.8311552
5586.46,47.9519008,-81.8311552
5586.49,47.9518976,-81.8311232
5586.54,47.9518976,-81.8311232
5586.59,47.9518976,-81.8310976
5586.64,47.9518976,-81.8310976
5586.69,47.9518976,-81.831072
5586.719,47.9518976,-81.831072
5586.79,47.9518816,-81.8310528
5586.8,47.9518816,-81.8310528
5586.88,47.9518816,-81.8310528
5586.89,47.9518752,-81.8310336
5586.96,47.9518752,-81.8310336
5587.0,47.9518688,-81.8310016
5587.04,47.9518688,-81.8310016
5587.1,47.9518656,-81.8310144
5587.13,47.9518656,-81.8310144
5587.22,47.9518656,-81.8310144
5587.3,47.9518656,-81.8310144
5587.39,47.9518656,-81.8310144
5587.48,47.9518656,-81.8310144
5587.57,47.9518656,-81.8310144
5587.66,47.9518656,-81.8310144
5587.76,47.9518656,-81.8310144
5587.84,47.9518656,-81.8310144
5587.93,47.9518656,-81.8310144
5588.01,47.9518656,-81.8310144
5588.1,47.9518656,-81.8310144
5588.19,47.9518656,-81.8310144
5588.28,47.9518656,-81.8310144
5588.37,47.9518656,-81.8310144
5588.46,47.9518656,-81.8310144
5588.55,47.9518656,-81.8310144
5588.63,47.9518656,-81.8310144
5588.72,47.9518656,-81.8310144
5588.82,47.9518656,-81.8310144
5588.91,47.9518656,-81.8310144
5588.98,47.9518656,-81.8310144
5589.08,47.9518656,-81.8310144
5589.16,47.9518656,-81.8310144
5589.26,47.9518656,-81.8310144
5589.35,47.9518656,-81.8310144
5589.43,47.9518656,-81.8310144
5589.52,47.9518656,-81.8310144
5589.61,47.9518656,-81.8310144
5589.69,47.9518656,-81.8310144
5589.79,47.9518656,-81.8310144
5589.88,47.9518656,-81.8310144
5589.96,47.9518656,-81.8310144
5590.05,47.9518656,-81.8310144
5590.15,47.9518656,-81.8310144
5590.23,47.9518656,-81.8310144
5590.31,47.9518656,-81.8310144
5590.41,47.9518656,-81.8310144
5590.5,47.9518656,-81.8310144
5590.58,47.9518656,-81.8310144
5590.67,47.9518656,-81.8310144
5590.75,47.9518656,-81.8310144
5590.85,47.9518656,-81.8310144
5590.94,47.9518656,-81.8310144
5591.03,47.9518656,-81.8310144
5591.11,47.9518656,-81.8310144
5591.21,47.9518656,-81.8310144
5591.29,47.9518656,-81.8310144
5591.38,47.9518656,-81.8310144
5591.47,47.9518656,-81.8310144
5591.56,47.9518656,-81.8310144
5591.64,47.9518656,-81.8310144
5591.74,47.9518656,-81.8310144
5591.82,47.9518656,-81.8310144
5591.92,47.9518656,-81.8310144
5592.0,47.9518656,-81.8310144
5592.09,47.9518656,-81.8310144
5592.18,47.9518656,-81.8310144
5592.27,47.9518656,-81.8310144
5592.3,47.9516096,-81.8300416
5592.35,47.9516096,-81.8300416
5592.39,47.9516096,-81.8300224
5592.43,47.9516096,-81.8300224
5592.5,47.9516096,-81.8300032
5592.51,47.9516096,-81.8300032
5592.59,47.9516064,-81.8299776
5592.6,47.9516064,-81.8299776
5592.68,47.9516064,-81.8299776
5592.69,47.9516064,-81.8299648
5592.76,47.9516064,-81.8299648
5592.8,47.9516032,-81.8299392
5592.84,47.9516032,-81.8299392
5592.89,47.9516032,-81.82992
5592.92,47.9516032,-81.82992
5593.0,47.9516,-81.8299008
5593.01,47.9516,-81.8299008
5593.1,47.9516,-81.8298816
5593.1,47.9516,-81.8298816
5593.18,47.9516,-81.8298816
5593.2,47.9515968,-81.829856
5593.26,47.9515968,-81.829856
5593.3,47.9515904,-81.8298432
5593.34,47.9515904,-81.8298432
5593.4,47.9515904,-81.8298176
5593.42,47.9515904,-81.8298176
5593.5,47.9515872,-81.8297984
5593.51,47.9515872,-81.8297984
5593.59,47.9515872,-81.8297728
5593.6,47.9515872,-81.8297728
5593.67,47.9515872,-81.8297728
5593.69,47.9515808,-81.8297472
5593.759,47.9515808,-81.8297472
5593.8,47.9515776,-81.829728
5593.84,47.9515776,-81.829728
5593.9,47.9515712,-81.8297024
5593.92,47.9515712,-81.8297024
5594.0,47.951568,-81.8296896
5594.01,47.951568,-81.8296896
5594.09,47.951568,-81.8296896
5594.09,47.951568,-81.829664
5594.17,47.951568,-81.829664
5594.2,47.951568,-81.8296448
5594.26,47.951568,-81.8296448
5594.3,47.951568,-81.8296256
5594.34,47.951568,-81.8296256
5594.399,47.9515648,-81.8296128
5594.42,47.9515648,-81.8296128
5594.49,47.9515648,-81.8295872
5594.5,47.9515648,-81.8295872
5594.59,47.9515648,-81.8295872
5594.59,47.9515648,-81.829568
5594.68,47.9515648,-81.829568
5594.69,47.9515648,-81.8295488
5594.75,47.9515648,-81.8295488
5594.8,47.9515616,-81.8295296
5594.84,47.9515616,-81.8295296
5594.89,47.9515616,-81.8295104
5594.92,47.9515616,-81.8295104
5595.0,47.9515584,-81.8294912
5595.0,47.9515584,-81.8294912
5595.08,47.9515584,-81.8294912
5595.1,47.951552,-81.8294656
5595.17,47.951552,-81.8294656
5595.2,47.9515488,-81.8294464
5595.26,47.9515488,-81.8294464
5595.3,47.9515424,-81.8294208
5595.34,47.9515424,-81.8294208
5595.4,47.9515392,-81.829408
5595.42,47.9515392,-81.829408
5595.49,47.9515328,-81.8293824
5595.49,47.9515328,-81.8293824
5595.58,47.9515328,-81.8293824
5595.6,47.9515296,-81.8293696
5595.67,47.9515296,-81.8293696
5595.69,47.9515296,-81.829344
5595.76,47.9515296,-81.829344
5595.79,47.9515264,-81.8293312
5595.84,47.9515264,-81.8293312
5595.89,47.9515264,-81.8293056
5595.91,47.9515264,-81.8293056
5596.0,47.9515232,-81.8292864
5596.0,47.9515232,-81.8292864
5596.08,47.9515232,-81.8292864
5596.1,47.95152,-81.8292672
5596.17,47.95152,-81.8292672
5596.19,47.9515136,-81.829248
5596.25,47.9515136,-81.829248
5596.3,47.9515104,-81.8292224
5596.33,47.9515104,-81.8292224
5596.4,47.9515072,-81.8292032
5596.4,47.9515072,-81.8292032
5596.49,47.951504,-81.8291776
5596.49,47.951504,-81.8291776
5596.58,47.951504,-81.8291776
5596.6,47.9515008,-81.829152
5596.66,47.9515008,-81.829152
5596.69,47.9514976,-81.8291328
5596.75,47.9514976,-81.8291328
5596.8,47.9514912,-81.8291008
5596.82,47.9514912,-81.8291008
5596.89,47.951488,-81.8290816
5596.9,47.951488,-81.8290816
5596.99,47.951488,-81.8290816
5597.0,47.9514848,-81.829056
5597.07,47.9514848,-81.829056
5597.1,47.9514816,-81.8290304
5597.16,47.9514816,-81.8290304
5597.2,47.9514784,-81.8290112
5597.24,47.9514784,-81.8290112
5597.3,47.951472,-81.8289856
5597.32,47.951472,-81.8289856
5597.4,47.9514688,-81.8289664
5597.4,47.9514688,-81.8289664
5597.49,47.9514688,-81.8289664
5597.5,47.9514656,-81.8289408
5597.57,47.9514656,-81.8289408
5597.59,47.9514624,-81.8289216
5597.66,47.9514624,-81.8289216
5597.7,47.9514592,-81.828896
5597.73,47.9514592,-81.828896
5597.83,47.9514592,-81.828896
5597.92,47.9514592,-81.828896
5598.0,47.9514592,-81.828896
5598.09,47.9514592,-81.828896
5598.17,47.9514592,-81.828896
5598.27,47.9514592,-81.828896
5598.36,47.9514592,-81.828896
5598.44,47.9514592,-81.828896
5598.53,47.9514592,-81.828896
5598.63,47.9514592,-81.828896
5598.71,47.9514592,-81.828896
5598.79,47.9514592,-81.828896
5598.89,47.9514592,-81.828896
5598.98,47.9514592,-81.828896
5599.06,47.9514592,-81.828896
5599.16,47.9514592,-81.828896
5599.24,47.9514592,-81.828896
5599.34,47.9514592,-81.828896
5599.42,47.9514592,-81.828896
5599.51,47.9514592,-81.828896
5599.59,47.9514592,-81.828896
5599.69,47.9514592,-81.828896
5599.76,47.9514592,-81.828896
5599.86,47.9514592,-81.828896
5599.96,47.9514592,-81.828896
5600.04,47.9514592,-81.828896
5600.12,47.9514592,-81.828896
5600.21,47.9514592,-81.828896
5600.3,47.9514592,-81.828896
5600.39,47.9514592,-81.828896
5600.48,47.9514592,-81.828896
5600.57,47.9514592,-81.828896
5600.65,47.9514592,-81.828896
5600.74,47.9514592,-81.828896
5600.83,47.9514592,-81.828896
5600.93,47.9514592,-81.828896
5601.02,47.9514592,-81.828896
5601.1,47.9514592,-81.828896
5601.18,47.9514592,-81.828896
5601.28,47.9514592,-81.828896
5601.37,47.9514592,-81.828896
5601.46,47.9514592,-81.828896
5601.55,47.9514592,-81.828896
5601.64,47.9514592,-81.828896
5601.72,47.9514592,-81.828896
5601.81,47.9514592,-81.828896
5601.9,47.9514592,-81.828896
5601.99,47.9514592,-81.828896
5602.07,47.9514592,-81.828896
5602.16,47.9514592,-81.828896
5602.25,47.9514592,-81.828896
5602.34,47.9514592,-81.828896
5602.42,47.9514592,-81.828896
5602.51,47.9514592,-81.828896
5602.58,47.9516672,-81.8286464
5602.6,47.9516672,-81.8286464
5602.68,47.951664,-81.8286464
5602.68,47.951664,-81.8286464
5602.77,47.951664,-81.8286464
5602.78,47.9516608,-81.8286464
5602.85,47.9516608,-81.8286464
5602.88,47.951648,-81.8286208
5602.93,47.951648,-81.8286208
5602.99,47.9514496,-81.8281088
5603.01,47.9514496,-81.8281088
5603.09,47.951328,-81.8278272
5603.1,47.951328,-81.8278272
5603.19,47.951328,-81.8278272
5603.19,47.951328,-81.8277696
5603.26,47.951328,-81.8277696
5603.29,47.9513056,-81.8277184
5603.35,47.9513056,-81.8277184
5603.39,47.9512832,-81.8276736
5603.43,47.9512832,-81.8276736
5603.49,47.9512672,-81.8276416
5603.51,47.9512672,-81.8276416
5603.59,47.951264,-81.8276224
5603.6,47.951264,-81.8276224
5603.68,47.951264,-81.8276224
5603.69,47.951248,-81.8275968
5603.76,47.951248,-81.8275968
5603.79,47.9512352,-81.8275776
5603.84,47.9512352,-81.8275776
5603.89,47.951232,-81.827552
5603.92,47.951232,-81.827552
5603.99,47.9512288,-81.8275328
5603.999,47.9512288,-81.8275328
5604.09,47.9512256,-81.8275136
5604.09,47.9512256,-81.8275136
5604.17,47.9512256,-81.8275136
5604.2,47.9512288,-81.8275008
5604.26,47.9512288,-81.8275008
5604.29,47.951232,-81.8274752
5604.34,47.951232,-81.8274752
5604.4,47.951232,-81.8274688
5604.42,47.951232,-81.8274688
5604.49,47.9512352,-81.827456
5604.5,47.9512352,-81.827456
5604.59,47.9512352,-81.827456
5604.59,47.9512352,-81.8274432
5604.67,47.9512352,-81.8274432
5604.69,47.951232,-81.8274368
5604.76,47.951232,-81.8274368
5604.79,47.951184,-81.8274368
5604.84,47.951184,-81.8274368
5604.89,47.9511712,-81.8274304
5604.92,47.9511712,-81.8274304
5605.0,47.9511712,-81.8274176
5605.0,47.9511712,-81.8274176
5605.08,47.9511712,-81.8274176
5605.09,47.9511744,-81.827392
5605.17,47.9511744,-81.827392
5605.2,47.9511808,-81.8273792
5605.26,47.9511808,-81.8273792
5605.3,47.951184,-81.8273408
5605.34,47.951184,-81.8273408
5605.39,47.951184,-81.8273344
5605.42,47.951184,-81.8273344
5605.49,47.9511872,-81.8272832
5605.5,47.9511872,-81.8272832
5605.58,47.9511872,-81.8272832
5605.6,47.9511712,-81.827232
5605.66,47.9511712,-81.827232
5605.7,47.951168,-81.8271936
5605.76,47.951168,-81.8271936
5605.79,47.9511712,-81.8271872
5605.84,47.9511712,-81.8271872
5605.89,47.9511744,-81.8271744
5605.91,47.9511744,-81.8271744
5605.99,47.9511744,-81.8271744
5606.0,47.9511808,-81.8271552
5606.08,47.9511808,-81.8271552
5606.1,47.9511808,-81.827136
5606.16,47.9511808,-81.827136
5606.2,47.9511808,-81.827104
5606.25,47.9511808,-81.827104
5606.3,47.951184,-81.8270784
5606.33,47.951184,-81.8270784
5606.4,47.951184,-81.8270464
5606.41,47.951184,-81.8270464
5606.49,47.951184,-81.8270464
5606.5,47.951184,-81.8270272
5606.57,47.951184,-81.8270272
5606.6,47.951184,-81.827008
5606.66,47.951184,-81.827008
5606.7,47.9511872,-81.8269888
5606.74,47.9511872,-81.8269888
5606.8,47.9511904,-81.8269632
5606.83,47.9511904,-81.8269632
5606.9,47.9511904,-81.826944
5606.9,47.9511904,-81.826944
5606.99,47.9511904,-81.826944
5607.0,47.9511872,-81.826912
5607.08,47.9511872,-81.826912
5607.1,47.9511872,-81.8268864
5607.15,47.9511872,-81.8268864
5607.199,47.951184,-81.8268608
5607.24,47.951184,-81.8268608
5607.3,47.9511808,-81.8268352
5607.32,47.9511808,-81.8268352
5607.4,47.9511808,-81.8268096
5607.4,47.9511808,-81.8268096
5607.49,47.9511808,-81.8268096
5607.5,47.9511744,-81.826784
5607.57,47.9511744,-81.826784
5607.6,47.9511744,-81.8267584
5607.66,47.9511744,-81.8267584
5607.69,47.9511808,-81.8267456
5607.74,47.9511808,-81.8267456
5607.79,47.951184,-81.82672
5607.82,47.951184,-81.82672
5607.89,47.951184,-81.8267072
5607.9,47.951184,-81.8267072
5607.99,47.951184,-81.8267072
5608.0,47.9511872,-81.826688
5608.07,47.9511872,-81.826688
5608.1,47.9511872,-81.8266688
5608.16,47.9511872,-81.8266688
5608.2,47.9511904,-81.8266496
5608.23,47.9511904,-81.8266496
5608.3,47.9511936,-81.8266304
5608.31,47.9511936,-81.8266304
5608.4,47.9511936,-81.8266112
5608.4,47.9511936,-81.8266112
5608.479,47.9511936,-81.8266112
5608.5,47.9511904,-81.826592
5608.56,47.9511904,-81.826592
5608.6,47.9511936,-81.8265664
5608.65,47.9511936,-81.8265664
5608.7,47.9511904,-81.8265472
5608.72,47.9511904,-81.8265472
5608.8,47.9511872,-81.8265216
5608.8,47.9511872,-81.8265216
5608.9,47.9511872,-81.8265216
5608.9,47.9511872,-81.8265024
5608.98,47.9511872,-81.8265024
5609.0,47.951184,-81.8264768
5609.06,47.951184,-81.8264768
5609.1,47.951184,-81.826464
5609.14,47.951184,-81.826464
5609.2,47.951184,-81.8264384
5609.22,47.951184,-81.8264384
5609.3,47.951184,-81.8264256
5609.3,47.951184,-81.8264256
5609.39,47.951184,-81.8264256
5609.4,47.951184,-81.8264
5609.48,47.951184,-81.8264
5609.5,47.9511872,-81.8263872
5609.56,47.9511872,-81.8263872
5609.6,47.9511872,-81.826368
5609.63,47.9511872,-81.826368
5609.7,47.9511904,-81.8263488
5609.72,47.9511904,-81.8263488
5609.8,47.9511904,-81.8263296
5609.8,47.9511904,-81.8263296
5609.89,47.9511904,-81.8263296
5609.9,47.9511904,-81.8263104
5609.98,47.9511904,-81.8263104
5610.0,47.9511904,-81.8262848
5610.06,47.9511904,-81.8262848
5610.1,47.9511904,-81.8262656
5610.14,47.9511904,-81.8262656
5610.2,47.9511904,-81.8262464
5610.22,47.9511904,-81.8262464
5610.3,47.9511904,-81.8262272
5610.3,47.9511904,-81.8262272
5610.39,47.9511904,-81.8262272
5610.399,47.9511904,-81.8262016
5610.47,47.9511904,-81.8262016
5610.5,47.9511904,-81.8261888
5610.55,47.9511904,-81.8261888
5610.6,47.9511904,-81.8261632
5610.63,47.9511904,-81.8261632
5610.7,47.9511872,-81.826144
5610.71,47.9511872,-81.826144
5610.8,47.9511808,-81.8261184
5610.8,47.9511808,-81.8261184
5610.88,47.9511808,-81.8261184
5610.9,47.9511648,-81.82608
5610.96,47.9511648,-81.82608
5611.0,47.951152,-81.8260544
5611.05,47.951152,-81.8260544
5611.1,47.951152,-81.8260352
5611.13,47.951152,-81.8260352
5611.2,47.951152,-81.8260032
5611.21,47.951152,-81.8260032
5611.3,47.951152,-81.8259712
5611.3,47.951152,-81.8259712
5611.38,47.951152,-81.8259712
5611.4,47.951152,-81.825952
5611.45,47.951152,-81.825952
5611.5,47.951152,-81.8259264
5611.54,47.951152,-81.8259264
5611.6,47.951152,-81.8259072
5611.63,47.951152,-81.8259072
5611.7,47.951152,-81.825888
5611.71,47.951152,-81.825888
5611.8,47.951152,-81.8258688
5611.8,47.951152,-81.8258688
5611.87,47.951152,-81.8258688
5611.9,47.9511456,-81.8258432
5611.95,47.9511456,-81.8258432
5612.0,47.951136,-81.825824
5612.03,47.951136,-81.825824
5612.1,47.9511264,-81.825792
5612.13,47.9511264,-81.825792
5612.2,47.9511264,-81.8257664
5612.21,47.9511264,-81.8257664
5612.29,47.9511264,-81.8257664
5612.3,47.9511136,-81.8257472
5612.37,47.9511136,-81.8257472
5612.4,47.9511136,-81.8257216
5612.45,47.9511136,-81.8257216
5612.5,47.951136,-81.8257152
5612.53,47.951136,-81.8257152
5612.6,47.9511328,-81.8256896
5612.63,47.9511328,-81.8256896
5612.7,47.9511328,-81.8256512
5612.71,47.9511328,-81.8256512
5612.78,47.9511328,-81.8256512
5612.8,47.9511296,-81.825632
5612.87,47.9511296,-81.825632
5612.9,47.9511296,-81.8256064
5612.959,47.9511296,-81.8256064
5613.0,47.9511296,-81.8255872
5613.03,47.9511296,-81.8255872
5613.1,47.9511264,-81.8255616
5613.11,47.9511264,-81.8255616
5613.2,47.9511264,-81.8255616
5613.2,47.9511264,-81.8255488
5613.28,47.9511264,-81.8255488
5613.3,47.9511232,-81.8255232
5613.36,47.9511232,-81.8255232
5613.4,47.95112,-81.8254976
5613.45,47.95112,-81.8254976
5613.5,47.95112,-81.8254848
5613.53,47.95112,-81.8254848
5613.599,47.95112,-81.8254528
5613.61,47.95112,-81.8254528
5613.69,47.95112,-81.8254528
5613.7,47.9511232,-81.8254336
5613.78,47.9511232,-81.8254336
5613.8,47.95112,-81.8254016
5613.86,47.95112,-81.8254016
5613.9,47.95112,-81.8253888
5613.95,47.95112,-81.8253888
5614.0,47.9511136,-81.8253632
5614.03,47.9511136,-81.8253632
5614.1,47.9511136,-81.8253376
5614.11,47.9511136,-81.8253376
5614.19,47.9511136,-81.8253376
5614.2,47.9511104,-81.8253248
5614.28,47.9511104,-81.8253248
5614.3,47.9511104,-81.8252992
5614.36,47.9511104,-81.8252992
5614.4,47.9511072,-81.8252736
5614.45,47.9511072,-81.8252736
5614.5,47.951104,-81.825248
5614.53,47.951104,-81.825248
5614.6,47.951104,-81.825216
5614.6,47.951104,-81.825216
5614.69,47.951104,-81.825216
5614.7,47.9511008,-81.8251968
5614.78,47.9511008,-81.8251968
5614.8,47.9511008,-81.8251712
5614.86,47.9511008,-81.8251712
5614.95,47.9511008,-81.8251712
5615.03,47.9511008,-81.8251712
5615.1,47.9509056,-81.8250304
5615.11,47.9509056,-81.8250304
5615.2,47.9509056,-81.8250304
5615.3,47.9509056,-81.8250304
5615.38,47.9509056,-81.8250304
5615.46,47.9509056,-81.8250304
5615.56,47.9509056,-81.8250304
5615.59,47.9508736,-81.8248896
5615.64,47.9508736,-81.8248896
5615.69,47.950848,-81.824832
5615.72,47.950848,-81.824832
5615.79,47.9508288,-81.8248
5615.79,47.9508288,-81.8248
5615.89,47.9508288,-81.8248
5615.89,47.9508256,-81.8248384
5615.97,47.9508256,-81.8248384
5616.0,47.9508288,-81.8248192
5616.06,47.9508288,-81.8248192
5616.14,47.9508288,-81.8248192
5616.22,47.9508288,-81.8248192
5616.32,47.9508288,-81.8248192
5616.41,47.9508288,-81.8248192
5616.49,47.9508288,-81.8248192
5616.58,47.9508288,-81.8248192
5616.67,47.9508288,-81.8248192
5616.69,47.9507776,-81.8247744
5616.76,47.9507776,-81.8247744
5616.79,47.9507744,-81.8247808
5616.84,47.9507744,-81.8247808
5616.89,47.9507712,-81.8247744
5616.92,47.9507712,-81.8247744
5617.01,47.9507712,-81.8247744
5617.1,47.9507712,-81.8247744
5617.19,47.9507712,-81.8247744
5617.26,47.9507712,-81.8247744
5617.29,47.9508448,-81.8244992
5617.35,47.9508448,-81.8244992
5617.39,47.9508512,-81.8244736
5617.439,47.9508512,-81.8244736
5617.49,47.9508288,-81.824448
5617.52,47.9508288,-81.824448
5617.59,47.9508128,-81.8244416
5617.6,47.9508128,-81.8244416
5617.68,47.9508128,-81.8244416
5617.69,47.9507936,-81.8244352
5617.76,47.9507936,-81.8244352
5617.79,47.950768,-81.824448
5617.84,47.950768,-81.824448
5617.89,47.950784,-81.8244096
5617.94,47.950784,-81.8244096
5618.0,47.9507744,-81.824384
5618.02,47.9507744,-81.824384
5618.1,47.9507744,-81.824384
5618.1,47.9508512,-81.8243392
5618.18,47.9508512,-81.8243392
5618.2,47.9507744,-81.8243328
5618.26,47.9507744,-81.8243328
5618.3,47.950784,-81.8243008
5618.34,47.950784,-81.8243008
5618.4,47.9507744,-81.8242816
5618.43,47.9507744,-81.8242816
5618.5,47.9507712,-81.8242496
5618.52,47.9507712,-81.8242496
5618.59,47.9507712,-81.8242496
5618.59,47.9507648,-81.8242368
5618.68,47.9507648,-81.8242368
5618.69,47.9507296,-81.8242176
5618.76,47.9507296,-81.8242176
5618.8,47.9507584,-81.8241856
5618.84,47.9507584,-81.8241856
5618.9,47.9507584,-81.82416
5618.92,47.9507584,-81.82416
5619.0,47.9507712,-81.8241344
5619.01,47.9507712,-81.8241344
5619.09,47.9507712,-81.8241344
5619.18,47.9507712,-81.8241344
5619.27,47.9507712,-81.8241344
5619.359,47.9507712,-81.8241344
5619.39,47.9507168,-81.8240576
5619.44,47.9507168,-81.8240576
5619.49,47.9507328,-81.8240256
5619.53,47.9507328,-81.8240256
5619.6,47.9506496,-81.8240576
5619.61,47.9506496,-81.8240576
5619.69,47.9506944,-81.8240064
5619.69,47.9506944,-81.8240064
5619.78,47.9506944,-81.8240064
5619.79,47.950704,-81.8239744
5619.86,47.950704,-81.8239744
5619.89,47.9507136,-81.8239488
5619.94,47.9507136,-81.8239488
5619.999,47.9507072,-81.823936
5620.02,47.9507072,-81.823936
5620.1,47.9507072,-81.8239104
5620.11,47.9507072,-81.8239104
5620.19,47.9506944,-81.8238912
5620.19,47.9506944,-81.8238912
5620.27,47.9506944,-81.8238912
5620.3,47.950624,-81.8238592
5620.36,47.950624,-81.8238592
5620.45,47.950624,-81.8238592
5620.49,47.950656,-81.8238208
5620.53,47.950656,-81.8238208
5620.62,47.950656,-81.8238208
5620.7,47.950656,-81.8238208
5620.79,47.9506784,-81.8237248
5620.79,47.9506784,-81.8237248
5620.88,47.9506784,-81.8237248
5620.89,47.9506752,-81.8236992
5620.96,47.9506752,-81.8236992
5621.0,47.950672,-81.82368
5621.04,47.950672,-81.82368
5621.1,47.950672,-81.8236608
5621.12,47.950672,-81.8236608
5621.2,47.9506752,-81.8236288
5621.2,47.9506752,-81.8236288
5621.29,47.9506752,-81.8236288
5621.3,47.950672,-81.823616
5621.38,47.950672,-81.823616
5621.39,47.950672,-81.8235904
5621.46,47.950672,-81.8235904
5621.49,47.950672,-81.8235776
5621.53,47.950672,-81.8235776
5621.59,47.950672,-81.8235456
5621.61,47.950672,-81.8235456
5621.69,47.9506752,-81.8235264
5621.71,47.9506752,-81.8235264
5621.79,47.9506752,-81.8235264
5621.79,47.9506656,-81.8235072
5621.88,47.9506656,-81.8235072
5621.96,47.9506656,-81.8235072
5621.99,47.9506336,-81.82352
5622.04,47.9506336,-81.82352
5622.1,47.9506304,-81.823488
5622.12,47.9506304,-81.823488
5622.2,47.9506304,-81.8234624
5622.21,47.9506304,-81.8234624
5622.3,47.9506304,-81.8234624
5622.38,47.9506304,-81.8234624
5622.47,47.9506304,-81.8234624
5622.559,47.9506304,-81.8234624
5622.65,47.9506304,-81.8234624
5622.74,47.9506304,-81.8234624
5622.83,47.9506304,-81.8234624
5622.92,47.9506304,-81.8234624
5623.0,47.9506304,-81.8234624
5623.08,47.9506304,-81.8234624
5623.18,47.9506304,-81.8234624
5623.28,47.9506304,-81.8234624
5623.36,47.9506304,-81.8234624
5623.45,47.9506304,-81.8234624
5623.54,47.9506304,-81.8234624
5623.63,47.9506304,-81.8234624
5623.71,47.9506304,-81.8234624
5623.81,47.9506304,-81.8234624
5623.9,47.9506304,-81.8234624
5623.98,47.9506304,-81.8234624
5624.07,47.9506304,-81.8234624
5624.16,47.9506304,-81.8234624
5624.25,47.9506304,-81.8234624
5624.34,47.9506304,-81.8234624
5624.42,47.9506304,-81.8234624
5624.51,47.9506304,-81.8234624
5624.6,47.9506304,-81.8234624
5624.68,47.9506304,-81.8234624
5624.77,47.9506304,-81.8234624
5624.78,47.9505344,-81.8229248
5624.86,47.9505344,-81.8229248
5624.88,47.950544,-81.8228928
5624.94,47.950544,-81.8228928
5624.99,47.9505472,-81.8228672
5625.02,47.9505472,-81.8228672
5625.09,47.9505344,-81.8228608
5625.1,47.9505344,-81.8228608
5625.18,47.9505344,-81.8228608
5625.19,47.9505344,-81.8228544
5625.26,47.9505344,-81.8228544
5625.29,47.9505344,-81.8228288
5625.36,47.9505344,-81.8228288
5625.39,47.9505344,-81.822816
5625.44,47.9505344,-81.822816
5625.49,47.9505344,-81.8227968
5625.52,47.9505344,-81.8227968
5625.59,47.9505344,-81.822784
5625.59,47.9505344,-81.822784
5625.68,47.9505344,-81.822784
5625.69,47.9505344,-81.8227712
5625.759,47.9505344,-81.8227712
5625.79,47.9505376,-81.822752
5625.84,47.9505376,-81.822752
5625.89,47.950544,-81.8227328
5625.94,47.950544,-81.8227328
5625.99,47.9505312,-81.8227264
5626.01,47.9505312,-81.8227264
5626.09,47.9505312,-81.8227264
5626.09,47.9505472,-81.822656
5626.18,47.9505472,-81.822656
5626.2,47.9505472,-81.8226368
5626.26,47.9505472,-81.8226368
5626.3,47.9505472,-81.8226304
5626.34,47.9505472,-81.8226304
5626.39,47.9505344,-81.8226112
5626.43,47.9505344,-81.8226112
5626.49,47.9505344,-81.822592
5626.5,47.9505344,-81.822592
5626.59,47.9505344,-81.822592
5626.59,47.9505312,-81.8225792
5626.67,47.9505312,-81.8225792
5626.69,47.950528,-81.8225728
5626.76,47.950528,-81.8225728
5626.79,47.950528,-81.8225536
5626.84,47.950528,-81.8225536
5626.89,47.9505248,-81.8225344
5626.92,47.9505248,-81.8225344
5627.0,47.950528,-81.8225152
5627.0,47.950528,-81.8225152
5627.09,47.950528,-81.8225152
5627.1,47.950512,-81.822496
5627.17,47.950512,-81.822496
5627.2,47.9505056,-81.8224704
5627.26,47.9505056,-81.8224704
5627.29,47.9505056,-81.8224576
5627.34,47.9505056,-81.8224576
5627.39,47.9504992,-81.822432
5627.41,47.9504992,-81.822432
5627.5,47.950496,-81.8224192
5627.5,47.950496,-81.8224192
5627.59,47.950496,-81.8224192
5627.59,47.950496,-81.8224
5627.67,47.950496,-81.8224
5627.69,47.950496,-81.8223872
5627.76,47.950496,-81.8223872
5627.79,47.950496,-81.8223744
5627.83,47.950496,-81.8223744
5627.89,47.950496,-81.8223552
5627.9,47.950496,-81.8223552
5627.99,47.9504992,-81.8223424
5627.99,47.9504992,-81.8223424
5628.09,47.9504992,-81.8223424
5628.09,47.9505056,-81.8223296
5628.17,47.9505056,-81.8223296
5628.19,47.9505088,-81.8223104
5628.25,47.9505088,-81.8223104
5628.29,47.950512,-81.822304
5628.319,47.950512,-81.822304
5628.39,47.9505152,-81.8222912
5628.4,47.9505152,-81.8222912
5628.49,47.9505248,-81.822272
5628.49,47.9505248,-81.822272
5628.58,47.9505248,-81.822272
5628.59,47.9505248,-81.8222592
5628.66,47.9505248,-81.8222592
5628.69,47.950528,-81.82224
5628.74,47.950528,-81.82224
5628.8,47.9505312,-81.8222272
5628.82,47.9505312,-81.8222272
5628.89,47.9505344,-81.8222144
5628.9,47.9505344,-81.8222144
5628.98,47.9505344,-81.8222144
5629.0,47.9505376,-81.8221952
5629.07,47.9505376,-81.8221952
5629.1,47.950544,-81.8221824
5629.16,47.950544,-81.8221824
5629.2,47.9505472,-81.8221696
5629.23,47.9505472,-81.8221696
5629.3,47.9505472,-81.822144
5629.31,47.9505472,-81.822144
5629.4,47.9505504,-81.8221312
5629.4,47.9505504,-81.8221312
5629.48,47.9505504,-81.8221312
5629.49,47.9505504,-81.8221184
5629.56,47.9505504,-81.8221184
5629.59,47.9505536,-81.8221056
5629.65,47.9505536,-81.8221056
5629.69,47.9505504,-81.8220992
5629.72,47.9505504,-81.8220992
5629.79,47.950544,-81.82208
5629.8,47.950544,-81.82208
5629.89,47.9505472,-81.8220736
5629.89,47.9505472,-81.8220736
5629.97,47.9505472,-81.8220736
5630.0,47.9505472,-81.8220608
5630.06,47.9505472,-81.8220608
5630.09,47.9505504,-81.8220416
5630.14,47.9505504,-81.8220416
5630.19,47.9505504,-81.8220352
5630.22,47.9505504,-81.8220352
5630.3,47.9505536,-81.8220224
5630.3,47.9505536,-81.8220224
5630.39,47.9505568,-81.8220032
5630.39,47.9505568,-81.8220032
5630.48,47.9505568,-81.8220032
5630.49,47.95056,-81.8219904
5630.56,47.95056,-81.8219904
5630.59,47.95056,-81.8219776
5630.63,47.95056,-81.8219776
5630.69,47.9505664,-81.8219584
5630.72,47.9505664,-81.8219584
5630.79,47.9505696,-81.821952
5630.8,47.9505696,-81.821952
5630.89,47.9505696,-81.821952
5630.89,47.9505728,-81.8219392
5630.98,47.9505728,-81.8219392
5631.0,47.950576,-81.82192
5631.05,47.950576,-81.82192
5631.1,47.950576,-81.8219072
5631.14,47.950576,-81.8219072
5631.2,47.9505792,-81.8218944
5631.22,47.9505792,-81.8218944
5631.3,47.9505728,-81.8218688
5631.3,47.9505728,-81.8218688
5631.39,47.9505728,-81.8218688
5631.39,47.950576,-81.8218432
5631.47,47.950576,-81.8218432
5631.49,47.9505856,-81.821824
5631.55,47.9505856,-81.821824
5631.59,47.9505856,-81.8218048
5631.63,47.9505856,-81.8218048
5631.69,47.9505888,-81.8217984
5631.72,47.9505888,-81.8217984
5631.79,47.950592,-81.8217856
5631.8,47.950592,-81.8217856
5631.89,47.950592,-81.8217856
5631.9,47.9505952,-81.82176
5631.97,47.9505952,-81.82176
5632.0,47.9506048,-81.8217472
5632.05,47.9506048,-81.8217472
5632.1,47.950608,-81.8217344
5632.13,47.950608,-81.8217344
5632.2,47.9506144,-81.8217152
5632.21,47.9506144,-81.8217152
5632.3,47.9506112,-81.8217088
5632.3,47.9506112,-81.8217088
5632.38,47.9506112,-81.8217088
5632.39,47.9506112,-81.821696
5632.46,47.9506112,-81.821696
5632.49,47.9506112,-81.8216768
5632.55,47.9506112,-81.8216768
5632.59,47.9506112,-81.821664
5632.63,47.9506112,-81.821664
5632.69,47.950608,-81.8216448
5632.71,47.950608,-81.8216448
5632.79,47.9506048,-81.821632
5632.799,47.9506048,-81.821632
5632.88,47.9506048,-81.821632
5632.89,47.9505952,-81.8216064
5632.96,47.9505952,-81.8216064
5633.0,47.9505888,-81.8215872
5633.05,47.9505888,-81.8215872
5633.09,47.9505888,-81.8215744
5633.13,47.9505888,-81.8215744
5633.19,47.9505888,-81.8215488
5633.21,47.9505888,-81.8215488
5633.29,47.9505888,-81.8215488
5633.29,47.9505888,-81.821536
5633.38,47.9505888,-81.821536
5633.39,47.9505888,-81.8215168
5633.46,47.9505888,-81.8215168
5633.5,47.9505792,-81.8214976
5633.54,47.9505792,-81.8214976
5633.59,47.9505792,-81.8214784
5633.62,47.9505792,-81.8214784
5633.69,47.9505856,-81.8214592
5633.7,47.9505856,-81.8214592
5633.78,47.9505856,-81.8214592
5633.79,47.9505888,-81.8214336
5633.87,47.9505888,-81.8214336
5633.89,47.9505888,-81.821408
5633.96,47.9505888,-81.821408
5633.99,47.950592,-81.8213888
5634.04,47.950592,-81.8213888
5634.09,47.950592,-81.8213632
5634.13,47.950592,-81.8213632
5634.19,47.9505952,-81.8213504
5634.2,47.9505952,-81.8213504
5634.28,47.9505952,-81.8213504
5634.3,47.9505952,-81.8213376
5634.37,47.9505952,-81.8213376
5634.39,47.9505952,-81.821312
5634.46,47.9505952,-81.821312
5634.49,47.9505952,-81.8212992
5634.54,47.9505952,-81.8212992
5634.59,47.9505984,-81.82128
5634.62,47.9505984,-81.82128
5634.69,47.9505984,-81.8212608
5634.69,47.9505984,-81.8212608
5634.78,47.9505984,-81.8212608
5634.79,47.9505952,-81.8212352
5634.87,47.9505952,-81.8212352
5634.89,47.950592,-81.8212224
5634.96,47.950592,-81.8212224
5635.0,47.9505888,-81.8212032
5635.04,47.9505888,-81.8212032
5635.09,47.9505888,-81.821184
5635.11,47.9505888,-81.821184
5635.2,47.9506144,-81.8211776
5635.2,47.9506144,-81.8211776
5635.28,47.9506144,-81.8211776
5635.29,47.9506336,-81.8211648
5635.37,47.9506336,-81.8211648
5635.46,47.9506336,-81.8211648
5635.54,47.9506336,-81.8211648
5635.64,47.9506336,-81.8211648
5635.73,47.9506336,-81.8211648
5635.81,47.9506336,-81.8211648
5635.89,47.9502976,-81.8208832
5635.89,47.9502976,-81.8208832
5635.98,47.9502976,-81.8208832
5635.999,47.9503456,-81.8208832
5636.07,47.9503456,-81.8208832
5636.16,47.9503456,-81.8208832
5636.24,47.9503456,-81.8208832
5636.33,47.9503456,-81.8208832
5636.42,47.9503456,-81.8208832
5636.51,47.9503456,-81.8208832
5636.59,47.9503456,-81.8208832
5636.69,47.9503456,-81.8208832
5636.78,47.9503456,-81.8208832
5636.86,47.9503456,-81.8208832
5636.95,47.9503456,-81.8208832
5637.04,47.9503456,-81.8208832
5637.13,47.9503456,-81.8208832
5637.21,47.9503456,-81.8208832
5637.31,47.9503456,-81.8208832
5637.39,47.9503456,-81.8208832
5637.48,47.9503456,-81.8208832
5637.56,47.9503456,-81.8208832
5637.66,47.9503456,-81.8208832
5637.75,47.9503456,-81.8208832
5637.84,47.9503456,-81.8208832
5637.919,47.9503456,-81.8208832
5638.01,47.9503456,-81.8208832
5638.1,47.9503456,-81.8208832
5638.19,47.9503456,-81.8208832
5638.27,47.9503456,-81.8208832
5638.36,47.9503456,-81.8208832
5638.45,47.9503456,-81.8208832
5638.54,47.9503456,-81.8208832
5638.63,47.9503456,-81.8208832
5638.72,47.9503456,-81.8208832
5638.81,47.9503456,-81.8208832
5638.89,47.9503456,-81.8208832
5638.98,47.9503456,-81.8208832
5639.07,47.9503456,-81.8208832
5639.16,47.9503456,-81.8208832
5639.25,47.9503456,-81.8208832
5639.34,47.9503456,-81.8208832
5639.43,47.9503456,-81.8208832
5639.52,47.9503456,-81.8208832
5639.6,47.9503456,-81.8208832
5639.69,47.9503456,-81.8208832
5639.79,47.9503456,-81.8208832
5639.87,47.9503456,-81.8208832
5639.89,47.9503776,-81.82032
5639.95,47.9503776,-81.82032
5639.99,47.9503904,-81.82032
5640.03,47.9503904,-81.82032
5640.1,47.9503904,-81.8203072
5640.12,47.9503904,-81.8203072
5640.19,47.9503872,-81.8202944
5640.2,47.9503872,-81.8202944
5640.29,47.9503872,-81.8202944
5640.3,47.9503872,-81.820288
5640.36,47.9503872,-81.820288
5640.39,47.9503904,-81.8202816
5640.45,47.9503904,-81.8202816
5640.49,47.9503904,-81.8202752
5640.53,47.9503904,-81.8202752
5640.59,47.9503904,-81.820256
5640.61,47.9503904,-81.820256
5640.69,47.9503904,-81.8202496
5640.7,47.9503904,-81.8202496
5640.78,47.9503904,-81.8202496
5640.8,47.9503904,-81.8202368
5640.86,47.9503904,-81.8202368
5640.9,47.9503904,-81.8202304
5640.94,47.9503904,-81.8202304
5641.0,47.9503936,-81.8202112
5641.03,47.9503936,-81.8202112
5641.09,47.9503808,-81.8201984
5641.11,47.9503808,-81.8201984
5641.2,47.9503872,-81.8201856
5641.2,47.9503872,-81.8201856
5641.27,47.9503872,-81.8201856
5641.29,47.9503872,-81.8201728
5641.36,47.9503872,-81.8201728
5641.39,47.9503872,-81.8201536
5641.44,47.9503872,-81.8201536
5641.49,47.9503808,-81.8201216
5641.53,47.9503808,-81.8201216
5641.59,47.9503744,-81.8201088
5641.61,47.9503744,-81.8201088
5641.69,47.9503744,-81.8201088
5641.7,47.9503744,-81.8200896
5641.77,47.9503744,-81.8200896
5641.8,47.9503712,-81.8200704
5641.86,47.9503712,-81.8200704
5641.89,47.9503712,-81.8200384
5641.94,47.9503712,-81.8200384
5641.99,47.9503744,-81.8200128
5642.03,47.9503744,-81.8200128
5642.1,47.9503744,-81.8199872
5642.11,47.9503744,-81.8199872
5642.18,47.9503744,-81.8199872
5642.19,47.9503744,-81.8199488
5642.27,47.9503744,-81.8199488
5642.3,47.9503744,-81.8199232
5642.35,47.9503744,-81.8199232
5642.399,47.9503744,-81.8198912
5642.44,47.9503744,-81.8198912
5642.5,47.9503712,-81.8198592
5642.53,47.9503712,-81.8198592
5642.6,47.9503712,-81.81984
5642.6,47.9503712,-81.81984
5642.68,47.9503712,-81.81984
5642.7,47.9503712,-81.8198144
5642.77,47.9503712,-81.8198144
5642.8,47.9503744,-81.8197952
5642.86,47.9503744,-81.8197952
5642.9,47.9503744,-81.819776
5642.94,47.9503744,-81.819776
5643.01,47.9503776,-81.8197568
5643.02,47.9503776,-81.8197568
5643.1,47.9503808,-81.8197312
5643.1,47.9503808,-81.8197312
5643.19,47.9503808,-81.8197312
5643.2,47.9503872,-81.819712
5643.26,47.9503872,-81.819712
5643.31,47.9503936,-81.8196928
5643.36,47.9503936,-81.8196928
5643.4,47.9503936,-81.8196736
5643.44,47.9503936,-81.8196736
5643.5,47.9504,-81.8196544
5643.51,47.9504,-81.8196544
5643.6,47.9504,-81.8196544
5643.6,47.9504064,-81.8196416
5643.69,47.9504064,-81.8196416
5643.7,47.9504096,-81.819616
5643.77,47.9504096,-81.819616
5643.8,47.9504128,-81.8196032
5643.85,47.9504128,-81.8196032
5643.9,47.9504128,-81.8195904
5643.93,47.9504128,-81.8195904
5644.01,47.9504128,-81.8195648
5644.01,47.9504128,-81.8195648
5644.1,47.9504128,-81.8195648
5644.11,47.950416,-81.819552
5644.19,47.950416,-81.819552
5644.2,47.950416,-81.8195328
5644.27,47.950416,-81.8195328
5644.3,47.9504192,-81.81952
5644.35,47.9504192,-81.81952
5644.4,47.9504256,-81.8195008
5644.43,47.9504256,-81.8195008
5644.5,47.9504288,-81.8194944
5644.52,47.9504288,-81.8194944
5644.59,47.950432,-81.8194816
5644.6,47.950432,-81.8194816
5644.69,47.950432,-81.8194816
5644.69,47.950432,-81.8194688
5644.77,47.950432,-81.8194688
5644.79,47.9504384,-81.8194496
5644.84,47.9504384,-81.8194496
5644.91,47.9504448,-81.8194368
5644.92,47.9504448,-81.8194368
5645.01,47.950448,-81.8194176
5645.01,47.950448,-81.8194176
5645.1,47.950448,-81.8194176
5645.12,47.9504544,-81.8194112
5645.18,47.9504544,-81.8194112
5645.22,47.9504608,-81.8193984
5645.26,47.9504608,-81.8193984
5645.32,47.9504704,-81.8193728
5645.34,47.9504704,-81.8193728
5645.41,47.95048,-81.81936
5645.42,47.95048,-81.81936
5645.51,47.9504864,-81.8193408
5645.51,47.9504864,-81.8193408
5645.59,47.9504864,-81.8193408
5645.599,47.950496,-81.8193216
5645.68,47.950496,-81.8193216
5645.7,47.9504992,-81.8193024
5645.76,47.9504992,-81.8193024
5645.8,47.9505088,-81.8192832
5645.84,47.9505088,-81.8192832
5645.9,47.950512,-81.8192576
5645.92,47.950512,-81.8192576
5646.01,47.9505184,-81.8192448
5646.01,47.9505184,-81.8192448
5646.09,47.9505184,-81.8192448
5646.11,47.950528,-81.8192192
5646.17,47.950528,-81.8192192
5646.21,47.9505344,-81.8192064
5646.26,47.9505344,-81.8192064
5646.31,47.9505376,-81.8191808
5646.34,47.9505376,-81.8191808
5646.41,47.9505472,-81.819168
5646.42,47.9505472,-81.819168
5646.51,47.9505504,-81.8191552
5646.51,47.9505504,-81.8191552
5646.59,47.9505504,-81.8191552
5646.61,47.95056,-81.8191296
5646.67,47.95056,-81.8191296
5646.71,47.9505664,-81.8191168
5646.76,47.9505664,-81.8191168
5646.81,47.9505728,-81.8190976
5646.84,47.9505728,-81.8190976
5646.91,47.950576,-81.8190848
5646.92,47.950576,-81.8190848
5647.01,47.950576,-81.8190848
5647.01,47.9505856,-81.8190592
5647.08,47.9505856,-81.8190592
5647.11,47.9505888,-81.8190464
5647.16,47.9505888,-81.8190464
5647.21,47.9505952,-81.8190336
5647.25,47.9505952,-81.8190336
5647.31,47.9506048,-81.8190144
5647.34,47.9506048,-81.8190144
5647.41,47.9506112,-81.8190016
5647.42,47.9506112,-81.8190016
5647.5,47.9506112,-81.8190016
5647.51,47.9506144,-81.818976
5647.58,47.9506144,-81.818976
5647.61,47.9506176,-81.8189632
5647.66,47.9506176,-81.8189632
5647.71,47.9506272,-81.818944
5647.75,47.9506272,-81.818944
5647.81,47.9506304,-81.8189312
5647.83,47.9506304,-81.8189312
5647.91,47.9506336,-81.8189056
5647.92,47.9506336,-81.8189056
5647.99,47.9506336,-81.8189056
5648.01,47.9506368,-81.8188928
5648.08,47.9506368,-81.8188928
5648.11,47.9506432,-81.8188736
5648.159,47.9506432,-81.8188736
5648.21,47.9506496,-81.8188544
5648.25,47.9506496,-81.8188544
5648.31,47.950656,-81.8188352
5648.33,47.950656,-81.8188352
5648.41,47.950656,-81.8188352
5648.41,47.9506592,-81.818816
5648.49,47.9506592,-81.818816
5648.5,47.9506688,-81.8188032
5648.58,47.9506688,-81.8188032
5648.6,47.9506752,-81.8187776
5648.66,47.9506752,-81.8187776
5648.69,47.9506848,-81.8187648
5648.74,47.9506848,-81.8187648
5648.799,47.950688,-81.8187456
5648.83,47.950688,-81.8187456
5648.89,47.9506944,-81.8187264
5648.9,47.9506944,-81.8187264
5648.99,47.9506944,-81.8187264
5648.99,47.950704,-81.8187072
5649.07,47.950704,-81.8187072
5649.1,47.9507072,-81.8186944
5649.16,47.9507072,-81.8186944
5649.2,47.9507136,-81.8186816
5649.24,47.9507136,-81.8186816
5649.29,47.9507232,-81.8186752
5649.32,47.9507232,-81.8186752
5649.39,47.9507264,-81.818656
5649.4,47.9507264,-81.818656
5649.49,47.9507264,-81.818656
5649.49,47.9507328,-81.8186432
5649.57,47.9507328,-81.8186432
5649.59,47.9507424,-81.818624
5649.65,47.9507424,-81.818624
5649.69,47.9507488,-81.8186176
5649.74,47.9507488,-81.8186176
5649.79,47.950752,-81.8186048
5649.81,47.950752,-81.8186048
5649.89,47.950768,-81.8185792
5649.89,47.950768,-81.8185792
5649.99,47.950768,-81.8185792
5650.0,47.9507744,-81.8185728
5650.07,47.9507744,-81.8185728
5650.1,47.9507776,-81.81856
5650.15,47.9507776,-81.81856
5650.2,47.9507872,-81.8185408
5650.23,47.9507872,-81.8185408
5650.3,47.9507904,-81.8185344
5650.31,47.9507904,-81.8185344
5650.4,47.9507904,-81.8185344
5650.5,47.9507904,-81.8185344
5650.58,47.9507904,-81.8185344
5650.66,47.9507904,-81.8185344
5650.75,47.9507904,-81.8185344
5650.84,47.9507904,-81.8185344
5650.93,47.9507904,-81.8185344
5650.99,47.9508032,-81.81856
5651.01,47.9508032,-81.81856
5651.09,47.9507328,-81.8185472
5651.09,47.9507328,-81.8185472
5651.18,47.9507328,-81.8185472
5651.19,47.950704,-81.8185408
5651.26,47.950704,-81.8185408
5651.29,47.9506848,-81.818528
5651.34,47.9506848,-81.818528
5651.39,47.9506752,-81.8185216
5651.42,47.9506752,-81.8185216
5651.5,47.9506496,-81.8185216
5651.5,47.9506496,-81.8185216
5651.59,47.9506496,-81.8185216
5651.59,47.9506528,-81.8185024
5651.67,47.9506528,-81.8185024
5651.69,47.9506528,-81.8184896
5651.76,47.9506528,-81.8184896
5651.79,47.950656,-81.818464
5651.84,47.950656,-81.818464
5651.89,47.950656,-81.8184512
5651.91,47.950656,-81.8184512
5651.99,47.9506592,-81.8184384
5651.999,47.9506592,-81.8184384
5652.09,47.9506592,-81.8184384
5652.09,47.9506656,-81.8184192
5652.17,47.9506656,-81.8184192
5652.19,47.9506656,-81.8184064
5652.25,47.9506656,-81.8184064
5652.29,47.9506464,-81.8183872
5652.33,47.9506464,-81.8183872
5652.39,47.9506464,-81.818368
5652.41,47.9506464,-81.818368
5652.49,47.9506304,-81.8183424
5652.5,47.9506304,-81.8183424
5652.59,47.9506304,-81.8183424
5652.59,47.9506304,-81.8183296
5652.67,47.9506304,-81.8183296
5652.69,47.950608,-81.8182976
5652.75,47.950608,-81.8182976
5652.79,47.950608,-81.8182848
5652.83,47.950608,-81.8182848
5652.89,47.9505984,-81.8182656
5652.91,47.9505984,-81.8182656
5653.0,47.9505952,-81.8182528
5653.0,47.9505952,-81.8182528
5653.09,47.9505952,-81.8182528
5653.1,47.9505952,-81.81824
5653.17,47.9505952,-81.81824
5653.2,47.9505984,-81.8182208
5653.25,47.9505984,-81.8182208
5653.3,47.9505984,-81.8182016
5653.33,47.9505984,-81.8182016
5653.4,47.9506048,-81.8181824
5653.41,47.9506048,-81.8181824
5653.49,47.9506048,-81.8181696
5653.49,47.9506048,-81.8181696
5653.59,47.9506048,-81.8181696
5653.59,47.9506112,-81.818144
5653.66,47.9506112,-81.818144
5653.69,47.9506176,-81.8181312
5653.74,47.9506176,-81.8181312
5653.83,47.9506176,-81.8181312
5653.919,47.9506176,-81.8181312
5654.01,47.9506176,-81.8181312
5654.1,47.9506176,-81.8181312
5654.19,47.9506176,-81.8181312
5654.28,47.9506176,-81.8181312
5654.36,47.9506176,-81.8181312
5654.39,47.9505856,-81.8180096
5654.44,47.9505856,-81.8180096
5654.49,47.9506048,-81.8179904
5654.53,47.9506048,-81.8179904
5654.59,47.9506048,-81.8179904
5654.61,47.9506048,-81.8179904
5654.69,47.9506112,-81.8179712
5654.7,47.9506112,-81.8179712
5654.78,47.9506112,-81.8179712
5654.79,47.9506304,-81.817952
5654.86,47.9506304,-81.817952
5654.89,47.9506432,-81.8179392
5654.94,47.9506432,-81.8179392
5655.0,47.9506432,-81.8179264
5655.03,47.9506432,-81.8179264
5655.1,47.9506336,-81.81792
5655.11,47.9506336,-81.81792
5655.199,47.9506304,-81.8179008
5655.199,47.9506304,-81.8179008
5655.28,47.9506304,-81.8179008
5655.3,47.9506304,-81.817888
5655.36,47.9506304,-81.817888
5655.45,47.9506304,-81.817888
5655.55,47.9506304,-81.817888
5655.62,47.9506304,-81.817888
5655.72,47.9506304,-81.817888
5655.81,47.9506304,-81.817888
5655.9,47.9506304,-81.817888
5655.97,47.9506304,-81.817888
5655.99,47.9507232,-81.8177088
5656.06,47.9507232,-81.8177088
5656.09,47.9507104,-81.817696
5656.14,47.9507104,-81.817696
5656.2,47.9507104,-81.8176896
5656.23,47.9507104,-81.8176896
5656.29,47.9507104,-81.8176704
5656.31,47.9507104,-81.8176704
5656.39,47.9507104,-81.8176704
5656.39,47.9507072,-81.8176576
5656.47,47.9507072,-81.8176576
5656.49,47.950688,-81.8176576
5656.55,47.950688,-81.8176576
5656.59,47.9506592,-81.8176704
5656.64,47.9506592,-81.8176704
5656.69,47.9506656,-81.8176576
5656.72,47.9506656,-81.8176576
5656.8,47.9506688,-81.8176448
5656.81,47.9506688,-81.8176448
5656.89,47.9506688,-81.8176448
5656.89,47.950672,-81.8176256
5656.97,47.950672,-81.8176256
5657.0,47.9506752,-81.8176064
5657.06,47.9506752,-81.8176064
5657.09,47.9506784,-81.8175808
5657.14,47.9506784,-81.8175808
5657.19,47.9506848,-81.8175552
5657.22,47.9506848,-81.8175552
5657.29,47.9506848,-81.8175424
5657.3,47.9506848,-81.8175424
5657.39,47.9506848,-81.8175424
5657.39,47.950688,-81.8175232
5657.47,47.950688,-81.8175232
5657.56,47.950688,-81.8175232
5657.65,47.950688,-81.8175232
5657.73,47.950688,-81.8175232
5657.83,47.950688,-81.8175232
5657.92,47.950688,-81.8175232
5658.0,47.950688,-81.8175232
5658.09,47.950688,-81.8175232
5658.18,47.950688,-81.8175232
5658.27,47.950688,-81.8175232
5658.36,47.950688,-81.8175232
5658.46,47.950688,-81.8175232
5658.54,47.950688,-81.8175232
5658.63,47.950688,-81.8175232
5658.71,47.950688,-81.8175232
5658.8,47.950688,-81.8175232
5658.89,47.950688,-81.8175232
5658.98,47.950688,-81.8175232
5659.06,47.950688,-81.8175232
5659.15,47.950688,-81.8175232
5659.25,47.950688,-81.8175232
5659.33,47.950688,-81.8175232
5659.42,47.950688,-81.8175232
5659.52,47.950688,-81.8175232
5659.6,47.950688,-81.8175232
5659.679,47.950688,-81.8175232
5659.77,47.950688,-81.8175232
5659.86,47.950688,-81.8175232
5659.96,47.950688,-81.8175232
5660.04,47.950688,-81.8175232
5660.13,47.950688,-81.8175232
5660.22,47.950688,-81.8175232
5660.31,47.950688,-81.8175232
5660.39,47.950688,-81.8175232
5660.48,47.950688,-81.8175232
5660.58,47.950688,-81.8175232
5660.66,47.950688,-81.8175232
5660.74,47.950688,-81.8175232
5660.84,47.950688,-81.8175232
5660.92,47.950688,-81.8175232
5661.01,47.950688,-81.8175232
5661.1,47.950688,-81.8175232
5661.19,47.950688,-81.8175232
5661.28,47.950688,-81.8175232
5661.36,47.950688,-81.8175232
5661.45,47.950688,-81.8175232
5661.55,47.950688,-81.8175232
5661.64,47.950688,-81.8175232
5661.72,47.950688,-81.8175232
5661.81,47.950688,-81.8175232
5661.9,47.950688,-81.8175232
5661.99,47.950688,-81.8175232
5662.0,47.9508128,-81.816832
5662.06,47.9508128,-81.816832
5662.1,47.950816,-81.8168
5662.16,47.950816,-81.8168
5662.2,47.9508288,-81.8167936
5662.239,47.9508288,-81.8167936
5662.29,47.950832,-81.8167744
5662.31,47.950832,-81.8167744
5662.4,47.9508352,-81.8167488
5662.4,47.9508352,-81.8167488
5662.48,47.9508352,-81.8167488
5662.49,47.9508448,-81.816736
5662.56,47.9508448,-81.816736
5662.6,47.9508544,-81.8167296
5662.65,47.9508544,-81.8167296
5662.69,47.9508672,-81.8167296
5662.74,47.9508672,-81.8167296
5662.8,47.9508672,-81.8167168
5662.82,47.9508672,-81.8167168
5662.89,47.9508736,-81.8167104
5662.9,47.9508736,-81.8167104
5662.98,47.9508736,-81.8167104
5663.0,47.9508768,-81.8166976
5663.06,47.9508768,-81.8166976
5663.11,47.9508736,-81.8166912
5663.15,47.9508736,-81.8166912
5663.21,47.9508736,-81.8166784
5663.23,47.9508736,-81.8166784
5663.31,47.9508768,-81.816672
5663.31,47.9508768,-81.816672
5663.39,47.9508768,-81.816672
5663.4,47.9508768,-81.8166592
5663.48,47.9508768,-81.8166592
5663.49,47.9508864,-81.81664
5663.56,47.9508864,-81.81664
5663.59,47.9508928,-81.8166272
5663.64,47.9508928,-81.8166272
5663.69,47.950896,-81.8166144
5663.73,47.950896,-81.8166144
5663.8,47.9509056,-81.8165952
5663.81,47.9509056,-81.8165952
5663.89,47.9509056,-81.8165952
5663.9,47.950912,-81.816576
5663.97,47.950912,-81.816576
5664.0,47.9509152,-81.8165568
5664.06,47.9509152,-81.8165568
5664.1,47.9509248,-81.816544
5664.14,47.9509248,-81.816544
5664.2,47.9509312,-81.8165312
5664.23,47.9509312,-81.8165312
5664.3,47.9509376,-81.816512
5664.3,47.9509376,-81.816512
5664.39,47.9509376,-81.816512
5664.4,47.9509472,-81.8164992
5664.47,47.9509472,-81.8164992
5664.49,47.9509536,-81.8164736
5664.56,47.9509536,-81.8164736
5664.6,47.9509632,-81.8164608
5664.64,47.9509632,-81.8164608
5664.7,47.9509696,-81.8164352
5664.72,47.9509696,-81.8164352
5664.799,47.9509824,-81.8164224
5664.799,47.9509824,-81.8164224
5664.89,47.9509824,-81.8164224
5664.9,47.9509856,-81.8164032
5664.97,47.9509856,-81.8164032
5665.0,47.9509888,-81.816384
5665.06,47.9509888,-81.816384
5665.1,47.9509952,-81.8163584
5665.14,47.9509952,-81.8163584
5665.19,47.9510016,-81.8163392
5665.21,47.9510016,-81.8163392
5665.3,47.9510048,-81.8163136
5665.3,47.9510048,-81.8163136
5665.38,47.9510048,-81.8163136
5665.4,47.951008,-81.8162944
5665.46,47.951008,-81.8162944
5665.5,47.9510144,-81.8162688
5665.55,47.9510144,-81.8162688
5665.6,47.951024,-81.816256
5665.63,47.951024,-81.816256
5665.7,47.9510272,-81.8162304
5665.7,47.9510272,-81.8162304
5665.8,47.9510272,-81.8162304
5665.8,47.9510336,-81.8162176
5665.88,47.9510336,-81.8162176
5665.89,47.9510464,-81.8161984
5665.96,47.9510464,-81.8161984
5666.01,47.9510464,-81.816192
5666.05,47.9510464,-81.816192
5666.1,47.9510528,-81.8161792
5666.12,47.9510528,-81.8161792
5666.2,47.9510624,-81.8161728
5666.2,47.9510624,-81.8161728
5666.29,47.9510624,-81.8161728
5666.3,47.9510688,-81.8161536
5666.39,47.9510688,-81.8161536
5666.4,47.9510752,-81.8161472
5666.46,47.9510752,-81.8161472
5666.49,47.9510848,-81.8161344
5666.54,47.9510848,-81.8161344
5666.59,47.9510912,-81.8161216
5666.62,47.9510912,-81.8161216
5666.69,47.9511008,-81.8161088
5666.71,47.9511008,-81.8161088
5666.79,47.9511072,-81.816096
5666.79,47.9511072,-81.816096
5666.89,47.9511072,-81.816096
5666.89,47.9511104,-81.8160768
5666.96,47.9511104,-81.8160768
5667.0,47.95112,-81.816064
5667.04,47.95112,-81.816064
5667.1,47.9511232,-81.8160576
5667.12,47.9511232,-81.8160576
5667.19,47.9511296,-81.8160384
5667.21,47.9511296,-81.8160384
5667.3,47.9511328,-81.8160256
5667.3,47.9511328,-81.8160256
5667.38,47.9511328,-81.8160256
5667.39,47.9511424,-81.8160064
5667.46,47.9511424,-81.8160064
5667.49,47.9511424,-81.8159872
5667.54,47.9511424,-81.8159872
5667.6,47.9511456,-81.8159744
5667.62,47.9511456,-81.8159744
5667.69,47.9511456,-81.8159488
5667.71,47.9511456,-81.8159488
5667.79,47.9511488,-81.815936
5667.79,47.9511488,-81.815936
5667.87,47.9511488,-81.815936
5667.89,47.9511488,-81.8159104
5667.96,47.9511488,-81.8159104
5667.999,47.9511488,-81.8158976
5668.04,47.9511488,-81.8158976
5668.09,47.951152,-81.815872
5668.12,47.951152,-81.815872
5668.2,47.951152,-81.8158592
5668.2,47.951152,-81.8158592
5668.29,47.951152,-81.8158592
5668.29,47.951152,-81.81584
5668.36,47.951152,-81.81584
5668.39,47.951152,-81.8158208
5668.46,47.951152,-81.8158208
5668.49,47.951152,-81.8158016
5668.54,47.951152,-81.8158016
5668.59,47.951152,-81.8157888
5668.62,47.951152,-81.8157888
5668.69,47.9511552,-81.815776
5668.7,47.9511552,-81.815776
5668.78,47.9511552,-81.815776
5668.79,47.9511552,-81.8157568
5668.86,47.9511552,-81.8157568
5668.89,47.9511552,-81.815744
5668.94,47.9511552,-81.815744
5669.0,47.9511616,-81.8157248
5669.04,47.9511616,-81.8157248
5669.1,47.9511648,-81.815712
5669.12,47.9511648,-81.815712
5669.2,47.951168,-81.8156864
5669.2,47.951168,-81.8156864
5669.27,47.951168,-81.8156864
5669.3,47.9511712,-81.8156736
5669.36,47.9511712,-81.8156736
5669.4,47.9511808,-81.8156672
5669.44,47.9511808,-81.8156672
5669.5,47.951184,-81.815648
5669.53,47.951184,-81.815648
5669.59,47.9511872,-81.8156352
5669.61,47.9511872,-81.8156352
5669.69,47.9511872,-81.8156352
5669.69,47.9511904,-81.8156288
5669.77,47.9511904,-81.8156288
5669.79,47.9511904,-81.8156096
5669.86,47.9511904,-81.8156096
5669.89,47.9511904,-81.8156032
5669.93,47.9511904,-81.8156032
5670.0,47.9511936,-81.8155904
5670.02,47.9511936,-81.8155904
5670.1,47.9511936,-81.8155776
5670.11,47.9511936,-81.8155776
5670.19,47.9511936,-81.8155776
5670.2,47.9511936,-81.8155584
5670.26,47.9511936,-81.8155584
5670.3,47.9511936,-81.8155456
5670.36,47.9511936,-81.8155456
5670.4,47.9511936,-81.8155264
5670.44,47.9511936,-81.8155264
5670.49,47.9511904,-81.81552
5670.52,47.9511904,-81.81552
5670.59,47.9511936,-81.8155072
5670.6,47.9511936,-81.8155072
5670.69,47.9511936,-81.8155072
5670.69,47.9511936,-81.815488
5670.77,47.9511936,-81.815488
5670.79,47.9511936,-81.8154752
5670.85,47.9511936,-81.8154752
5670.89,47.9511936,-81.8154624
5670.94,47.9511936,-81.8154624
5671.0,47.9511936,-81.8154496
5671.02,47.9511936,-81.8154496
5671.09,47.9512,-81.8154368
5671.1,47.9512,-81.8154368
5671.19,47.9512,-81.8154368
5671.19,47.9512,-81.8154304
5671.27,47.9512,-81.8154304
5671.3,47.9512032,-81.8154176
5671.35,47.9512032,-81.8154176
5671.4,47.9512064,-81.8153984
5671.44,47.9512064,-81.8153984
5671.49,47.9512096,-81.815392
5671.51,47.9512096,-81.815392
5671.59,47.9512096,-81.8153792
5671.59,47.9512096,-81.8153792
5671.69,47.9512096,-81.8153792
5671.69,47.9512192,-81.8153664
5671.77,47.9512192,-81.8153664
5671.79,47.9512224,-81.8153536
5671.85,47.9512224,-81.8153536
5671.89,47.9512224,-81.8153472
5671.93,47.9512224,-81.8153472
5672.0,47.9512256,-81.815328
5672.01,47.9512256,-81.815328
5672.09,47.9512256,-81.815328
5672.1,47.9512288,-81.8153216
5672.18,47.9512288,-81.8153216
5672.2,47.9512352,-81.8153088
5672.26,47.9512352,-81.8153088
5672.3,47.9512352,-81.8152896
5672.35,47.9512352,-81.8152896
5672.4,47.9512416,-81.8152832
5672.42,47.9512416,-81.8152832
5672.49,47.9512448,-81.8152704
5672.5,47.9512448,-81.8152704
5672.59,47.951248,-81.8152512
5672.59,47.951248,-81.8152512
5672.68,47.951248,-81.8152512
5672.69,47.951248,-81.8152384
5672.76,47.951248,-81.8152384
5672.79,47.9512512,-81.815232
5672.84,47.9512512,-81.815232
5672.89,47.9512544,-81.8152192
5672.92,47.9512544,-81.8152192
5673.0,47.9512608,-81.8152
5673.0,47.9512608,-81.8152
5673.09,47.9512608,-81.8152
5673.1,47.951264,-81.8151872
5673.17,47.951264,-81.8151872
5673.2,47.951264,-81.8151808
5673.26,47.951264,-81.8151808
5673.3,47.9512672,-81.8151616
5673.34,47.9512672,-81.8151616
5673.4,47.9512704,-81.8151488
5673.42,47.9512704,-81.8151488
5673.5,47.9512736,-81.8151424
5673.5,47.9512736,-81.8151424
5673.59,47.9512736,-81.8151424
5673.6,47.9512736,-81.8151232
5673.67,47.9512736,-81.8151232
5673.69,47.95128,-81.8151168
5673.759,47.95128,-81.8151168
5673.79,47.9512832,-81.815104
5673.84,47.9512832,-81.815104
5673.89,47.9512864,-81.8150912
5673.92,47.9512864,-81.8150912
5674.0,47.9512896,-81.8150784
5674.01,47.9512896,-81.8150784
5674.1,47.9512928,-81.8150656
5674.1,47.9512928,-81.8150656
5674.17,47.9512928,-81.8150656
5674.2,47.9512928,-81.8150528
5674.25,47.9512928,-81.8150528
5674.29,47.9512992,-81.81504
5674.34,47.9512992,-81.81504
5674.39,47.9513024,-81.8150272
5674.42,47.9513024,-81.8150272
5674.49,47.9513024,-81.815008
5674.5,47.9513024,-81.815008
5674.59,47.9513024,-81.815008
5674.59,47.9513056,-81.8150016
5674.66,47.9513056,-81.8150016
5674.69,47.9513088,-81.8149888
5674.74,47.9513088,-81.8149888
5674.79,47.951312,-81.8149824
5674.84,47.951312,-81.8149824
5674.89,47.9513184,-81.8149632
5674.92,47.9513184,-81.8149632
5675.0,47.9513216,-81.8149504
5675.0,47.9513216,-81.8149504
5675.08,47.9513216,-81.8149504
5675.09,47.9513248,-81.814944
5675.16,47.9513248,-81.814944
5675.19,47.951328,-81.8149248
5675.24,47.951328,-81.8149248
5675.29,47.9513312,-81.814912
5675.32,47.9513312,-81.814912
5675.4,47.9513408,-81.8148928
5675.42,47.9513408,-81.8148928
5675.49,47.951344,-81.81488
5675.5,47.951344,-81.81488
5675.58,47.951344,-81.81488
5675.59,47.951344,-81.8148736
5675.66,47.951344,-81.8148736
5675.69,47.951344,-81.8148544
5675.74,47.951344,-81.8148544
5675.79,47.9513472,-81.8148416
5675.82,47.9513472,-81.8148416
5675.89,47.9513504,-81.8148288
5675.92,47.9513504,-81.8148288
5675.99,47.9513504,-81.8148288
5676.0,47.9513504,-81.8148096
5676.07,47.9513504,-81.8148096
5676.1,47.9513536,-81.8148032
5676.16,47.9513536,-81.8148032
5676.19,47.95136,-81.8147904
5676.24,47.95136,-81.8147904
5676.29,47.9513632,-81.8147712
5676.319,47.9513632,-81.8147712
5676.39,47.9513664,-81.8147584
5676.41,47.9513664,-81.8147584
5676.49,47.9513664,-81.8147584
5676.49,47.9513696,-81.814752
5676.57,47.9513696,-81.814752
5676.59,47.9513728,-81.8147328
5676.66,47.9513728,-81.8147328
5676.69,47.9513728,-81.81472
5676.74,47.9513728,-81.81472
5676.79,47.9513792,-81.8147072
5676.82,47.9513792,-81.8147072
5676.89,47.9513824,-81.814688
5676.9,47.9513824,-81.814688
5676.99,47.9513824,-81.814688
5677.0,47.9513856,-81.8146816
5677.07,47.9513856,-81.8146816
5677.1,47.9513888,-81.8146688
5677.15,47.9513888,-81.8146688
5677.19,47.951392,-81.8146496
5677.24,47.951392,-81.8146496
5677.3,47.951392,-81.8146432
5677.32,47.951392,-81.8146432
5677.4,47.9513984,-81.8146304
5677.4,47.9513984,-81.8146304
5677.49,47.9513984,-81.8146304
5677.49,47.9514016,-81.8146112
5677.57,47.9514016,-81.8146112
5677.59,47.9514048,-81.8145984
5677.65,47.9514048,-81.8145984
5677.7,47.951408,-81.814592
5677.74,47.951408,-81.814592
5677.79,47.9514112,-81.8145728
5677.81,47.9514112,-81.8145728
5677.89,47.9514176,-81.81456
5677.89,47.9514176,-81.81456
5677.98,47.9514176,-81.81456
5678.0,47.9514176,-81.8145472
5678.07,47.9514176,-81.8145472
5678.09,47.9514208,-81.8145344
5678.15,47.9514208,-81.8145344
5678.2,47.951424,-81.8145216
5678.23,47.951424,-81.8145216
5678.29,47.9514272,-81.8145152
5678.31,47.9514272,-81.8145152
5678.39,47.9514272,-81.8145152
5678.4,47.9514304,-81.814496
5678.47,47.9514304,-81.814496
5678.49,47.9514304,-81.8144832
5678.57,47.9514304,-81.8144832
5678.59,47.9514336,-81.8144704
5678.65,47.9514336,-81.8144704
5678.69,47.95144,-81.8144512
5678.72,47.95144,-81.8144512
5678.79,47.9514432,-81.8144448
5678.8,47.9514432,-81.8144448
5678.89,47.9514432,-81.8144448
5678.89,47.9514464,-81.814432
5678.97,47.9514464,-81.814432
5679.0,47.9514464,-81.8144128
5679.06,47.9514464,-81.8144128
5679.1,47.9514496,-81.8144064
5679.14,47.9514496,-81.8144064
5679.2,47.9514528,-81.8143936
5679.22,47.9514528,-81.8143936
5679.3,47.9514592,-81.8143744
5679.3,47.9514592,-81.8143744
5679.39,47.9514592,-81.8143744
5679.39,47.9514592,-81.8143616
5679.47,47.9514592,-81.8143616
5679.49,47.9514624,-81.8143488
5679.56,47.9514624,-81.8143488
5679.59,47.9514624,-81.814336
5679.64,47.9514624,-81.814336
5679.69,47.9514656,-81.8143232
5679.72,47.9514656,-81.8143232
5679.79,47.9514688,-81.8143104
5679.8,47.9514688,-81.8143104
5679.89,47.9514688,-81.8143104
5679.89,47.951472,-81.8142912
5679.97,47.951472,-81.8142912
5680.0,47.951472,-81.8142784
5680.05,47.951472,-81.8142784
5680.09,47.9514784,-81.8142592
5680.14,47.9514784,-81.8142592
5680.2,47.9514848,-81.8142464
5680.22,47.9514848,-81.8142464
5680.3,47.951488,-81.8142336
5680.3,47.951488,-81.8142336
5680.39,47.951488,-81.8142336
5680.4,47.951488,-81.8142144
5680.47,47.951488,-81.8142144
5680.49,47.9514912,-81.8142016
5680.55,47.9514912,-81.8142016
5680.59,47.9514976,-81.8141952
5680.63,47.9514976,-81.8141952
5680.7,47.9515008,-81.814176
5680.72,47.9515008,-81.814176
5680.799,47.951504,-81.8141632
5680.799,47.951504,-81.8141632
5680.89,47.951504,-81.8141632
5680.89,47.9515072,-81.8141504
5680.96,47.9515072,-81.8141504
5680.99,47.9515104,-81.8141312
5681.04,47.9515104,-81.8141312
5681.09,47.9515136,-81.8141184
5681.12,47.9515136,-81.8141184
5681.2,47.95152,-81.8140992
5681.22,47.95152,-81.8140992
5681.29,47.9515232,-81.8140928
5681.3,47.9515232,-81.8140928
5681.38,47.9515232,-81.8140928
5681.39,47.9515264,-81.81408
5681.46,47.9515264,-81.81408
5681.49,47.9515264,-81.8140672
5681.55,47.9515264,-81.8140672
5681.59,47.9515296,-81.8140544
5681.63,47.9515296,-81.8140544
5681.69,47.9515328,-81.8140416
5681.71,47.9515328,-81.8140416
5681.79,47.9515392,-81.8140288
5681.8,47.9515392,-81.8140288
5681.88,47.9515392,-81.8140288
5681.89,47.9515392,-81.8140096
5681.96,47.9515392,-81.8140096
5682.0,47.9515424,-81.8140032
5682.04,47.9515424,-81.8140032
5682.09,47.9515456,-81.8139904
5682.12,47.9515456,-81.8139904
5682.19,47.9515488,-81.8139712
5682.21,47.9515488,-81.8139712
5682.29,47.9515488,-81.8139712
5682.3,47.951552,-81.8139584
5682.37,47.951552,-81.8139584
5682.39,47.951552,-81.8139392
5682.46,47.951552,-81.8139392
5682.49,47.9515584,-81.8139264
5682.54,47.9515584,-81.8139264
5682.59,47.9515616,-81.8139136
5682.62,47.9515616,-81.8139136
5682.69,47.9515648,-81.8139008
5682.7,47.9515648,-81.8139008
5682.79,47.9515648,-81.8139008
5682.79,47.951568,-81.813888
5682.87,47.951568,-81.813888
5682.89,47.951568,-81.8138752
5682.96,47.951568,-81.8138752
5683.0,47.9515712,-81.813856
5683.04,47.9515712,-81.813856
5683.09,47.9515776,-81.8138496
5683.12,47.9515776,-81.8138496
5683.19,47.9515808,-81.8138368
5683.2,47.9515808,-81.8138368
5683.28,47.9515808,-81.8138368
5683.3,47.9515808,-81.8138176
5683.37,47.9515808,-81.8138176
5683.39,47.951584,-81.8138048
5683.46,47.951584,-81.8138048
5683.49,47.9515872,-81.813792
5683.54,47.9515872,-81.813792
5683.59,47.9515904,-81.8137792
5683.62,47.9515904,-81.8137792
5683.69,47.9515904,-81.8137664
5683.69,47.9515904,-81.8137664
5683.78,47.9515904,-81.8137664
5683.79,47.9515968,-81.8137536
5683.88,47.9515968,-81.8137536
5683.89,47.9516,-81.8137344
5683.96,47.9516,-81.8137344
5683.999,47.9516,-81.8137216
5684.04,47.9516,-81.8137216
5684.09,47.9516064,-81.8137024
5684.11,47.9516064,-81.8137024
5684.19,47.9516064,-81.8136896
5684.19,47.9516064,-81.8136896
5684.28,47.9516064,-81.8136896
5684.3,47.9516096,-81.8136768
5684.36,47.9516096,-81.8136768
5684.4,47.9516128,-81.8136704
5684.45,47.9516128,-81.8136704
5684.49,47.9516192,-81.8136512
5684.53,47.9516192,-81.8136512
5684.59,47.9516224,-81.8136384
5684.6,47.9516224,-81.8136384
5684.69,47.9516224,-81.8136384
5684.69,47.9516256,-81.8136192
5684.77,47.9516256,-81.8136192
5684.8,47.9516288,-81.8136064
5684.86,47.9516288,-81.8136064
5684.89,47.951632,-81.8135936
5684.95,47.951632,-81.8135936
5685.0,47.951632,-81.8135808
5685.02,47.951632,-81.8135808
5685.1,47.9516384,-81.813568
5685.1,47.9516384,-81.813568
5685.19,47.9516384,-81.813568
5685.2,47.9516416,-81.8135552
5685.27,47.9516416,-81.8135552
5685.3,47.9516448,-81.813536
5685.36,47.9516448,-81.813536
5685.39,47.951648,-81.8135232
5685.44,47.951648,-81.8135232
5685.49,47.9516512,-81.8135168
5685.52,47.9516512,-81.8135168
5685.59,47.9516576,-81.8134976
5685.6,47.9516576,-81.8134976
5685.69,47.9516576,-81.8134976
5685.69,47.9516608,-81.8134848
5685.78,47.9516608,-81.8134848
5685.79,47.9516608,-81.813472
5685.86,47.9516608,-81.813472
5685.89,47.951664,-81.8134528
5685.93,47.951664,-81.8134528
5686.0,47.9516672,-81.81344
5686.02,47.9516672,-81.81344
5686.1,47.9516704,-81.8134208
5686.1,47.9516704,-81.8134208
5686.19,47.9516704,-81.8134208
5686.2,47.9516768,-81.8134144
5686.28,47.9516768,-81.8134144
5686.3,47.95168,-81.8134016
5686.35,47.95168,-81.8134016
5686.4,47.9516832,-81.8133824
5686.44,47.9516832,-81.8133824
5686.5,47.9516864,-81.8133696
5686.53,47.9516864,-81.8133696
5686.59,47.9516864,-81.8133632
5686.61,47.9516864,-81.8133632
5686.69,47.9516896,-81.813344
5686.69,47.9516896,-81.813344
5686.77,47.9516896,-81.813344
5686.79,47.9516992,-81.8133312
5686.85,47.9516992,-81.8133312
5686.89,47.9516992,-81.8133184
5686.93,47.9516992,-81.8133184
5687.0,47.9517024,-81.8132992
5687.02,47.9517024,-81.8132992
5687.09,47.9517088,-81.8132928
5687.11,47.9517088,-81.8132928
5687.19,47.9517088,-81.8132928
5687.199,47.951712,-81.81328
5687.27,47.951712,-81.81328
5687.3,47.951712,-81.8132608
5687.35,47.951712,-81.8132608
5687.4,47.9517184,-81.813248
5687.43,47.9517184,-81.813248
5687.5,47.9517216,-81.8132352
5687.52,47.9517216,-81.8132352
5687.59,47.9517248,-81.813216
5687.61,47.9517248,-81.813216
5687.68,47.9517248,-81.813216
5687.69,47.951728,-81.8132032
5687.77,47.951728,-81.8132032
5687.79,47.9517312,-81.8131968
5687.85,47.9517312,-81.8131968
5687.89,47.9517376,-81.8131776
5687.93,47.9517376,-81.8131776
5688.0,47.9517408,-81.8131648
5688.02,47.9517408,-81.8131648
5688.09,47.951744,-81.8131456
5688.1,47.951744,-81.8131456
5688.18,47.951744,-81.8131456
5688.2,47.9517472,-81.8131328
5688.26,47.9517472,-81.8131328
5688.29,47.9517504,-81.81312
5688.36,47.9517504,-81.81312
5688.4,47.9517504,-81.8131008
5688.43,47.9517504,-81.8131008
5688.49,47.9517568,-81.8130944
5688.51,47.9517568,-81.8130944
5688.59,47.95176,-81.8130816
5688.59,47.95176,-81.8130816
5688.69,47.95176,-81.8130816
5688.69,47.9517632,-81.8130624
5688.76,47.9517632,-81.8130624
5688.79,47.9517632,-81.8130496
5688.85,47.9517632,-81.8130496
5688.89,47.9517664,-81.8130432
5688.94,47.9517664,-81.8130432
5689.0,47.9517696,-81.813024
5689.01,47.9517696,-81.813024
5689.09,47.9517696,-81.813024
5689.09,47.951776,-81.8130112
5689.19,47.951776,-81.8130112
5689.2,47.951776,-81.8129984
5689.27,47.951776,-81.8129984
5689.3,47.9517792,-81.8129856
5689.35,47.9517792,-81.8129856
5689.4,47.9517792,-81.8129728
5689.43,47.9517792,-81.8129728
5689.49,47.9517824,-81.81296
5689.5,47.9517824,-81.81296
5689.59,47.9517856,-81.8129408
5689.59,47.9517856,-81.8129408
5689.67,47.9517856,-81.8129408
5689.69,47.9517888,-81.8129344
5689.759,47.9517888,-81.8129344
5689.79,47.9517888,-81.8129216
5689.85,47.9517888,-81.8129216
5689.89,47.9517952,-81.8129088
5689.92,47.9517952,-81.8129088
5690.0,47.9517984,-81.812896
5690.0,47.9517984,-81.812896
5690.09,47.9517984,-81.812896
5690.1,47.9518016,-81.8128832
5690.17,47.9518016,-81.8128832
5690.19,47.9518048,-81.812864
5690.26,47.9518048,-81.812864
5690.29,47.9518048,-81.8128576
5690.34,47.9518048,-81.8128576
5690.399,47.951808,-81.8128448
5690.42,47.951808,-81.8128448
5690.49,47.9518112,-81.8128256
5690.5,47.9518112,-81.8128256
5690.59,47.9518112,-81.8128256
5690.59,47.9518176,-81.8128128
5690.67,47.9518176,-81.8128128
5690.69,47.9518176,-81.8128
5690.76,47.9518176,-81.8128
5690.79,47.9518208,-81.8127872
5690.83,47.9518208,-81.8127872
5690.9,47.951824,-81.8127744
5690.91,47.951824,-81.8127744
5691.0,47.9518272,-81.8127488
5691.0,47.9518272,-81.8127488
5691.09,47.9518272,-81.8127488
5691.1,47.9518304,-81.812736
5691.17,47.9518304,-81.812736
5691.19,47.9518368,-81.8127232
5691.25,47.9518368,-81.8127232
5691.3,47.95184,-81.8127168
5691.33,47.95184,-81.8127168
5691.4,47.9518432,-81.8126912
5691.41,47.9518432,-81.8126912
5691.49,47.9518464,-81.8126784
5691.5,47.9518464,-81.8126784
5691.59,47.9518464,-81.8126784
5691.59,47.9518496,-81.8126592
5691.67,47.9518496,-81.8126592
5691.69,47.951856,-81.8126464
5691.75,47.951856,-81.8126464
5691.79,47.9518592,-81.8126272
5691.83,47.9518592,-81.8126272
5691.89,47.9518624,-81.8126144
5691.92,47.9518624,-81.8126144
5692.0,47.9518656,-81.8126016
5692.0,47.9518656,-81.8126016
5692.09,47.9518656,-81.8126016
5692.09,47.9518688,-81.8125824
5692.16,47.9518688,-81.8125824
5692.2,47.9518752,-81.8125696
5692.24,47.9518752,-81.8125696
5692.3,47.9518784,-81.8125504
5692.33,47.9518784,-81.8125504
5692.39,47.9518816,-81.8125376
5692.41,47.9518816,-81.8125376
5692.5,47.9518848,-81.8125248
5692.5,47.9518848,-81.8125248
5692.58,47.9518848,-81.8125248
5692.59,47.951888,-81.8125056
5692.66,47.951888,-81.8125056
5692.69,47.9518944,-81.8124928
5692.73,47.9518944,-81.8124928
5692.79,47.9518976,-81.8124864
5692.82,47.9518976,-81.8124864
5692.89,47.9519008,-81.8124672
5692.91,47.9519008,-81.8124672
5692.99,47.9519008,-81.8124672
5693.0,47.951904,-81.8124544
5693.07,47.951904,-81.8124544
5693.1,47.9519072,-81.8124416
5693.16,47.9519072,-81.8124416
5693.2,47.9519104,-81.8124288
5693.24,47.9519104,-81.8124288
5693.3,47.9519104,-81.812416
5693.32,47.9519104,-81.812416
5693.4,47.9519168,-81.8124032
5693.4,47.9519168,-81.8124032
5693.49,47.9519168,-81.8124032
5693.5,47.95192,-81.812384
5693.57,47.95192,-81.812384
5693.59,47.9519232,-81.8123712
5693.66,47.9519232,-81.8123712
5693.69,47.9519264,-81.8123648
5693.74,47.9519264,-81.8123648
5693.79,47.9519296,-81.8123456
5693.82,47.9519296,-81.8123456
5693.89,47.951936,-81.8123328
5693.9,47.951936,-81.8123328
5693.99,47.951936,-81.8123328
5694.0,47.9519392,-81.81232
5694.07,47.9519392,-81.81232
5694.09,47.9519424,-81.8123008
5694.15,47.9519424,-81.8123008
5694.19,47.9519456,-81.812288
5694.239,47.9519456,-81.812288
5694.29,47.9519488,-81.8122688
5694.32,47.9519488,-81.8122688
5694.4,47.9519552,-81.812256
5694.4,47.9519552,-81.812256
5694.48,47.9519552,-81.812256
5694.49,47.9519584,-81.8122432
5694.57,47.9519584,-81.8122432
5694.59,47.9519616,-81.812224
5694.66,47.9519616,-81.812224
5694.69,47.9519616,-81.8122112
5694.74,47.9519616,-81.8122112
5694.79,47.951968,-81.812192
5694.82,47.951968,-81.812192
5694.89,47.9519744,-81.8121792
5694.89,47.9519744,-81.8121792
5694.98,47.9519744,-81.8121792
5695.0,47.9519776,-81.8121728
5695.07,47.9519776,-81.8121728
5695.09,47.9519776,-81.8121536
5695.15,47.9519776,-81.8121536
5695.19,47.9519808,-81.8121408
5695.24,47.9519808,-81.8121408
5695.29,47.951984,-81.812128
5695.31,47.951984,-81.812128
5695.39,47.951984,-81.812128
5695.39,47.9519872,-81.8121088
5695.47,47.9519872,-81.8121088
5695.49,47.9519872,-81.812096
5695.57,47.9519872,-81.812096
5695.59,47.9519936,-81.8120832
5695.65,47.9519936,-81.8120832
5695.69,47.9519968,-81.812064
5695.73,47.9519968,-81.812064
5695.79,47.952,-81.8120512
5695.8,47.952,-81.8120512
5695.89,47.952,-81.8120512
5695.89,47.9520032,-81.8120448
5695.98,47.9520032,-81.8120448
5696.0,47.9520064,-81.8120256
5696.06,47.9520064,-81.8120256
5696.1,47.9520096,-81.8120128
5696.15,47.9520096,-81.8120128
5696.19,47.952016,-81.8119936
5696.22,47.952016,-81.8119936
5696.29,47.9520192,-81.8119808
5696.31,47.9520192,-81.8119808
5696.39,47.9520192,-81.8119808
5696.39,47.9520224,-81.811968
5696.47,47.9520224,-81.811968
5696.49,47.9520256,-81.8119488
5696.56,47.9520256,-81.8119488
5696.59,47.9520288,-81.8119424
5696.64,47.9520288,-81.8119424
5696.69,47.9520352,-81.8119296
5696.71,47.9520352,-81.8119296
5696.79,47.9520384,-81.8119104
5696.799,47.9520384,-81.8119104
5696.89,47.9520384,-81.8119104
5696.89,47.9520416,-81.811904
5696.97,47.9520416,-81.811904
5697.0,47.9520416,-81.8118912
5697.06,47.9520416,-81.8118912
5697.1,47.9520448,-81.811872
5697.13,47.9520448,-81.811872
5697.19,47.952048,-81.8118592
5697.22,47.952048,-81.8118592
5697.29,47.9520544,-81.8118464
5697.3,47.9520544,-81.8118464
5697.39,47.9520544,-81.8118464
5697.4,47.9520576,-81.8118336
5697.47,47.9520576,-81.8118336
5697.49,47.9520608,-81.8118208
5697.55,47.9520608,-81.8118208
5697.59,47.952064,-81.811808
5697.63,47.952064,-81.811808
5697.69,47.9520672,-81.8117888
5697.71,47.9520672,-81.8117888
5697.79,47.9520736,-81.8117824
5697.79,47.9520736,-81.8117824
5697.88,47.9520736,-81.8117824
5697.89,47.9520768,-81.8117696
5697.96,47.9520768,-81.8117696
5698.0,47.95208,-81.8117504
5698.04,47.95208,-81.8117504
5698.1,47.9520832,-81.8117376
5698.12,47.9520832,-81.8117376
5698.2,47.9520864,-81.8117312
5698.2,47.9520864,-81.8117312
5698.29,47.952096,-81.811712
5698.29,47.952096,-81.811712
5698.38,47.952096,-81.811712
5698.39,47.952096,-81.8117056
5698.46,47.952096,-81.8117056
5698.49,47.9521024,-81.8116928
5698.54,47.9521024,-81.8116928
5698.59,47.9521056,-81.8116736
5698.62,47.9521056,-81.8116736
5698.69,47.9521088,-81.8116672
5698.7,47.9521088,-81.8116672
5698.79,47.9521152,-81.8116544
5698.79,47.9521152,-81.8116544
5698.88,47.9521152,-81.8116544
5698.89,47.9521184,-81.811648
5698.96,47.9521184,-81.811648
5699.0,47.9521216,-81.8116288
5699.04,47.9521216,-81.8116288
5699.1,47.952128,-81.811616
5699.12,47.952128,-81.811616
5699.19,47.9521344,-81.8116096
5699.21,47.9521344,-81.8116096
5699.3,47.9521344,-81.8116096
5699.3,47.9521376,-81.8115904
5699.37,47.9521376,-81.8115904
5699.39,47.952144,-81.811584
5699.46,47.952144,-81.811584
5699.49,47.9521472,-81.8115712
5699.54,47.9521472,-81.8115712
5699.59,47.9521536,-81.8115584
5699.62,47.9521536,-81.8115584
5699.69,47.9521568,-81.8115456
5699.7,47.9521568,-81.8115456
5699.79,47.9521568,-81.8115456
5699.79,47.95216,-81.8115392
5699.87,47.95216,-81.8115392
5699.89,47.9521632,-81.8115328
5699.95,47.9521632,-81.8115328
5699.999,47.9521728,-81.8115136
5700.04,47.9521728,-81.8115136
5700.09,47.952176,-81.8115072
5700.12,47.952176,-81.8115072
5700.19,47.9521792,-81.8114944
5700.2,47.9521792,-81.8114944
5700.28,47.9521792,-81.8114944
5700.3,47.9521824,-81.811488
5700.37,47.9521824,-81.811488
5700.39,47.9521856,-81.8114688
5700.45,47.9521856,-81.8114688
5700.49,47.9521952,-81.8114624
5700.53,47.9521952,-81.8114624
5700.59,47.9521984,-81.8114496
5700.61,47.9521984,-81.8114496
5700.69,47.9522016,-81.8114368
5700.69,47.9522016,-81.8114368
5700.77,47.9522016,-81.8114368
5700.79,47.9522048,-81.8114304
5700.86,47.9522048,-81.8114304
5700.89,47.952208,-81.8114176
5700.94,47.952208,-81.8114176
5701.0,47.9522144,-81.8113984
5701.03,47.9522144,-81.8113984
5701.09,47.9522176,-81.811392
5701.11,47.9522176,-81.811392
5701.19,47.9522176,-81.811392
5701.19,47.952224,-81.8113792
5701.27,47.952224,-81.8113792
5701.29,47.9522272,-81.8113728
5701.36,47.9522272,-81.8113728
5701.39,47.9522368,-81.8113664
5701.44,47.9522368,-81.8113664
5701.49,47.95224,-81.8113472
5701.53,47.95224,-81.8113472
5701.59,47.9522432,-81.8113408
5701.61,47.9522432,-81.8113408
5701.69,47.9522432,-81.8113408
5701.69,47.9522528,-81.811328
5701.77,47.9522528,-81.811328
5701.79,47.952256,-81.8113152
5701.85,47.952256,-81.8113152
5701.89,47.9522592,-81.8113024
5701.94,47.9522592,-81.8113024
5702.0,47.9522656,-81.811296
5702.02,47.9522656,-81.811296
5702.09,47.952272,-81.8112896
5702.1,47.952272,-81.8112896
5702.18,47.952272,-81.8112896
5702.2,47.9522752,-81.8112704
5702.26,47.9522752,-81.8112704
5702.29,47.9522784,-81.811264
5702.35,47.9522784,-81.811264
5702.39,47.9522848,-81.8112576
5702.43,47.9522848,-81.8112576
5702.49,47.9522944,-81.8112384
5702.52,47.9522944,-81.8112384
5702.59,47.9522976,-81.811232
5702.59,47.9522976,-81.811232
5702.69,47.9522976,-81.811232
5702.69,47.952304,-81.8112192
5702.76,47.952304,-81.8112192
5702.79,47.9523072,-81.8112128
5702.85,47.9523072,-81.8112128
5702.89,47.9523168,-81.8112
5702.94,47.9523168,-81.8112
5703.0,47.95232,-81.8111872
5703.01,47.95232,-81.8111872
5703.1,47.9523232,-81.8111808
5703.1,47.9523232,-81.8111808
5703.19,47.9523232,-81.8111808
5703.199,47.9523328,-81.811168
5703.27,47.9523328,-81.811168
5703.29,47.952336,-81.8111552
5703.35,47.952336,-81.8111552
5703.39,47.9523424,-81.8111488
5703.43,47.9523424,-81.8111488
5703.49,47.9523456,-81.811136
5703.5,47.9523456,-81.811136
5703.59,47.9523552,-81.8111296
5703.59,47.9523552,-81.8111296
5703.68,47.9523552,-81.8111296
5703.69,47.9523584,-81.8111168
5703.76,47.9523584,-81.8111168
5703.79,47.9523648,-81.811104
5703.839,47.9523648,-81.811104
5703.89,47.9523744,-81.8110976
5703.92,47.9523744,-81.8110976
5704.0,47.9523776,-81.8110912
5704.0,47.9523776,-81.8110912
5704.09,47.9523776,-81.8110912
5704.09,47.952384,-81.811072
5704.17,47.952384,-81.811072
5704.2,47.9523872,-81.8110656
5704.26,47.9523872,-81.8110656
5704.3,47.9523936,-81.8110592
5704.34,47.9523936,-81.8110592
5704.39,47.9524,-81.81104
5704.41,47.9524,-81.81104
5704.49,47.9524032,-81.8110336
5704.49,47.9524032,-81.8110336
5704.58,47.9524032,-81.8110336
5704.59,47.9524128,-81.8110208
5704.66,47.9524128,-81.8110208
5704.69,47.952416,-81.8110144
5704.75,47.952416,-81.8110144
5704.8,47.9524224,-81.8109952
5704.83,47.9524224,-81.8109952
5704.89,47.9524256,-81.8109888
5704.9,47.9524256,-81.8109888
5704.99,47.9524256,-81.8109888
5705.0,47.9524352,-81.8109824
5705.08,47.9524352,-81.8109824
5705.1,47.9524384,-81.8109696
5705.17,47.9524384,-81.8109696
5705.19,47.9524448,-81.8109568
5705.25,47.9524448,-81.8109568
5705.3,47.9524512,-81.810944
5705.32,47.9524512,-81.810944
5705.39,47.9524576,-81.8109376
5705.4,47.9524576,-81.8109376
5705.49,47.9524576,-81.8109376
5705.49,47.952464,-81.8109184
5705.58,47.952464,-81.8109184
5705.59,47.9524704,-81.810912
5705.66,47.9524704,-81.810912
5705.69,47.9524768,-81.8109056
5705.74,47.9524768,-81.8109056
5705.79,47.95248,-81.8108928
5705.82,47.95248,-81.8108928
5705.89,47.9524864,-81.81088
5705.9,47.9524864,-81.81088
5705.99,47.9524864,-81.81088
5706.0,47.9524928,-81.8108736
5706.07,47.9524928,-81.8108736
5706.1,47.9524992,-81.8108608
5706.16,47.9524992,-81.8108608
5706.19,47.9525056,-81.8108544
5706.24,47.9525056,-81.8108544
5706.3,47.9525152,-81.8108352
5706.32,47.9525152,-81.8108352
5706.39,47.9525184,-81.8108288
5706.399,47.9525184,-81.8108288
5706.49,47.9525184,-81.8108288
5706.49,47.9525248,-81.8108224
5706.57,47.9525248,-81.8108224
5706.59,47.9525312,-81.8108032
5706.65,47.9525312,-81.8108032
5706.69,47.9525376,-81.8107968
5706.74,47.9525376,-81.8107968
5706.79,47.9525408,-81.810784
5706.82,47.9525408,-81.810784
5706.89,47.9525504,-81.8107776
5706.9,47.9525504,-81.8107776
5706.99,47.9525504,-81.8107776
5707.0,47.9525568,-81.8107712
5707.07,47.9525568,-81.8107712
5707.1,47.95256,-81.810752
5707.15,47.95256,-81.810752
5707.2,47.9525696,-81.8107456
5707.23,47.9525696,-81.8107456
5707.3,47.9525728,-81.8107328
5707.32,47.9525728,-81.8107328
5707.4,47.9525792,-81.81072
5707.4,47.9525792,-81.81072
5707.49,47.9525792,-81.81072
5707.49,47.9525824,-81.8107072
5707.56,47.9525824,-81.8107072
5707.59,47.9525856,-81.8107008
5707.64,47.9525856,-81.8107008
5707.69,47.9525952,-81.8106816
5707.73,47.9525952,-81.8106816
5707.79,47.9525984,-81.8106752
5707.81,47.9525984,-81.8106752
5707.89,47.9526048,-81.8106624
5707.9,47.9526048,-81.8106624
5707.98,47.9526048,-81.8106624
5707.99,47.9526144,-81.810656
5708.06,47.9526144,-81.810656
5708.09,47.9526176,-81.8106368
5708.14,47.9526176,-81.8106368
5708.2,47.952624,-81.8106304
5708.23,47.952624,-81.8106304
5708.29,47.9526304,-81.8106176
5708.31,47.9526304,-81.8106176
5708.4,47.9526368,-81.8106048
5708.4,47.9526368,-81.8106048
5708.48,47.9526368,-81.8106048
5708.49,47.95264,-81.810592
5708.56,47.95264,-81.810592
5708.59,47.9526496,-81.8105856
5708.64,47.9526496,-81.8105856
5708.69,47.9526528,-81.8105728
5708.72,47.9526528,-81.8105728
5708.79,47.9526592,-81.81056
5708.8,47.9526592,-81.81056
5708.89,47.9526592,-81.81056
5708.89,47.9526624,-81.8105472
5708.97,47.9526624,-81.8105472
5709.0,47.952672,-81.8105408
5709.06,47.952672,-81.8105408
5709.1,47.9526752,-81.8105216
5709.14,47.9526752,-81.8105216
5709.2,47.9526816,-81.8105152
5709.22,47.9526816,-81.8105152
5709.3,47.9526848,-81.8105088
5709.3,47.9526848,-81.8105088
5709.38,47.9526848,-81.8105088
5709.39,47.9526944,-81.810496
5709.47,47.9526944,-81.810496
5709.49,47.9526976,-81.8104832
5709.56,47.9526976,-81.8104832
5709.59,47.952704,-81.8104704
5709.64,47.952704,-81.8104704
5709.69,47.9527136,-81.810464
5709.72,47.9527136,-81.810464
5709.79,47.9527168,-81.8104576
5709.8,47.9527168,-81.8104576
5709.88,47.9527168,-81.8104576
5709.89,47.9527232,-81.8104384
5709.97,47.9527232,-81.8104384
5710.0,47.9527296,-81.810432
5710.06,47.9527296,-81.810432
5710.09,47.952736,-81.8104256
5710.13,47.952736,-81.8104256
5710.19,47.9527424,-81.8104064
5710.21,47.9527424,-81.8104064
5710.29,47.9527424,-81.8104064
5710.29,47.9527488,-81.8104
5710.38,47.9527488,-81.8104
5710.39,47.9527552,-81.8103872
5710.46,47.9527552,-81.8103872
5710.49,47.9527584,-81.8103808
5710.55,47.9527584,-81.8103808
5710.59,47.952768,-81.8103744
5710.64,47.952768,-81.8103744
5710.69,47.9527712,-81.8103616
5710.71,47.9527712,-81.8103616
5710.79,47.9527776,-81.8103488
5710.79,47.9527776,-81.8103488
5710.879,47.9527776,-81.8103488
5710.89,47.9527808,-81.8103424
5710.96,47.9527808,-81.8103424
5710.99,47.952784,-81.8103232
5711.04,47.952784,-81.8103232
5711.09,47.9527936,-81.8103168
5711.13,47.9527936,-81.8103168
5711.19,47.9527968,-81.8103104
5711.2,47.9527968,-81.8103104
5711.29,47.9527968,-81.8103104
5711.29,47.9528032,-81.8102976
5711.37,47.9528032,-81.8102976
5711.4,47.9528096,-81.8102784
5711.46,47.9528096,-81.8102784
5711.49,47.952816,-81.810272
5711.55,47.952816,-81.810272
5711.59,47.9528192,-81.8102592
5711.62,47.9528192,-81.8102592
5711.69,47.9528288,-81.8102464
5711.7,47.9528288,-81.8102464
5711.79,47.9528288,-81.8102464
5711.79,47.952832,-81.8102336
5711.87,47.952832,-81.8102336
5711.89,47.9528352,-81.8102272
5711.96,47.9528352,-81.8102272
5711.99,47.9528384,-81.810208
5712.04,47.9528384,-81.810208
5712.09,47.952848,-81.8102016
5712.12,47.952848,-81.8102016
5712.2,47.9528512,-81.8101888
5712.2,47.9528512,-81.8101888
5712.29,47.9528512,-81.8101888
5712.29,47.9528544,-81.8101824
5712.37,47.9528544,-81.8101824
5712.39,47.9528608,-81.8101632
5712.46,47.9528608,-81.8101632
5712.49,47.9528672,-81.8101568
5712.53,47.9528672,-81.8101568
5712.59,47.9528704,-81.8101504
5712.62,47.9528704,-81.8101504
5712.69,47.9528736,-81.8101376
5712.7,47.9528736,-81.8101376
5712.79,47.9528736,-81.8101376
5712.79,47.95288,-81.8101248
5712.87,47.95288,-81.8101248
5712.89,47.9528896,-81.8101184
5712.95,47.9528896,-81.8101184
5713.0,47.9528928,-81.810112
5713.03,47.9528928,-81.810112
5713.09,47.952896,-81.8100992
5713.12,47.952896,-81.8100992
5713.2,47.9529024,-81.8100864
5713.2,47.9529024,-81.8100864
5713.29,47.9529024,-81.8100864
5713.29,47.9529088,-81.81008
5713.37,47.9529088,-81.81008
5713.4,47.9529152,-81.8100672
5713.45,47.9529152,-81.8100672
5713.49,47.9529184,-81.8100608
5713.53,47.9529184,-81.8100608
5713.59,47.952928,-81.810048
5713.61,47.952928,-81.810048
5713.69,47.9529312,-81.8100352
5713.7,47.9529312,-81.8100352
5713.79,47.9529312,-81.8100352
5713.79,47.9529376,-81.8100288
5713.86,47.9529376,-81.8100288
5713.89,47.9529408,-81.8100224
5713.94,47.9529408,-81.8100224
5714.0,47.9529504,-81.8100032
5714.03,47.9529504,-81.8100032
5714.09,47.9529536,-81.8099968
5714.11,47.9529536,-81.8099968
5714.19,47.9529568,-81.8099904
5714.2,47.9529568,-81.8099904
5714.28,47.9529568,-81.8099904
5714.29,47.9529632,-81.809984
5714.36,47.9529632,-81.809984
5714.4,47.9529696,-81.8099648
5714.44,47.9529696,-81.8099648
5714.49,47.9529728,-81.8099584
5714.53,47.9529728,-81.8099584
5714.59,47.9529792,-81.809952
5714.61,47.9529792,-81.809952
5714.69,47.9529824,-81.8099392
5714.69,47.9529824,-81.8099392
5714.78,47.9529824,-81.8099392
5714.79,47.9529888,-81.8099264
5714.86,47.9529888,-81.8099264
5714.89,47.952992,-81.80992
5714.94,47.952992,-81.80992
5715.0,47.9529952,-81.8099072
5715.02,47.9529952,-81.8099072
5715.1,47.9530016,-81.8099008
5715.11,47.9530016,-81.8099008
5715.19,47.9530016,-81.8099008
5715.2,47.953008,-81.8098816
5715.27,47.953008,-81.8098816
5715.29,47.9530144,-81.8098752
5715.359,47.9530144,-81.8098752
5715.39,47.9530176,-81.8098624
5715.44,47.9530176,-81.8098624
5715.49,47.9530272,-81.8098432
5715.52,47.9530272,-81.8098432
5715.59,47.9530304,-81.8098368
5715.6,47.9530304,-81.8098368
5715.68,47.9530304,-81.8098368
5715.69,47.9530336,-81.809824
5715.76,47.9530336,-81.809824
5715.79,47.9530368,-81.8098176
5715.85,47.9530368,-81.8098176
5715.89,47.9530464,-81.8097984
5715.93,47.9530464,-81.8097984
5715.999,47.9530496,-81.809792
5716.01,47.9530496,-81.809792
5716.09,47.9530496,-81.8097856
5716.1,47.9530496,-81.8097856
5716.18,47.9530496,-81.8097856
5716.19,47.9530528,-81.8097792
5716.26,47.9530528,-81.8097792
5716.29,47.9530592,-81.80976
5716.35,47.9530592,-81.80976
5716.39,47.9530624,-81.8097536
5716.44,47.9530624,-81.8097536
5716.49,47.9530688,-81.8097472
5716.51,47.9530688,-81.8097472
5716.59,47.9530688,-81.8097472
5716.59,47.953072,-81.8097408
5716.68,47.953072,-81.8097408
5716.69,47.953072,-81.809728
5716.76,47.953072,-81.809728
5716.79,47.9530752,-81.8097216
5716.85,47.9530752,-81.8097216
5716.89,47.9530752,-81.8097216
5716.94,47.9530752,-81.8097216
5717.0,47.9530784,-81.8097152
5717.01,47.9530784,-81.8097152
5717.09,47.9530784,-81.8097152
5717.09,47.9530752,-81.8097088
5717.17,47.9530752,-81.8097088
5717.19,47.9530752,-81.8097088
5717.26,47.9530752,-81.8097088
5717.29,47.9530752,-81.8097024
5717.34,47.9530752,-81.8097024
5717.39,47.953072,-81.8096896
5717.43,47.953072,-81.8096896
5717.5,47.953072,-81.8096832
5717.5,47.953072,-81.8096832
5717.59,47.953072,-81.8096832
5717.59,47.953072,-81.8096832
5717.68,47.953072,-81.8096832
5717.69,47.953072,-81.8096768
5717.76,47.953072,-81.8096768
5717.79,47.953072,-81.809664
5717.84,47.953072,-81.809664
5717.89,47.953072,-81.8096512
5717.919,47.953072,-81.8096512
5718.0,47.953072,-81.8096384
5718.0,47.953072,-81.8096384
5718.09,47.953072,-81.8096384
5718.09,47.9530752,-81.8096256
5718.17,47.9530752,-81.8096256
5718.19,47.9530752,-81.8096064
5718.26,47.9530752,-81.8096064
5718.29,47.9530784,-81.8095936
5718.34,47.9530784,-81.8095936
5718.39,47.9530816,-81.8095872
5718.41,47.9530816,-81.8095872
5718.49,47.9530816,-81.809568
5718.5,47.9530816,-81.809568
5718.59,47.9530816,-81.809568
5718.59,47.953088,-81.8095552
5718.67,47.953088,-81.8095552
5718.69,47.953088,-81.8095424
5718.76,47.953088,-81.8095424
5718.79,47.9530912,-81.8095296
5718.83,47.9530912,-81.8095296
5718.89,47.9530944,-81.8095168
5718.91,47.9530944,-81.8095168
5719.0,47.9530944,-81.809504
5719.0,47.9530944,-81.809504
5719.09,47.9530944,-81.809504
5719.09,47.9530944,-81.8094912
5719.17,47.9530944,-81.8094912
5719.19,47.9530944,-81.8094848
5719.25,47.9530944,-81.8094848
5719.3,47.9530976,-81.809472
5719.32,47.9530976,-81.809472
5719.39,47.9530976,-81.8094656
5719.4,47.9530976,-81.8094656
5719.49,47.9530976,-81.8094528
5719.49,47.9530976,-81.8094528
5719.58,47.9530976,-81.8094528
5719.59,47.9530944,-81.8094464
5719.66,47.9530944,-81.8094464
5719.69,47.9530944,-81.80944
5719.74,47.9530944,-81.80944
5719.79,47.9530944,-81.8094336
5719.82,47.9530944,-81.8094336
5719.89,47.9530912,-81.8094272
5719.9,47.9530912,-81.8094272
5719.99,47.9530912,-81.8094272
5720.0,47.9530912,-81.8094208
5720.08,47.9530912,-81.8094208
5720.09,47.9530912,-81.809408
5720.16,47.9530912,-81.809408
5720.19,47.953088,-81.8094016
5720.23,47.953088,-81.8094016
5720.29,47.953088,-81.8094016
5720.31,47.953088,-81.8094016
5720.39,47.953088,-81.8093952
5720.4,47.953088,-81.8093952
5720.49,47.953088,-81.8093952
5720.49,47.953088,-81.8093888
5720.57,47.953088,-81.8093888
5720.59,47.9530816,-81.8093824
5720.66,47.9530816,-81.8093824
5720.69,47.9530816,-81.8093696
5720.74,47.9530816,-81.8093696
5720.79,47.9530816,-81.8093568
5720.82,47.9530816,-81.8093568
5720.89,47.9530816,-81.8093504
5720.9,47.9530816,-81.8093504
5720.99,47.9530816,-81.8093504
5721.0,47.953088,-81.809344
5721.07,47.953088,-81.809344
5721.1,47.953088,-81.8093312
5721.15,47.953088,-81.8093312
5721.2,47.953088,-81.8093248
5721.24,47.953088,-81.8093248
5721.3,47.953088,-81.8093184
5721.32,47.953088,-81.8093184
5721.39,47.953088,-81.8093056
5721.4,47.953088,-81.8093056
5721.49,47.953088,-81.8093056
5721.49,47.953088,-81.8092928
5721.56,47.953088,-81.8092928
5721.59,47.953088,-81.8092864
5721.65,47.953088,-81.8092864
5721.69,47.953088,-81.8092864
5721.74,47.953088,-81.8092864
5721.79,47.953088,-81.80928
5721.82,47.953088,-81.80928
5721.89,47.9530912,-81.8092736
5721.9,47.9530912,-81.8092736
5721.98,47.9530912,-81.8092736
5722.0,47.9530944,-81.8092672
5722.06,47.9530944,-81.8092672
5722.09,47.9530944,-81.8092544
5722.14,47.9530944,-81.8092544
5722.19,47.9530976,-81.809248
5722.23,47.9530976,-81.809248
5722.3,47.9531008,-81.8092352
5722.31,47.9531008,-81.8092352
5722.39,47.9531072,-81.8092288
5722.39,47.9531072,-81.8092288
5722.47,47.9531072,-81.8092288
5722.49,47.9531104,-81.8092224
5722.56,47.9531104,-81.8092224
5722.59,47.9531136,-81.8092096
5722.64,47.9531136,-81.8092096
5722.69,47.9531168,-81.8092096
5722.73,47.9531168,-81.8092096
5722.79,47.95312,-81.8092032
5722.81,47.95312,-81.8092032
5722.89,47.95312,-81.8092032
5722.89,47.9531264,-81.8092032
5722.97,47.9531264,-81.8092032
5723.0,47.9531264,-81.8091968
5723.06,47.9531264,-81.8091968
5723.1,47.9531296,-81.8091968
5723.14,47.9531296,-81.8091968
5723.2,47.9531296,-81.8091968
5723.22,47.9531296,-81.8091968
5723.29,47.9531328,-81.8091904
5723.31,47.9531328,-81.8091904
5723.39,47.9531328,-81.8091904
5723.39,47.953136,-81.8091904
5723.47,47.953136,-81.8091904
5723.49,47.953136,-81.8091904
5723.56,47.953136,-81.8091904
5723.59,47.9531392,-81.8091904
5723.64,47.9531392,-81.8091904
5723.69,47.9531456,-81.809184
5723.72,47.9531456,-81.809184
5723.79,47.9531488,-81.809184
5723.8,47.9531488,-81.809184
5723.89,47.9531488,-81.809184
5723.89,47.953152,-81.809184
5723.97,47.953152,-81.809184
5724.0,47.9531552,-81.8091712
5724.06,47.9531552,-81.8091712
5724.09,47.9531584,-81.8091712
5724.14,47.9531584,-81.8091712
5724.19,47.9531616,-81.8091648
5724.22,47.9531616,-81.8091648
5724.29,47.9531712,-81.8091648
5724.3,47.9531712,-81.8091648
5724.39,47.9531712,-81.8091648
5724.39,47.9531744,-81.8091584
5724.47,47.9531744,-81.8091584
5724.49,47.9531776,-81.8091584
5724.56,47.9531776,-81.8091584
5724.59,47.9531872,-81.809152
5724.64,47.9531872,-81.809152
5724.69,47.9531904,-81.809152
5724.71,47.9531904,-81.809152
5724.79,47.9531936,-81.8091456
5724.79,47.9531936,-81.8091456
5724.89,47.9531936,-81.8091456
5724.89,47.9532,-81.8091456
5724.97,47.9532,-81.8091456
5725.0,47.9532064,-81.8091456
5725.05,47.9532064,-81.8091456
5725.09,47.9532128,-81.8091328
5725.13,47.9532128,-81.8091328
5725.19,47.9532192,-81.8091328
5725.2,47.9532192,-81.8091328
5725.29,47.9532288,-81.8091328
5725.29,47.9532288,-81.8091328
5725.38,47.9532288,-81.8091328
5725.39,47.953232,-81.8091264
5725.46,47.953232,-81.8091264
5725.49,47.9532384,-81.8091264
5725.55,47.9532384,-81.8091264
5725.59,47.9532448,-81.8091264
5725.62,47.9532448,-81.8091264
5725.69,47.9532512,-81.80912
5725.7,47.9532512,-81.80912
5725.79,47.9532576,-81.80912
5725.79,47.9532576,-81.80912
5725.87,47.9532576,-81.80912
5725.89,47.9532608,-81.80912
5725.96,47.9532608,-81.80912
5726.0,47.9532704,-81.80912
5726.04,47.9532704,-81.80912
5726.09,47.9532736,-81.80912
5726.11,47.9532736,-81.80912
5726.19,47.95328,-81.8091136
5726.2,47.95328,-81.8091136
5726.29,47.9532896,-81.8091136
5726.29,47.9532896,-81.8091136
5726.37,47.9532896,-81.8091136
5726.39,47.953296,-81.8091072
5726.46,47.953296,-81.8091072
5726.49,47.9533056,-81.8091072
5726.54,47.9533056,-81.8091072
5726.59,47.9533088,-81.8090944
5726.62,47.9533088,-81.8090944
5726.69,47.9533152,-81.8090944
5726.7,47.9533152,-81.8090944
5726.79,47.9533152,-81.8090944
5726.79,47.9533248,-81.809088
5726.87,47.9533248,-81.809088
5726.89,47.9533344,-81.809088
5726.95,47.9533344,-81.809088
5727.0,47.953344,-81.8090816
5727.04,47.953344,-81.8090816
5727.09,47.9533504,-81.8090816
5727.12,47.9533504,-81.8090816
5727.19,47.9533568,-81.8090752
5727.2,47.9533568,-81.8090752
5727.29,47.9533568,-81.8090752
5727.29,47.9533664,-81.8090688
5727.37,47.9533664,-81.8090688
5727.39,47.9533728,-81.8090688
5727.44,47.9533728,-81.8090688
5727.49,47.9533792,-81.809056
5727.54,47.9533792,-81.809056
5727.59,47.9533888,-81.8090496
5727.62,47.9533888,-81.8090496
5727.69,47.9533984,-81.8090496
5727.7,47.9533984,-81.8090496
5727.79,47.9533984,-81.8090496
5727.79,47.953408,-81.8090432
5727.86,47.953408,-81.8090432
5727.89,47.9534144,-81.8090432
5727.94,47.9534144,-81.8090432
5728.0,47.9534272,-81.8090368
5728.03,47.9534272,-81.8090368
5728.09,47.9534336,-81.8090304
5728.12,47.9534336,-81.8090304
5728.19,47.9534432,-81.8090304
5728.2,47.9534432,-81.8090304
5728.28,47.9534432,-81.8090304
5728.29,47.9534528,-81.809024
5728.36,47.9534528,-81.809024
5728.39,47.9534592,-81.809024
5728.44,47.9534592,-81.809024
5728.49,47.9534688,-81.8090112
5728.52,47.9534688,-81.8090112
5728.59,47.9534752,-81.8090048
5728.62,47.9534752,-81.8090048
5728.69,47.9534848,-81.8090048
5728.69,47.9534848,-81.8090048
5728.77,47.9534848,-81.8090048
5728.79,47.9534944,-81.8089984
5728.86,47.9534944,-81.8089984
5728.89,47.953504,-81.8089984
5728.94,47.953504,-81.8089984
5728.99,47.9535104,-81.808992
5729.02,47.9535104,-81.808992
5729.09,47.9535168,-81.8089856
5729.12,47.9535168,-81.8089856
5729.19,47.9535168,-81.8089856
5729.19,47.9535264,-81.8089728
5729.27,47.9535264,-81.8089728
5729.29,47.9535328,-81.8089728
5729.36,47.9535328,-81.8089728
5729.39,47.9535424,-81.8089664
5729.439,47.9535424,-81.8089664
5729.49,47.9535488,-81.80896
5729.52,47.9535488,-81.80896
5729.59,47.9535584,-81.80896
5729.61,47.9535584,-81.80896
5729.69,47.9535584,-81.80896
5729.69,47.953568,-81.8089536
5729.77,47.953568,-81.8089536
5729.79,47.9535744,-81.8089536
5729.86,47.9535744,-81.8089536
5729.89,47.953584,-81.8089472
5729.94,47.953584,-81.8089472
5730.0,47.9535904,-81.8089472
5730.02,47.9535904,-81.8089472
5730.09,47.9536032,-81.8089344
5730.1,47.9536032,-81.8089344
5730.19,47.9536032,-81.8089344
5730.19,47.9536064,-81.8089344
5730.27,47.9536064,-81.8089344
5730.29,47.9536128,-81.808928
5730.36,47.9536128,-81.808928
5730.39,47.9536256,-81.8089216
5730.44,47.9536256,-81.8089216
5730.49,47.953632,-81.8089216
5730.52,47.953632,-81.8089216
5730.59,47.9536384,-81.8089152
5730.59,47.9536384,-81.8089152
5730.69,47.9536384,-81.8089152
5730.69,47.953648,-81.8089088
5730.77,47.953648,-81.8089088
5730.79,47.9536544,-81.8089088
5730.86,47.9536544,-81.8089088
5730.89,47.953664,-81.808896
5730.94,47.953664,-81.808896
5730.99,47.9536672,-81.808896
5731.01,47.9536672,-81.808896
5731.09,47.9536768,-81.8088896
5731.09,47.9536768,-81.8088896
5731.18,47.9536768,-81.8088896
5731.19,47.9536832,-81.8088832
5731.27,47.9536832,-81.8088832
5731.29,47.9536896,-81.8088832
5731.35,47.9536896,-81.8088832
5731.39,47.953696,-81.8088768
5731.43,47.953696,-81.8088768
5731.49,47.9537056,-81.8088704
5731.51,47.9537056,-81.8088704
5731.59,47.953712,-81.8088704
5731.59,47.953712,-81.8088704
5731.68,47.953712,-81.8088704
5731.69,47.9537216,-81.8088704
5731.77,47.9537216,-81.8088704
5731.79,47.9537248,-81.8088576
5731.85,47.9537248,-81.8088576
5731.89,47.9537312,-81.8088576
5731.92,47.9537312,-81.8088576
5731.99,47.9537376,-81.8088512
5732.01,47.9537376,-81.8088512
5732.09,47.9537472,-81.8088512
5732.09,47.9537472,-81.8088512
5732.18,47.9537472,-81.8088512
5732.19,47.9537536,-81.8088448
5732.26,47.9537536,-81.8088448
5732.29,47.9537568,-81.8088448
5732.34,47.9537568,-81.8088448
5732.39,47.9537696,-81.8088384
5732.42,47.9537696,-81.8088384
5732.49,47.9537728,-81.8088384
5732.51,47.9537728,-81.8088384
5732.59,47.9537824,-81.808832
5732.59,47.9537824,-81.808832
5732.68,47.9537824,-81.808832
5732.69,47.9537888,-81.808832
5732.76,47.9537888,-81.808832
5732.79,47.9537952,-81.8088256
5732.85,47.9537952,-81.8088256
5732.89,47.9538048,-81.8088256
5732.93,47.9538048,-81.8088256
5733.0,47.9538112,-81.8088128
5733.01,47.9538112,-81.8088128
5733.09,47.9538208,-81.8088128
5733.1,47.9538208,-81.8088128
5733.18,47.9538208,-81.8088128
5733.19,47.9538272,-81.8088064
5733.25,47.9538272,-81.8088064
5733.3,47.9538336,-81.8088
5733.35,47.9538336,-81.8088
5733.39,47.9538368,-81.8088
5733.43,47.9538368,-81.8088
5733.49,47.9538464,-81.8087936
5733.51,47.9538464,-81.8087936
5733.59,47.9538528,-81.8087936
5733.59,47.9538528,-81.8087936
5733.67,47.9538528,-81.8087936
5733.69,47.9538624,-81.8087872
5733.75,47.9538624,-81.8087872
5733.79,47.9538688,-81.8087872
5733.83,47.9538688,-81.8087872
5733.89,47.9538752,-81.8087744
5733.93,47.9538752,-81.8087744
5733.99,47.9538848,-81.808768
5734.01,47.9538848,-81.808768
5734.09,47.9538848,-81.808768
5734.09,47.9538912,-81.808768
5734.17,47.9538912,-81.808768
5734.19,47.953904,-81.8087616
5734.25,47.953904,-81.8087616
5734.29,47.9539104,-81.8087552
5734.33,47.9539104,-81.8087552
5734.39,47.95392,-81.8087488
5734.43,47.95392,-81.8087488
5734.49,47.9539264,-81.808736
5734.51,47.9539264,-81.808736
5734.58,47.9539264,-81.808736
5734.59,47.9539328,-81.808736
5734.67,47.9539328,-81.808736
5734.69,47.9539456,-81.8087296
5734.75,47.9539456,-81.8087296
5734.79,47.953952,-81.8087232
5734.83,47.953952,-81.8087232
5734.89,47.9539616,-81.8087168
5734.92,47.9539616,-81.8087168
5735.0,47.9539712,-81.8087104
5735.0,47.9539712,-81.8087104
5735.08,47.9539712,-81.8087104
5735.09,47.9539808,-81.8086976
5735.17,47.9539808,-81.8086976
5735.19,47.9539872,-81.8086912
5735.25,47.9539872,-81.8086912
5735.29,47.9539936,-81.8086912
5735.33,47.9539936,-81.8086912
5735.39,47.9540064,-81.8086848
5735.42,47.9540064,-81.8086848
5735.49,47.9540128,-81.8086784
5735.5,47.9540128,-81.8086784
5735.58,47.9540128,-81.8086784
5735.59,47.9540256,-81.808672
5735.66,47.9540256,-81.808672
5735.69,47.954032,-81.8086528
5735.75,47.954032,-81.8086528
5735.79,47.9540448,-81.8086464
5735.83,47.9540448,-81.8086464
5735.89,47.9540512,-81.80864
5735.91,47.9540512,-81.80864
5736.0,47.9540512,-81.80864
5736.0,47.954064,-81.8086336
5736.08,47.954064,-81.8086336
5736.1,47.9540704,-81.8086272
5736.16,47.9540704,-81.8086272
5736.19,47.95408,-81.8086144
5736.24,47.95408,-81.8086144
5736.3,47.9540896,-81.808608
5736.33,47.9540896,-81.808608
5736.39,47.9541024,-81.8086016
5736.4,47.9541024,-81.8086016
5736.49,47.9541024,-81.8086016
5736.49,47.9541088,-81.8085888
5736.58,47.9541088,-81.8085888
5736.59,47.9541216,-81.808576
5736.66,47.9541216,-81.808576
5736.69,47.954128,-81.8085696
5736.74,47.954128,-81.8085696
5736.79,47.9541408,-81.8085568
5736.82,47.9541408,-81.8085568
5736.89,47.9541472,-81.8085504
5736.9,47.9541472,-81.8085504
5736.99,47.9541472,-81.8085504
5736.99,47.95416,-81.8085376
5737.08,47.95416,-81.8085376
5737.09,47.9541696,-81.8085248
5737.16,47.9541696,-81.8085248
5737.19,47.9541792,-81.8085184
5737.24,47.9541792,-81.8085184
5737.29,47.9541888,-81.8084992
5737.32,47.9541888,-81.8084992
5737.39,47.9541984,-81.8084928
5737.4,47.9541984,-81.8084928
5737.48,47.9541984,-81.8084928
5737.49,47.954208,-81.8084864
5737.58,47.954208,-81.8084864
5737.59,47.9542208,-81.8084736
5737.66,47.9542208,-81.8084736
5737.69,47.9542272,-81.8084544
5737.73,47.9542272,-81.8084544
5737.79,47.95424,-81.808448
5737.81,47.95424,-81.808448
5737.89,47.9542464,-81.8084352
5737.9,47.9542464,-81.8084352
5737.98,47.9542464,-81.8084352
5738.0,47.9542592,-81.8084288
5738.07,47.9542592,-81.8084288
5738.09,47.9542688,-81.8084096
5738.16,47.9542688,-81.8084096
5738.19,47.9542784,-81.8084032
5738.24,47.9542784,-81.8084032
5738.29,47.954288,-81.8083904
5738.31,47.954288,-81.8083904
5738.39,47.9543008,-81.8083776
5738.399,47.9543008,-81.8083776
5738.49,47.9543008,-81.8083776
5738.49,47.9543072,-81.8083648
5738.57,47.9543072,-81.8083648
5738.59,47.95432,-81.808352
5738.66,47.95432,-81.808352
5738.69,47.9543264,-81.8083392
5738.74,47.9543264,-81.8083392
5738.79,47.9543392,-81.8083264
5738.82,47.9543392,-81.8083264
5738.89,47.9543488,-81.8083136
5738.9,47.9543488,-81.8083136
5738.99,47.9543488,-81.8083136
5738.99,47.9543584,-81.8083008
5739.06,47.9543584,-81.8083008
5739.09,47.954368,-81.808288
5739.15,47.954368,-81.808288
5739.19,47.9543776,-81.8082752
5739.24,47.9543776,-81.8082752
5739.29,47.9543872,-81.808256
5739.32,47.9543872,-81.808256
5739.39,47.9543968,-81.8082432
5739.4,47.9543968,-81.8082432
5739.48,47.9543968,-81.8082432
5739.49,47.9544064,-81.8082368
5739.56,47.9544064,-81.8082368
5739.59,47.9544128,-81.8082176
5739.65,47.9544128,-81.8082176
5739.69,47.9544224,-81.8082048
5739.74,47.9544224,-81.8082048
5739.79,47.954432,-81.808192
5739.82,47.954432,-81.808192
5739.89,47.9544416,-81.8081728
5739.9,47.9544416,-81.8081728
5739.98,47.9544416,-81.8081728
5740.0,47.954448,-81.80816
5740.06,47.954448,-81.80816
5740.09,47.9544608,-81.8081408
5740.14,47.9544608,-81.8081408
5740.19,47.9544672,-81.808128
5740.23,47.9544672,-81.808128
5740.29,47.9544768,-81.8081152
5740.31,47.9544768,-81.8081152
5740.39,47.9544768,-81.8081152
5740.39,47.9544832,-81.8081024
5740.47,47.9544832,-81.8081024
5740.49,47.9544896,-81.8080896
5740.56,47.9544896,-81.8080896
5740.59,47.9544992,-81.8080768
5740.64,47.9544992,-81.8080768
5740.69,47.9545088,-81.8080576
5740.72,47.9545088,-81.8080576
5740.79,47.954512,-81.8080448
5740.81,47.954512,-81.8080448
5740.89,47.954512,-81.8080448
5740.89,47.9545248,-81.808032
5740.97,47.9545248,-81.808032
5740.99,47.9545312,-81.8080128
5741.06,47.9545312,-81.8080128
5741.09,47.9545376,-81.808
5741.14,47.9545376,-81.808
5741.19,47.9545472,-81.8079808
5741.22,47.9545472,-81.8079808
5741.29,47.9545568,-81.807968
5741.3,47.9545568,-81.807968
5741.39,47.9545568,-81.807968
5741.39,47.9545632,-81.8079424
5741.47,47.9545632,-81.8079424
5741.49,47.9545664,-81.8079296
5741.56,47.9545664,-81.8079296
5741.59,47.9545792,-81.8079168
5741.64,47.9545792,-81.8079168
5741.69,47.9545824,-81.8078976
5741.72,47.9545824,-81.8078976
5741.79,47.9545888,-81.8078848
5741.79,47.9545888,-81.8078848
5741.89,47.9545888,-81.8078848
5741.89,47.9545984,-81.807872
5741.97,47.9545984,-81.807872
5742.0,47.9546048,-81.8078528
5742.06,47.9546048,-81.8078528
5742.09,47.9546112,-81.80784
5742.14,47.9546112,-81.80784
5742.19,47.9546176,-81.8078208
5742.21,47.9546176,-81.8078208
5742.29,47.954624,-81.807808
5742.29,47.954624,-81.807808
5742.39,47.954624,-81.807808
5742.39,47.9546304,-81.8077824
5742.47,47.9546304,-81.8077824
5742.49,47.9546368,-81.8077696
5742.56,47.9546368,-81.8077696
5742.59,47.9546432,-81.8077568
5742.63,47.9546432,-81.8077568
5742.69,47.9546496,-81.8077376
5742.71,47.9546496,-81.8077376
5742.79,47.954656,-81.8077184
5742.79,47.954656,-81.8077184
5742.879,47.954656,-81.8077184
5742.89,47.9546624,-81.8076992
5742.97,47.9546624,-81.8076992
5742.99,47.9546656,-81.8076864
5743.05,47.9546656,-81.8076864
5743.1,47.9546752,-81.8076608
5743.12,47.9546752,-81.8076608
5743.2,47.9546784,-81.807648
5743.2,47.9546784,-81.807648
5743.29,47.9546816,-81.8076352
5743.29,47.9546816,-81.8076352
5743.37,47.9546816,-81.8076352
5743.39,47.954688,-81.8076096
5743.47,47.954688,-81.8076096
5743.49,47.9546944,-81.8075968
5743.54,47.9546944,-81.8075968
5743.59,47.9546976,-81.8075776
5743.62,47.9546976,-81.8075776
5743.69,47.954704,-81.8075648
5743.7,47.954704,-81.8075648
5743.79,47.9547072,-81.8075392
5743.79,47.9547072,-81.8075392
5743.87,47.9547072,-81.8075392
5743.89,47.9547104,-81.8075264
5743.96,47.9547104,-81.8075264
5743.99,47.9547168,-81.8075008
5744.04,47.9547168,-81.8075008
5744.09,47.9547232,-81.807488
5744.11,47.9547232,-81.807488
5744.19,47.9547232,-81.8074624
5744.2,47.9547232,-81.8074624
5744.29,47.9547232,-81.8074624
5744.29,47.9547296,-81.8074496
5744.37,47.9547296,-81.8074496
5744.39,47.954736,-81.8074368
5744.45,47.954736,-81.8074368
5744.49,47.954736,-81.8074176
5744.54,47.954736,-81.8074176
5744.59,47.9547424,-81.8073984
5744.62,47.9547424,-81.8073984
5744.69,47.9547456,-81.8073792
5744.7,47.9547456,-81.8073792
5744.79,47.9547488,-81.80736
5744.79,47.9547488,-81.80736
5744.87,47.9547488,-81.80736
5744.89,47.9547488,-81.8073408
5744.95,47.9547488,-81.8073408
5745.0,47.9547552,-81.807328
5745.04,47.9547552,-81.807328
5745.1,47.9547616,-81.8073024
5745.12,47.9547616,-81.8073024
5745.19,47.9547616,-81.8072896
5745.2,47.9547616,-81.8072896
5745.29,47.9547616,-81.8072896
5745.29,47.9547648,-81.807264
5745.36,47.9547648,-81.807264
5745.39,47.954768,-81.8072512
5745.439,47.954768,-81.8072512
5745.49,47.9547744,-81.8072384
5745.53,47.9547744,-81.8072384
5745.59,47.9547776,-81.8072128
5745.62,47.9547776,-81.8072128
5745.69,47.9547808,-81.8072
5745.7,47.9547808,-81.8072
5745.78,47.9547808,-81.8072
5745.79,47.9547808,-81.8071744
5745.86,47.9547808,-81.8071744
5745.89,47.954784,-81.8071616
5745.94,47.954784,-81.8071616
5745.99,47.9547872,-81.8071424
5746.02,47.9547872,-81.8071424
5746.09,47.9547872,-81.8071296
5746.11,47.9547872,-81.8071296
5746.19,47.9547936,-81.807104
5746.19,47.9547936,-81.807104
5746.27,47.9547936,-81.807104
5746.29,47.9547968,-81.8070912
5746.36,47.9547968,-81.8070912
5746.39,47.9548,-81.8070784
5746.44,47.9548,-81.8070784
5746.49,47.9548032,-81.8070528
5746.52,47.9548032,-81.8070528
5746.59,47.9548032,-81.8070272
5746.6,47.9548032,-81.8070272
5746.69,47.9548032,-81.8070272
5746.69,47.9548064,-81.8070144
5746.77,47.9548064,-81.8070144
5746.79,47.9548096,-81.8069888
5746.86,47.9548096,-81.8069888
5746.89,47.9548096,-81.806976
5746.94,47.9548096,-81.806976
5746.99,47.954816,-81.8069504
5747.02,47.954816,-81.8069504
5747.09,47.954816,-81.8069376
5747.1,47.954816,-81.8069376
5747.19,47.954816,-81.8069376
5747.19,47.9548192,-81.8069248
5747.27,47.9548192,-81.8069248
5747.29,47.9548224,-81.8068992
5747.35,47.9548224,-81.8068992
5747.39,47.9548256,-81.8068864
5747.43,47.9548256,-81.8068864
5747.49,47.9548256,-81.8068672
5747.51,47.9548256,-81.8068672
5747.59,47.9548288,-81.8068544
5747.6,47.9548288,-81.8068544
5747.68,47.9548288,-81.8068544
5747.69,47.9548288,-81.8068288
5747.76,47.9548288,-81.8068288
5747.79,47.9548352,-81.806816
5747.85,47.9548352,-81.806816
5747.89,47.9548352,-81.8068032
5747.94,47.9548352,-81.8068032
5747.99,47.9548384,-81.806784
5748.01,47.9548384,-81.806784
5748.09,47.9548384,-81.8067712
5748.09,47.9548384,-81.8067712
5748.18,47.9548384,-81.8067712
5748.2,47.9548416,-81.806752
5748.27,47.9548416,-81.806752
5748.29,47.9548416,-81.8067392
5748.35,47.9548416,-81.8067392
5748.39,47.9548416,-81.8067264
5748.44,47.9548416,-81.8067264
5748.49,47.9548448,-81.8067008
5748.51,47.9548448,-81.8067008
5748.59,47.9548448,-81.806688
5748.59,47.9548448,-81.806688
5748.67,47.9548448,-81.806688
5748.69,47.9548448,-81.8066816
5748.77,47.9548448,-81.8066816
5748.79,47.954848,-81.806656
5748.85,47.954848,-81.806656
5748.89,47.954848,-81.8066432
5748.93,47.954848,-81.8066432
5748.99,47.954848,-81.806624
5749.0,47.954848,-81.806624
5749.09,47.9548576,-81.8066112
5749.09,47.9548576,-81.8066112
5749.17,47.9548576,-81.8066112
5749.19,47.9548576,-81.806592
5749.26,47.9548576,-81.806592
5749.29,47.9548576,-81.8065792
5749.35,47.9548576,-81.8065792
5749.39,47.9548608,-81.8065536
5749.42,47.9548608,-81.8065536
5749.49,47.9548608,-81.8065408
5749.5,47.9548608,-81.8065408
5749.59,47.954864,-81.806528
5749.59,47.954864,-81.806528
5749.66,47.954864,-81.806528
5749.69,47.9548672,-81.8065088
5749.76,47.9548672,-81.8065088
5749.79,47.9548672,-81.806496
5749.84,47.9548672,-81.806496
5749.89,47.9548672,-81.8064832
5749.91,47.9548672,-81.8064832
5750.0,47.9548736,-81.806464
5750.0,47.9548736,-81.806464
5750.09,47.9548736,-81.806464
5750.09,47.9548736,-81.8064512
5750.17,47.9548736,-81.8064512
5750.2,47.9548768,-81.806432
5750.25,47.9548768,-81.806432
5750.29,47.9548768,-81.8064192
5750.33,47.9548768,-81.8064192
5750.39,47.95488,-81.8064064
5750.41,47.95488,-81.8064064
5750.49,47.95488,-81.8063872
5750.5,47.95488,-81.8063872
5750.59,47.95488,-81.8063872
5750.59,47.95488,-81.8063744
5750.67,47.95488,-81.8063744
5750.69,47.95488,-81.8063552
5750.75,47.95488,-81.8063552
5750.79,47.9548832,-81.8063424
5750.83,47.9548832,-81.8063424
5750.89,47.9548832,-81.8063296
5750.91,47.9548832,-81.8063296
5750.99,47.9548864,-81.8063104
5750.99,47.9548864,-81.8063104
5751.08,47.9548864,-81.8063104
5751.1,47.9548864,-81.8062976
5751.16,47.9548864,-81.8062976
5751.19,47.9548864,-81.8062848
5751.24,47.9548864,-81.8062848
5751.29,47.9548928,-81.8062656
5751.32,47.9548928,-81.8062656
5751.39,47.9548928,-81.8062528
5751.41,47.9548928,-81.8062528
5751.49,47.9548928,-81.8062336
5751.49,47.9548928,-81.8062336
5751.58,47.9548928,-81.8062336
5751.59,47.954896,-81.8062208
5751.66,47.954896,-81.8062208
5751.69,47.954896,-81.806208
5751.74,47.954896,-81.806208
5751.79,47.954896,-81.8061888
5751.82,47.954896,-81.8061888
5751.89,47.9548992,-81.806176
5751.9,47.9548992,-81.806176
5751.99,47.9548992,-81.806176
5752.0,47.9548992,-81.8061568
5752.07,47.9548992,-81.8061568
5752.09,47.9549024,-81.8061376
5752.16,47.9549024,-81.8061376
5752.19,47.9549024,-81.8061248
5752.24,47.9549024,-81.8061248
5752.3,47.9549056,-81.8061056
5752.32,47.9549056,-81.8061056
5752.39,47.9549056,-81.8060928
5752.4,47.9549056,-81.8060928
5752.49,47.9549056,-81.8060672
5752.49,47.9549056,-81.8060672
5752.57,47.9549056,-81.8060672
5752.59,47.9549088,-81.8060544
5752.65,47.9549088,-81.8060544
5752.69,47.9549088,-81.8060288
5752.74,47.9549088,-81.8060288
5752.79,47.9549088,-81.806016
5752.82,47.9549088,-81.806016
5752.89,47.9549152,-81.8059968
5752.9,47.9549152,-81.8059968
5752.99,47.9549152,-81.8059968
5752.99,47.9549152,-81.8059776
5753.07,47.9549152,-81.8059776
5753.09,47.9549184,-81.8059648
5753.15,47.9549184,-81.8059648
5753.19,47.9549184,-81.8059392
5753.24,47.9549184,-81.8059392
5753.29,47.9549216,-81.8059264
5753.32,47.9549216,-81.8059264
5753.39,47.9549216,-81.8059008
5753.4,47.9549216,-81.8059008
5753.48,47.9549216,-81.8059008
5753.49,47.9549248,-81.805888
5753.57,47.9549248,-81.805888
5753.59,47.9549344,-81.8058624
5753.65,47.9549344,-81.8058624
5753.69,47.9549376,-81.8058496
5753.74,47.9549376,-81.8058496
5753.79,47.9549408,-81.805824
5753.81,47.9549408,-81.805824
5753.89,47.9549472,-81.8058112
5753.89,47.9549472,-81.8058112
5753.97,47.9549472,-81.8058112
5753.99,47.9549472,-81.8057856
5754.06,47.9549472,-81.8057856
5754.09,47.9549472,-81.8057664
5754.15,47.9549472,-81.8057664
5754.19,47.9549536,-81.8057472
5754.23,47.9549536,-81.8057472
5754.3,47.9549568,-81.805728
5754.31,47.9549568,-81.805728
5754.39,47.9549568,-81.805728
5754.39,47.95496,-81.8057024
5754.47,47.95496,-81.8057024
5754.49,47.95496,-81.8056896
5754.56,47.95496,-81.8056896
5754.59,47.9549632,-81.805664
5754.65,47.9549632,-81.805664
5754.69,47.9549664,-81.8056384
5754.73,47.9549664,-81.8056384
5754.79,47.954976,-81.8056192
5754.81,47.954976,-81.8056192
5754.89,47.954976,-81.8056
5754.89,47.954976,-81.8056
5754.97,47.954976,-81.8056
5754.99,47.9549792,-81.8055808
5755.06,47.9549792,-81.8055808
5755.09,47.9549856,-81.8055552
5755.15,47.9549856,-81.8055552
5755.19,47.9549856,-81.805536
5755.23,47.9549856,-81.805536
5755.29,47.9549888,-81.8055104
5755.3,47.9549888,-81.8055104
5755.39,47.9549984,-81.8054976
5755.39,47.9549984,-81.8054976
5755.47,47.9549984,-81.8054976
5755.49,47.9550016,-81.805472
5755.56,47.9550016,-81.805472
5755.59,47.9550048,-81.8054528
5755.64,47.9550048,-81.8054528
5755.69,47.955008,-81.8054272
5755.72,47.955008,-81.8054272
5755.79,47.9550144,-81.8054016
5755.8,47.9550144,-81.8054016
5755.89,47.9550176,-81.8053824
5755.89,47.9550176,-81.8053824
5755.97,47.9550176,-81.8053824
5755.99,47.955024,-81.8053696
5756.05,47.955024,-81.8053696
5756.09,47.9550272,-81.805344
5756.14,47.9550272,-81.805344
5756.2,47.9550336,-81.8053184
5756.21,47.9550336,-81.8053184
5756.3,47.95504,-81.8053056
5756.3,47.95504,-81.8053056
5756.39,47.95504,-81.8053056
5756.39,47.9550432,-81.80528
5756.47,47.9550432,-81.80528
5756.49,47.9550464,-81.8052608
5756.55,47.9550464,-81.8052608
5756.59,47.955056,-81.8052416
5756.63,47.955056,-81.8052416
5756.69,47.9550592,-81.8052224
5756.7,47.9550592,-81.8052224
5756.79,47.9550656,-81.8052032
5756.79,47.9550656,-81.8052032
5756.88,47.9550656,-81.8052032
5756.89,47.955072,-81.805184
5756.959,47.955072,-81.805184
5756.99,47.9550784,-81.8051712
5757.05,47.9550784,-81.8051712
5757.09,47.9550816,-81.8051456
5757.12,47.9550816,-81.8051456
5757.19,47.955088,-81.8051328
5757.2,47.955088,-81.8051328
5757.29,47.9550976,-81.8051072
5757.29,47.9550976,-81.8051072
5757.38,47.9550976,-81.8051072
5757.39,47.955104,-81.8050944
5757.46,47.955104,-81.8050944
5757.49,47.9551136,-81.8050688
5757.54,47.9551136,-81.8050688
5757.59,47.95512,-81.805056
5757.62,47.95512,-81.805056
5757.69,47.9551264,-81.8050304
5757.71,47.9551264,-81.8050304
5757.79,47.9551328,-81.8050176
5757.79,47.9551328,-81.8050176
5757.88,47.9551328,-81.8050176
5757.89,47.9551424,-81.8049984
5757.96,47.9551424,-81.8049984
5758.0,47.955152,-81.8049792
5758.04,47.955152,-81.8049792
5758.09,47.9551584,-81.80496
5758.12,47.9551584,-81.80496
5758.19,47.9551648,-81.8049472
5758.2,47.9551648,-81.8049472
5758.29,47.9551744,-81.8049344
5758.29,47.9551744,-81.8049344
5758.37,47.9551744,-81.8049344
5758.39,47.9551808,-81.8049088
5758.45,47.9551808,-81.8049088
5758.49,47.9551872,-81.804896
5758.54,47.9551872,-81.804896
5758.59,47.9552,-81.8048768
5758.62,47.9552,-81.8048768
5758.69,47.9552064,-81.804864
5758.7,47.9552064,-81.804864
5758.79,47.955216,-81.8048448
5758.79,47.955216,-81.8048448
5758.87,47.955216,-81.8048448
5758.89,47.9552224,-81.804832
5758.95,47.9552224,-81.804832
5758.99,47.9552352,-81.8048192
5759.04,47.9552352,-81.8048192
5759.09,47.9552416,-81.8048064
5759.12,47.9552416,-81.8048064
5759.19,47.9552544,-81.8047936
5759.2,47.9552544,-81.8047936
5759.29,47.9552544,-81.8047936
5759.29,47.955264,-81.8047808
5759.36,47.955264,-81.8047808
5759.39,47.9552736,-81.8047616
5759.45,47.9552736,-81.8047616
5759.49,47.95528,-81.8047552
5759.54,47.95528,-81.8047552
5759.59,47.9552928,-81.8047424
5759.62,47.9552928,-81.8047424
5759.69,47.9553024,-81.8047232
5759.7,47.9553024,-81.8047232
5759.78,47.9553024,-81.8047232
5759.79,47.955312,-81.8047168
5759.86,47.955312,-81.8047168
5759.89,47.9553184,-81.804704
5759.95,47.9553184,-81.804704
5759.99,47.9553312,-81.8046976
5760.03,47.9553312,-81.8046976
5760.09,47.9553408,-81.8046784
5760.12,47.9553408,-81.8046784
5760.19,47.9553504,-81.804672
5760.2,47.9553504,-81.804672
5760.27,47.9553504,-81.804672
5760.29,47.95536,-81.8046656
5760.36,47.95536,-81.8046656
5760.39,47.9553728,-81.8046464
5760.45,47.9553728,-81.8046464
5760.49,47.9553792,-81.80464
5760.53,47.9553792,-81.80464
5760.59,47.9553856,-81.8046336
5760.62,47.9553856,-81.8046336
5760.69,47.9553856,-81.8046336
5760.69,47.9553984,-81.8046272
5760.77,47.9553984,-81.8046272
5760.79,47.9554112,-81.8046144
5760.86,47.9554112,-81.8046144
5760.89,47.9554176,-81.8046144
5760.94,47.9554176,-81.8046144
5760.99,47.955424,-81.8046016
5761.03,47.955424,-81.8046016
5761.09,47.9554368,-81.8045952
5761.11,47.9554368,-81.8045952
5761.19,47.9554368,-81.8045952
5761.19,47.9554432,-81.8045888
5761.27,47.9554432,-81.8045888
5761.29,47.9554528,-81.8045824
5761.36,47.9554528,-81.8045824
5761.39,47.9554624,-81.804576
5761.439,47.9554624,-81.804576
5761.49,47.955472,-81.804576
5761.53,47.955472,-81.804576
5761.59,47.9554784,-81.8045632
5761.6,47.9554784,-81.8045632
5761.69,47.9554784,-81.8045632
5761.69,47.9554912,-81.8045568
5761.77,47.9554912,-81.8045568
5761.79,47.9554976,-81.8045568
5761.85,47.9554976,-81.8045568
5761.89,47.955504,-81.8045504
5761.94,47.955504,-81.8045504
5762.0,47.9555136,-81.8045504
5762.02,47.9555136,-81.8045504
5762.09,47.95552,-81.804544
5762.1,47.95552,-81.804544
5762.19,47.95552,-81.804544
5762.19,47.9555296,-81.8045376
5762.27,47.9555296,-81.8045376
5762.29,47.9555328,-81.8045376
5762.35,47.9555328,-81.8045376
5762.39,47.9555392,-81.8045376
5762.44,47.9555392,-81.8045376
5762.49,47.9555488,-81.8045248
5762.51,47.9555488,-81.8045248
5762.59,47.9555552,-81.8045248
5762.6,47.9555552,-81.8045248
5762.69,47.9555552,-81.8045248
5762.69,47.9555616,-81.8045184
5762.77,47.9555616,-81.8045184
5762.79,47.955568,-81.8045184
5762.85,47.955568,-81.8045184
5762.89,47.9555744,-81.8045184
5762.93,47.9555744,-81.8045184
5763.0,47.9555808,-81.804512
5763.01,47.9555808,-81.804512
5763.09,47.955584,-81.804512
5763.09,47.955584,-81.804512
5763.18,47.955584,-81.804512
5763.19,47.9555936,-81.804512
5763.27,47.9555936,-81.804512
5763.29,47.9555968,-81.8045056
5763.35,47.9555968,-81.8045056
5763.39,47.9556032,-81.8045056
5763.42,47.9556032,-81.8045056
5763.49,47.9556096,-81.8045056
5763.51,47.9556096,-81.8045056
5763.59,47.955616,-81.8045056
5763.59,47.955616,-81.8045056
5763.69,47.955616,-81.8045056
5763.69,47.9556192,-81.8044992
5763.77,47.9556192,-81.8044992
5763.79,47.9556224,-81.8044992
5763.85,47.9556224,-81.8044992
5763.89,47.9556288,-81.8044992
5763.93,47.9556288,-81.8044992
5763.99,47.955632,-81.8044992
5764.01,47.955632,-81.8044992
5764.09,47.9556352,-81.8044992
5764.09,47.9556352,-81.8044992
5764.19,47.9556352,-81.8044992
5764.19,47.9556416,-81.8044992
5764.26,47.9556416,-81.8044992
5764.29,47.955648,-81.8044992
5764.35,47.955648,-81.8044992
5764.39,47.9556512,-81.8044992
5764.43,47.9556512,-81.8044992
5764.49,47.9556544,-81.8044992
5764.51,47.9556544,-81.8044992
5764.59,47.9556576,-81.8044864
5764.6,47.9556576,-81.8044864
5764.68,47.9556576,-81.8044864
5764.69,47.9556608,-81.8044864
5764.76,47.9556608,-81.8044864
5764.79,47.9556608,-81.8044864
5764.85,47.9556608,-81.8044864
5764.89,47.955664,-81.8044864
5764.93,47.955664,-81.8044864
5764.99,47.9556704,-81.8044864
5765.01,47.9556704,-81.8044864
5765.09,47.9556736,-81.80448
5765.09,47.9556736,-81.80448
5765.17,47.9556736,-81.80448
5765.19,47.9556768,-81.80448
5765.26,47.9556768,-81.80448
5765.29,47.95568,-81.80448
5765.35,47.95568,-81.80448
5765.39,47.9556832,-81.80448
5765.43,47.9556832,-81.80448
5765.49,47.9556896,-81.80448
5765.51,47.9556896,-81.80448
5765.59,47.9556928,-81.80448
5765.59,47.9556928,-81.80448
5765.67,47.9556928,-81.80448
5765.69,47.955696,-81.8044736
5765.75,47.955696,-81.8044736
5765.79,47.9556992,-81.8044736
5765.84,47.9556992,-81.8044736
5765.89,47.9556992,-81.8044736
5765.93,47.9556992,-81.8044736
5765.99,47.9557024,-81.8044736
5766.01,47.9557024,-81.8044736
5766.08,47.9557024,-81.8044736
5766.09,47.9557088,-81.8044672
5766.17,47.9557088,-81.8044672
5766.19,47.955712,-81.8044672
5766.25,47.955712,-81.8044672
5766.29,47.9557152,-81.8044672
5766.34,47.9557152,-81.8044672
5766.39,47.9557152,-81.8044608
5766.42,47.9557152,-81.8044608
5766.49,47.9557184,-81.8044608
5766.5,47.9557184,-81.8044608
5766.58,47.9557184,-81.8044608
5766.59,47.9557216,-81.8044608
5766.67,47.9557216,-81.8044608
5766.69,47.955728,-81.804448
5766.75,47.955728,-81.804448
5766.79,47.9557312,-81.804448
5766.84,47.9557312,-81.804448
5766.89,47.9557344,-81.8044416
5766.92,47.9557344,-81.8044416
5766.99,47.9557376,-81.8044416
5767.0,47.9557376,-81.8044416
5767.08,47.9557376,-81.8044416
5767.09,47.9557408,-81.8044416
5767.17,47.9557408,-81.8044416
5767.19,47.9557408,-81.8044352
5767.26,47.9557408,-81.8044352
5767.29,47.9557472,-81.8044352
5767.33,47.9557472,-81.8044352
5767.39,47.9557504,-81.8044352
5767.41,47.9557504,-81.8044352
5767.49,47.9557536,-81.8044288
5767.5,47.9557536,-81.8044288
5767.59,47.9557536,-81.8044288
5767.59,47.9557536,-81.8044288
5767.66,47.9557536,-81.8044288
5767.69,47.9557568,-81.8044288
5767.76,47.9557568,-81.8044288
5767.79,47.95576,-81.8044288
5767.83,47.95576,-81.8044288
5767.89,47.9557632,-81.8044224
5767.91,47.9557632,-81.8044224
5767.99,47.9557696,-81.8044224
5767.99,47.9557696,-81.8044224
5768.08,47.9557696,-81.8044224
5768.09,47.9557728,-81.8044224
5768.16,47.9557728,-81.8044224
5768.19,47.955776,-81.804416
5768.25,47.955776,-81.804416
5768.29,47.9557792,-81.804416
5768.32,47.9557792,-81.804416
5768.39,47.9557792,-81.804416
5768.4,47.9557792,-81.804416
5768.49,47.9557824,-81.804416
5768.49,47.9557824,-81.804416
5768.58,47.9557824,-81.804416
5768.59,47.9557888,-81.804416
5768.66,47.9557888,-81.804416
5768.69,47.955792,-81.804416
5768.74,47.955792,-81.804416
5768.79,47.955792,-81.804416
5768.82,47.955792,-81.804416
5768.89,47.9557952,-81.804416
5768.9,47.9557952,-81.804416
5768.99,47.9557952,-81.804416
5768.99,47.9557984,-81.8044032
5769.08,47.9557984,-81.8044032
5769.1,47.9558016,-81.8044032
5769.16,47.9558016,-81.8044032
5769.19,47.955808,-81.8044032
5769.23,47.955808,-81.8044032
5769.29,47.955808,-81.8044032
5769.31,47.955808,-81.8044032
5769.39,47.9558112,-81.8044032
5769.4,47.9558112,-81.8044032
5769.49,47.9558112,-81.8044032
5769.49,47.9558144,-81.8044032
5769.58,47.9558144,-81.8044032
5769.59,47.9558176,-81.8044032
5769.66,47.9558176,-81.8044032
5769.69,47.9558176,-81.8044032
5769.74,47.9558176,-81.8044032
5769.79,47.9558208,-81.8043968
5769.82,47.9558208,-81.8043968
5769.89,47.9558272,-81.8043968
5769.9,47.9558272,-81.8043968
5769.99,47.9558304,-81.8043968
5769.99,47.9558304,-81.8043968
5770.07,47.9558304,-81.8043968
5770.09,47.9558336,-81.8043968
5770.15,47.9558336,-81.8043968
5770.19,47.9558368,-81.8043968
5770.23,47.9558368,-81.8043968
5770.29,47.95584,-81.8043968
5770.31,47.95584,-81.8043968
5770.39,47.9558464,-81.8043968
5770.39,47.9558464,-81.8043968
5770.48,47.9558464,-81.8043968
5770.49,47.9558496,-81.8043968
5770.56,47.9558496,-81.8043968
5770.59,47.9558528,-81.8043968
5770.65,47.9558528,-81.8043968
5770.69,47.955856,-81.8043968
5770.73,47.955856,-81.8043968
5770.79,47.9558592,-81.8043968
5770.81,47.9558592,-81.8043968
5770.89,47.9558592,-81.8043968
5770.89,47.9558592,-81.8043968
5770.98,47.9558592,-81.8043968
5770.99,47.9558624,-81.8043968
5771.06,47.9558624,-81.8043968
5771.09,47.9558624,-81.8043968
5771.15,47.9558624,-81.8043968
5771.19,47.9558688,-81.8043968
5771.23,47.9558688,-81.8043968
5771.29,47.955872,-81.8043968
5771.31,47.955872,-81.8043968
5771.39,47.955872,-81.8043904
5771.39,47.955872,-81.8043904
5771.47,47.955872,-81.8043904
5771.49,47.955872,-81.8043904
5771.56,47.955872,-81.8043904
5771.59,47.9558784,-81.804384
5771.64,47.9558784,-81.804384
5771.69,47.9558816,-81.804384
5771.73,47.9558816,-81.804384
5771.79,47.9558816,-81.8043904
5771.81,47.9558816,-81.8043904
5771.89,47.9558816,-81.8043904
5771.89,47.9558816,-81.8043904
5771.97,47.9558816,-81.8043904
5771.99,47.9558816,-81.8043904
5772.06,47.9558816,-81.8043904
5772.09,47.955888,-81.8043904
5772.14,47.955888,-81.8043904
5772.19,47.955888,-81.8043904
5772.23,47.955888,-81.8043904
5772.29,47.9558944,-81.804384
5772.31,47.9558944,-81.804384
5772.39,47.9558944,-81.804384
5772.39,47.9558944,-81.804384
5772.47,47.9558944,-81.804384
5772.49,47.9558944,-81.804384
5772.55,47.9558944,-81.804384
5772.59,47.9558976,-81.804384
5772.63,47.9558976,-81.804384
5772.69,47.9558944,-81.8043904
5772.72,47.9558944,-81.8043904
5772.79,47.9558944,-81.8043904
5772.8,47.9558944,-81.8043904
5772.88,47.9558944,-81.8043904
5772.89,47.9558944,-81.8043904
5772.959,47.9558944,-81.8043904
5772.99,47.9558912,-81.8043904
5773.06,47.9558912,-81.8043904
5773.09,47.9558912,-81.8043904
5773.14,47.9558912,-81.8043904
5773.19,47.9558912,-81.8043904
5773.22,47.9558912,-81.8043904
5773.29,47.955888,-81.8043904
5773.29,47.955888,-81.8043904
5773.39,47.955888,-81.8043904
5773.39,47.955888,-81.8043904
5773.47,47.955888,-81.8043904
5773.49,47.955888,-81.8043904
5773.55,47.955888,-81.8043904
5773.59,47.9558816,-81.804384
5773.64,47.9558816,-81.804384
5773.69,47.9558784,-81.804384
5773.71,47.9558784,-81.804384
5773.79,47.9558784,-81.804384
5773.8,47.9558784,-81.804384
5773.89,47.9558784,-81.804384
5773.89,47.9558752,-81.804384
5773.97,47.9558752,-81.804384
5773.99,47.9558752,-81.804384
5774.05,47.9558752,-81.804384
5774.09,47.9558752,-81.8043776
5774.13,47.9558752,-81.8043776
5774.19,47.955872,-81.8043776
5774.2,47.955872,-81.8043776
5774.29,47.955872,-81.8043776
5774.29,47.955872,-81.8043776
5774.38,47.955872,-81.8043776
5774.39,47.955872,-81.8043776
5774.46,47.955872,-81.8043776
5774.49,47.9558752,-81.8043648
5774.54,47.9558752,-81.8043648
5774.59,47.955872,-81.8043648
5774.62,47.955872,-81.8043648
5774.69,47.955872,-81.8043648
5774.7,47.955872,-81.8043648
5774.78,47.955872,-81.8043648
5774.79,47.955872,-81.8043648
5774.87,47.955872,-81.8043648
5774.89,47.955872,-81.8043584
5774.96,47.955872,-81.8043584
5774.99,47.955872,-81.8043584
5775.04,47.955872,-81.8043584
5775.09,47.955872,-81.8043584
5775.11,47.955872,-81.8043584
5775.19,47.9558688,-81.804352
5775.19,47.9558688,-81.804352
5775.28,47.9558688,-81.804352
5775.3,47.9558688,-81.804352
5775.37,47.9558688,-81.804352
5775.39,47.9558624,-81.804352
5775.46,47.9558624,-81.804352
5775.49,47.9558624,-81.804352
5775.53,47.9558624,-81.804352
5775.59,47.9558592,-81.804352
5775.61,47.9558592,-81.804352
5775.69,47.9558592,-81.804352
5775.69,47.9558592,-81.804352
5775.78,47.9558592,-81.804352
5775.79,47.9558592,-81.804352
5775.86,47.9558592,-81.804352
5775.89,47.955856,-81.804352
5775.95,47.955856,-81.804352
5776.0,47.9558528,-81.8043456
5776.03,47.9558528,-81.8043456
5776.1,47.9558528,-81.8043456
5776.1,47.9558528,-81.8043456
5776.2,47.9558496,-81.8043456
5776.2,47.9558496,-81.8043456
5776.28,47.9558496,-81.8043456
5776.3,47.9558496,-81.8043456
5776.36,47.9558496,-81.8043456
5776.39,47.955856,-81.8043456
5776.44,47.955856,-81.8043456
5776.49,47.955856,-81.8043456
5776.53,47.955856,-81.8043456
5776.59,47.955856,-81.8043456
5776.61,47.955856,-81.8043456
5776.69,47.9558592,-81.8043456
5776.69,47.9558592,-81.8043456
5776.78,47.9558592,-81.8043456
5776.79,47.9558592,-81.8043456
5776.86,47.9558592,-81.8043456
5776.89,47.9558592,-81.8043456
5776.93,47.9558592,-81.8043456
5776.99,47.9558592,-81.8043456
5777.02,47.9558592,-81.8043456
5777.09,47.9558592,-81.8043456
5777.1,47.9558592,-81.8043456
5777.19,47.9558592,-81.8043456
5777.19,47.9558592,-81.8043456
5777.27,47.9558592,-81.8043456
5777.29,47.9558592,-81.8043456
5777.35,47.9558592,-81.8043456
5777.39,47.9558592,-81.8043456
5777.43,47.9558592,-81.8043456
5777.49,47.9558592,-81.8043456
5777.52,47.9558592,-81.8043456
5777.59,47.9558592,-81.8043456
5777.6,47.9558592,-81.8043456
5777.69,47.9558592,-81.8043456
5777.69,47.9558592,-81.8043456
5777.77,47.9558592,-81.8043456
5777.79,47.9558592,-81.8043456
5777.85,47.9558592,-81.8043456
5777.89,47.9558592,-81.8043456
5777.93,47.9558592,-81.8043456
5777.99,47.9558592,-81.8043456
5778.01,47.9558592,-81.8043456
5778.09,47.955872,-81.804352
5778.1,47.955872,-81.804352
5778.19,47.955872,-81.804352
5778.19,47.955872,-81.804352
5778.26,47.955872,-81.804352
5778.29,47.955872,-81.804352
5778.35,47.955872,-81.804352
5778.39,47.955872,-81.804352
5778.43,47.955872,-81.804352
5778.49,47.955872,-81.804352
5778.51,47.955872,-81.804352
5778.59,47.955872,-81.804352
5778.6,47.955872,-81.804352
5778.68,47.955872,-81.804352
5778.69,47.955872,-81.804352
5778.76,47.955872,-81.804352
5778.79,47.955872,-81.804352
5778.84,47.955872,-81.804352
5778.89,47.955872,-81.804352
5778.93,47.955872,-81.804352
5778.99,47.955872,-81.804352
5779.01,47.955872,-81.804352
5779.09,47.955872,-81.804352
5779.1,47.955872,-81.804352
5779.18,47.955872,-81.804352
5779.19,47.955872,-81.804352
5779.26,47.955872,-81.804352
5779.29,47.955872,-81.804352
5779.34,47.955872,-81.804352
5779.39,47.955872,-81.804352
5779.42,47.955872,-81.804352
5779.49,47.955872,-81.804352
5779.5,47.955872,-81.804352
5779.59,47.955872,-81.804352
5779.59,47.955872,-81.804352
5779.67,47.955872,-81.804352
5779.69,47.955872,-81.804352
5779.76,47.955872,-81.804352
5779.79,47.955872,-81.804352
5779.84,47.955872,-81.804352
5779.89,47.955872,-81.804352
5779.92,47.955872,-81.804352
5779.99,47.955872,-81.804352
5779.999,47.955872,-81.804352
5780.08,47.955872,-81.804352
5780.09,47.955872,-81.804352
5780.17,47.955872,-81.804352
5780.19,47.955872,-81.804352
5780.26,47.955872,-81.804352
5780.29,47.955872,-81.804352
5780.34,47.955872,-81.804352
5780.39,47.955872,-81.804352
5780.42,47.955872,-81.804352
5780.49,47.955872,-81.804352
5780.5,47.955872,-81.804352
5780.58,47.955872,-81.804352
5780.59,47.955872,-81.804352
5780.67,47.955872,-81.804352
5780.69,47.955872,-81.804352
5780.76,47.955872,-81.804352
5780.79,47.955872,-81.804352
5780.84,47.955872,-81.804352
5780.89,47.955872,-81.804352
5780.92,47.955872,-81.804352
5780.99,47.955872,-81.804352
5780.99,47.955872,-81.804352
5781.08,47.955872,-81.804352
5781.09,47.955872,-81.804352
5781.16,47.955872,-81.804352
5781.19,47.955872,-81.804352
5781.25,47.955872,-81.804352
5781.29,47.955872,-81.804352
5781.34,47.955872,-81.804352
5781.39,47.955872,-81.804352
5781.41,47.955872,-81.804352
5781.49,47.955872,-81.804352
5781.49,47.955872,-81.804352
5781.58,47.955872,-81.804352
5781.59,47.955872,-81.804352
5781.66,47.955872,-81.804352
5781.69,47.955872,-81.804352
5781.75,47.955872,-81.804352
5781.79,47.955872,-81.804352
5781.83,47.955872,-81.804352
5781.89,47.955872,-81.804352
5781.9,47.955872,-81.804352
5781.99,47.955872,-81.804352
5781.99,47.955872,-81.804352
5782.08,47.955872,-81.804352
5782.09,47.955872,-81.804352
5782.16,47.955872,-81.804352
5782.19,47.955872,-81.804352
5782.24,47.955872,-81.804352
5782.29,47.955872,-81.804352
5782.32,47.955872,-81.804352
5782.39,47.955872,-81.804352
5782.4,47.955872,-81.804352
5782.49,47.955872,-81.804352
5782.49,47.955872,-81.804352
5782.57,47.955872,-81.804352
5782.59,47.955872,-81.804352
5782.66,47.955872,-81.804352
5782.69,47.955872,-81.804352
5782.74,47.955872,-81.804352
5782.79,47.955872,-81.804352
5782.82,47.955872,-81.804352
5782.89,47.955872,-81.804352
5782.9,47.955872,-81.804352
5782.99,47.955872,-81.804352
5782.99,47.955872,-81.804352
5783.07,47.955872,-81.804352
5783.09,47.955872,-81.804352
5783.16,47.955872,-81.804352
5783.19,47.955872,-81.804352
5783.23,47.955872,-81.804352
5783.29,47.955872,-81.804352
5783.31,47.955872,-81.804352
5783.39,47.955872,-81.804352
5783.4,47.955872,-81.804352
5783.49,47.955872,-81.804352
5783.49,47.955872,-81.804352
5783.57,47.955872,-81.804352
5783.59,47.955872,-81.804352
5783.65,47.955872,-81.804352
5783.69,47.955872,-81.804352
5783.73,47.955872,-81.804352
5783.79,47.955872,-81.804352
5783.81,47.955872,-81.804352
5783.89,47.955872,-81.804352
5783.9,47.955872,-81.804352
5783.99,47.955872,-81.804352
5783.99,47.955872,-81.804352
5784.07,47.955872,-81.804352
5784.09,47.955872,-81.804352
5784.15,47.955872,-81.804352
5784.19,47.955872,-81.804352
5784.23,47.955872,-81.804352
5784.29,47.955872,-81.804352
5784.31,47.955872,-81.804352
5784.39,47.955872,-81.804352
5784.4,47.955872,-81.804352
5784.49,47.955872,-81.804352
5784.49,47.955872,-81.804352
5784.56,47.955872,-81.804352
5784.59,47.955872,-81.804352
5784.65,47.955872,-81.804352
5784.69,47.955872,-81.804352
5784.73,47.955872,-81.804352
5784.79,47.955872,-81.804352
5784.81,47.955872,-81.804352
5784.89,47.955872,-81.804352
5784.89,47.955872,-81.804352
5784.98,47.955872,-81.804352
5784.99,47.955872,-81.804352
5785.06,47.955872,-81.804352
5785.09,47.955872,-81.804352
5785.14,47.955872,-81.804352
5785.19,47.955872,-81.804352
5785.23,47.955872,-81.804352
5785.29,47.955872,-81.804352
5785.31,47.955872,-81.804352
5785.39,47.955872,-81.804352
5785.39,47.955872,-81.804352
5785.48,47.955872,-81.804352
5785.49,47.955872,-81.804352
