mission_time,4,5
5264.25,4200.0,0.0
5264.25,4200.0,4200.0
5264.35,4200.0,4200.0
5264.36,4200.0,4200.0
5264.45,4200.0,4200.0
5264.46,4200.0,4200.0
5264.56,4200.0,4200.0
5264.56,4200.0,4200.0
5264.65,4200.0,4200.0
5264.65,4200.0,4200.0
5264.75,4200.0,4200.0
5264.75,4200.0,4200.0
5264.85,4200.0,4200.0
5264.85,4200.0,4200.0
5264.95,4200.0,4200.0
5264.96,4200.0,4200.0
5265.06,4200.0,4200.0
5265.06,4200.0,4200.0
5265.15,4200.0,4200.0
5265.15,4200.0,4200.0
5265.25,4200.0,4200.0
5265.25,4200.0,4200.0
5265.35,4200.0,4200.0
5265.35,4200.0,4200.0
5265.45,4200.0,4200.0
5265.46,4200.0,4200.0
5265.56,4200.0,4200.0
5265.57,4200.0,4200.0
5265.65,4200.0,4200.0
5265.66,4200.0,4200.0
5265.75,4200.0,4200.0
5265.75,4200.0,4200.0
5265.85,4200.0,4200.0
5265.85,4200.0,4200.0
5265.96,4200.0,4200.0
5265.96,4200.0,4200.0
5266.06,4200.0,4200.0
5266.06,4200.0,4200.0
5266.16,4200.0,4200.0
5266.16,4200.0,4200.0
5266.25,4200.0,4200.0
5266.25,4200.0,4200.0
5266.35,4200.0,4200.0
5266.35,4200.0,4200.0
5266.45,4200.0,4200.0
5266.46,4200.0,4200.0
5266.56,4200.0,4200.0
5266.56,4200.0,4200.0
5266.66,4200.0,4200.0
5266.66,4200.0,4200.0
5266.75,4200.0,4200.0
5266.75,4200.0,4200.0
5266.85,4200.0,4200.0
5266.86,4200.0,4200.0
5266.95,4200.0,4200.0
5266.95,4200.0,4200.0
5267.06,4200.0,4200.0
5267.06,4200.0,4200.0
5267.16,4200.0,4200.0
5267.16,4200.0,4200.0
5267.25,4200.0,4200.0
5267.25,4200.0,4200.0
5267.35,4200.0,4200.0
5267.35,4200.0,4200.0
5267.45,4200.0,4200.0
5267.45,4200.0,4200.0
5267.56,4200.0,4200.0
5267.56,4200.0,4200.0
5267.66,4200.0,4200.0
5267.67,4200.0,4200.0
5267.75,4200.0,4200.0
5267.76,4200.0,4200.0
5267.85,4200.0,4200.0
5267.85,4200.0,4200.0
5267.95,4200.0,4200.0
5267.95,4200.0,4200.0
5268.06,4200.0,4200.0
5268.06,4200.0,4200.0
5268.16,4200.0,4200.0
5268.16,4200.0,4200.0
5268.25,4200.0,4200.0
5268.26,4200.0,4200.0
5268.35,4200.0,4200.0
5268.35,4200.0,4200.0
5268.45,4200.0,4200.0
5268.45,4200.0,4200.0
5268.56,4200.0,4200.0
5268.56,4200.0,4200.0
5268.66,4200.0,4200.0
5268.66,4200.0,4200.0
5268.76,4200.0,4200.0
5268.76,4200.0,4200.0
5268.85,4200.0,4200.0
5268.85,4200.0,4200.0
5268.95,4200.0,4200.0
5268.95,4200.0,4200.0
5269.05,4200.0,4200.0
5269.06,4200.0,4200.0
5269.15,4200.0,4200.0
5269.16,4200.0,4200.0
5269.25,4200.0,4200.0
5269.26,4200.0,4200.0
5269.35,4200.0,4200.0
5269.35,4200.0,4200.0
5269.45,4200.0,4200.0
5269.45,4200.0,4200.0
5269.55,4200.0,4200.0
5269.55,4200.0,4200.0
5269.66,4200.0,4200.0
5269.66,4200.0,4200.0
5269.76,4200.0,4200.0
5269.76,4200.0,4200.0
5269.85,4200.0,4200.0
5269.85,4200.0,4200.0
5269.95,4200.0,4200.0
5269.95,4200.0,4200.0
5270.05,4200.0,4200.0
5270.05,4200.0,4200.0
5270.15,4200.0,4200.0
5270.16,4200.0,4200.0
5270.25,4200.0,4200.0
5270.26,4200.0,4200.0
5270.35,4200.0,4200.0
5270.36,4200.0,4200.0
5270.45,4200.0,4200.0
5270.45,4200.0,4200.0
5270.55,4200.0,4200.0
5270.559,4200.0,4200.0
5270.66,4200.0,4200.0
5270.66,4200.0,4200.0
5270.76,4200.0,4200.0
5270.76,4200.0,4200.0
5270.86,4200.0,4200.0
5270.86,4200.0,4200.0
5270.95,4200.0,4200.0
5270.95,4200.0,4200.0
5271.05,4200.0,4200.0
5271.05,4200.0,4200.0
5271.15,4200.0,4200.0
5271.15,4200.0,4200.0
5271.25,4200.0,4200.0
5271.26,4200.0,4200.0
5271.35,4200.0,4200.0
5271.36,4200.0,4200.0
5271.45,4200.0,4200.0
5271.45,4200.0,4200.0
5271.55,4200.0,4200.0
5271.56,4200.0,4200.0
5271.65,4200.0,4200.0
5271.65,4200.0,4200.0
5271.76,4200.0,4200.0
5271.76,4200.0,4200.0
5271.86,4200.0,4200.0
5271.86,4200.0,4200.0
5271.95,4200.0,4200.0
5271.95,4200.0,4200.0
5272.05,4200.0,4200.0
5272.05,4200.0,4200.0
5272.15,4200.0,4200.0
5272.15,4200.0,4200.0
5272.25,4200.0,4200.0
5272.26,4200.0,4200.0
5272.36,4200.0,4200.0
5272.36,4200.0,4200.0
5272.46,4200.0,4200.0
5272.46,4200.0,4200.0
5272.55,4200.0,4200.0
5272.55,4200.0,4200.0
5272.65,4200.0,4200.0
5272.65,4200.0,4200.0
5272.76,4200.0,4200.0
5272.76,4200.0,4200.0
5272.86,4200.0,4200.0
5272.86,4200.0,4200.0
5272.96,4200.0,4200.0
5272.96,4200.0,4200.0
5273.05,4200.0,4200.0
5273.05,4200.0,4200.0
5273.15,4200.0,4200.0
5273.15,4200.0,4200.0
5273.25,4200.0,4200.0
5273.26,4200.0,4200.0
5273.36,4200.0,4200.0
5273.36,4200.0,4200.0
5273.46,4200.0,4200.0
5273.46,4200.0,4200.0
5273.55,4200.0,4200.0
5273.55,4200.0,4200.0
5273.65,4200.0,4200.0
5273.65,4200.0,4200.0
5273.75,4200.0,4200.0
5273.75,4200.0,4200.0
5273.86,4200.0,4200.0
5273.86,4200.0,4200.0
5273.96,4200.0,4200.0
5273.97,4200.0,4200.0
5274.05,4200.0,4200.0
5274.05,4200.0,4200.0
5274.15,4200.0,4200.0
5274.15,4200.0,4200.0
5274.25,4200.0,4200.0
5274.25,4200.0,4200.0
5274.36,4200.0,4200.0
5274.36,4200.0,4200.0
5274.46,4200.0,4200.0
5274.46,4200.0,4200.0
5274.55,4200.0,4200.0
5274.56,4200.0,4200.0
5274.65,4200.0,4200.0
5274.65,4200.0,4200.0
5274.75,4200.0,4200.0
5274.75,4200.0,4200.0
5274.86,4200.0,4200.0
5274.86,4200.0,4200.0
5274.96,4200.0,4200.0
5274.96,4200.0,4200.0
5275.05,4200.0,4200.0
5275.06,4200.0,4200.0
5275.15,4200.0,4200.0
5275.15,4200.0,4200.0
5275.25,4200.0,4200.0
5275.25,4200.0,4200.0
5275.36,4200.0,4200.0
5275.36,4200.0,4200.0
5275.46,4200.0,4200.0
5275.46,4200.0,4200.0
5275.56,4200.0,4200.0
5275.56,4200.0,4200.0
5275.65,4200.0,4200.0
5275.65,4200.0,4200.0
5275.75,4200.0,4200.0
5275.75,4200.0,4200.0
5275.85,4200.0,4200.0
5275.86,4200.0,4200.0
5275.96,4200.0,4200.0
5275.96,4200.0,4200.0
5276.05,4200.0,4200.0
5276.06,4200.0,4200.0
5276.15,4200.0,4200.0
5276.15,4200.0,4200.0
5276.25,4200.0,4200.0
5276.25,4200.0,4200.0
5276.35,4200.0,4200.0
5276.35,4200.0,4200.0
5276.46,4200.0,4200.0
5276.46,4200.0,4200.0
5276.56,4200.0,4200.0
5276.56,4200.0,4200.0
5276.65,4200.0,4200.0
5276.66,4200.0,4200.0
5276.75,4200.0,4200.0
5276.75,4200.0,4200.0
5276.85,4200.0,4200.0
5276.86,4200.0,4200.0
5276.959,4200.0,4200.0
5276.959,4200.0,4200.0
5277.05,4200.0,4200.0
5277.06,4200.0,4200.0
5277.15,4200.0,4200.0
5277.16,4200.0,4200.0
5277.25,4200.0,4200.0
5277.25,4200.0,4200.0
5277.35,4200.0,4200.0
5277.36,4200.0,4200.0
5277.46,4200.0,4200.0
5277.46,4200.0,4200.0
5277.56,4200.0,4200.0
5277.56,4200.0,4200.0
5277.66,4200.0,4200.0
5277.66,4200.0,4200.0
5277.75,4200.0,4200.0
5277.75,4200.0,4200.0
5277.85,4200.0,4200.0
5277.85,4200.0,4200.0
5277.95,4200.0,4200.0
5277.96,4200.0,4200.0
5278.05,4200.0,4200.0
5278.06,4200.0,4200.0
5278.15,4200.0,4200.0
5278.16,4200.0,4200.0
5278.25,4200.0,4200.0
5278.25,4200.0,4200.0
5278.35,4200.0,4200.0
5278.35,4200.0,4200.0
5278.45,4200.0,4200.0
5278.45,4200.0,4200.0
5278.56,4200.0,4200.0
5278.56,4200.0,4200.0
5278.66,4200.0,4200.0
5278.66,4200.0,4200.0
5278.75,4200.0,4200.0
5278.76,4200.0,4200.0
5278.85,4200.0,4200.0
5278.85,4200.0,4200.0
5278.95,4200.0,4200.0
5278.95,4200.0,4200.0
5279.05,4200.0,4200.0
5279.06,4200.0,4200.0
5279.15,4200.0,4200.0
5279.16,4200.0,4200.0
5279.26,4200.0,4200.0
5279.26,4200.0,4200.0
5279.35,4200.0,4200.0
5279.35,4200.0,4200.0
5279.45,4200.0,4200.0
5279.45,4200.0,4200.0
5279.56,4200.0,4200.0
5279.56,4200.0,4200.0
5279.66,4200.0,4200.0
5279.66,4200.0,4200.0
5279.76,4200.0,4200.0
5279.76,4200.0,4200.0
5279.85,4200.0,4200.0
5279.85,4200.0,4200.0
5279.95,4200.0,4200.0
5279.95,4200.0,4200.0
5280.05,4200.0,4200.0
5280.05,4200.0,4200.0
5280.15,4200.0,4200.0
5280.159,4200.0,4200.0
5280.26,4200.0,4200.0
5280.26,4200.0,4200.0
5280.35,4200.0,4200.0
5280.36,4200.0,4200.0
5280.45,4200.0,4200.0
5280.45,4200.0,4200.0
5280.55,4200.0,4200.0
5280.56,4200.0,4200.0
5280.66,4200.0,4200.0
5280.66,4200.0,4200.0
5280.76,4200.0,4200.0
5280.76,4200.0,4200.0
5280.85,4200.0,4200.0
5280.85,4200.0,4200.0
5280.95,4200.0,4200.0
5280.95,4200.0,4200.0
5281.05,4200.0,4200.0
5281.05,4200.0,4200.0
5281.15,4200.0,4200.0
5281.16,4200.0,4200.0
5281.26,4200.0,4200.0
5281.26,4200.0,4200.0
5281.36,4200.0,4200.0
5281.36,4200.0,4200.0
5281.45,4200.0,4200.0
5281.45,4200.0,4200.0
5281.55,4200.0,4200.0
5281.55,4200.0,4200.0
5281.66,4200.0,4200.0
5281.66,4200.0,4200.0
5281.76,4200.0,4200.0
5281.76,4200.0,4200.0
5281.86,4200.0,4200.0
5281.86,4200.0,4200.0
5281.95,4200.0,4200.0
5281.95,4200.0,4200.0
5282.05,4200.0,4200.0
5282.05,4200.0,4200.0
5282.16,4200.0,4200.0
5282.16,4200.0,4200.0
5282.26,4200.0,4200.0
5282.26,4200.0,4200.0
5282.36,4200.0,4200.0
5282.36,4200.0,4200.0
5282.45,4200.0,4200.0
5282.45,4200.0,4200.0
5282.55,4200.0,4200.0
5282.55,4200.0,4200.0
5282.65,4200.0,4200.0
5282.65,4200.0,4200.0
5282.76,4200.0,4200.0
5282.76,4200.0,4200.0
5282.86,4200.0,4200.0
5282.86,4200.0,4200.0
5282.95,4200.0,4200.0
5282.95,4200.0,4200.0
5283.05,4200.0,4200.0
5283.05,4200.0,4200.0
5283.15,4200.0,4200.0
5283.15,4200.0,4200.0
5283.26,4200.0,4200.0
5283.26,4200.0,4200.0
5283.359,4200.0,4200.0
5283.359,4200.0,4200.0
5283.46,4200.0,4200.0
5283.46,4200.0,4200.0
5283.55,4200.0,4200.0
5283.55,4200.0,4200.0
5283.65,4200.0,4200.0
5283.65,4200.0,4200.0
5283.76,4200.0,4200.0
5283.77,4200.0,4200.0
5283.85,4200.0,4200.0
5283.86,4200.0,4200.0
5283.95,4200.0,4200.0
5283.96,4200.0,4200.0
5284.05,4200.0,4200.0
5284.05,4200.0,4200.0
5284.15,4200.0,4200.0
5284.15,4200.0,4200.0
5284.26,4200.0,4200.0
5284.26,4200.0,4200.0
5284.36,4200.0,4200.0
5284.36,4200.0,4200.0
5284.46,4200.0,4200.0
5284.46,4200.0,4200.0
5284.55,4200.0,4200.0
5284.55,4200.0,4200.0
5284.65,4200.0,4200.0
5284.65,4200.0,4200.0
5284.75,4200.0,4200.0
5284.76,4200.0,4200.0
5284.85,4200.0,4200.0
5284.86,4200.0,4200.0
5284.95,4200.0,4200.0
5284.96,4200.0,4200.0
5285.05,4200.0,4200.0
5285.05,4200.0,4200.0
5285.15,4200.0,4200.0
5285.15,4200.0,4200.0
5285.25,4200.0,4200.0
5285.25,4200.0,4200.0
5285.36,4200.0,4200.0
5285.36,4200.0,4200.0
5285.46,4200.0,4200.0
5285.46,4200.0,4200.0
5285.55,4200.0,4200.0
5285.56,4200.0,4200.0
5285.65,4200.0,4200.0
5285.66,4200.0,4200.0
5285.75,4200.0,4200.0
5285.75,4200.0,4200.0
5285.85,4200.0,4200.0
5285.86,4200.0,4200.0
5285.95,4200.0,4200.0
5285.96,4200.0,4200.0
5286.06,4200.0,4200.0
5286.06,4200.0,4200.0
5286.15,4200.0,4200.0
5286.15,4200.0,4200.0
5286.25,4200.0,4200.0
5286.25,4200.0,4200.0
5286.36,4200.0,4200.0
5286.36,4200.0,4200.0
5286.46,4200.0,4200.0
5286.46,4200.0,4200.0
5286.559,4200.0,4200.0
5286.559,4200.0,4200.0
5286.65,4200.0,4200.0
5286.66,4200.0,4200.0
5286.75,4200.0,4200.0
5286.75,4200.0,4200.0
5286.85,4200.0,4200.0
5286.85,4200.0,4200.0
5286.95,4200.0,4200.0
5286.96,4200.0,4200.0
5287.06,4200.0,4200.0
5287.06,4200.0,4200.0
5287.15,4200.0,4200.0
5287.15,4200.0,4200.0
5287.25,4200.0,4200.0
5287.25,4200.0,4200.0
5287.35,4200.0,4200.0
5287.35,4200.0,4200.0
5287.46,4200.0,4200.0
5287.46,4200.0,4200.0
5287.56,4200.0,4200.0
5287.56,4200.0,4200.0
5287.65,4200.0,4200.0
5287.66,4200.0,4200.0
5287.75,4200.0,4200.0
5287.75,4200.0,4200.0
5287.85,4200.0,4200.0
5287.85,4200.0,4200.0
5287.95,4200.0,4200.0
5287.96,4200.0,4200.0
5288.06,4200.0,4200.0
5288.06,4200.0,4200.0
5288.16,4200.0,4200.0
5288.16,4200.0,4200.0
5288.25,4200.0,4200.0
5288.25,4200.0,4200.0
5288.35,4200.0,4200.0
5288.35,4200.0,4200.0
5288.46,4200.0,4200.0
5288.46,4200.0,4200.0
5288.56,4200.0,4200.0
5288.56,4200.0,4200.0
5288.66,4200.0,4200.0
5288.66,4200.0,4200.0
5288.75,4200.0,4200.0
5288.75,4200.0,4200.0
5288.85,4200.0,4200.0
5288.85,4200.0,4200.0
5288.95,4200.0,4200.0
5288.95,4200.0,4200.0
5289.06,4200.0,4200.0
5289.06,4200.0,4200.0
5289.16,4200.0,4200.0
5289.16,4200.0,4200.0
5289.25,4200.0,4200.0
5289.25,4200.0,4200.0
5289.35,4200.0,4200.0
5289.36,4200.0,4200.0
5289.45,4200.0,4200.0
5289.45,4200.0,4200.0
5289.56,4200.0,4200.0
5289.56,4200.0,4200.0
5289.66,4200.0,4200.0
5289.66,4200.0,4200.0
5289.75,4200.0,4200.0
5289.75,4200.0,4200.0
5289.85,4200.0,4200.0
5289.85,4200.0,4200.0
5289.95,4200.0,4200.0
5289.95,4200.0,4200.0
5290.06,4200.0,4200.0
5290.07,4200.0,4200.0
5290.16,4200.0,4200.0
5290.16,4200.0,4200.0
5290.26,4200.0,4200.0
5290.26,4200.0,4200.0
5290.35,4200.0,4200.0
5290.36,4200.0,4200.0
5290.45,4200.0,4200.0
5290.45,4200.0,4200.0
5290.56,4200.0,4200.0
5290.56,4200.0,4200.0
5290.66,4200.0,4200.0
5290.66,4200.0,4200.0
5290.75,4200.0,4200.0
5290.76,4200.0,4200.0
5290.85,4200.0,4200.0
5290.85,4200.0,4200.0
5290.95,4200.0,4200.0
5290.95,4200.0,4200.0
5291.06,4200.0,4200.0
5291.06,4200.0,4200.0
5291.16,4200.0,4200.0
5291.16,4200.0,4200.0
5291.26,4200.0,4200.0
5291.26,4200.0,4200.0
5291.35,4200.0,4200.0
5291.35,4200.0,4200.0
5291.45,4200.0,4200.0
5291.45,4200.0,4200.0
5291.55,4200.0,4200.0
5291.55,4200.0,4200.0
5291.65,4200.0,4200.0
5291.66,4200.0,4200.0
5291.75,4200.0,4200.0
5291.76,4200.0,4200.0
5291.85,4200.0,4200.0
5291.85,4200.0,4200.0
5291.95,4200.0,4200.0
5291.95,4200.0,4200.0
5292.05,4200.0,4200.0
5292.05,4200.0,4200.0
5292.16,4200.0,4200.0
5292.16,4200.0,4200.0
5292.26,4200.0,4200.0
5292.26,4200.0,4200.0
5292.36,4200.0,4200.0
5292.36,4200.0,4200.0
5292.45,4200.0,4200.0
5292.45,4200.0,4200.0
5292.55,4200.0,4200.0
5292.55,4200.0,4200.0
5292.65,4200.0,4200.0
5292.66,4200.0,4200.0
5292.75,4200.0,4200.0
5292.76,4200.0,4200.0
5292.86,4200.0,4200.0
5292.86,4200.0,4200.0
5292.95,4200.0,4200.0
5292.95,4200.0,4200.0
5293.05,4200.0,4200.0
5293.05,4200.0,4200.0
5293.16,4200.0,4200.0
5293.16,4200.0,4200.0
5293.26,4200.0,4200.0
5293.26,4200.0,4200.0
5293.36,4200.0,4200.0
5293.36,4200.0,4200.0
5293.45,4200.0,4200.0
5293.45,4200.0,4200.0
5293.55,4200.0,4200.0
5293.55,4200.0,4200.0
5293.65,4200.0,4200.0
5293.65,4200.0,4200.0
5293.75,4200.0,4200.0
5293.76,4200.0,4200.0
5293.86,4200.0,4200.0
5293.86,4200.0,4200.0
5293.95,4200.0,4200.0
5293.95,4200.0,4200.0
5294.05,4200.0,4200.0
5294.05,4200.0,4200.0
5294.15,4200.0,4200.0
5294.15,4200.0,4200.0
5294.26,4200.0,4200.0
5294.26,4200.0,4200.0
5294.36,4200.0,4200.0
5294.36,4200.0,4200.0
5294.46,4200.0,4200.0
5294.46,4200.0,4200.0
5294.55,4200.0,4200.0
5294.55,4200.0,4200.0
5294.65,4200.0,4200.0
5294.65,4200.0,4200.0
5294.75,4200.0,4200.0
5294.76,4200.0,4200.0
5294.86,4200.0,4200.0
5294.87,4200.0,4200.0
5294.96,4200.0,4200.0
5294.96,4200.0,4200.0
5295.05,4200.0,4200.0
5295.05,4200.0,4200.0
5295.15,4200.0,4200.0
5295.15,4200.0,4200.0
5295.26,4200.0,4200.0
5295.26,4200.0,4200.0
5295.36,4200.0,4200.0
5295.36,4200.0,4200.0
5295.46,4200.0,4200.0
5295.46,4200.0,4200.0
5295.55,4200.0,4200.0
5295.55,4200.0,4200.0
5295.65,4200.0,4200.0
5295.65,4200.0,4200.0
5295.75,4200.0,4200.0
5295.75,4200.0,4200.0
5295.86,4200.0,4200.0
5295.86,4200.0,4200.0
5295.96,4200.0,4200.0
5295.96,4200.0,4200.0
5296.05,4200.0,4200.0
5296.05,4200.0,4200.0
5296.15,4200.0,4200.0
5296.15,4200.0,4200.0
5296.25,4200.0,4200.0
5296.25,4200.0,4200.0
5296.36,4200.0,4200.0
5296.37,4200.0,4200.0
5296.46,4200.0,4200.0
5296.46,4200.0,4200.0
5296.55,4200.0,4200.0
5296.55,4200.0,4200.0
5296.65,4200.0,4200.0
5296.65,4200.0,4200.0
5296.75,4200.0,4200.0
5296.75,4200.0,4200.0
5296.86,4200.0,4200.0
5296.86,4200.0,4200.0
5296.96,4200.0,4200.0
5296.96,4200.0,4200.0
5297.06,4200.0,4200.0
5297.06,4200.0,4200.0
5297.15,4200.0,4200.0
5297.15,4200.0,4200.0
5297.25,4200.0,4200.0
5297.25,4200.0,4200.0
5297.36,4200.0,4200.0
5297.36,4200.0,4200.0
5297.46,4200.0,4200.0
5297.46,4200.0,4200.0
5297.55,4200.0,4200.0
5297.56,4200.0,4200.0
5297.65,4200.0,4200.0
5297.65,4200.0,4200.0
5297.75,4200.0,4200.0
5297.75,4200.0,4200.0
5297.86,4200.0,4200.0
5297.86,4200.0,4200.0
5297.96,4200.0,4200.0
5297.96,4200.0,4200.0
5298.06,4200.0,4200.0
5298.06,4200.0,4200.0
5298.15,4200.0,4200.0
5298.15,4200.0,4200.0
5298.25,4200.0,4200.0
5298.25,4200.0,4200.0
5298.35,4200.0,4200.0
5298.35,4200.0,4200.0
5298.45,4200.0,4200.0
5298.46,4200.0,4200.0
5298.55,4200.0,4200.0
5298.56,4200.0,4200.0
5298.65,4200.0,4200.0
5298.65,4200.0,4200.0
5298.75,4200.0,4200.0
5298.75,4200.0,4200.0
5298.85,4200.0,4200.0
5298.85,4200.0,4200.0
5298.96,4200.0,4200.0
5298.96,4200.0,4200.0
5299.06,4200.0,4200.0
5299.06,4200.0,4200.0
5299.16,4200.0,4200.0
5299.16,4200.0,4200.0
5299.25,4200.0,4200.0
5299.25,4200.0,4200.0
5299.35,4200.0,4200.0
5299.359,4200.0,4200.0
5299.45,4200.0,4200.0
5299.46,4200.0,4200.0
5299.55,4200.0,4200.0
5299.56,4200.0,4200.0
5299.65,4200.0,4200.0
5299.66,4200.0,4200.0
5299.75,4200.0,4200.0
5299.75,4200.0,4200.0
5299.85,4200.0,4200.0
5299.85,4200.0,4200.0
5299.96,4200.0,4200.0
5299.96,4200.0,4200.0
5300.06,4200.0,4200.0
5300.06,4200.0,4200.0
5300.16,4200.0,4200.0
5300.16,4200.0,4200.0
5300.25,4200.0,4200.0
5300.25,4200.0,4200.0
5300.35,4200.0,4200.0
5300.35,4200.0,4200.0
5300.45,4200.0,4200.0
5300.46,4200.0,4200.0
5300.55,4200.0,4200.0
5300.56,4200.0,4200.0
5300.65,4200.0,4200.0
5300.66,4200.0,4200.0
5300.75,4200.0,4200.0
5300.75,4200.0,4200.0
5300.85,4200.0,4200.0
5300.85,4200.0,4200.0
5300.95,4200.0,4200.0
5300.95,4200.0,4200.0
5301.06,4200.0,4200.0
5301.06,4200.0,4200.0
5301.16,4200.0,4200.0
5301.16,4200.0,4200.0
5301.26,4200.0,4200.0
5301.26,4200.0,4200.0
5301.35,4200.0,4200.0
5301.35,4200.0,4200.0
5301.45,4200.0,4200.0
5301.45,4200.0,4200.0
5301.55,4200.0,4200.0
5301.56,4200.0,4200.0
5301.65,4200.0,4200.0
5301.66,4200.0,4200.0
5301.76,4200.0,4200.0
5301.76,4200.0,4200.0
5301.85,4200.0,4200.0
5301.85,4200.0,4200.0
5301.95,4200.0,4200.0
5301.95,4200.0,4200.0
5302.06,4200.0,4200.0
5302.06,4200.0,4200.0
5302.16,4200.0,4200.0
5302.16,4200.0,4200.0
5302.26,4200.0,4200.0
5302.26,4200.0,4200.0
5302.35,4200.0,4200.0
5302.35,4200.0,4200.0
5302.45,4200.0,4200.0
5302.45,4200.0,4200.0
5302.55,4200.0,4200.0
5302.55,4200.0,4200.0
5302.65,4200.0,4200.0
5302.66,4200.0,4200.0
5302.76,4200.0,4200.0
5302.76,4200.0,4200.0
5302.85,4200.0,4200.0
5302.85,4200.0,4200.0
5302.95,4200.0,4200.0
5302.95,4200.0,4200.0
5303.05,4200.0,4200.0
5303.05,4200.0,4200.0
5303.16,4200.0,4200.0
5303.16,4200.0,4200.0
5303.26,4200.0,4200.0
5303.26,4200.0,4200.0
5303.36,4200.0,4200.0
5303.36,4200.0,4200.0
5303.45,4200.0,4200.0
5303.45,4200.0,4200.0
5303.55,4200.0,4200.0
5303.55,4200.0,4200.0
5303.65,4200.0,4200.0
5303.66,4200.0,4200.0
5303.76,4200.0,4200.0
5303.76,4200.0,4200.0
5303.86,4200.0,4200.0
5303.87,4200.0,4200.0
5303.95,4200.0,4200.0
5303.95,4200.0,4200.0
5304.05,4200.0,4200.0
5304.05,4200.0,4200.0
5304.16,4200.0,4200.0
5304.16,4200.0,4200.0
5304.26,4200.0,4200.0
5304.26,4200.0,4200.0
5304.36,4200.0,4200.0
5304.36,4200.0,4200.0
5304.45,4200.0,4200.0
5304.46,4200.0,4200.0
5304.55,4200.0,4200.0
5304.55,4200.0,4200.0
5304.65,4200.0,4200.0
5304.66,4200.0,4200.0
5304.76,4200.0,4200.0
5304.77,4200.0,4200.0
5304.86,4200.0,4200.0
5304.86,4200.0,4200.0
5304.95,4200.0,4200.0
5304.95,4200.0,4200.0
5305.05,4200.0,4200.0
5305.05,4200.0,4200.0
5305.15,4200.0,4200.0
5305.15,4200.0,4200.0
5305.26,4200.0,4200.0
5305.26,4200.0,4200.0
5305.36,4200.0,4200.0
5305.36,4200.0,4200.0
5305.46,4200.0,4200.0
5305.46,4200.0,4200.0
5305.55,4200.0,4200.0
5305.55,4200.0,4200.0
5305.65,4200.0,4200.0
5305.65,4200.0,4200.0
5305.759,4200.0,4200.0
5305.759,4200.0,4200.0
5305.86,4200.0,4200.0
5305.86,4200.0,4200.0
5305.96,4200.0,4200.0
5305.96,4200.0,4200.0
5306.05,4200.0,4200.0
5306.05,4200.0,4200.0
5306.15,4200.0,4200.0
5306.15,4200.0,4200.0
5306.26,4200.0,4200.0
5306.26,4200.0,4200.0
5306.36,4200.0,4200.0
5306.36,4200.0,4200.0
5306.46,4200.0,4200.0
5306.46,4200.0,4200.0
5306.55,4200.0,4200.0
5306.55,4200.0,4200.0
5306.65,4200.0,4200.0
5306.65,4200.0,4200.0
5306.76,4200.0,4200.0
5306.76,4200.0,4200.0
5306.86,4200.0,4200.0
5306.87,4200.0,4200.0
5306.96,4200.0,4200.0
5306.96,4200.0,4200.0
5307.05,4200.0,4200.0
5307.05,4200.0,4200.0
5307.15,4200.0,4200.0
5307.15,4200.0,4200.0
5307.25,4200.0,4200.0
5307.26,4200.0,4200.0
5307.36,4200.0,4200.0
5307.36,4200.0,4200.0
5307.46,4200.0,4200.0
5307.46,4200.0,4200.0
5307.55,4200.0,4200.0
5307.55,4200.0,4200.0
5307.65,4200.0,4200.0
5307.65,4200.0,4200.0
5307.75,4200.0,4200.0
5307.75,4200.0,4200.0
5307.86,4200.0,4200.0
5307.86,4200.0,4200.0
5307.96,4200.0,4200.0
5307.96,4200.0,4200.0
5308.06,4200.0,4200.0
5308.06,4200.0,4200.0
5308.15,4200.0,4200.0
5308.15,4200.0,4200.0
5308.25,4200.0,4200.0
5308.25,4200.0,4200.0
5308.36,4200.0,4200.0
5308.36,4200.0,4200.0
5308.46,4200.0,4200.0
5308.46,4200.0,4200.0
5308.55,4200.0,4200.0
5308.56,4200.0,4200.0
5308.65,4200.0,4200.0
5308.65,4200.0,4200.0
5308.75,4200.0,4200.0
5308.75,4200.0,4200.0
5308.86,4200.0,4200.0
5308.86,4200.0,4200.0
5308.959,4200.0,4200.0
5308.97,4200.0,4200.0
5309.06,4200.0,4200.0
5309.06,4200.0,4200.0
5309.15,4200.0,4200.0
5309.16,4200.0,4200.0
5309.25,4200.0,4200.0
5309.25,4200.0,4200.0
5309.35,4200.0,4200.0
5309.36,4200.0,4200.0
5309.46,4200.0,4200.0
5309.46,4200.0,4200.0
5309.56,4200.0,4200.0
5309.56,4200.0,4200.0
5309.65,4200.0,4200.0
5309.65,4200.0,4200.0
5309.75,4200.0,4200.0
5309.75,4200.0,4200.0
5309.85,4200.0,4200.0
5309.85,4200.0,4200.0
5309.96,4200.0,4200.0
5309.96,4200.0,4200.0
5310.06,4200.0,4200.0
5310.06,4200.0,4200.0
5310.16,4200.0,4200.0
5310.16,4200.0,4200.0
5310.25,4200.0,4200.0
5310.25,4200.0,4200.0
5310.35,4200.0,4200.0
5310.35,4200.0,4200.0
5310.46,4200.0,4200.0
5310.46,4200.0,4200.0
5310.56,4200.0,4200.0
5310.56,4200.0,4200.0
5310.65,4200.0,4200.0
5310.66,4200.0,4200.0
5310.75,4200.0,4200.0
5310.75,4200.0,4200.0
5310.85,4200.0,4200.0
5310.85,4200.0,4200.0
5310.96,4200.0,4200.0
5310.96,4200.0,4200.0
5311.06,4200.0,4200.0
5311.07,4200.0,4200.0
5311.16,4200.0,4200.0
5311.16,4200.0,4200.0
5311.25,4200.0,4200.0
5311.25,4200.0,4200.0
5311.35,4200.0,4200.0
5311.35,4200.0,4200.0
5311.46,4200.0,4200.0
5311.46,4200.0,4200.0
5311.56,4200.0,4200.0
5311.56,4200.0,4200.0
5311.65,4200.0,4200.0
5311.66,4200.0,4200.0
5311.75,4200.0,4200.0
5311.75,4200.0,4200.0
5311.85,4200.0,4200.0
5311.85,4200.0,4200.0
5311.95,4200.0,4200.0
5311.95,4200.0,4200.0
5312.06,4200.0,4200.0
5312.06,4200.0,4200.0
5312.159,4200.0,4200.0
5312.159,4200.0,4200.0
5312.25,4200.0,4200.0
5312.26,4200.0,4200.0
5312.35,4200.0,4200.0
5312.35,4200.0,4200.0
5312.45,4200.0,4200.0
5312.45,4200.0,4200.0
5312.56,4200.0,4200.0
5312.56,4200.0,4200.0
5312.65,4200.0,4200.0
5312.66,4200.0,4200.0
5312.75,4200.0,4200.0
5312.76,4200.0,4200.0
5312.85,4200.0,4200.0
5312.85,4200.0,4200.0
5312.95,4200.0,4200.0
5312.95,4200.0,4200.0
5313.06,4200.0,4200.0
5313.06,4200.0,4200.0
5313.16,4200.0,4200.0
5313.16,4200.0,4200.0
5313.26,4200.0,4200.0
5313.26,4200.0,4200.0
5313.35,4200.0,4200.0
5313.35,4200.0,4200.0
5313.45,4200.0,4200.0
5313.46,4200.0,4200.0
5313.56,4200.0,4200.0
5313.56,4200.0,4200.0
5313.65,4200.0,4200.0
5313.66,4200.0,4200.0
5313.75,4200.0,4200.0
5313.76,4200.0,4200.0
5313.85,4200.0,4200.0
5313.85,4200.0,4200.0
5313.95,4200.0,4200.0
5313.95,4200.0,4200.0
5314.05,4200.0,4200.0
5314.06,4200.0,4200.0
5314.16,4200.0,4200.0
5314.16,4200.0,4200.0
5314.26,4200.0,4200.0
5314.26,4200.0,4200.0
5314.35,4200.0,4200.0
5314.36,4200.0,4200.0
5314.45,4200.0,4200.0
5314.46,4200.0,4200.0
5314.55,4200.0,4200.0
5314.55,4200.0,4200.0
5314.65,4200.0,4200.0
5314.66,4200.0,4200.0
5314.75,4200.0,4200.0
5314.76,4200.0,4200.0
5314.86,4200.0,4200.0
5314.86,4200.0,4200.0
5314.95,4200.0,4200.0
5314.95,4200.0,4200.0
5315.05,4200.0,4200.0
5315.05,4200.0,4200.0
5315.16,4200.0,4200.0
5315.16,4200.0,4200.0
5315.26,4200.0,4200.0
5315.26,4200.0,4200.0
5315.359,4200.0,4200.0
5315.359,4200.0,4200.0
5315.45,4200.0,4200.0
5315.45,4200.0,4200.0
5315.55,4200.0,4200.0
5315.55,4200.0,4200.0
5315.65,4200.0,4200.0
5315.66,4200.0,4200.0
5315.75,4200.0,4200.0
5315.76,4200.0,4200.0
5315.86,4200.0,4200.0
5315.86,4200.0,4200.0
5315.95,4200.0,4200.0
5315.95,4200.0,4200.0
5316.05,4200.0,4200.0
5316.05,4200.0,4200.0
5316.15,4200.0,4200.0
5316.16,4200.0,4200.0
5316.26,4200.0,4200.0
5316.26,4200.0,4200.0
5316.36,4200.0,4200.0
5316.36,4200.0,4200.0
5316.45,4200.0,4200.0
5316.45,4200.0,4200.0
5316.55,4200.0,4200.0
5316.55,4200.0,4200.0
5316.65,4200.0,4200.0
5316.65,4200.0,4200.0
5316.75,4200.0,4200.0
5316.76,4200.0,4200.0
5316.86,4200.0,4200.0
5316.86,4200.0,4200.0
5316.96,4200.0,4200.0
5316.96,4200.0,4200.0
5317.05,4200.0,4200.0
5317.05,4200.0,4200.0
5317.15,4200.0,4200.0
5317.15,4200.0,4200.0
5317.26,4200.0,4200.0
5317.26,4200.0,4200.0
5317.36,4200.0,4200.0
5317.36,4200.0,4200.0
5317.46,4200.0,4200.0
5317.46,4200.0,4200.0
5317.55,4200.0,4200.0
5317.55,4200.0,4200.0
5317.65,4200.0,4200.0
5317.65,4200.0,4200.0
5317.75,4200.0,4200.0
5317.76,4200.0,4200.0
5317.86,4200.0,4200.0
5317.86,4200.0,4200.0
5317.96,4200.0,4200.0
5317.97,4200.0,4200.0
5318.05,4200.0,4200.0
5318.05,4200.0,4200.0
5318.15,4200.0,4200.0
5318.15,4200.0,4200.0
5318.26,4200.0,4200.0
5318.26,4200.0,4200.0
5318.36,4200.0,4200.0
5318.36,4200.0,4200.0
5318.46,4200.0,4200.0
5318.46,4200.0,4200.0
5318.55,4200.0,4200.0
5318.55,4200.0,4200.0
5318.65,4200.0,4200.0
5318.65,4200.0,4200.0
5318.75,4200.0,4200.0
5318.75,4200.0,4200.0
5318.85,4200.0,4200.0
5318.86,4200.0,4200.0
5318.96,4200.0,4200.0
5318.96,4200.0,4200.0
5319.06,4200.0,4200.0
5319.06,4200.0,4200.0
5319.15,4200.0,4200.0
5319.15,4200.0,4200.0
5319.25,4200.0,4200.0
5319.25,4200.0,4200.0
5319.36,4200.0,4200.0
5319.36,4200.0,4200.0
5319.46,4200.0,4200.0
5319.47,4200.0,4200.0
5319.56,4200.0,4200.0
5319.56,4200.0,4200.0
5319.65,4200.0,4200.0
5319.65,4200.0,4200.0
5319.75,4200.0,4200.0
5319.75,4200.0,4200.0
5319.85,4200.0,4200.0
5319.86,4200.0,4200.0
5319.96,4200.0,4200.0
5319.96,4200.0,4200.0
5320.06,4200.0,4200.0
5320.06,4200.0,4200.0
5320.15,4200.0,4200.0
5320.15,4200.0,4200.0
5320.25,4200.0,4200.0
5320.25,4200.0,4200.0
5320.36,4200.0,4200.0
5320.36,4200.0,4200.0
5320.46,4200.0,4200.0
5320.46,4200.0,4200.0
5320.56,4200.0,4200.0
5320.56,4200.0,4200.0
5320.65,4200.0,4200.0
5320.65,4200.0,4200.0
5320.75,4200.0,4200.0
5320.75,4200.0,4200.0
5320.85,4200.0,4200.0
5320.85,4200.0,4200.0
5320.96,4200.0,4200.0
5320.96,4200.0,4200.0
5321.06,4200.0,4200.0
5321.06,4200.0,4200.0
5321.15,4200.0,4200.0
5321.16,4200.0,4200.0
5321.25,4200.0,4200.0
5321.25,4200.0,4200.0
5321.35,4200.0,4200.0
5321.36,4200.0,4200.0
5321.46,4200.0,4200.0
5321.46,4200.0,4200.0
5321.56,4200.0,4200.0
5321.57,4200.0,4200.0
5321.65,4200.0,4200.0
5321.66,4200.0,4200.0
5321.75,4200.0,4200.0
5321.75,4200.0,4200.0
5321.85,4200.0,4200.0
5321.85,4200.0,4200.0
5321.96,4200.0,4200.0
5321.96,4200.0,4200.0
5322.06,4200.0,4200.0
5322.06,4200.0,4200.0
5322.16,4200.0,4200.0
5322.16,4200.0,4200.0
5322.25,4200.0,4200.0
5322.25,4200.0,4200.0
5322.35,4200.0,4200.0
5322.35,4200.0,4200.0
5322.46,4200.0,4200.0
5322.46,4200.0,4200.0
5322.56,4200.0,4200.0
5322.56,4200.0,4200.0
5322.65,4200.0,4200.0
5322.66,4200.0,4200.0
5322.75,4200.0,4200.0
5322.75,4200.0,4200.0
5322.85,4200.0,4200.0
5322.85,4200.0,4200.0
5322.95,4200.0,4200.0
5322.96,4200.0,4200.0
5323.06,4200.0,4200.0
5323.06,4200.0,4200.0
5323.16,4200.0,4200.0
5323.16,4200.0,4200.0
5323.25,4200.0,4200.0
5323.26,4200.0,4200.0
5323.35,4200.0,4200.0
5323.35,4200.0,4200.0
5323.45,4200.0,4200.0
5323.46,4200.0,4200.0
5323.56,4200.0,4200.0
5323.56,4200.0,4200.0
5323.65,4200.0,4200.0
5323.66,4200.0,4200.0
5323.75,4200.0,4200.0
5323.76,4200.0,4200.0
5323.85,4200.0,4200.0
5323.85,4200.0,4200.0
5323.95,4200.0,4200.0
5323.95,4200.0,4200.0
5324.06,4200.0,4200.0
5324.06,4200.0,4200.0
5324.16,4200.0,4200.0
5324.16,4200.0,4200.0
5324.26,4200.0,4200.0
5324.26,4200.0,4200.0
5324.35,4200.0,4200.0
5324.35,4200.0,4200.0
5324.45,4200.0,4200.0
5324.45,4200.0,4200.0
5324.56,4200.0,4200.0
5324.56,4200.0,4200.0
5324.65,4200.0,4200.0
5324.66,4200.0,4200.0
5324.75,4200.0,4200.0
5324.76,4200.0,4200.0
5324.85,4200.0,4200.0
5324.85,4200.0,4200.0
5324.95,4200.0,4200.0
5324.95,4200.0,4200.0
5325.06,4200.0,4200.0
5325.06,4200.0,4200.0
5325.16,4200.0,4200.0
5325.16,4200.0,4200.0
5325.26,4200.0,4200.0
5325.26,4200.0,4200.0
5325.35,4200.0,4200.0
5325.35,4200.0,4200.0
5325.45,4200.0,4200.0
5325.45,4200.0,4200.0
5325.55,4200.0,4200.0
5325.55,4200.0,4200.0
5325.65,4200.0,4200.0
5325.66,4200.0,4200.0
5325.75,4200.0,4200.0
5325.76,4200.0,4200.0
5325.85,4200.0,4200.0
5325.86,4200.0,4200.0
5325.95,4200.0,4200.0
5325.95,4200.0,4200.0
5326.05,4200.0,4200.0
5326.05,4200.0,4200.0
5326.16,4200.0,4200.0
5326.16,4200.0,4200.0
5326.26,4200.0,4200.0
5326.26,4200.0,4200.0
5326.36,4200.0,4200.0
5326.36,4200.0,4200.0
5326.45,4200.0,4200.0
5326.45,4200.0,4200.0
5326.55,4200.0,4200.0
5326.55,4200.0,4200.0
5326.65,4200.0,4200.0
5326.66,4200.0,4200.0
5326.75,4200.0,4200.0
5326.76,4200.0,4200.0
5326.86,4200.0,4200.0
5326.86,4200.0,4200.0
5326.95,4200.0,4200.0
5326.95,4200.0,4200.0
5327.05,4200.0,4200.0
5327.05,4200.0,4200.0
5327.16,4200.0,4200.0
5327.16,4200.0,4200.0
5327.26,4200.0,4200.0
5327.26,4200.0,4200.0
5327.36,4200.0,4200.0
5327.36,4200.0,4200.0
5327.45,4200.0,4200.0
5327.55,4200.0,4200.0
5327.55,4200.0,4200.0
5327.65,4200.0,4200.0
5327.65,4200.0,4200.0
5327.75,4200.0,4200.0
5327.76,4200.0,4200.0
5327.86,4200.0,4200.0
5327.86,4200.0,4200.0
5327.95,4200.0,4200.0
5327.96,4200.0,4200.0
5328.05,4200.0,4200.0
5328.05,4200.0,4200.0
5328.15,4200.0,4200.0
5328.15,4200.0,4200.0
5328.26,4200.0,4200.0
5328.26,4200.0,4200.0
5328.36,4200.0,4200.0
5328.36,4200.0,4200.0
5328.46,4200.0,4200.0
5328.46,4200.0,4200.0
5328.55,4200.0,4200.0
5328.56,4200.0,4200.0
5328.65,4200.0,4200.0
5328.65,4200.0,4200.0
5328.75,4200.0,4200.0
5328.76,4200.0,4200.0
5328.86,4200.0,4200.0
5328.86,4200.0,4200.0
5328.96,4200.0,4200.0
5328.96,4200.0,4200.0
5329.05,4200.0,4200.0
5329.15,4200.0,4200.0
5329.15,4200.0,4200.0
5329.26,4200.0,4200.0
5329.26,4200.0,4200.0
5329.36,4200.0,4200.0
5329.36,4200.0,4200.0
5329.46,4200.0,4200.0
5329.46,4200.0,4200.0
5329.55,4200.0,4200.0
5329.55,4200.0,4200.0
5329.65,4200.0,4200.0
5329.65,4200.0,4200.0
5329.75,4200.0,4200.0
5329.75,4200.0,4200.0
5329.86,4200.0,4200.0
5329.86,4200.0,4200.0
5329.96,4200.0,4200.0
5329.96,4200.0,4200.0
5330.05,4200.0,4200.0
5330.06,4200.0,4200.0
5330.15,4200.0,4200.0
5330.15,4200.0,4200.0
5330.25,4200.0,4200.0
5330.25,4200.0,4200.0
5330.36,4200.0,4200.0
5330.36,4200.0,4200.0
5330.46,4200.0,4200.0
5330.46,4200.0,4200.0
5330.56,4200.0,4200.0
5330.56,4200.0,4200.0
5330.65,4200.0,4200.0
5330.65,4200.0,4200.0
5330.75,4200.0,4200.0
5330.75,4200.0,4200.0
5330.86,4200.0,4200.0
5330.86,4200.0,4200.0
5330.96,4200.0,4200.0
5330.96,4200.0,4200.0
5331.06,4200.0,4200.0
5331.06,4200.0,4200.0
5331.15,4200.0,4200.0
5331.15,4200.0,4200.0
5331.25,4200.0,4200.0
5331.25,4200.0,4200.0
5331.359,4200.0,4200.0
5331.359,4200.0,4200.0
5331.46,4200.0,4200.0
5331.46,4200.0,4200.0
5331.56,4200.0,4200.0
5331.56,4200.0,4200.0
5331.65,4200.0,4200.0
5331.65,4200.0,4200.0
5331.75,4200.0,4200.0
5331.75,4200.0,4200.0
5331.86,4200.0,4200.0
5331.86,4200.0,4200.0
5331.96,4200.0,4200.0
5331.96,4200.0,4200.0
5332.06,4200.0,4200.0
5332.06,4200.0,4200.0
5332.15,4200.0,4200.0
5332.16,4200.0,4200.0
5332.25,4200.0,4200.0
5332.26,4200.0,4200.0
5332.35,4200.0,4200.0
5332.35,4200.0,4200.0
5332.46,4200.0,4200.0
5332.46,4200.0,4200.0
5332.56,4200.0,4200.0
5332.56,4200.0,4200.0
5332.65,4200.0,4200.0
5332.66,4200.0,4200.0
5332.75,4200.0,4200.0
5332.75,4200.0,4200.0
5332.85,4200.0,4200.0
5332.85,4200.0,4200.0
5332.96,4200.0,4200.0
5332.96,4200.0,4200.0
5333.06,4200.0,4200.0
5333.06,4200.0,4200.0
5333.16,4200.0,4200.0
5333.16,4200.0,4200.0
5333.25,4200.0,4200.0
5333.26,4200.0,4200.0
5333.35,4200.0,4200.0
5333.35,4200.0,4200.0
5333.46,4200.0,4200.0
5333.47,4200.0,4200.0
5333.55,4200.0,4200.0
5333.56,4200.0,4200.0
5333.65,4200.0,4200.0
5333.66,4200.0,4200.0
5333.75,4200.0,4200.0
5333.75,4200.0,4200.0
5333.85,4200.0,4200.0
5333.85,4200.0,4200.0
5333.96,4200.0,4200.0
5333.96,4200.0,4200.0
5334.06,4200.0,4200.0
5334.06,4200.0,4200.0
5334.16,4200.0,4200.0
5334.16,4200.0,4200.0
5334.25,4200.0,4200.0
5334.25,4200.0,4200.0
5334.35,4200.0,4200.0
5334.35,4200.0,4200.0
5334.45,4200.0,4200.0
5334.46,4200.0,4200.0
5334.55,4200.0,4200.0
5334.559,4200.0,4200.0
5334.65,4200.0,4200.0
5334.66,4200.0,4200.0
5334.75,4200.0,4200.0
5334.76,4200.0,4200.0
5334.85,4200.0,4200.0
5334.85,4200.0,4200.0
5334.95,4200.0,4200.0
5334.95,4200.0,4200.0
5335.06,4200.0,4200.0
5335.06,4200.0,4200.0
5335.16,4200.0,4200.0
5335.16,4200.0,4200.0
5335.26,4200.0,4200.0
5335.26,4200.0,4200.0
5335.35,4200.0,4200.0
5335.35,4200.0,4200.0
5335.45,4200.0,4200.0
5335.45,4200.0,4200.0
5335.55,4200.0,4200.0
5335.56,4200.0,4200.0
5335.65,4200.0,4200.0
5335.66,4200.0,4200.0
5335.76,4200.0,4200.0
5335.76,4200.0,4200.0
5335.85,4200.0,4200.0
5335.85,4200.0,4200.0
5335.95,4200.0,4200.0
5335.95,4200.0,4200.0
5336.06,4200.0,4200.0
5336.06,4200.0,4200.0
5336.16,4200.0,4200.0
5336.16,4200.0,4200.0
5336.26,4200.0,4200.0
5336.26,4200.0,4200.0
5336.35,4200.0,4200.0
5336.35,4200.0,4200.0
5336.45,4200.0,4200.0
5336.45,4200.0,4200.0
5336.55,4200.0,4200.0
5336.55,4200.0,4200.0
5336.65,4200.0,4200.0
5336.66,4200.0,4200.0
5336.76,4200.0,4200.0
5336.77,4200.0,4200.0
5336.86,4200.0,4200.0
5336.86,4200.0,4200.0
5336.95,4200.0,4200.0
5336.95,4200.0,4200.0
5337.05,4200.0,4200.0
5337.05,4200.0,4200.0
5337.16,4200.0,4200.0
5337.16,4200.0,4200.0
5337.26,4200.0,4200.0
5337.26,4200.0,4200.0
5337.36,4200.0,4200.0
5337.36,4200.0,4200.0
5337.45,4200.0,4200.0
5337.45,4200.0,4200.0
5337.55,4200.0,4200.0
5337.55,4200.0,4200.0
5337.65,4200.0,4200.0
5337.66,4200.0,4200.0
5337.759,4200.0,4200.0
5337.77,4200.0,4200.0
5337.86,4200.0,4200.0
5337.86,4200.0,4200.0
5337.95,4200.0,4200.0
5337.95,4200.0,4200.0
5338.05,4200.0,4200.0
5338.05,4200.0,4200.0
5338.16,4200.0,4200.0
5338.16,4200.0,4200.0
5338.26,4200.0,4200.0
5338.26,4200.0,4200.0
5338.36,4200.0,4200.0
5338.36,4200.0,4200.0
5338.45,4200.0,4200.0
5338.45,4200.0,4200.0
5338.55,4200.0,4200.0
5338.55,4200.0,4200.0
5338.66,4200.0,4200.0
5338.66,4200.0,4200.0
5338.76,4200.0,4200.0
5338.76,4200.0,4200.0
5338.86,4200.0,4200.0
5338.86,4200.0,4200.0
5338.95,4200.0,4200.0
5338.96,4200.0,4200.0
5339.05,4200.0,4200.0
5339.05,4200.0,4200.0
5339.15,4200.0,4200.0
5339.15,4200.0,4200.0
5339.26,4200.0,4200.0
5339.26,4200.0,4200.0
5339.36,4200.0,4200.0
5339.36,4200.0,4200.0
5339.45,4200.0,4200.0
5339.46,4200.0,4200.0
5339.55,4200.0,4200.0
5339.55,4200.0,4200.0
5339.65,4200.0,4200.0
5339.65,4200.0,4200.0
5339.76,4200.0,4200.0
5339.77,4200.0,4200.0
5339.86,4200.0,4200.0
5339.86,4200.0,4200.0
5339.96,4200.0,4200.0
5339.96,4200.0,4200.0
5340.05,4200.0,4200.0
5340.05,4200.0,4200.0
5340.15,4200.0,4200.0
5340.15,4200.0,4200.0
5340.26,4200.0,4200.0
5340.26,4200.0,4200.0
5340.36,4200.0,4200.0
5340.36,4200.0,4200.0
5340.45,4200.0,4200.0
5340.46,4200.0,4200.0
5340.55,4200.0,4200.0
5340.55,4200.0,4200.0
5340.65,4200.0,4200.0
5340.65,4200.0,4200.0
5340.76,4200.0,4200.0
5340.76,4200.0,4200.0
5340.86,4200.0,4200.0
5340.86,4200.0,4200.0
5340.959,4200.0,4200.0
5340.959,4200.0,4200.0
5341.05,4200.0,4200.0
5341.06,4200.0,4200.0
5341.15,4200.0,4200.0
5341.15,4200.0,4200.0
5341.26,4200.0,4200.0
5341.26,4200.0,4200.0
5341.36,4200.0,4200.0
5341.36,4200.0,4200.0
5341.45,4200.0,4200.0
5341.46,4200.0,4200.0
5341.55,4200.0,4200.0
5341.56,4200.0,4200.0
5341.65,4200.0,4200.0
5341.65,4200.0,4200.0
5341.75,4200.0,4200.0
5341.75,4200.0,4200.0
5341.86,4200.0,4200.0
5341.86,4200.0,4200.0
5341.96,4200.0,4200.0
5341.96,4200.0,4200.0
5342.06,4200.0,4200.0
5342.06,4200.0,4200.0
5342.15,4200.0,4200.0
5342.15,4200.0,4200.0
5342.25,4200.0,4200.0
5342.26,4200.0,4200.0
5342.35,4200.0,4200.0
5342.36,4200.0,4200.0
5342.45,4200.0,4200.0
5342.46,4200.0,4200.0
5342.56,4200.0,4200.0
5342.56,4200.0,4200.0
5342.65,4200.0,4200.0
5342.65,4200.0,4200.0
5342.75,4200.0,4200.0
5342.75,4200.0,4200.0
5342.86,4200.0,4200.0
5342.86,4200.0,4200.0
5342.96,4200.0,4200.0
5342.96,4200.0,4200.0
5343.06,4200.0,4200.0
5343.06,4200.0,4200.0
5343.15,4200.0,4200.0
5343.16,4200.0,4200.0
5343.25,4200.0,4200.0
5343.25,4200.0,4200.0
5343.35,4200.0,4200.0
5343.35,4200.0,4200.0
5343.45,4200.0,4200.0
5343.46,4200.0,4200.0
5343.56,4200.0,4200.0
5343.56,4200.0,4200.0
5343.66,4200.0,4200.0
5343.66,4200.0,4200.0
5343.75,4200.0,4200.0
5343.75,4200.0,4200.0
5343.85,4200.0,4200.0
5343.85,4200.0,4200.0
5343.96,4200.0,4200.0
5343.96,4200.0,4200.0
5344.06,4200.0,4200.0
5344.06,4200.0,4200.0
5344.159,4200.0,4200.0
5344.159,4200.0,4200.0
5344.25,4200.0,4200.0
5344.25,4200.0,4200.0
5344.35,4200.0,4200.0
5344.35,4200.0,4200.0
5344.45,4200.0,4200.0
5344.46,4200.0,4200.0
5344.56,4200.0,4200.0
5344.56,4200.0,4200.0
5344.66,4200.0,4200.0
5344.66,4200.0,4200.0
5344.75,4200.0,4200.0
5344.75,4200.0,4200.0
5344.85,4200.0,4200.0
5344.85,4200.0,4200.0
5344.96,4200.0,4200.0
5344.96,4200.0,4200.0
5345.06,4200.0,4200.0
5345.06,4200.0,4200.0
5345.16,4200.0,4200.0
5345.16,4200.0,4200.0
5345.25,4200.0,4200.0
5345.25,4200.0,4200.0
5345.35,4200.0,4200.0
5345.35,4200.0,4200.0
5345.45,4200.0,4200.0
5345.46,4200.0,4200.0
5345.56,4200.0,4200.0
5345.56,4200.0,4200.0
5345.66,4200.0,4200.0
5345.66,4200.0,4200.0
5345.76,4200.0,4200.0
5345.76,4200.0,4200.0
5345.85,4200.0,4200.0
5345.85,4200.0,4200.0
5345.95,4200.0,4200.0
5345.95,4200.0,4200.0
5346.06,4200.0,4200.0
5346.07,4200.0,4200.0
5346.16,4200.0,4200.0
5346.16,4200.0,4200.0
5346.25,4200.0,4200.0
5346.26,4200.0,4200.0
5346.35,4200.0,4200.0
5346.35,4200.0,4200.0
5346.45,4200.0,4200.0
5346.45,4200.0,4200.0
5346.56,4200.0,4200.0
5346.57,4200.0,4200.0
5346.66,4200.0,4200.0
5346.66,4200.0,4200.0
5346.76,4200.0,4200.0
5346.76,4200.0,4200.0
5346.85,4200.0,4200.0
5346.85,4200.0,4200.0
5346.95,4200.0,4200.0
5346.95,4200.0,4200.0
5347.06,4200.0,4200.0
5347.06,4200.0,4200.0
5347.16,4200.0,4200.0
5347.16,4200.0,4200.0
5347.25,4200.0,4200.0
5347.26,4200.0,4200.0
5347.35,4200.0,4200.0
5347.35,4200.0,4200.0
5347.45,4200.0,4200.0
5347.45,4200.0,4200.0
5347.56,4200.0,4200.0
5347.57,4200.0,4200.0
5347.66,4200.0,4200.0
5347.66,4200.0,4200.0
5347.76,4200.0,4200.0
5347.76,4200.0,4200.0
5347.86,4200.0,4200.0
5347.86,4200.0,4200.0
5347.95,4200.0,4200.0
5347.95,4200.0,4200.0
5348.05,4200.0,4200.0
5348.05,4200.0,4200.0
5348.15,4200.0,4200.0
5348.16,4200.0,4200.0
5348.25,4200.0,4200.0
5348.26,4200.0,4200.0
5348.36,4200.0,4200.0
5348.36,4200.0,4200.0
5348.45,4200.0,4200.0
5348.45,4200.0,4200.0
5348.55,4200.0,4200.0
5348.55,4200.0,4200.0
5348.66,4200.0,4200.0
5348.66,4200.0,4200.0
5348.76,4200.0,4200.0
5348.76,4200.0,4200.0
5348.86,4200.0,4200.0
5348.86,4200.0,4200.0
5348.95,4200.0,4200.0
5348.95,4200.0,4200.0
5349.05,4200.0,4200.0
5349.05,4200.0,4200.0
5349.15,4200.0,4200.0
5349.16,4200.0,4200.0
5349.25,4200.0,4200.0
5349.26,4200.0,4200.0
5349.36,4200.0,4200.0
5349.36,4200.0,4200.0
5349.45,4200.0,4200.0
5349.45,4200.0,4200.0
5349.55,4200.0,4200.0
5349.55,4200.0,4200.0
5349.66,4200.0,4200.0
5349.66,4200.0,4200.0
5349.76,4200.0,4200.0
5349.76,4200.0,4200.0
5349.86,4200.0,4200.0
5349.86,4200.0,4200.0
5349.95,4200.0,4200.0
5349.96,4200.0,4200.0
5350.05,4200.0,4200.0
5350.05,4200.0,4200.0
5350.15,4200.0,4200.0
5350.15,4200.0,4200.0
5350.25,4200.0,4200.0
5350.26,4200.0,4200.0
5350.36,4200.0,4200.0
5350.36,4200.0,4200.0
5350.46,4200.0,4200.0
5350.47,4200.0,4200.0
5350.55,4200.0,4200.0
5350.55,4200.0,4200.0
5350.65,4200.0,4200.0
5350.65,4200.0,4200.0
5350.76,4200.0,4200.0
5350.76,4200.0,4200.0
5350.86,4200.0,4200.0
5350.86,4200.0,4200.0
5350.96,4200.0,4200.0
5350.96,4200.0,4200.0
5351.05,4200.0,4200.0
5351.06,4200.0,4200.0
5351.15,4200.0,4200.0
5351.15,4200.0,4200.0
5351.26,4200.0,4200.0
5351.26,4200.0,4200.0
5351.36,4200.0,4200.0
5351.36,4200.0,4200.0
5351.46,4200.0,4200.0
5351.46,4200.0,4200.0
5351.55,4200.0,4200.0
5351.55,4200.0,4200.0
5351.65,4200.0,4200.0
5351.65,4200.0,4200.0
5351.76,4200.0,4200.0
5351.76,4200.0,4200.0
5351.86,4200.0,4200.0
5351.86,4200.0,4200.0
5351.96,4200.0,4200.0
5351.96,4200.0,4200.0
5352.05,4200.0,4200.0
5352.06,4200.0,4200.0
5352.15,4200.0,4200.0
5352.15,4200.0,4200.0
5352.25,4200.0,4200.0
5352.26,4200.0,4200.0
5352.36,4200.0,4200.0
5352.37,4200.0,4200.0
5352.46,4200.0,4200.0
5352.46,4200.0,4200.0
5352.56,4200.0,4200.0
5352.56,4200.0,4200.0
5352.65,4200.0,4200.0
5352.65,4200.0,4200.0
5352.75,4200.0,4200.0
5352.75,4200.0,4200.0
5352.86,4200.0,4200.0
5352.86,4200.0,4200.0
5352.96,4200.0,4200.0
5352.96,4200.0,4200.0
5353.05,4200.0,4200.0
5353.06,4200.0,4200.0
5353.15,4200.0,4200.0
5353.15,4200.0,4200.0
5353.25,4200.0,4200.0
5353.25,4200.0,4200.0
5353.36,4200.0,4200.0
5353.36,4200.0,4200.0
5353.46,4200.0,4200.0
5353.46,4200.0,4200.0
5353.56,4200.0,4200.0
5353.56,4200.0,4200.0
5353.65,4200.0,4200.0
5353.65,4200.0,4200.0
5353.75,4200.0,4200.0
5353.75,4200.0,4200.0
5353.86,4200.0,4200.0
5353.86,4200.0,4200.0
5353.95,4200.0,4200.0
5353.96,4200.0,4200.0
5354.05,4200.0,4200.0
5354.06,4200.0,4200.0
5354.15,4200.0,4200.0
5354.16,4200.0,4200.0
5354.25,4200.0,4200.0
5354.25,4200.0,4200.0
5354.35,4200.0,4200.0
5354.36,4200.0,4200.0
5354.46,4200.0,4200.0
5354.46,4200.0,4200.0
5354.56,4200.0,4200.0
5354.56,4200.0,4200.0
5354.66,4200.0,4200.0
5354.66,4200.0,4200.0
5354.75,4200.0,4200.0
5354.75,4200.0,4200.0
5354.85,4200.0,4200.0
5354.85,4200.0,4200.0
5354.95,4200.0,4200.0
5354.96,4200.0,4200.0
5355.05,4200.0,4200.0
5355.06,4200.0,4200.0
5355.16,4200.0,4200.0
5355.16,4200.0,4200.0
5355.25,4200.0,4200.0
5355.25,4200.0,4200.0
5355.35,4200.0,4200.0
5355.35,4200.0,4200.0
5355.46,4200.0,4200.0
5355.46,4200.0,4200.0
5355.56,4200.0,4200.0
5355.56,4200.0,4200.0
5355.66,4200.0,4200.0
5355.66,4200.0,4200.0
5355.75,4200.0,4200.0
5355.75,4200.0,4200.0
5355.85,4200.0,4200.0
5355.85,4200.0,4200.0
5355.95,4200.0,4200.0
5355.96,4200.0,4200.0
5356.05,4200.0,4200.0
5356.06,4200.0,4200.0
5356.16,4200.0,4200.0
5356.16,4200.0,4200.0
5356.25,4200.0,4200.0
5356.26,4200.0,4200.0
5356.35,4200.0,4200.0
5356.36,4200.0,4200.0
5356.45,4200.0,4200.0
5356.46,4200.0,4200.0
5356.56,4200.0,4200.0
5356.56,4200.0,4200.0
5356.66,4200.0,4200.0
5356.66,4200.0,4200.0
5356.76,4200.0,4200.0
5356.76,4200.0,4200.0
5356.85,4200.0,4200.0
5356.85,4200.0,4200.0
5356.95,4200.0,4200.0
5356.95,4200.0,4200.0
5357.06,4200.0,4200.0
5357.06,4200.0,4200.0
5357.16,4200.0,4200.0
5357.16,4200.0,4200.0
5357.26,4200.0,4200.0
5357.26,4200.0,4200.0
5357.35,4200.0,4200.0
5357.36,4200.0,4200.0
5357.45,4200.0,4200.0
5357.45,4200.0,4200.0
5357.56,4200.0,4200.0
5357.56,4200.0,4200.0
5357.66,4200.0,4200.0
5357.66,4200.0,4200.0
5357.76,4200.0,4200.0
5357.76,4200.0,4200.0
5357.85,4200.0,4200.0
5357.85,4200.0,4200.0
5357.95,4200.0,4200.0
5357.95,4200.0,4200.0
5358.06,4200.0,4200.0
5358.06,4200.0,4200.0
5358.16,4200.0,4200.0
5358.16,4200.0,4200.0
5358.26,4200.0,4200.0
5358.26,4200.0,4200.0
5358.35,4200.0,4200.0
5358.36,4200.0,4200.0
5358.45,4200.0,4200.0
5358.45,4200.0,4200.0
5358.56,4200.0,4200.0
5358.56,4200.0,4200.0
5358.66,4200.0,4200.0
5358.67,4200.0,4200.0
5358.75,4200.0,4200.0
5358.76,4200.0,4200.0
5358.85,4200.0,4200.0
5358.86,4200.0,4200.0
5358.95,4200.0,4200.0
5358.95,4200.0,4200.0
5359.05,4200.0,4200.0
5359.05,4200.0,4200.0
5359.16,4200.0,4200.0
5359.16,4200.0,4200.0
5359.26,4200.0,4200.0
5359.26,4200.0,4200.0
5359.36,4200.0,4200.0
5359.36,4200.0,4200.0
5359.45,4200.0,4200.0
5359.45,4200.0,4200.0
5359.55,4200.0,4200.0
5359.55,4200.0,4200.0
5359.66,4200.0,4200.0
5359.66,4200.0,4200.0
5359.75,4200.0,4200.0
5359.76,4200.0,4200.0
5359.86,4200.0,4200.0
5359.86,4200.0,4200.0
5359.95,4200.0,4200.0
5359.95,4200.0,4200.0
5360.05,4200.0,4200.0
5360.06,4200.0,4200.0
5360.159,4200.0,4200.0
5360.159,4200.0,4200.0
5360.26,4200.0,4200.0
5360.26,4200.0,4200.0
5360.36,4200.0,4200.0
5360.36,4200.0,4200.0
5360.45,4200.0,4200.0
5360.45,4200.0,4200.0
5360.55,4200.0,4200.0
5360.55,4200.0,4200.0
5360.65,4200.0,4200.0
5360.66,4200.0,4200.0
5360.75,4200.0,4200.0
5360.76,4200.0,4200.0
5360.86,4200.0,4200.0
5360.86,4200.0,4200.0
5360.96,4200.0,4200.0
5360.96,4200.0,4200.0
5361.05,4200.0,4200.0
5361.06,4200.0,4200.0
5361.15,4200.0,4200.0
5361.15,4200.0,4200.0
5361.26,4200.0,4200.0
5361.26,4200.0,4200.0
5361.36,4200.0,4200.0
5361.36,4200.0,4200.0
5361.46,4200.0,4200.0
5361.46,4200.0,4200.0
5361.55,4200.0,4200.0
5361.55,4200.0,4200.0
5361.65,4200.0,4200.0
5361.65,4200.0,4200.0
5361.76,4200.0,4200.0
5361.76,4200.0,4200.0
5361.86,4200.0,4200.0
5361.86,4200.0,4200.0
5361.96,4200.0,4200.0
5361.96,4200.0,4200.0
5362.05,4200.0,4200.0
5362.05,4200.0,4200.0
5362.15,4200.0,4200.0
5362.15,4200.0,4200.0
5362.26,4200.0,4200.0
5362.26,4200.0,4200.0
5362.36,4200.0,4200.0
5362.36,4200.0,4200.0
5362.46,4200.0,4200.0
5362.46,4200.0,4200.0
5362.55,4200.0,4200.0
5362.55,4200.0,4200.0
5362.65,4200.0,4200.0
5362.65,4200.0,4200.0
5362.76,4200.0,4200.0
5362.76,4200.0,4200.0
5362.86,4200.0,4200.0
5362.87,4200.0,4200.0
5362.96,4200.0,4200.0
5362.96,4200.0,4200.0
5363.06,4200.0,4200.0
5363.06,4200.0,4200.0
5363.15,4200.0,4200.0
5363.15,4200.0,4200.0
5363.25,4200.0,4200.0
5363.26,4200.0,4200.0
5363.359,4200.0,4200.0
5363.359,4200.0,4200.0
5363.45,4200.0,4200.0
5363.46,4200.0,4200.0
5363.55,4200.0,4200.0
5363.56,4200.0,4200.0
5363.65,4200.0,4200.0
5363.65,4200.0,4200.0
5363.75,4200.0,4200.0
5363.75,4200.0,4200.0
5363.86,4200.0,4200.0
5363.86,4200.0,4200.0
5363.96,4200.0,4200.0
5363.96,4200.0,4200.0
5364.06,4200.0,4200.0
5364.06,4200.0,4200.0
5364.15,4200.0,4200.0
5364.15,4200.0,4200.0
5364.25,4200.0,4200.0
5364.25,4200.0,4200.0
5364.36,4200.0,4200.0
5364.36,4200.0,4200.0
5364.45,4200.0,4200.0
5364.46,4200.0,4200.0
5364.56,4200.0,4200.0
5364.56,4200.0,4200.0
5364.65,4200.0,4200.0
5364.65,4200.0,4200.0
5364.75,4200.0,4200.0
5364.75,4200.0,4200.0
5364.86,4200.0,4200.0
5364.86,4200.0,4200.0
5364.96,4200.0,4200.0
5364.96,4200.0,4200.0
5365.06,4200.0,4200.0
5365.06,4200.0,4200.0
5365.16,4200.0,4200.0
5365.16,4200.0,4200.0
5365.25,4200.0,4200.0
5365.25,4200.0,4200.0
5365.35,4200.0,4200.0
5365.36,4200.0,4200.0
5365.45,4200.0,4200.0
5365.46,4200.0,4200.0
5365.56,4200.0,4200.0
5365.57,4200.0,4200.0
5365.66,4200.0,4200.0
5365.66,4200.0,4200.0
5365.75,4200.0,4200.0
5365.75,4200.0,4200.0
5365.85,4200.0,4200.0
5365.85,4200.0,4200.0
5365.96,4200.0,4200.0
5365.96,4200.0,4200.0
5366.06,4200.0,4200.0
5366.06,4200.0,4200.0
5366.16,4200.0,4200.0
5366.16,4200.0,4200.0
5366.25,4200.0,4200.0
5366.25,4200.0,4200.0
5366.35,4200.0,4200.0
5366.35,4200.0,4200.0
5366.46,4200.0,4200.0
5366.46,4200.0,4200.0
5366.559,4200.0,4200.0
5366.559,4200.0,4200.0
5366.66,4200.0,4200.0
5366.66,4200.0,4200.0
5366.75,4200.0,4200.0
5366.75,4200.0,4200.0
5366.85,4200.0,4200.0
5366.85,4200.0,4200.0
5366.96,4200.0,4200.0
5366.96,4200.0,4200.0
5367.06,4200.0,4200.0
5367.07,4200.0,4200.0
5367.16,4200.0,4200.0
5367.16,4200.0,4200.0
5367.25,4200.0,4200.0
5367.26,4200.0,4200.0
5367.35,4200.0,4200.0
5367.35,4200.0,4200.0
5367.45,4200.0,4200.0
5367.46,4200.0,4200.0
5367.56,4200.0,4200.0
5367.56,4200.0,4200.0
5367.66,4200.0,4200.0
5367.66,4200.0,4200.0
5367.76,4200.0,4200.0
5367.76,4200.0,4200.0
5367.85,4200.0,4200.0
5367.85,4200.0,4200.0
5367.95,4200.0,4200.0
5367.95,4200.0,4200.0
5368.06,4200.0,4200.0
5368.06,4200.0,4200.0
5368.15,4200.0,4200.0
5368.16,4200.0,4200.0
5368.25,4200.0,4200.0
5368.26,4200.0,4200.0
5368.35,4200.0,4200.0
5368.35,4200.0,4200.0
5368.45,4200.0,4200.0
5368.45,4200.0,4200.0
5368.56,4200.0,4200.0
5368.56,4200.0,4200.0
5368.66,4200.0,4200.0
5368.66,4200.0,4200.0
5368.76,4200.0,4200.0
5368.76,4200.0,4200.0
5368.85,4200.0,4200.0
5368.85,4200.0,4200.0
5368.95,4200.0,4200.0
5368.95,4200.0,4200.0
5369.05,4200.0,4200.0
5369.06,4200.0,4200.0
5369.15,4200.0,4200.0
5369.16,4200.0,4200.0
5369.26,4200.0,4200.0
5369.26,4200.0,4200.0
5369.36,4200.0,4200.0
5369.36,4200.0,4200.0
5369.45,4200.0,4200.0
5369.45,4200.0,4200.0
5369.55,4200.0,4200.0
5369.56,4200.0,4200.0
5369.66,4200.0,4200.0
5369.66,4200.0,4200.0
5369.759,4200.0,4200.0
5369.759,4200.0,4200.0
5369.86,4200.0,4200.0
5369.86,4200.0,4200.0
5369.95,4200.0,4200.0
5369.95,4200.0,4200.0
5370.05,4200.0,4200.0
5370.05,4200.0,4200.0
5370.16,4200.0,4200.0
5370.16,4200.0,4200.0
5370.26,4200.0,4200.0
5370.26,4200.0,4200.0
5370.36,4200.0,4200.0
5370.36,4200.0,4200.0
5370.45,4200.0,4200.0
5370.45,4200.0,4200.0
5370.55,4200.0,4200.0
5370.55,4200.0,4200.0
5370.66,4200.0,4200.0
5370.66,4200.0,4200.0
5370.76,4200.0,4200.0
5370.76,4200.0,4200.0
5370.86,4200.0,4200.0
5370.86,4200.0,4200.0
5370.95,4200.0,4200.0
5370.95,4200.0,4200.0
5371.05,4200.0,4200.0
5371.05,4200.0,4200.0
5371.16,4200.0,4200.0
5371.16,4200.0,4200.0
5371.26,4200.0,4200.0
5371.27,4200.0,4200.0
5371.36,4200.0,4200.0
5371.36,4200.0,4200.0
5371.45,4200.0,4200.0
5371.46,4200.0,4200.0
5371.55,4200.0,4200.0
5371.55,4200.0,4200.0
5371.65,4200.0,4200.0
5371.66,4200.0,4200.0
5371.76,4200.0,4200.0
5371.76,4200.0,4200.0
5371.85,4200.0,4200.0
5371.86,4200.0,4200.0
5371.95,4200.0,4200.0
5371.96,4200.0,4200.0
5372.05,4200.0,4200.0
5372.05,4200.0,4200.0
5372.15,4200.0,4200.0
5372.15,4200.0,4200.0
5372.26,4200.0,4200.0
5372.26,4200.0,4200.0
5372.36,4200.0,4200.0
5372.36,4200.0,4200.0
5372.46,4200.0,4200.0
5372.46,4200.0,4200.0
5372.55,4200.0,4200.0
5372.55,4200.0,4200.0
5372.65,4200.0,4200.0
5372.65,4200.0,4200.0
5372.75,4200.0,4200.0
5372.76,4200.0,4200.0
5372.85,4200.0,4200.0
5372.86,4200.0,4200.0
5372.959,4200.0,4200.0
5372.959,4200.0,4200.0
5373.05,4200.0,4200.0
5373.05,4200.0,4200.0
5373.15,4200.0,4200.0
5373.15,4200.0,4200.0
5373.26,4200.0,4200.0
5373.26,4200.0,4200.0
5373.36,4200.0,4200.0
5373.36,4200.0,4200.0
5373.46,4200.0,4200.0
5373.46,4200.0,4200.0
5373.55,4200.0,4200.0
5373.56,4200.0,4200.0
5373.65,4200.0,4200.0
5373.65,4200.0,4200.0
5373.75,4200.0,4200.0
5373.76,4200.0,4200.0
5373.86,4200.0,4200.0
5373.86,4200.0,4200.0
5373.96,4200.0,4200.0
5373.96,4200.0,4200.0
5374.06,4200.0,4200.0
5374.06,4200.0,4200.0
5374.15,4200.0,4200.0
5374.15,4200.0,4200.0
5374.25,4200.0,4200.0
5374.25,4200.0,4200.0
5374.36,4200.0,4200.0
5374.36,4200.0,4200.0
5374.46,4200.0,4200.0
5374.46,4200.0,4200.0
5374.56,4200.0,4200.0
5374.56,4200.0,4200.0
5374.65,4200.0,4200.0
5374.65,4200.0,4200.0
5374.75,4200.0,4200.0
5374.75,4200.0,4200.0
5374.86,4200.0,4200.0
5374.86,4200.0,4200.0
5374.96,4200.0,4200.0
5374.96,4200.0,4200.0
5375.06,4200.0,4200.0
5375.06,4200.0,4200.0
5375.15,4200.0,4200.0
5375.16,4200.0,4200.0
5375.25,4200.0,4200.0
5375.25,4200.0,4200.0
5375.36,4200.0,4200.0
5375.36,4200.0,4200.0
5375.46,4200.0,4200.0
5375.47,4200.0,4200.0
5375.55,4200.0,4200.0
5375.56,4200.0,4200.0
5375.65,4200.0,4200.0
5375.65,4200.0,4200.0
5375.75,4200.0,4200.0
5375.75,4200.0,4200.0
5375.86,4200.0,4200.0
5375.86,4200.0,4200.0
5375.96,4200.0,4200.0
5375.96,4200.0,4200.0
5376.06,4200.0,4200.0
5376.06,4200.0,4200.0
5376.159,4200.0,4200.0
5376.159,4200.0,4200.0
5376.25,4200.0,4200.0
5376.25,4200.0,4200.0
5376.35,4200.0,4200.0
5376.35,4200.0,4200.0
5376.45,4200.0,4200.0
5376.46,4200.0,4200.0
5376.55,4200.0,4200.0
5376.56,4200.0,4200.0
5376.66,4200.0,4200.0
5376.66,4200.0,4200.0
5376.75,4200.0,4200.0
5376.75,4200.0,4200.0
5376.85,4200.0,4200.0
5376.85,4200.0,4200.0
5376.96,4200.0,4200.0
5376.96,4200.0,4200.0
5377.06,4200.0,4200.0
5377.06,4200.0,4200.0
5377.16,4200.0,4200.0
5377.16,4200.0,4200.0
5377.25,4200.0,4200.0
5377.25,4200.0,4200.0
5377.35,4200.0,4200.0
5377.35,4200.0,4200.0
5377.46,4200.0,4200.0
5377.46,4200.0,4200.0
5377.56,4200.0,4200.0
5377.57,4200.0,4200.0
5377.66,4200.0,4200.0
5377.66,4200.0,4200.0
5377.75,4200.0,4200.0
5377.76,4200.0,4200.0
5377.85,4200.0,4200.0
5377.85,4200.0,4200.0
5377.96,4200.0,4200.0
5377.96,4200.0,4200.0
5378.06,4200.0,4200.0
5378.06,4200.0,4200.0
5378.16,4200.0,4200.0
5378.16,4200.0,4200.0
5378.25,4200.0,4200.0
5378.26,4200.0,4200.0
5378.35,4200.0,4200.0
5378.35,4200.0,4200.0
5378.46,4200.0,4200.0
5378.46,4200.0,4200.0
5378.56,4200.0,4200.0
5378.56,4200.0,4200.0
5378.66,4200.0,4200.0
5378.66,4200.0,4200.0
5378.76,4200.0,4200.0
5378.76,4200.0,4200.0
5378.85,4200.0,4200.0
5378.85,4200.0,4200.0
5378.95,4200.0,4200.0
5378.95,4200.0,4200.0
5379.06,4200.0,4200.0
5379.06,4200.0,4200.0
5379.15,4200.0,4200.0
5379.16,4200.0,4200.0
5379.26,4200.0,4200.0
5379.26,4200.0,4200.0
5379.35,4200.0,4200.0
5379.35,4200.0,4200.0
5379.45,4200.0,4200.0
5379.45,4200.0,4200.0
5379.56,4200.0,4200.0
5379.56,4200.0,4200.0
5379.66,4200.0,4200.0
5379.66,4200.0,4200.0
5379.76,4200.0,4200.0
5379.76,4200.0,4200.0
5379.86,4200.0,4200.0
5379.86,4200.0,4200.0
5379.95,4200.0,4200.0
5379.95,4200.0,4200.0
5380.05,4200.0,4200.0
5380.06,4200.0,4200.0
5380.16,4200.0,4200.0
5380.16,4200.0,4200.0
5380.26,4200.0,4200.0
5380.26,4200.0,4200.0
5380.36,4200.0,4200.0
5380.36,4200.0,4200.0
5380.45,4200.0,4200.0
5380.45,4200.0,4200.0
5380.55,4200.0,4200.0
5380.55,4200.0,4200.0
5380.66,4200.0,4200.0
5380.66,4200.0,4200.0
5380.76,4200.0,4200.0
5380.76,4200.0,4200.0
5380.86,4200.0,4200.0
5380.86,4200.0,4200.0
5380.95,4200.0,4200.0
5380.95,4200.0,4200.0
5381.05,4200.0,4200.0
5381.05,4200.0,4200.0
5381.16,4200.0,4200.0
5381.16,4200.0,4200.0
5381.26,4200.0,4200.0
5381.26,4200.0,4200.0
5381.36,4200.0,4200.0
5381.36,4200.0,4200.0
5381.45,4200.0,4200.0
5381.45,4200.0,4200.0
5381.55,4200.0,4200.0
5381.55,4200.0,4200.0
5381.66,4200.0,4200.0
5381.66,4200.0,4200.0
5381.76,4200.0,4200.0
5381.76,4200.0,4200.0
5381.85,4200.0,4200.0
5381.86,4200.0,4200.0
5381.95,4200.0,4200.0
5381.96,4200.0,4200.0
5382.05,4200.0,4200.0
5382.05,4200.0,4200.0
5382.16,4200.0,4200.0
5382.16,4200.0,4200.0
5382.26,4200.0,4200.0
5382.26,4200.0,4200.0
5382.36,4200.0,4200.0
5382.36,4200.0,4200.0
5382.46,4200.0,4200.0
5382.46,4200.0,4200.0
5382.55,4200.0,4200.0
5382.55,4200.0,4200.0
5382.65,4200.0,4200.0
5382.65,4200.0,4200.0
5382.75,4200.0,4200.0
5382.76,4200.0,4200.0
5382.86,4200.0,4200.0
5382.86,4200.0,4200.0
5382.96,4200.0,4200.0
5382.96,4200.0,4200.0
5383.05,4200.0,4200.0
5383.05,4200.0,4200.0
5383.15,4200.0,4200.0
5383.15,4200.0,4200.0
5383.26,4200.0,4200.0
5383.26,4200.0,4200.0
5383.36,4200.0,4200.0
5383.36,4200.0,4200.0
5383.46,4200.0,4200.0
5383.46,4200.0,4200.0
5383.55,4200.0,4200.0
5383.55,4200.0,4200.0
5383.65,4200.0,4200.0
5383.65,4200.0,4200.0
5383.76,4200.0,4200.0
5383.76,4200.0,4200.0
5383.86,4200.0,4200.0
5383.87,4200.0,4200.0
5383.96,4200.0,4200.0
5383.96,4200.0,4200.0
5384.06,4200.0,4200.0
5384.06,4200.0,4200.0
5384.15,4200.0,4200.0
5384.16,4200.0,4200.0
5384.26,4200.0,4200.0
5384.26,4200.0,4200.0
5384.36,4200.0,4200.0
5384.36,4200.0,4200.0
5384.45,4200.0,4200.0
5384.46,4200.0,4200.0
5384.55,4200.0,4200.0
5384.56,4200.0,4200.0
5384.65,4200.0,4200.0
5384.65,4200.0,4200.0
5384.75,4200.0,4200.0
5384.75,4200.0,4200.0
5384.86,4200.0,4200.0
5384.86,4200.0,4200.0
5384.96,4200.0,4200.0
5384.96,4200.0,4200.0
5385.06,4200.0,4200.0
5385.06,4200.0,4200.0
5385.15,4200.0,4200.0
5385.16,4200.0,4200.0
5385.25,4200.0,4200.0
5385.25,4200.0,4200.0
5385.35,4200.0,4200.0
5385.36,4200.0,4200.0
5385.45,4200.0,4200.0
5385.46,4200.0,4200.0
5385.56,4200.0,4200.0
5385.56,4200.0,4200.0
5385.65,4200.0,4200.0
5385.65,4200.0,4200.0
5385.75,4200.0,4200.0
5385.75,4200.0,4200.0
5385.86,4200.0,4200.0
5385.86,4200.0,4200.0
5385.96,4200.0,4200.0
5385.96,4200.0,4200.0
5386.06,4200.0,4200.0
5386.06,4200.0,4200.0
5386.16,4200.0,4200.0
5386.16,4200.0,4200.0
5386.25,4200.0,4200.0
5386.25,4200.0,4200.0
5386.36,4200.0,4200.0
5386.36,4200.0,4200.0
5386.46,4200.0,4200.0
5386.46,4200.0,4200.0
5386.56,4200.0,4200.0
5386.56,4200.0,4200.0
5386.66,4200.0,4200.0
5386.66,4200.0,4200.0
5386.75,4200.0,4200.0
5386.75,4200.0,4200.0
5386.85,4200.0,4200.0
5386.85,4200.0,4200.0
5386.96,4200.0,4200.0
5386.96,4200.0,4200.0
5387.06,4200.0,4200.0
5387.06,4200.0,4200.0
5387.15,4200.0,4200.0
5387.16,4200.0,4200.0
5387.25,4200.0,4200.0
5387.25,4200.0,4200.0
5387.35,4200.0,4200.0
5387.35,4200.0,4200.0
5387.46,4200.0,4200.0
5387.46,4200.0,4200.0
5387.56,4200.0,4200.0
5387.56,4200.0,4200.0
5387.66,4200.0,4200.0
5387.66,4200.0,4200.0
5387.75,4200.0,4200.0
5387.75,4200.0,4200.0
5387.85,4200.0,4200.0
5387.85,4200.0,4200.0
5387.95,4200.0,4200.0
5387.96,4200.0,4200.0
5388.05,4200.0,4200.0
5388.06,4200.0,4200.0
5388.16,4200.0,4200.0
5388.16,4200.0,4200.0
5388.26,4200.0,4200.0
5388.26,4200.0,4200.0
5388.35,4200.0,4200.0
5388.35,4200.0,4200.0
5388.46,4200.0,4200.0
5388.46,4200.0,4200.0
5388.56,4200.0,4200.0
5388.56,4200.0,4200.0
5388.66,4200.0,4200.0
5388.66,4200.0,4200.0
5388.76,4200.0,4200.0
5388.76,4200.0,4200.0
5388.85,4200.0,4200.0
5388.85,4200.0,4200.0
5388.95,4200.0,4200.0
5388.95,4200.0,4200.0
5389.06,4200.0,4200.0
5389.06,4200.0,4200.0
5389.16,4200.0,4200.0
5389.16,4200.0,4200.0
5389.26,4200.0,4200.0
5389.26,4200.0,4200.0
5389.35,4200.0,4200.0
5389.35,4200.0,4200.0
5389.45,4200.0,4200.0
5389.46,4200.0,4200.0
5389.56,4200.0,4200.0
5389.56,4200.0,4200.0
5389.66,4200.0,4200.0
5389.66,4200.0,4200.0
5389.75,4200.0,4200.0
5389.76,4200.0,4200.0
5389.85,4200.0,4200.0
5389.85,4200.0,4200.0
5389.95,4200.0,4200.0
5389.95,4200.0,4200.0
5390.06,4200.0,4200.0
5390.06,4200.0,4200.0
5390.16,4200.0,4200.0
5390.16,4200.0,4200.0
5390.26,4200.0,4200.0
5390.26,4200.0,4200.0
5390.36,4200.0,4200.0
5390.36,4200.0,4200.0
5390.45,4200.0,4200.0
5390.45,4200.0,4200.0
5390.56,4200.0,4200.0
5390.56,4200.0,4200.0
5390.65,4200.0,4200.0
5390.66,4200.0,4200.0
5390.76,4200.0,4200.0
5390.76,4200.0,4200.0
5390.86,4200.0,4200.0
5390.86,4200.0,4200.0
5390.95,4200.0,4200.0
5390.95,4200.0,4200.0
5391.05,4200.0,4200.0
5391.05,4200.0,4200.0
5391.16,4200.0,4200.0
5391.16,4200.0,4200.0
5391.26,4200.0,4200.0
5391.26,4200.0,4200.0
5391.36,4200.0,4200.0
5391.36,4200.0,4200.0
5391.45,4200.0,4200.0
5391.45,4200.0,4200.0
5391.55,4200.0,4200.0
5391.55,4200.0,4200.0
5391.66,4200.0,4200.0
5391.66,4200.0,4200.0
5391.76,4200.0,4200.0
5391.76,4200.0,4200.0
5391.86,4200.0,4200.0
5391.86,4200.0,4200.0
5391.95,4200.0,4200.0
5391.95,4200.0,4200.0
5392.05,4200.0,4200.0
5392.05,4200.0,4200.0
5392.159,4200.0,4200.0
5392.159,4200.0,4200.0
5392.26,4200.0,4200.0
5392.27,4200.0,4200.0
5392.35,4200.0,4200.0
5392.36,4200.0,4200.0
5392.45,4200.0,4200.0
5392.46,4200.0,4200.0
5392.55,4200.0,4200.0
5392.55,4200.0,4200.0
5392.66,4200.0,4200.0
5392.66,4200.0,4200.0
5392.76,4200.0,4200.0
5392.76,4200.0,4200.0
5392.86,4200.0,4200.0
5392.86,4200.0,4200.0
5392.96,4200.0,4200.0
5392.96,4200.0,4200.0
5393.05,4200.0,4200.0
5393.05,4200.0,4200.0
5393.15,4200.0,4200.0
5393.16,4200.0,4200.0
5393.25,4200.0,4200.0
5393.26,4200.0,4200.0
5393.36,4200.0,4200.0
5393.37,4200.0,4200.0
5393.46,4200.0,4200.0
5393.46,4200.0,4200.0
5393.55,4200.0,4200.0
5393.55,4200.0,4200.0
5393.65,4200.0,4200.0
5393.65,4200.0,4200.0
5393.76,4200.0,4200.0
5393.76,4200.0,4200.0
5393.86,4200.0,4200.0
5393.86,4200.0,4200.0
5393.96,4200.0,4200.0
5393.96,4200.0,4200.0
5394.05,4200.0,4200.0
5394.05,4200.0,4200.0
5394.15,4200.0,4200.0
5394.15,4200.0,4200.0
5394.26,4200.0,4200.0
5394.26,4200.0,4200.0
5394.36,4200.0,4200.0
5394.37,4200.0,4200.0
5394.46,4200.0,4200.0
5394.46,4200.0,4200.0
5394.56,4200.0,4200.0
5394.56,4200.0,4200.0
5394.65,4200.0,4200.0
5394.65,4200.0,4200.0
5394.76,4200.0,4200.0
5394.76,4200.0,4200.0
5394.86,4200.0,4200.0
5394.86,4200.0,4200.0
5394.95,4200.0,4200.0
5394.96,4200.0,4200.0
5395.05,4200.0,4200.0
5395.06,4200.0,4200.0
5395.15,4200.0,4200.0
5395.15,4200.0,4200.0
5395.25,4200.0,4200.0
5395.25,4200.0,4200.0
5395.359,4200.0,4200.0
5395.359,4200.0,4200.0
5395.46,4200.0,4200.0
5395.46,4200.0,4200.0
5395.56,4200.0,4200.0
5395.56,4200.0,4200.0
5395.65,4200.0,4200.0
5395.65,4200.0,4200.0
5395.75,4200.0,4200.0
5395.75,4200.0,4200.0
5395.85,4200.0,4200.0
5395.86,4200.0,4200.0
5395.96,4200.0,4200.0
5395.96,4200.0,4200.0
5396.06,4200.0,4200.0
5396.06,4200.0,4200.0
5396.15,4200.0,4200.0
5396.15,4200.0,4200.0
5396.25,4200.0,4200.0
5396.25,4200.0,4200.0
5396.36,4200.0,4200.0
5396.36,4200.0,4200.0
5396.46,4200.0,4200.0
5396.46,4200.0,4200.0
5396.56,4200.0,4200.0
5396.56,4200.0,4200.0
5396.66,4200.0,4200.0
5396.66,4200.0,4200.0
5396.75,4200.0,4200.0
5396.75,4200.0,4200.0
5396.86,4200.0,4200.0
5396.86,4200.0,4200.0
5396.96,4200.0,4200.0
5396.96,4200.0,4200.0
5397.06,4200.0,4200.0
5397.06,4200.0,4200.0
5397.16,4200.0,4200.0
5397.16,4200.0,4200.0
5397.25,4200.0,4200.0
5397.25,4200.0,4200.0
5397.35,4200.0,4200.0
5397.35,4200.0,4200.0
5397.46,4200.0,4200.0
5397.46,4200.0,4200.0
5397.55,4200.0,4200.0
5397.56,4200.0,4200.0
5397.65,4200.0,4200.0
5397.66,4200.0,4200.0
5397.75,4200.0,4200.0
5397.75,4200.0,4200.0
5397.85,4200.0,4200.0
5397.85,4200.0,4200.0
5397.96,4200.0,4200.0
5397.96,4200.0,4200.0
5398.06,4200.0,4200.0
5398.06,4200.0,4200.0
5398.16,4200.0,4200.0
5398.16,4200.0,4200.0
5398.25,4200.0,4200.0
5398.26,4200.0,4200.0
5398.35,4200.0,4200.0
5398.35,4200.0,4200.0
5398.45,4200.0,4200.0
5398.46,4200.0,4200.0
5398.55,4200.0,4200.0
5398.559,4200.0,4200.0
5398.66,4200.0,4200.0
5398.67,4200.0,4200.0
5398.76,4200.0,4200.0
5398.76,4200.0,4200.0
5398.85,4200.0,4200.0
5398.85,4200.0,4200.0
5398.96,4200.0,4200.0
5398.96,4200.0,4200.0
5399.06,4200.0,4200.0
5399.06,4200.0,4200.0
5399.16,4200.0,4200.0
5399.16,4200.0,4200.0
5399.26,4200.0,4200.0
5399.26,4200.0,4200.0
5399.35,4200.0,4200.0
5399.35,4200.0,4200.0
5399.45,4200.0,4200.0
5399.46,4200.0,4200.0
5399.56,4200.0,4200.0
5399.56,4200.0,4200.0
5399.66,4200.0,4200.0
5399.66,4200.0,4200.0
5399.76,4200.0,4200.0
5399.76,4200.0,4200.0
5399.85,4200.0,4200.0
5399.85,4200.0,4200.0
5399.95,4200.0,4200.0
5399.95,4200.0,4200.0
5400.06,4200.0,4200.0
5400.06,4200.0,4200.0
5400.16,4200.0,4200.0
5400.16,4200.0,4200.0
5400.25,4200.0,4200.0
5400.26,4200.0,4200.0
5400.35,4200.0,4200.0
5400.36,4200.0,4200.0
5400.45,4200.0,4200.0
5400.45,4200.0,4200.0
5400.56,4200.0,4200.0
5400.56,4200.0,4200.0
5400.66,4200.0,4200.0
5400.66,4200.0,4200.0
5400.76,4200.0,4200.0
5400.76,4200.0,4200.0
5400.86,4200.0,4200.0
5400.86,4200.0,4200.0
5400.95,4200.0,4200.0
5400.95,4200.0,4200.0
5401.05,4200.0,4200.0
5401.06,4200.0,4200.0
5401.15,4200.0,4200.0
5401.16,4200.0,4200.0
5401.26,4200.0,4200.0
5401.26,4200.0,4200.0
5401.36,4200.0,4200.0
5401.37,4200.0,4200.0
5401.45,4200.0,4200.0
5401.45,4200.0,4200.0
5401.55,4200.0,4200.0
5401.55,4200.0,4200.0
5401.66,4200.0,4200.0
5401.66,4200.0,4200.0
5401.759,4200.0,4200.0
5401.759,4200.0,4200.0
5401.86,4200.0,4200.0
5401.86,4200.0,4200.0
5401.95,4200.0,4200.0
5401.95,4200.0,4200.0
5402.05,4200.0,4200.0
5402.05,4200.0,4200.0
5402.16,4200.0,4200.0
5402.17,4200.0,4200.0
5402.26,4200.0,4200.0
5402.26,4200.0,4200.0
5402.36,4200.0,4200.0
5402.36,4200.0,4200.0
5402.45,4200.0,4200.0
5402.46,4200.0,4200.0
5402.55,4200.0,4200.0
5402.55,4200.0,4200.0
5402.66,4200.0,4200.0
5402.66,4200.0,4200.0
5402.76,4200.0,4200.0
5402.76,4200.0,4200.0
5402.85,4200.0,4200.0
5402.86,4200.0,4200.0
5402.96,4200.0,4200.0
5402.96,4200.0,4200.0
5403.05,4200.0,4200.0
5403.06,4200.0,4200.0
5403.15,4200.0,4200.0
5403.17,4200.0,4200.0
5403.26,4200.0,4200.0
5403.26,4200.0,4200.0
5403.36,4200.0,4200.0
5403.36,4200.0,4200.0
5403.46,4200.0,4200.0
5403.46,4200.0,4200.0
5403.55,4200.0,4200.0
5403.55,4200.0,4200.0
5403.65,4200.0,4200.0
5403.65,4200.0,4200.0
5403.75,4200.0,4200.0
5403.76,4200.0,4200.0
5403.86,4200.0,4200.0
5403.86,4200.0,4200.0
5403.96,4200.0,4200.0
5403.96,4200.0,4200.0
5404.05,4200.0,4200.0
5404.05,4200.0,4200.0
5404.15,4200.0,4200.0
5404.15,4200.0,4200.0
5404.26,4200.0,4200.0
5404.26,4200.0,4200.0
5404.36,4200.0,4200.0
5404.36,4200.0,4200.0
5404.46,4200.0,4200.0
5404.46,4200.0,4200.0
5404.55,4200.0,4200.0
5404.55,4200.0,4200.0
5404.65,4200.0,4200.0
5404.65,4200.0,4200.0
5404.76,4200.0,4200.0
5404.76,4200.0,4200.0
5404.86,4200.0,4200.0
5404.87,4200.0,4200.0
5404.959,4200.0,4200.0
5404.959,4200.0,4200.0
5405.06,4200.0,4200.0
5405.06,4200.0,4200.0
5405.15,4200.0,4200.0
5405.15,4200.0,4200.0
5405.25,4200.0,4200.0
5405.26,4200.0,4200.0
5405.35,4200.0,4200.0
5405.36,4200.0,4200.0
5405.45,4200.0,4200.0
5405.46,4200.0,4200.0
5405.56,4200.0,4200.0
5405.56,4200.0,4200.0
5405.65,4200.0,4200.0
5405.66,4200.0,4200.0
5405.75,4200.0,4200.0
5405.75,4200.0,4200.0
5405.86,4200.0,4200.0
5405.86,4200.0,4200.0
5405.96,4200.0,4200.0
5405.96,4200.0,4200.0
5406.06,4200.0,4200.0
5406.06,4200.0,4200.0
5406.15,4200.0,4200.0
5406.15,4200.0,4200.0
5406.25,4200.0,4200.0
5406.25,4200.0,4200.0
5406.36,4200.0,4200.0
5406.36,4200.0,4200.0
5406.46,4200.0,4200.0
5406.46,4200.0,4200.0
5406.56,4200.0,4200.0
5406.56,4200.0,4200.0
5406.66,4200.0,4200.0
5406.66,4200.0,4200.0
5406.75,4200.0,4200.0
5406.75,4200.0,4200.0
5406.86,4200.0,4200.0
5406.86,4200.0,4200.0
5406.96,4200.0,4200.0
5406.97,4200.0,4200.0
5407.06,4200.0,4200.0
5407.06,4200.0,4200.0
5407.15,4200.0,4200.0
5407.16,4200.0,4200.0
5407.25,4200.0,4200.0
5407.25,4200.0,4200.0
5407.35,4200.0,4200.0
5407.36,4200.0,4200.0
5407.46,4200.0,4200.0
5407.47,4200.0,4200.0
5407.56,4200.0,4200.0
5407.56,4200.0,4200.0
5407.66,4200.0,4200.0
5407.66,4200.0,4200.0
5407.75,4200.0,4200.0
5407.75,4200.0,4200.0
5407.85,4200.0,4200.0
5407.85,4200.0,4200.0
5407.95,4200.0,4200.0
5407.96,4200.0,4200.0
5408.05,4200.0,4200.0
5408.06,4200.0,4200.0
5408.159,4200.0,4200.0
5408.159,4200.0,4200.0
5408.25,4200.0,4200.0
5408.26,4200.0,4200.0
5408.35,4200.0,4200.0
5408.35,4200.0,4200.0
5408.46,4200.0,4200.0
5408.46,4200.0,4200.0
5408.56,4200.0,4200.0
5408.56,4200.0,4200.0
5408.66,4200.0,4200.0
5408.66,4200.0,4200.0
5408.76,4200.0,4200.0
5408.76,4200.0,4200.0
5408.85,4200.0,4200.0
5408.85,4200.0,4200.0
5408.96,4200.0,4200.0
5408.96,4200.0,4200.0
5409.06,4200.0,4200.0
5409.07,4200.0,4200.0
5409.16,4200.0,4200.0
5409.16,4200.0,4200.0
5409.26,4200.0,4200.0
5409.26,4200.0,4200.0
5409.35,4200.0,4200.0
5409.35,4200.0,4200.0
5409.45,4200.0,4200.0
5409.46,4200.0,4200.0
5409.56,4200.0,4200.0
5409.56,4200.0,4200.0
5409.66,4200.0,4200.0
5409.66,4200.0,4200.0
5409.75,4200.0,4200.0
5409.76,4200.0,4200.0
5409.85,4200.0,4200.0
5409.85,4200.0,4200.0
5409.95,4200.0,4200.0
5409.95,4200.0,4200.0
5410.06,4200.0,4200.0
5410.06,4200.0,4200.0
5410.16,4200.0,4200.0
5410.16,4200.0,4200.0
5410.26,4200.0,4200.0
5410.26,4200.0,4200.0
5410.35,4200.0,4200.0
5410.36,4200.0,4200.0
5410.45,4200.0,4200.0
5410.45,4200.0,4200.0
5410.55,4200.0,4200.0
5410.56,4200.0,4200.0
5410.65,4200.0,4200.0
5410.66,4200.0,4200.0
5410.76,4200.0,4200.0
5410.76,4200.0,4200.0
5410.86,4200.0,4200.0
5410.86,4200.0,4200.0
5410.95,4200.0,4200.0
5410.95,4200.0,4200.0
5411.06,4200.0,4200.0
5411.06,4200.0,4200.0
5411.16,4200.0,4200.0
5411.16,4200.0,4200.0
5411.26,4200.0,4200.0
5411.26,4200.0,4200.0
5411.359,4200.0,4200.0
5411.359,4200.0,4200.0
5411.45,4200.0,4200.0
5411.45,4200.0,4200.0
5411.56,4200.0,4200.0
5411.56,4200.0,4200.0
5411.66,4200.0,4200.0
5411.66,4200.0,4200.0
5411.76,4200.0,4200.0
5411.76,4200.0,4200.0
5411.86,4200.0,4200.0
5411.86,4200.0,4200.0
5411.95,4200.0,4200.0
5411.96,4200.0,4200.0
5412.05,4200.0,4200.0
5412.05,4200.0,4200.0
5412.16,4200.0,4200.0
5412.16,4200.0,4200.0
5412.25,4200.0,4200.0
5412.26,4200.0,4200.0
5412.35,4200.0,4200.0
5412.36,4200.0,4200.0
5412.45,4200.0,4200.0
5412.46,4200.0,4200.0
5412.55,4200.0,4200.0
5412.55,4200.0,4200.0
5412.66,4200.0,4200.0
5412.66,4200.0,4200.0
5412.76,4200.0,4200.0
5412.76,4200.0,4200.0
5412.86,4200.0,4200.0
5412.86,4200.0,4200.0
5412.96,4200.0,4200.0
5412.96,4200.0,4200.0
5413.05,4200.0,4200.0
5413.05,4200.0,4200.0
5413.15,4200.0,4200.0
5413.16,4200.0,4200.0
5413.26,4200.0,4200.0
5413.27,4200.0,4200.0
5413.36,4200.0,4200.0
5413.36,4200.0,4200.0
5413.46,4200.0,4200.0
5413.46,4200.0,4200.0
5413.55,4200.0,4200.0
5413.55,4200.0,4200.0
5413.65,4200.0,4200.0
5413.65,4200.0,4200.0
5413.76,4200.0,4200.0
5413.76,4200.0,4200.0
5413.86,4200.0,4200.0
5413.86,4200.0,4200.0
5413.95,4200.0,4200.0
5413.96,4200.0,4200.0
5414.05,4200.0,4200.0
5414.05,4200.0,4200.0
5414.15,4200.0,4200.0
5414.15,4200.0,4200.0
5414.26,4200.0,4200.0
5414.26,4200.0,4200.0
5414.36,4200.0,4200.0
5414.36,4200.0,4200.0
5414.46,4200.0,4200.0
5414.46,4200.0,4200.0
5414.55,4200.0,4200.0
5414.559,4200.0,4200.0
5414.65,4200.0,4200.0
5414.65,4200.0,4200.0
5414.76,4200.0,4200.0
5414.76,4200.0,4200.0
5414.85,4200.0,4200.0
5414.86,4200.0,4200.0
5414.96,4200.0,4200.0
5414.96,4200.0,4200.0
5415.06,4200.0,4200.0
5415.06,4200.0,4200.0
5415.15,4200.0,4200.0
5415.15,4200.0,4200.0
5415.26,4200.0,4200.0
5415.26,4200.0,4200.0
5415.36,4200.0,4200.0
5415.36,4200.0,4200.0
5415.46,4200.0,4200.0
5415.46,4200.0,4200.0
5415.56,4200.0,4200.0
5415.56,4200.0,4200.0
5415.65,4200.0,4200.0
5415.65,4200.0,4200.0
5415.75,4200.0,4200.0
5415.75,4200.0,4200.0
5415.86,4200.0,4200.0
5415.86,4200.0,4200.0
5415.96,4200.0,4200.0
5415.96,4200.0,4200.0
5416.06,4200.0,4200.0
5416.06,4200.0,4200.0
5416.15,4200.0,4200.0
5416.15,4200.0,4200.0
5416.25,4200.0,4200.0
5416.25,4200.0,4200.0
5416.36,4200.0,4200.0
5416.36,4200.0,4200.0
5416.45,4200.0,4200.0
5416.46,4200.0,4200.0
5416.55,4200.0,4200.0
5416.56,4200.0,4200.0
5416.66,4200.0,4200.0
5416.67,4200.0,4200.0
5416.75,4200.0,4200.0
5416.75,4200.0,4200.0
5416.86,4200.0,4200.0
5416.86,4200.0,4200.0
5416.96,4200.0,4200.0
5416.96,4200.0,4200.0
5417.06,4200.0,4200.0
5417.06,4200.0,4200.0
5417.16,4200.0,4200.0
5417.16,4200.0,4200.0
5417.25,4200.0,4200.0
5417.26,4200.0,4200.0
5417.35,4200.0,4200.0
5417.36,4200.0,4200.0
5417.46,4200.0,4200.0
5417.47,4200.0,4200.0
5417.56,4200.0,4200.0
5417.56,4200.0,4200.0
5417.66,4200.0,4200.0
5417.66,4200.0,4200.0
5417.75,4200.0,4200.0
5417.75,4200.0,4200.0
5417.85,4200.0,4200.0
5417.85,4200.0,4200.0
5417.96,4200.0,4200.0
5417.96,4200.0,4200.0
5418.06,4200.0,4200.0
5418.06,4200.0,4200.0
5418.15,4200.0,4200.0
5418.16,4200.0,4200.0
5418.25,4200.0,4200.0
5418.25,4200.0,4200.0
5418.35,4200.0,4200.0
5418.35,4200.0,4200.0
5418.46,4200.0,4200.0
5418.46,4200.0,4200.0
5418.56,4200.0,4200.0
5418.56,4200.0,4200.0
5418.66,4200.0,4200.0
5418.66,4200.0,4200.0
5418.76,4200.0,4200.0
5418.76,4200.0,4200.0
5418.85,4200.0,4200.0
5418.85,4200.0,4200.0
5418.96,4200.0,4200.0
5418.96,4200.0,4200.0
5419.05,4200.0,4200.0
5419.06,4200.0,4200.0
5419.16,4200.0,4200.0
5419.16,4200.0,4200.0
5419.26,4200.0,4200.0
5419.26,4200.0,4200.0
5419.35,4200.0,4200.0
5419.35,4200.0,4200.0
5419.45,4200.0,4200.0
5419.46,4200.0,4200.0
5419.56,4200.0,4200.0
5419.56,4200.0,4200.0
5419.66,4200.0,4200.0
5419.66,4200.0,4200.0
5419.76,4200.0,4200.0
5419.76,4200.0,4200.0
5419.85,4200.0,4200.0
5419.85,4200.0,4200.0
5419.95,4200.0,4200.0
5419.95,4200.0,4200.0
5420.06,4200.0,4200.0
5420.06,4200.0,4200.0
5420.16,4200.0,4200.0
5420.16,4200.0,4200.0
5420.26,4200.0,4200.0
5420.26,4200.0,4200.0
5420.35,4200.0,4200.0
5420.36,4200.0,4200.0
5420.45,4200.0,4200.0
5420.45,4200.0,4200.0
5420.56,4200.0,4200.0
5420.56,4200.0,4200.0
5420.65,4200.0,4200.0
5420.66,4200.0,4200.0
5420.76,4200.0,4200.0
5420.76,4200.0,4200.0
5420.86,4200.0,4200.0
5420.86,4200.0,4200.0
5420.95,4200.0,4200.0
5420.959,4200.0,4200.0
5421.06,4200.0,4200.0
5421.06,4200.0,4200.0
5421.16,4200.0,4200.0
5421.16,4200.0,4200.0
5421.26,4200.0,4200.0
5421.26,4200.0,4200.0
5421.36,4200.0,4200.0
5421.36,4200.0,4200.0
5421.45,4200.0,4200.0
5421.45,4200.0,4200.0
5421.55,4200.0,4200.0
5421.55,4200.0,4200.0
5421.66,4200.0,4200.0
5421.67,4200.0,4200.0
5421.76,4200.0,4200.0
5421.76,4200.0,4200.0
5421.86,4200.0,4200.0
5421.86,4200.0,4200.0
5421.95,4200.0,4200.0
5421.96,4200.0,4200.0
5422.05,4200.0,4200.0
5422.05,4200.0,4200.0
5422.16,4200.0,4200.0
5422.16,4200.0,4200.0
5422.26,4200.0,4200.0
5422.26,4200.0,4200.0
5422.35,4200.0,4200.0
5422.36,4200.0,4200.0
5422.45,4200.0,4200.0
5422.46,4200.0,4200.0
5422.55,4200.0,4200.0
5422.55,4200.0,4200.0
5422.66,4200.0,4200.0
5422.66,4200.0,4200.0
5422.76,4200.0,4200.0
5422.76,4200.0,4200.0
5422.86,4200.0,4200.0
5422.86,4200.0,4200.0
5422.96,4200.0,4200.0
5422.96,4200.0,4200.0
5423.05,4200.0,4200.0
5423.05,4200.0,4200.0
5423.15,4200.0,4200.0
5423.16,4200.0,4200.0
5423.26,4200.0,4200.0
5423.26,4200.0,4200.0
5423.36,4200.0,4200.0
5423.36,4200.0,4200.0
5423.46,4200.0,4200.0
5423.46,4200.0,4200.0
5423.55,4200.0,4200.0
5423.55,4200.0,4200.0
5423.65,4200.0,4200.0
5423.66,4200.0,4200.0
5423.76,4200.0,4200.0
5423.76,4200.0,4200.0
5423.86,4200.0,4200.0
5423.86,4200.0,4200.0
5423.95,4200.0,4200.0
5423.96,4200.0,4200.0
5424.05,4200.0,4200.0
5424.05,4200.0,4200.0
5424.15,4200.0,4200.0
5424.15,4200.0,4200.0
5424.26,4200.0,4200.0
5424.27,4200.0,4200.0
5424.36,4200.0,4200.0
5424.36,4200.0,4200.0
5424.46,4200.0,4200.0
5424.46,4200.0,4200.0
5424.56,4200.0,4200.0
5424.56,4200.0,4200.0
5424.65,4200.0,4200.0
5424.65,4200.0,4200.0
5424.76,4200.0,4200.0
5424.76,4200.0,4200.0
5424.85,4200.0,4200.0
5424.86,4200.0,4200.0
5424.96,4200.0,4200.0
5424.96,4200.0,4200.0
5425.06,4200.0,4200.0
5425.06,4200.0,4200.0
5425.15,4200.0,4200.0
5425.15,4200.0,4200.0
5425.26,4200.0,4200.0
5425.26,4200.0,4200.0
5425.36,4200.0,4200.0
5425.36,4200.0,4200.0
5425.46,4200.0,4200.0
5425.46,4200.0,4200.0
5425.56,4200.0,4200.0
5425.56,4200.0,4200.0
5425.65,4200.0,4200.0
5425.65,4200.0,4200.0
5425.75,4200.0,4200.0
5425.75,4200.0,4200.0
5425.86,4200.0,4200.0
5425.87,4200.0,4200.0
5425.96,4200.0,4200.0
5425.96,4200.0,4200.0
5426.06,4200.0,4200.0
5426.06,4200.0,4200.0
5426.15,4200.0,4200.0
5426.15,4200.0,4200.0
5426.25,4200.0,4200.0
5426.26,4200.0,4200.0
5426.36,4200.0,4200.0
5426.36,4200.0,4200.0
5426.45,4200.0,4200.0
5426.46,4200.0,4200.0
5426.56,4200.0,4200.0
5426.56,4200.0,4200.0
5426.66,4200.0,4200.0
5426.66,4200.0,4200.0
5426.75,4200.0,4200.0
5426.75,4200.0,4200.0
5426.86,4200.0,4200.0
5426.86,4200.0,4200.0
5426.96,4200.0,4200.0
5426.96,4200.0,4200.0
5427.06,4200.0,4200.0
5427.06,4200.0,4200.0
5427.16,4200.0,4200.0
5427.16,4200.0,4200.0
5427.25,4200.0,4200.0
5427.25,4200.0,4200.0
5427.359,4200.0,4200.0
5427.359,4200.0,4200.0
5427.46,4200.0,4200.0
5427.46,4200.0,4200.0
5427.56,4200.0,4200.0
5427.56,4200.0,4200.0
5427.66,4200.0,4200.0
5427.66,4200.0,4200.0
5427.75,4200.0,4200.0
5427.75,4200.0,4200.0
5427.85,4200.0,4200.0
5427.85,4200.0,4200.0
5427.96,4200.0,4200.0
5427.97,4200.0,4200.0
5428.05,4200.0,4200.0
5428.06,4200.0,4200.0
5428.15,4200.0,4200.0
5428.16,4200.0,4200.0
5428.25,4200.0,4200.0
5428.26,4200.0,4200.0
5428.35,4200.0,4200.0
5428.35,4200.0,4200.0
5428.46,4200.0,4200.0
5428.46,4200.0,4200.0
5428.56,4200.0,4200.0
5428.56,4200.0,4200.0
5428.66,4200.0,4200.0
5428.66,4200.0,4200.0
5428.76,4200.0,4200.0
5428.76,4200.0,4200.0
5428.85,4200.0,4200.0
5428.85,4200.0,4200.0
5428.95,4200.0,4200.0
5428.96,4200.0,4200.0
5429.06,4200.0,4200.0
5429.06,4200.0,4200.0
5429.16,4200.0,4200.0
5429.16,4200.0,4200.0
5429.26,4200.0,4200.0
5429.26,4200.0,4200.0
5429.35,4200.0,4200.0
5429.35,4200.0,4200.0
5429.45,4200.0,4200.0
5429.46,4200.0,4200.0
5429.56,4200.0,4200.0
5429.56,4200.0,4200.0
5429.66,4200.0,4200.0
5429.66,4200.0,4200.0
5429.75,4200.0,4200.0
5429.76,4200.0,4200.0
5429.85,4200.0,4200.0
5429.85,4200.0,4200.0
5429.95,4200.0,4200.0
5429.95,4200.0,4200.0
5430.06,4200.0,4200.0
5430.07,4200.0,4200.0
5430.16,4200.0,4200.0
5430.16,4200.0,4200.0
5430.26,4200.0,4200.0
5430.26,4200.0,4200.0
5430.35,4200.0,4200.0
5430.36,4200.0,4200.0
5430.45,4200.0,4200.0
5430.45,4200.0,4200.0
5430.55,4200.0,4200.0
5430.559,4200.0,4200.0
5430.66,4200.0,4200.0
5430.66,4200.0,4200.0
5430.76,4200.0,4200.0
5430.77,4200.0,4200.0
5430.86,4200.0,4200.0
5430.86,4200.0,4200.0
5430.95,4200.0,4200.0
5430.96,4200.0,4200.0
5431.06,4200.0,4200.0
5431.06,4200.0,4200.0
5431.16,4200.0,4200.0
5431.16,4200.0,4200.0
5431.26,4200.0,4200.0
5431.26,4200.0,4200.0
5431.35,4200.0,4200.0
5431.36,4200.0,4200.0
5431.45,4200.0,4200.0
5431.45,4200.0,4200.0
5431.55,4200.0,4200.0
5431.56,4200.0,4200.0
5431.66,4200.0,4200.0
5431.66,4200.0,4200.0
5431.76,4200.0,4200.0
5431.76,4200.0,4200.0
5431.86,4200.0,4200.0
5431.86,4200.0,4200.0
5431.95,4200.0,4200.0
5431.95,4200.0,4200.0
5432.05,4200.0,4200.0
5432.05,4200.0,4200.0
5432.15,4200.0,4200.0
5432.16,4200.0,4200.0
5432.25,4200.0,4200.0
5432.26,4200.0,4200.0
5432.36,4200.0,4200.0
5432.36,4200.0,4200.0
5432.46,4200.0,4200.0
5432.46,4200.0,4200.0
5432.55,4200.0,4200.0
5432.55,4200.0,4200.0
5432.66,4200.0,4200.0
5432.66,4200.0,4200.0
5432.76,4200.0,4200.0
5432.76,4200.0,4200.0
5432.86,4200.0,4200.0
5432.86,4200.0,4200.0
5432.96,4200.0,4200.0
5432.96,4200.0,4200.0
5433.05,4200.0,4200.0
5433.05,4200.0,4200.0
5433.16,4200.0,4200.0
5433.16,4200.0,4200.0
5433.26,4200.0,4200.0
5433.26,4200.0,4200.0
5433.36,4200.0,4200.0
5433.36,4200.0,4200.0
5433.46,4200.0,4200.0
5433.46,4200.0,4200.0
5433.55,4200.0,4200.0
5433.55,4200.0,4200.0
5433.65,4200.0,4200.0
5433.65,4200.0,4200.0
5433.759,4200.0,4200.0
5433.759,4200.0,4200.0
5433.85,4200.0,4200.0
5433.86,4200.0,4200.0
5433.96,4200.0,4200.0
5433.96,4200.0,4200.0
5434.05,4200.0,4200.0
5434.06,4200.0,4200.0
5434.15,4200.0,4200.0
5434.15,4200.0,4200.0
5434.26,4200.0,4200.0
5434.26,4200.0,4200.0
5434.36,4200.0,4200.0
5434.36,4200.0,4200.0
5434.46,4200.0,4200.0
5434.46,4200.0,4200.0
5434.56,4200.0,4200.0
5434.56,4200.0,4200.0
5434.65,4200.0,4200.0
5434.65,4200.0,4200.0
5434.76,4200.0,4200.0
5434.76,4200.0,4200.0
5434.86,4200.0,4200.0
5434.86,4200.0,4200.0
5434.96,4200.0,4200.0
5434.96,4200.0,4200.0
5435.06,4200.0,4200.0
5435.06,4200.0,4200.0
5435.15,4200.0,4200.0
5435.15,4200.0,4200.0
5435.26,4200.0,4200.0
5435.26,4200.0,4200.0
5435.36,4200.0,4200.0
5435.36,4200.0,4200.0
5435.45,4200.0,4200.0
5435.46,4200.0,4200.0
5435.56,4200.0,4200.0
5435.56,4200.0,4200.0
5435.65,4200.0,4200.0
5435.65,4200.0,4200.0
5435.75,4200.0,4200.0
5435.75,4200.0,4200.0
5435.86,4200.0,4200.0
5435.86,4200.0,4200.0
5435.96,4200.0,4200.0
5435.96,4200.0,4200.0
5436.06,4200.0,4200.0
5436.06,4200.0,4200.0
5436.15,4200.0,4200.0
5436.16,4200.0,4200.0
5436.25,4200.0,4200.0
5436.25,4200.0,4200.0
5436.36,4200.0,4200.0
5436.37,4200.0,4200.0
5436.46,4200.0,4200.0
5436.46,4200.0,4200.0
5436.56,4200.0,4200.0
5436.56,4200.0,4200.0
5436.66,4200.0,4200.0
5436.66,4200.0,4200.0
5436.75,4200.0,4200.0
5436.75,4200.0,4200.0
5436.86,4200.0,4200.0
5436.86,4200.0,4200.0
5436.959,4200.0,4200.0
5436.959,4200.0,4200.0
5437.05,4200.0,4200.0
5437.06,4200.0,4200.0
5437.15,4200.0,4200.0
5437.16,4200.0,4200.0
5437.25,4200.0,4200.0
5437.25,4200.0,4200.0
5437.35,4200.0,4200.0
5437.36,4200.0,4200.0
5437.46,4200.0,4200.0
5437.46,4200.0,4200.0
5437.56,4200.0,4200.0
5437.56,4200.0,4200.0
5437.66,4200.0,4200.0
5437.66,4200.0,4200.0
5437.75,4200.0,4200.0
5437.75,4200.0,4200.0
5437.85,4200.0,4200.0
5437.85,4200.0,4200.0
5437.95,4200.0,4200.0
5437.96,4200.0,4200.0
5438.06,4200.0,4200.0
5438.06,4200.0,4200.0
5438.16,4200.0,4200.0
5438.16,4200.0,4200.0
5438.26,4200.0,4200.0
5438.26,4200.0,4200.0
5438.35,4200.0,4200.0
5438.35,4200.0,4200.0
5438.46,4200.0,4200.0
5438.46,4200.0,4200.0
5438.56,4200.0,4200.0
5438.56,4200.0,4200.0
5438.66,4200.0,4200.0
5438.66,4200.0,4200.0
5438.75,4200.0,4200.0
5438.76,4200.0,4200.0
5438.85,4200.0,4200.0
5438.85,4200.0,4200.0
5438.96,4200.0,4200.0
5438.96,4200.0,4200.0
5439.06,4200.0,4200.0
5439.06,4200.0,4200.0
5439.16,4200.0,4200.0
5439.16,4200.0,4200.0
5439.26,4200.0,4200.0
5439.26,4200.0,4200.0
5439.35,4200.0,4200.0
5439.35,4200.0,4200.0
5439.45,4200.0,4200.0
5439.46,4200.0,4200.0
5439.55,4200.0,4200.0
5439.56,4200.0,4200.0
5439.66,4200.0,4200.0
5439.66,4200.0,4200.0
5439.76,4200.0,4200.0
5439.77,4200.0,4200.0
5439.85,4200.0,4200.0
5439.85,4200.0,4200.0
5439.95,4200.0,4200.0
5439.95,4200.0,4200.0
5440.06,4200.0,4200.0
5440.06,4200.0,4200.0
5440.159,4200.0,4200.0
5440.159,4200.0,4200.0
5440.26,4200.0,4200.0
5440.26,4200.0,4200.0
5440.35,4200.0,4200.0
5440.36,4200.0,4200.0
5440.45,4200.0,4200.0
5440.45,4200.0,4200.0
5440.56,4200.0,4200.0
5440.57,4200.0,4200.0
5440.66,4200.0,4200.0
5440.66,4200.0,4200.0
5440.76,4200.0,4200.0
5440.76,4200.0,4200.0
5440.86,4200.0,4200.0
5440.86,4200.0,4200.0
5440.95,4200.0,4200.0
5440.95,4200.0,4200.0
5441.06,4200.0,4200.0
5441.06,4200.0,4200.0
5441.15,4200.0,4200.0
5441.16,4200.0,4200.0
5441.26,4200.0,4200.0
5441.26,4200.0,4200.0
5441.36,4200.0,4200.0
5441.36,4200.0,4200.0
5441.45,4200.0,4200.0
5441.45,4200.0,4200.0
5441.55,4200.0,4200.0
5441.55,4200.0,4200.0
5441.66,4200.0,4200.0
5441.66,4200.0,4200.0
5441.76,4200.0,4200.0
5441.76,4200.0,4200.0
5441.86,4200.0,4200.0
5441.86,4200.0,4200.0
5441.95,4200.0,4200.0
5441.95,4200.0,4200.0
5442.05,4200.0,4200.0
5442.05,4200.0,4200.0
5442.16,4200.0,4200.0
5442.16,4200.0,4200.0
5442.26,4200.0,4200.0
5442.26,4200.0,4200.0
5442.36,4200.0,4200.0
5442.36,4200.0,4200.0
5442.46,4200.0,4200.0
5442.46,4200.0,4200.0
5442.55,4200.0,4200.0
5442.55,4200.0,4200.0
5442.66,4200.0,4200.0
5442.66,4200.0,4200.0
5442.75,4200.0,4200.0
5442.76,4200.0,4200.0
5442.86,4200.0,4200.0
5442.86,4200.0,4200.0
5442.96,4200.0,4200.0
5442.96,4200.0,4200.0
5443.05,4200.0,4200.0
5443.05,4200.0,4200.0
5443.16,4200.0,4200.0
5443.16,4200.0,4200.0
5443.26,4200.0,4200.0
5443.26,4200.0,4200.0
5443.359,4200.0,4200.0
5443.359,4200.0,4200.0
5443.46,4200.0,4200.0
5443.46,4200.0,4200.0
5443.55,4200.0,4200.0
5443.55,4200.0,4200.0
5443.65,4200.0,4200.0
5443.65,4200.0,4200.0
5443.76,4200.0,4200.0
5443.76,4200.0,4200.0
5443.86,4200.0,4200.0
5443.86,4200.0,4200.0
5443.96,4200.0,4200.0
5443.96,4200.0,4200.0
5444.06,4200.0,4200.0
5444.06,4200.0,4200.0
5444.15,4200.0,4200.0
5444.15,4200.0,4200.0
5444.26,4200.0,4200.0
5444.26,4200.0,4200.0
5444.35,4200.0,4200.0
5444.36,4200.0,4200.0
5444.46,4200.0,4200.0
5444.47,4200.0,4200.0
5444.56,4200.0,4200.0
5444.56,4200.0,4200.0
5444.65,4200.0,4200.0
5444.65,4200.0,4200.0
5444.76,4200.0,4200.0
5444.76,4200.0,4200.0
5444.86,4200.0,4200.0
5444.86,4200.0,4200.0
5444.96,4200.0,4200.0
5444.96,4200.0,4200.0
5445.06,4200.0,4200.0
5445.06,4200.0,4200.0
5445.15,4200.0,4200.0
5445.15,4200.0,4200.0
5445.25,4200.0,4200.0
5445.27,4200.0,4200.0
5445.36,4200.0,4200.0
5445.36,4200.0,4200.0
5445.46,4200.0,4200.0
5445.46,4200.0,4200.0
5445.56,4200.0,4200.0
5445.56,4200.0,4200.0
5445.65,4200.0,4200.0
5445.66,4200.0,4200.0
5445.75,4200.0,4200.0
5445.75,4200.0,4200.0
5445.86,4200.0,4200.0
5445.86,4200.0,4200.0
5445.95,4200.0,4200.0
5445.96,4200.0,4200.0
5446.06,4200.0,4200.0
5446.06,4200.0,4200.0
5446.16,4200.0,4200.0
5446.16,4200.0,4200.0
5446.25,4200.0,4200.0
5446.25,4200.0,4200.0
5446.36,4200.0,4200.0
5446.36,4200.0,4200.0
5446.46,4200.0,4200.0
5446.46,4200.0,4200.0
5446.559,4200.0,4200.0
5446.559,4200.0,4200.0
5446.65,4200.0,4200.0
5446.66,4200.0,4200.0
5446.75,4200.0,4200.0
5446.75,4200.0,4200.0
5446.86,4200.0,4200.0
5446.86,4200.0,4200.0
5446.96,4200.0,4200.0
5446.96,4200.0,4200.0
5447.06,4200.0,4200.0
5447.06,4200.0,4200.0
5447.16,4200.0,4200.0
5447.16,4200.0,4200.0
5447.25,4200.0,4200.0
5447.25,4200.0,4200.0
5447.35,4200.0,4200.0
5447.35,4200.0,4200.0
5447.45,4200.0,4200.0
5447.46,4200.0,4200.0
5447.55,4200.0,4200.0
5447.56,4200.0,4200.0
5447.66,4200.0,4200.0
5447.66,4200.0,4200.0
5447.75,4200.0,4200.0
5447.76,4200.0,4200.0
5447.85,4200.0,4200.0
5447.85,4200.0,4200.0
5447.96,4200.0,4200.0
5447.96,4200.0,4200.0
5448.06,4200.0,4200.0
5448.06,4200.0,4200.0
5448.16,4200.0,4200.0
5448.16,4200.0,4200.0
5448.25,4200.0,4200.0
5448.26,4200.0,4200.0
5448.35,4200.0,4200.0
5448.35,4200.0,4200.0
5448.46,4200.0,4200.0
5448.46,4200.0,4200.0
5448.56,4200.0,4200.0
5448.56,4200.0,4200.0
5448.66,4200.0,4200.0
5448.66,4200.0,4200.0
5448.76,4200.0,4200.0
5448.76,4200.0,4200.0
5448.85,4200.0,4200.0
5448.85,4200.0,4200.0
5448.96,4200.0,4200.0
5448.96,4200.0,4200.0
5449.05,4200.0,4200.0
5449.06,4200.0,4200.0
5449.16,4200.0,4200.0
5449.16,4200.0,4200.0
5449.26,4200.0,4200.0
5449.26,4200.0,4200.0
5449.35,4200.0,4200.0
5449.35,4200.0,4200.0
5449.45,4200.0,4200.0
5449.45,4200.0,4200.0
5449.56,4200.0,4200.0
5449.56,4200.0,4200.0
5449.66,4200.0,4200.0
5449.66,4200.0,4200.0
5449.759,4200.0,4200.0
5449.759,4200.0,4200.0
5449.85,4200.0,4200.0
5449.86,4200.0,4200.0
5449.95,4200.0,4200.0
5449.95,4200.0,4200.0
5450.06,4200.0,4200.0
5450.06,4200.0,4200.0
5450.16,4200.0,4200.0
5450.16,4200.0,4200.0
5450.26,4200.0,4200.0
5450.26,4200.0,4200.0
5450.36,4200.0,4200.0
5450.36,4200.0,4200.0
5450.45,4200.0,4200.0
5450.45,4200.0,4200.0
5450.56,4200.0,4200.0
5450.56,4200.0,4200.0
5450.65,4200.0,4200.0
5450.66,4200.0,4200.0
5450.76,4200.0,4200.0
5450.76,4200.0,4200.0
5450.86,4200.0,4200.0
5450.86,4200.0,4200.0
5450.95,4200.0,4200.0
5450.95,4200.0,4200.0
5451.05,4200.0,4200.0
5451.06,4200.0,4200.0
5451.16,4200.0,4200.0
5451.16,4200.0,4200.0
5451.26,4200.0,4200.0
5451.26,4200.0,4200.0
5451.36,4200.0,4200.0
5451.36,4200.0,4200.0
5451.45,4200.0,4200.0
5451.45,4200.0,4200.0
5451.55,4200.0,4200.0
5451.55,4200.0,4200.0
5451.66,4200.0,4200.0
5451.66,4200.0,4200.0
5451.76,4200.0,4200.0
5451.77,4200.0,4200.0
5451.86,4200.0,4200.0
5451.86,4200.0,4200.0
5451.96,4200.0,4200.0
5451.96,4200.0,4200.0
5452.05,4200.0,4200.0
5452.05,4200.0,4200.0
5452.16,4200.0,4200.0
5452.16,4200.0,4200.0
5452.25,4200.0,4200.0
5452.26,4200.0,4200.0
5452.36,4200.0,4200.0
5452.36,4200.0,4200.0
5452.46,4200.0,4200.0
5452.47,4200.0,4200.0
5452.55,4200.0,4200.0
5452.55,4200.0,4200.0
5452.66,4200.0,4200.0
5452.66,4200.0,4200.0
5452.76,4200.0,4200.0
5452.76,4200.0,4200.0
5452.86,4200.0,4200.0
5452.86,4200.0,4200.0
5452.959,4200.0,4200.0
5452.959,4200.0,4200.0
5453.05,4200.0,4200.0
5453.05,4200.0,4200.0
5453.15,4200.0,4200.0
5453.15,4200.0,4200.0
5453.26,4200.0,4200.0
5453.27,4200.0,4200.0
5453.36,4200.0,4200.0
5453.36,4200.0,4200.0
5453.46,4200.0,4200.0
5453.46,4200.0,4200.0
5453.56,4200.0,4200.0
5453.56,4200.0,4200.0
5453.65,4200.0,4200.0
5453.65,4200.0,4200.0
5453.76,4200.0,4200.0
5453.76,4200.0,4200.0
5453.85,4200.0,4200.0
5453.86,4200.0,4200.0
5453.96,4200.0,4200.0
5453.96,4200.0,4200.0
5454.06,4200.0,4200.0
5454.06,4200.0,4200.0
5454.15,4200.0,4200.0
5454.15,4200.0,4200.0
5454.26,4200.0,4200.0
5454.26,4200.0,4200.0
5454.36,4200.0,4200.0
5454.36,4200.0,4200.0
5454.46,4200.0,4200.0
5454.46,4200.0,4200.0
5454.55,4200.0,4200.0
5454.56,4200.0,4200.0
5454.65,4200.0,4200.0
5454.65,4200.0,4200.0
5454.75,4200.0,4200.0
5454.76,4200.0,4200.0
5454.86,4200.0,4200.0
5454.86,4200.0,4200.0
5454.96,4200.0,4200.0
5454.96,4200.0,4200.0
5455.06,4200.0,4200.0
5455.06,4200.0,4200.0
5455.15,4200.0,4200.0
5455.15,4200.0,4200.0
5455.25,4200.0,4200.0
5455.25,4200.0,4200.0
5455.35,4200.0,4200.0
5455.36,4200.0,4200.0
5455.46,4200.0,4200.0
5455.46,4200.0,4200.0
5455.56,4200.0,4200.0
5455.56,4200.0,4200.0
5455.66,4200.0,4200.0
5455.66,4200.0,4200.0
5455.75,4200.0,4200.0
5455.75,4200.0,4200.0
5455.86,4200.0,4200.0
5455.86,4200.0,4200.0
5455.96,4200.0,4200.0
5455.96,4200.0,4200.0
5456.06,4200.0,4200.0
5456.06,4200.0,4200.0
5456.15,4200.0,4200.0
5456.159,4200.0,4200.0
5456.25,4200.0,4200.0
5456.25,4200.0,4200.0
5456.36,4200.0,4200.0
5456.36,4200.0,4200.0
5456.46,4200.0,4200.0
5456.46,4200.0,4200.0
5456.56,4200.0,4200.0
5456.56,4200.0,4200.0
5456.66,4200.0,4200.0
5456.66,4200.0,4200.0
5456.75,4200.0,4200.0
5456.76,4200.0,4200.0
5456.85,4200.0,4200.0
5456.86,4200.0,4200.0
5456.95,4200.0,4200.0
5456.96,4200.0,4200.0
5457.06,4200.0,4200.0
5457.06,4200.0,4200.0
5457.16,4200.0,4200.0
5457.16,4200.0,4200.0
5457.25,4200.0,4200.0
5457.26,4200.0,4200.0
5457.35,4200.0,4200.0
5457.35,4200.0,4200.0
5457.46,4200.0,4200.0
5457.46,4200.0,4200.0
5457.56,4200.0,4200.0
5457.56,4200.0,4200.0
5457.66,4200.0,4200.0
5457.66,4200.0,4200.0
5457.75,4200.0,4200.0
5457.76,4200.0,4200.0
5457.85,4200.0,4200.0
5457.85,4200.0,4200.0
5457.96,4200.0,4200.0
5457.96,4200.0,4200.0
5458.06,4200.0,4200.0
5458.06,4200.0,4200.0
5458.16,4200.0,4200.0
5458.16,4200.0,4200.0
5458.26,4200.0,4200.0
5458.26,4200.0,4200.0
5458.35,4200.0,4200.0
5458.35,4200.0,4200.0
5458.46,4200.0,4200.0
5458.46,4200.0,4200.0
5458.56,4200.0,4200.0
5458.57,4200.0,4200.0
5458.66,4200.0,4200.0
5458.66,4200.0,4200.0
5458.76,4200.0,4200.0
5458.77,4200.0,4200.0
5458.85,4200.0,4200.0
5458.85,4200.0,4200.0
5458.95,4200.0,4200.0
5458.95,4200.0,4200.0
5459.06,4200.0,4200.0
5459.06,4200.0,4200.0
5459.16,4200.0,4200.0
5459.16,4200.0,4200.0
5459.25,4200.0,4200.0
5459.26,4200.0,4200.0
5459.359,4200.0,4200.0
5459.359,4200.0,4200.0
5459.45,4200.0,4200.0
5459.45,4200.0,4200.0
5459.56,4200.0,4200.0
5459.57,4200.0,4200.0
5459.66,4200.0,4200.0
5459.66,4200.0,4200.0
5459.76,4200.0,4200.0
5459.76,4200.0,4200.0
5459.86,4200.0,4200.0
5459.86,4200.0,4200.0
5459.95,4200.0,4200.0
5459.95,4200.0,4200.0
5460.05,4200.0,4200.0
5460.06,4200.0,4200.0
5460.16,4200.0,4200.0
5460.17,4200.0,4200.0
5460.26,4200.0,4200.0
5460.26,4200.0,4200.0
5460.36,4200.0,4200.0
5460.36,4200.0,4200.0
5460.45,4200.0,4200.0
5460.45,4200.0,4200.0
5460.55,4200.0,4200.0
5460.56,4200.0,4200.0
5460.66,4200.0,4200.0
5460.66,4200.0,4200.0
5460.76,4200.0,4200.0
5460.76,4200.0,4200.0
5460.85,4200.0,4200.0
5460.86,4200.0,4200.0
5460.95,4200.0,4200.0
5460.96,4200.0,4200.0
5461.05,4200.0,4200.0
5461.05,4200.0,4200.0
5461.16,4200.0,4200.0
5461.16,4200.0,4200.0
5461.26,4200.0,4200.0
5461.26,4200.0,4200.0
5461.36,4200.0,4200.0
5461.36,4200.0,4200.0
5461.46,4200.0,4200.0
5461.46,4200.0,4200.0
5461.55,4200.0,4200.0
5461.55,4200.0,4200.0
5461.65,4200.0,4200.0
5461.66,4200.0,4200.0
5461.76,4200.0,4200.0
5461.76,4200.0,4200.0
5461.86,4200.0,4200.0
5461.86,4200.0,4200.0
5461.96,4200.0,4200.0
5461.96,4200.0,4200.0
5462.05,4200.0,4200.0
5462.05,4200.0,4200.0
5462.16,4200.0,4200.0
5462.16,4200.0,4200.0
5462.26,4200.0,4200.0
5462.27,4200.0,4200.0
5462.35,4200.0,4200.0
5462.36,4200.0,4200.0
5462.46,4200.0,4200.0
5462.47,4200.0,4200.0
5462.55,4200.0,4200.0
5462.55,4200.0,4200.0
5462.65,4200.0,4200.0
5462.65,4200.0,4200.0
5462.76,4200.0,4200.0
5462.76,4200.0,4200.0
5462.86,4200.0,4200.0
5462.86,4200.0,4200.0
5462.96,4200.0,4200.0
5462.96,4200.0,4200.0
5463.06,4200.0,4200.0
5463.06,4200.0,4200.0
5463.15,4200.0,4200.0
5463.15,4200.0,4200.0
5463.26,4200.0,4200.0
5463.26,4200.0,4200.0
5463.36,4200.0,4200.0
5463.36,4200.0,4200.0
5463.46,4200.0,4200.0
5463.46,4200.0,4200.0
5463.56,4200.0,4200.0
5463.56,4200.0,4200.0
5463.65,4200.0,4200.0
5463.65,4200.0,4200.0
5463.76,4200.0,4200.0
5463.76,4200.0,4200.0
5463.86,4200.0,4200.0
5463.86,4200.0,4200.0
5463.95,4200.0,4200.0
5463.96,4200.0,4200.0
5464.06,4200.0,4200.0
5464.06,4200.0,4200.0
5464.15,4200.0,4200.0
5464.15,4200.0,4200.0
5464.26,4200.0,4200.0
5464.26,4200.0,4200.0
5464.36,4200.0,4200.0
5464.36,4200.0,4200.0
5464.46,4200.0,4200.0
5464.46,4200.0,4200.0
5464.56,4200.0,4200.0
5464.56,4200.0,4200.0
5464.65,4200.0,4200.0
5464.65,4200.0,4200.0
5464.75,4200.0,4200.0
5464.75,4200.0,4200.0
5464.86,4200.0,4200.0
5464.86,4200.0,4200.0
5464.96,4200.0,4200.0
5464.96,4200.0,4200.0
5465.06,4200.0,4200.0
5465.06,4200.0,4200.0
5465.16,4200.0,4200.0
5465.16,4200.0,4200.0
5465.25,4200.0,4200.0
5465.25,4200.0,4200.0
5465.36,4200.0,4200.0
5465.36,4200.0,4200.0
5465.45,4200.0,4200.0
5465.46,4200.0,4200.0
5465.56,4200.0,4200.0
5465.56,4200.0,4200.0
5465.66,4200.0,4200.0
5465.66,4200.0,4200.0
5465.75,4200.0,4200.0
5465.75,4200.0,4200.0
5465.86,4200.0,4200.0
5465.86,4200.0,4200.0
5465.96,4200.0,4200.0
5465.96,4200.0,4200.0
5466.06,4200.0,4200.0
5466.06,4200.0,4200.0
5466.16,4200.0,4200.0
5466.16,4200.0,4200.0
5466.25,4200.0,4200.0
5466.25,4200.0,4200.0
5466.35,4200.0,4200.0
5466.36,4200.0,4200.0
5466.46,4200.0,4200.0
5466.47,4200.0,4200.0
5466.56,4200.0,4200.0
5466.56,4200.0,4200.0
5466.66,4200.0,4200.0
5466.66,4200.0,4200.0
5466.76,4200.0,4200.0
5466.76,4200.0,4200.0
5466.85,4200.0,4200.0
5466.85,4200.0,4200.0
5466.96,4200.0,4200.0
5466.96,4200.0,4200.0
5467.05,4200.0,4200.0
5467.06,4200.0,4200.0
5467.16,4200.0,4200.0
5467.16,4200.0,4200.0
5467.26,4200.0,4200.0
5467.26,4200.0,4200.0
5467.35,4200.0,4200.0
5467.35,4200.0,4200.0
5467.46,4200.0,4200.0
5467.46,4200.0,4200.0
5467.56,4200.0,4200.0
5467.56,4200.0,4200.0
5467.66,4200.0,4200.0
5467.66,4200.0,4200.0
5467.75,4200.0,4200.0
5467.76,4200.0,4200.0
5467.85,4200.0,4200.0
5467.85,4200.0,4200.0
5467.96,4200.0,4200.0
5467.96,4200.0,4200.0
5468.06,4200.0,4200.0
5468.06,4200.0,4200.0
5468.16,4200.0,4200.0
5468.16,4200.0,4200.0
5468.26,4200.0,4200.0
5468.26,4200.0,4200.0
5468.35,4200.0,4200.0
5468.36,4200.0,4200.0
5468.45,4200.0,4200.0
5468.45,4200.0,4200.0
5468.55,4200.0,4200.0
5468.56,4200.0,4200.0
5468.66,4200.0,4200.0
5468.66,4200.0,4200.0
5468.76,4200.0,4200.0
5468.76,4200.0,4200.0
5468.86,4200.0,4200.0
5468.86,4200.0,4200.0
5468.95,4200.0,4200.0
5468.95,4200.0,4200.0
5469.06,4200.0,4200.0
5469.06,4200.0,4200.0
5469.16,4200.0,4200.0
5469.16,4200.0,4200.0
5469.26,4200.0,4200.0
5469.26,4200.0,4200.0
5469.35,4200.0,4200.0
5469.36,4200.0,4200.0
5469.45,4200.0,4200.0
5469.46,4200.0,4200.0
5469.56,4200.0,4200.0
5469.56,4200.0,4200.0
5469.66,4200.0,4200.0
5469.66,4200.0,4200.0
5469.76,4200.0,4200.0
5469.76,4200.0,4200.0
5469.86,4200.0,4200.0
5469.86,4200.0,4200.0
5469.95,4200.0,4200.0
5469.95,4200.0,4200.0
5470.05,4200.0,4200.0
5470.06,4200.0,4200.0
5470.15,4200.0,4200.0
5470.16,4200.0,4200.0
5470.26,4200.0,4200.0
5470.26,4200.0,4200.0
5470.36,4200.0,4200.0
5470.36,4200.0,4200.0
5470.46,4200.0,4200.0
5470.46,4200.0,4200.0
5470.55,4200.0,4200.0
5470.55,4200.0,4200.0
5470.66,4200.0,4200.0
5470.66,4200.0,4200.0
5470.76,4200.0,4200.0
5470.76,4200.0,4200.0
5470.85,4200.0,4200.0
5470.86,4200.0,4200.0
5470.96,4200.0,4200.0
5470.96,4200.0,4200.0
5471.05,4200.0,4200.0
5471.05,4200.0,4200.0
5471.16,4200.0,4200.0
5471.16,4200.0,4200.0
5471.26,4200.0,4200.0
5471.26,4200.0,4200.0
5471.36,4200.0,4200.0
5471.36,4200.0,4200.0
5471.46,4200.0,4200.0
5471.46,4200.0,4200.0
5471.55,4200.0,4200.0
5471.55,4200.0,4200.0
5471.65,4200.0,4200.0
5471.66,4200.0,4200.0
5471.76,4200.0,4200.0
5471.76,4200.0,4200.0
5471.86,4200.0,4200.0
5471.86,4200.0,4200.0
5471.96,4200.0,4200.0
5471.96,4200.0,4200.0
5472.05,4200.0,4200.0
5472.06,4200.0,4200.0
5472.15,4200.0,4200.0
5472.15,4200.0,4200.0
5472.26,4200.0,4200.0
5472.26,4200.0,4200.0
5472.35,4200.0,4200.0
5472.36,4200.0,4200.0
5472.46,4200.0,4200.0
5472.46,4200.0,4200.0
5472.56,4200.0,4200.0
5472.56,4200.0,4200.0
5472.65,4200.0,4200.0
5472.65,4200.0,4200.0
5472.76,4200.0,4200.0
5472.76,4200.0,4200.0
5472.86,4200.0,4200.0
5472.86,4200.0,4200.0
5472.96,4200.0,4200.0
5472.96,4200.0,4200.0
5473.06,4200.0,4200.0
5473.06,4200.0,4200.0
5473.15,4200.0,4200.0
5473.15,4200.0,4200.0
5473.26,4200.0,4200.0
5473.26,4200.0,4200.0
5473.36,4200.0,4200.0
5473.36,4200.0,4200.0
5473.46,4200.0,4200.0
5473.46,4200.0,4200.0
5473.56,4200.0,4200.0
5473.56,4200.0,4200.0
5473.65,4200.0,4200.0
5473.76,4200.0,4200.0
5473.76,4200.0,4200.0
5473.85,4200.0,4200.0
5473.86,4200.0,4200.0
5473.96,4200.0,4200.0
5473.96,4200.0,4200.0
5474.06,4200.0,4200.0
5474.06,4200.0,4200.0
5474.15,4200.0,4200.0
5474.16,4200.0,4200.0
5474.25,4200.0,4200.0
5474.25,4200.0,4200.0
5474.36,4200.0,4200.0
5474.36,4200.0,4200.0
5474.46,4200.0,4200.0
5474.46,4200.0,4200.0
5474.56,4200.0,4200.0
5474.56,4200.0,4200.0
5474.65,4200.0,4200.0
5474.66,4200.0,4200.0
5474.75,4200.0,4200.0
5474.75,4200.0,4200.0
5474.86,4200.0,4200.0
5474.87,4200.0,4200.0
5474.96,4200.0,4200.0
5474.96,4200.0,4200.0
5475.06,4200.0,4200.0
5475.06,4200.0,4200.0
5475.16,4200.0,4200.0
5475.16,4200.0,4200.0
5475.25,4200.0,4200.0
5475.25,4200.0,4200.0
5475.359,4200.0,4200.0
5475.359,4200.0,4200.0
5475.46,4200.0,4200.0
5475.46,4200.0,4200.0
5475.56,4200.0,4200.0
5475.56,4200.0,4200.0
5475.66,4200.0,4200.0
5475.66,4200.0,4200.0
5475.75,4200.0,4200.0
5475.75,4200.0,4200.0
5475.85,4200.0,4200.0
5475.86,4200.0,4200.0
5475.96,4200.0,4200.0
5475.96,4200.0,4200.0
5476.06,4200.0,4200.0
5476.06,4200.0,4200.0
5476.15,4200.0,4200.0
5476.16,4200.0,4200.0
5476.26,4200.0,4200.0
5476.26,4200.0,4200.0
5476.35,4200.0,4200.0
5476.35,4200.0,4200.0
5476.46,4200.0,4200.0
5476.46,4200.0,4200.0
5476.56,4200.0,4200.0
5476.56,4200.0,4200.0
5476.66,4200.0,4200.0
5476.66,4200.0,4200.0
5476.76,4200.0,4200.0
5476.76,4200.0,4200.0
5476.85,4200.0,4200.0
5476.85,4200.0,4200.0
5476.95,4200.0,4200.0
5476.96,4200.0,4200.0
5477.06,4200.0,4200.0
5477.06,4200.0,4200.0
5477.16,4200.0,4200.0
5477.16,4200.0,4200.0
5477.26,4200.0,4200.0
5477.26,4200.0,4200.0
5477.35,4200.0,4200.0
5477.36,4200.0,4200.0
5477.46,4200.0,4200.0
5477.46,4200.0,4200.0
5477.56,4200.0,4200.0
5477.56,4200.0,4200.0
5477.65,4200.0,4200.0
5477.66,4200.0,4200.0
5477.76,4200.0,4200.0
5477.76,4200.0,4200.0
5477.85,4200.0,4200.0
5477.86,4200.0,4200.0
5477.95,4200.0,4200.0
5477.95,4200.0,4200.0
5478.06,4200.0,4200.0
5478.06,4200.0,4200.0
5478.16,4200.0,4200.0
5478.16,4200.0,4200.0
5478.26,4200.0,4200.0
5478.26,4200.0,4200.0
5478.36,4200.0,4200.0
5478.36,4200.0,4200.0
5478.45,4200.0,4200.0
5478.45,4200.0,4200.0
5478.559,4200.0,4200.0
5478.559,4200.0,4200.0
5478.66,4200.0,4200.0
5478.66,4200.0,4200.0
5478.76,4200.0,4200.0
5478.76,4200.0,4200.0
5478.86,4200.0,4200.0
5478.86,4200.0,4200.0
5478.95,4200.0,4200.0
5478.95,4200.0,4200.0
5479.06,4200.0,4200.0
5479.07,4200.0,4200.0
5479.15,4200.0,4200.0
5479.16,4200.0,4200.0
5479.26,4200.0,4200.0
5479.26,4200.0,4200.0
5479.36,4200.0,4200.0
5479.36,4200.0,4200.0
5479.45,4200.0,4200.0
5479.45,4200.0,4200.0
5479.55,4200.0,4200.0
5479.56,4200.0,4200.0
5479.66,4200.0,4200.0
5479.66,4200.0,4200.0
5479.76,4200.0,4200.0
5479.76,4200.0,4200.0
5479.86,4200.0,4200.0
5479.86,4200.0,4200.0
5479.95,4200.0,4200.0
5479.96,4200.0,4200.0
5480.05,4200.0,4200.0
5480.05,4200.0,4200.0
5480.16,4200.0,4200.0
5480.16,4200.0,4200.0
5480.26,4200.0,4200.0
5480.26,4200.0,4200.0
5480.36,4200.0,4200.0
5480.36,4200.0,4200.0
5480.46,4200.0,4200.0
5480.46,4200.0,4200.0
5480.55,4200.0,4200.0
5480.55,4200.0,4200.0
5480.65,4200.0,4200.0
5480.66,4200.0,4200.0
5480.76,4200.0,4200.0
5480.76,4200.0,4200.0
5480.86,4200.0,4200.0
5480.86,4200.0,4200.0
5480.96,4200.0,4200.0
5480.96,4200.0,4200.0
5481.05,4200.0,4200.0
5481.05,4200.0,4200.0
5481.16,4200.0,4200.0
5481.16,4200.0,4200.0
5481.26,4200.0,4200.0
5481.26,4200.0,4200.0
5481.36,4200.0,4200.0
5481.36,4200.0,4200.0
5481.45,4200.0,4200.0
5481.46,4200.0,4200.0
5481.56,4200.0,4200.0
5481.56,4200.0,4200.0
5481.65,4200.0,4200.0
5481.65,4200.0,4200.0
5481.759,4200.0,4200.0
5481.759,4200.0,4200.0
5481.86,4200.0,4200.0
5481.86,4200.0,4200.0
5481.96,4200.0,4200.0
5481.96,4200.0,4200.0
5482.06,4200.0,4200.0
5482.06,4200.0,4200.0
5482.15,4200.0,4200.0
5482.15,4200.0,4200.0
5482.26,4200.0,4200.0
5482.26,4200.0,4200.0
5482.36,4200.0,4200.0
5482.36,4200.0,4200.0
5482.46,4200.0,4200.0
5482.46,4200.0,4200.0
5482.56,4200.0,4200.0
5482.56,4200.0,4200.0
5482.65,4200.0,4200.0
5482.65,4200.0,4200.0
5482.76,4200.0,4200.0
5482.76,4200.0,4200.0
5482.86,4200.0,4200.0
5482.86,4200.0,4200.0
5482.96,4200.0,4200.0
5482.96,4200.0,4200.0
5483.06,4200.0,4200.0
5483.06,4200.0,4200.0
5483.15,4200.0,4200.0
5483.16,4200.0,4200.0
5483.25,4200.0,4200.0
5483.26,4200.0,4200.0
5483.36,4200.0,4200.0
5483.36,4200.0,4200.0
5483.46,4200.0,4200.0
5483.46,4200.0,4200.0
5483.56,4200.0,4200.0
5483.56,4200.0,4200.0
5483.65,4200.0,4200.0
5483.66,4200.0,4200.0
5483.75,4200.0,4200.0
5483.75,4200.0,4200.0
5483.86,4200.0,4200.0
5483.86,4200.0,4200.0
5483.96,4200.0,4200.0
5483.97,4200.0,4200.0
5484.06,4200.0,4200.0
5484.06,4200.0,4200.0
5484.16,4200.0,4200.0
5484.16,4200.0,4200.0
5484.25,4200.0,4200.0
5484.25,4200.0,4200.0
5484.36,4200.0,4200.0
5484.36,4200.0,4200.0
5484.46,4200.0,4200.0
5484.46,4200.0,4200.0
5484.56,4200.0,4200.0
5484.56,4200.0,4200.0
5484.66,4200.0,4200.0
5484.66,4200.0,4200.0
5484.75,4200.0,4200.0
5484.75,4200.0,4200.0
5484.86,4200.0,4200.0
5484.86,4200.0,4200.0
5484.959,4200.0,4200.0
5484.959,4200.0,4200.0
5485.06,4200.0,4200.0
5485.06,4200.0,4200.0
5485.15,4200.0,4200.0
5485.16,4200.0,4200.0
5485.26,4200.0,4200.0
5485.26,4200.0,4200.0
5485.35,4200.0,4200.0
5485.35,4200.0,4200.0
5485.46,4200.0,4200.0
5485.46,4200.0,4200.0
5485.56,4200.0,4200.0
5485.56,4200.0,4200.0
5485.66,4200.0,4200.0
5485.66,4200.0,4200.0
5485.76,4200.0,4200.0
5485.76,4200.0,4200.0
5485.85,4200.0,4200.0
5485.85,4200.0,4200.0
5485.96,4200.0,4200.0
5485.96,4200.0,4200.0
5486.06,4200.0,4200.0
5486.07,4200.0,4200.0
5486.16,4200.0,4200.0
5486.16,4200.0,4200.0
5486.26,4200.0,4200.0
5486.26,4200.0,4200.0
5486.35,4200.0,4200.0
5486.36,4200.0,4200.0
5486.46,4200.0,4200.0
5486.46,4200.0,4200.0
5486.56,4200.0,4200.0
5486.56,4200.0,4200.0
5486.65,4200.0,4200.0
5486.66,4200.0,4200.0
5486.76,4200.0,4200.0
5486.76,4200.0,4200.0
5486.85,4200.0,4200.0
5486.86,4200.0,4200.0
5486.95,4200.0,4200.0
5486.96,4200.0,4200.0
5487.06,4200.0,4200.0
5487.06,4200.0,4200.0
5487.16,4200.0,4200.0
5487.16,4200.0,4200.0
5487.26,4200.0,4200.0
5487.26,4200.0,4200.0
5487.35,4200.0,4200.0
5487.36,4200.0,4200.0
5487.45,4200.0,4200.0
5487.45,4200.0,4200.0
5487.56,4200.0,4200.0
5487.56,4200.0,4200.0
5487.66,4200.0,4200.0
5487.66,4200.0,4200.0
5487.76,4200.0,4200.0
5487.76,4200.0,4200.0
5487.86,4200.0,4200.0
5487.86,4200.0,4200.0
5487.95,4200.0,4200.0
5487.95,4200.0,4200.0
5488.06,4200.0,4200.0
5488.06,4200.0,4200.0
5488.159,4200.0,4200.0
5488.17,4200.0,4200.0
5488.26,4200.0,4200.0
5488.26,4200.0,4200.0
5488.36,4200.0,4200.0
5488.36,4200.0,4200.0
5488.45,4200.0,4200.0
5488.45,4200.0,4200.0
5488.56,4200.0,4200.0
5488.56,4200.0,4200.0
5488.66,4200.0,4200.0
5488.66,4200.0,4200.0
5488.76,4200.0,4200.0
5488.76,4200.0,4200.0
5488.85,4200.0,4200.0
5488.86,4200.0,4200.0
5488.96,4200.0,4200.0
5488.96,4200.0,4200.0
5489.05,4200.0,4200.0
5489.05,4200.0,4200.0
5489.16,4200.0,4200.0
5489.16,4200.0,4200.0
5489.26,4200.0,4200.0
5489.26,4200.0,4200.0
5489.36,4200.0,4200.0
5489.36,4200.0,4200.0
5489.46,4200.0,4200.0
5489.46,4200.0,4200.0
5489.55,4200.0,4200.0
5489.55,4200.0,4200.0
5489.66,4200.0,4200.0
5489.66,4200.0,4200.0
5489.76,4200.0,4200.0
5489.76,4200.0,4200.0
5489.86,4200.0,4200.0
5489.86,4200.0,4200.0
5489.96,4200.0,4200.0
5489.96,4200.0,4200.0
5490.05,4200.0,4200.0
5490.16,4200.0,4200.0
5490.16,4200.0,4200.0
5490.26,4200.0,4200.0
5490.27,4200.0,4200.0
5490.35,4200.0,4200.0
5490.36,4200.0,4200.0
5490.46,4200.0,4200.0
5490.46,4200.0,4200.0
5490.55,4200.0,4200.0
5490.56,4200.0,4200.0
5490.65,4200.0,4200.0
5490.66,4200.0,4200.0
5490.76,4200.0,4200.0
5490.76,4200.0,4200.0
5490.86,4200.0,4200.0
5490.86,4200.0,4200.0
5490.96,4200.0,4200.0
5490.96,4200.0,4200.0
5491.05,4200.0,4200.0
5491.06,4200.0,4200.0
5491.15,4200.0,4200.0
5491.15,4200.0,4200.0
5491.26,4200.0,4200.0
5491.26,4200.0,4200.0
5491.359,4200.0,4200.0
5491.359,4200.0,4200.0
5491.46,4200.0,4200.0
5491.46,4200.0,4200.0
5491.56,4200.0,4200.0
5491.56,4200.0,4200.0
5491.65,4200.0,4200.0
5491.66,4200.0,4200.0
5491.75,4200.0,4200.0
5491.76,4200.0,4200.0
5491.86,4200.0,4200.0
5491.86,4200.0,4200.0
5491.96,4200.0,4200.0
5491.96,4200.0,4200.0
5492.06,4200.0,4200.0
5492.06,4200.0,4200.0
5492.15,4200.0,4200.0
5492.15,4200.0,4200.0
5492.26,4200.0,4200.0
5492.26,4200.0,4200.0
5492.36,4200.0,4200.0
5492.37,4200.0,4200.0
5492.46,4200.0,4200.0
5492.46,4200.0,4200.0
5492.56,4200.0,4200.0
5492.56,4200.0,4200.0
5492.66,4200.0,4200.0
5492.66,4200.0,4200.0
5492.75,4200.0,4200.0
5492.75,4200.0,4200.0
5492.86,4200.0,4200.0
5492.86,4200.0,4200.0
5492.96,4200.0,4200.0
5492.96,4200.0,4200.0
5493.06,4200.0,4200.0
5493.06,4200.0,4200.0
5493.16,4200.0,4200.0
5493.16,4200.0,4200.0
5493.25,4200.0,4200.0
5493.36,4200.0,4200.0
5493.36,4200.0,4200.0
5493.46,4200.0,4200.0
5493.46,4200.0,4200.0
5493.56,4200.0,4200.0
5493.56,4200.0,4200.0
5493.66,4200.0,4200.0
5493.66,4200.0,4200.0
5493.75,4200.0,4200.0
5493.75,4200.0,4200.0
5493.86,4200.0,4200.0
5493.86,4200.0,4200.0
5493.95,4200.0,4200.0
5493.96,4200.0,4200.0
5494.06,4200.0,4200.0
5494.06,4200.0,4200.0
5494.16,4200.0,4200.0
5494.16,4200.0,4200.0
5494.25,4200.0,4200.0
5494.26,4200.0,4200.0
5494.35,4200.0,4200.0
5494.36,4200.0,4200.0
5494.46,4200.0,4200.0
5494.46,4200.0,4200.0
5494.559,4200.0,4200.0
5494.559,4200.0,4200.0
5494.66,4200.0,4200.0
5494.66,4200.0,4200.0
5494.76,4200.0,4200.0
5494.76,4200.0,4200.0
5494.85,4200.0,4200.0
5494.85,4200.0,4200.0
5494.96,4200.0,4200.0
5494.96,4200.0,4200.0
5495.06,4200.0,4200.0
5495.06,4200.0,4200.0
5495.16,4200.0,4200.0
5495.16,4200.0,4200.0
5495.26,4200.0,4200.0
5495.26,4200.0,4200.0
5495.35,4200.0,4200.0
5495.36,4200.0,4200.0
5495.45,4200.0,4200.0
5495.46,4200.0,4200.0
5495.56,4200.0,4200.0
5495.57,4200.0,4200.0
5495.66,4200.0,4200.0
5495.66,4200.0,4200.0
5495.76,4200.0,4200.0
5495.76,4200.0,4200.0
5495.85,4200.0,4200.0
5495.85,4200.0,4200.0
5495.96,4200.0,4200.0
5495.96,4200.0,4200.0
5496.06,4200.0,4200.0
5496.06,4200.0,4200.0
5496.15,4200.0,4200.0
5496.16,4200.0,4200.0
5496.26,4200.0,4200.0
5496.26,4200.0,4200.0
5496.36,4200.0,4200.0
5496.36,4200.0,4200.0
5496.45,4200.0,4200.0
5496.45,4200.0,4200.0
5496.56,4200.0,4200.0
5496.56,4200.0,4200.0
5496.66,4200.0,4200.0
5496.66,4200.0,4200.0
5496.76,4200.0,4200.0
5496.76,4200.0,4200.0
5496.86,4200.0,4200.0
5496.86,4200.0,4200.0
5496.95,4200.0,4200.0
5496.95,4200.0,4200.0
5497.06,4200.0,4200.0
5497.06,4200.0,4200.0
5497.16,4200.0,4200.0
5497.16,4200.0,4200.0
5497.26,4200.0,4200.0
5497.26,4200.0,4200.0
5497.36,4200.0,4200.0
5497.36,4200.0,4200.0
5497.45,4200.0,4200.0
5497.45,4200.0,4200.0
5497.56,4200.0,4200.0
5497.56,4200.0,4200.0
5497.65,4200.0,4200.0
5497.66,4200.0,4200.0
5497.759,4200.0,4200.0
5497.759,4200.0,4200.0
5497.86,4200.0,4200.0
5497.86,4200.0,4200.0
5497.95,4200.0,4200.0
5497.96,4200.0,4200.0
5498.05,4200.0,4200.0
5498.06,4200.0,4200.0
5498.16,4200.0,4200.0
5498.16,4200.0,4200.0
5498.26,4200.0,4200.0
5498.26,4200.0,4200.0
5498.35,4200.0,4200.0
5498.36,4200.0,4200.0
5498.46,4200.0,4200.0
5498.46,4200.0,4200.0
5498.55,4200.0,4200.0
5498.55,4200.0,4200.0
5498.66,4200.0,4200.0
5498.67,4200.0,4200.0
5498.76,4200.0,4200.0
5498.76,4200.0,4200.0
5498.86,4200.0,4200.0
5498.86,4200.0,4200.0
5498.96,4200.0,4200.0
5498.96,4200.0,4200.0
5499.05,4200.0,4200.0
5499.05,4200.0,4200.0
5499.16,4200.0,4200.0
5499.16,4200.0,4200.0
5499.26,4200.0,4200.0
5499.26,4200.0,4200.0
5499.36,4200.0,4200.0
5499.36,4200.0,4200.0
5499.46,4200.0,4200.0
5499.46,4200.0,4200.0
5499.55,4200.0,4200.0
5499.56,4200.0,4200.0
5499.66,4200.0,4200.0
5499.66,4200.0,4200.0
5499.76,4200.0,4200.0
5499.76,4200.0,4200.0
5499.86,4200.0,4200.0
5499.87,4200.0,4200.0
5499.96,4200.0,4200.0
5499.96,4200.0,4200.0
5500.06,4200.0,4200.0
5500.07,4200.0,4200.0
5500.15,4200.0,4200.0
5500.15,4200.0,4200.0
5500.26,4200.0,4200.0
5500.26,4200.0,4200.0
5500.36,4200.0,4200.0
5500.36,4200.0,4200.0
5500.46,4200.0,4200.0
5500.46,4200.0,4200.0
5500.55,4200.0,4200.0
5500.56,4200.0,4200.0
5500.65,4200.0,4200.0
5500.66,4200.0,4200.0
5500.76,4200.0,4200.0
5500.77,4200.0,4200.0
5500.86,4200.0,4200.0
5500.87,4200.0,4200.0
5500.959,4200.0,4200.0
5500.959,4200.0,4200.0
5501.06,4200.0,4200.0
5501.06,4200.0,4200.0
5501.15,4200.0,4200.0
5501.15,4200.0,4200.0
5501.25,4200.0,4200.0
5501.26,4200.0,4200.0
5501.36,4200.0,4200.0
5501.36,4200.0,4200.0
5501.46,4200.0,4200.0
5501.46,4200.0,4200.0
5501.56,4200.0,4200.0
5501.56,4200.0,4200.0
5501.66,4200.0,4200.0
5501.66,4200.0,4200.0
5501.75,4200.0,4200.0
5501.76,4200.0,4200.0
5501.86,4200.0,4200.0
5501.86,4200.0,4200.0
5501.96,4200.0,4200.0
5501.96,4200.0,4200.0
5502.06,4200.0,4200.0
5502.06,4200.0,4200.0
5502.16,4200.0,4200.0
5502.16,4200.0,4200.0
5502.25,4200.0,4200.0
5502.25,4200.0,4200.0
5502.36,4200.0,4200.0
5502.36,4200.0,4200.0
5502.46,4200.0,4200.0
5502.46,4200.0,4200.0
5502.56,4200.0,4200.0
5502.56,4200.0,4200.0
5502.66,4200.0,4200.0
5502.66,4200.0,4200.0
5502.75,4200.0,4200.0
5502.75,4200.0,4200.0
5502.86,4200.0,4200.0
5502.87,4200.0,4200.0
5502.96,4200.0,4200.0
5502.96,4200.0,4200.0
5503.06,4200.0,4200.0
5503.06,4200.0,4200.0
5503.16,4200.0,4200.0
5503.16,4200.0,4200.0
5503.25,4200.0,4200.0
5503.26,4200.0,4200.0
5503.35,4200.0,4200.0
5503.36,4200.0,4200.0
5503.45,4200.0,4200.0
5503.46,4200.0,4200.0
5503.56,4200.0,4200.0
5503.57,4200.0,4200.0
5503.66,4200.0,4200.0
5503.66,4200.0,4200.0
5503.76,4200.0,4200.0
5503.76,4200.0,4200.0
5503.85,4200.0,4200.0
5503.85,4200.0,4200.0
5503.96,4200.0,4200.0
5503.96,4200.0,4200.0
5504.06,4200.0,4200.0
5504.06,4200.0,4200.0
5504.15,4200.0,4200.0
5504.159,4200.0,4200.0
5504.26,4200.0,4200.0
5504.26,4200.0,4200.0
5504.35,4200.0,4200.0
5504.36,4200.0,4200.0
5504.46,4200.0,4200.0
5504.46,4200.0,4200.0
5504.56,4200.0,4200.0
5504.56,4200.0,4200.0
5504.66,4200.0,4200.0
5504.66,4200.0,4200.0
5504.76,4200.0,4200.0
5504.76,4200.0,4200.0
5504.85,4200.0,4200.0
5504.85,4200.0,4200.0
5504.96,4200.0,4200.0
5504.96,4200.0,4200.0
5505.06,4200.0,4200.0
5505.06,4200.0,4200.0
5505.16,4200.0,4200.0
5505.16,4200.0,4200.0
5505.26,4200.0,4200.0
5505.26,4200.0,4200.0
5505.36,4200.0,4200.0
5505.36,4200.0,4200.0
5505.45,4200.0,4200.0
5505.45,4200.0,4200.0
5505.55,4200.0,4200.0
5505.56,4200.0,4200.0
5505.66,4200.0,4200.0
5505.66,4200.0,4200.0
5505.76,4200.0,4200.0
5505.76,4200.0,4200.0
5505.86,4200.0,4200.0
5505.86,4200.0,4200.0
5505.95,4200.0,4200.0
5505.95,4200.0,4200.0
5506.06,4200.0,4200.0
5506.06,4200.0,4200.0
5506.16,4200.0,4200.0
5506.16,4200.0,4200.0
5506.26,4200.0,4200.0
5506.26,4200.0,4200.0
5506.36,4200.0,4200.0
5506.36,4200.0,4200.0
5506.45,4200.0,4200.0
5506.45,4200.0,4200.0
5506.56,4200.0,4200.0
5506.56,4200.0,4200.0
5506.66,4200.0,4200.0
5506.66,4200.0,4200.0
5506.76,4200.0,4200.0
5506.76,4200.0,4200.0
5506.86,4200.0,4200.0
5506.86,4200.0,4200.0
5506.95,4200.0,4200.0
5506.96,4200.0,4200.0
5507.05,4200.0,4200.0
5507.05,4200.0,4200.0
5507.16,4200.0,4200.0
5507.16,4200.0,4200.0
5507.26,4200.0,4200.0
5507.26,4200.0,4200.0
5507.359,4200.0,4200.0
5507.359,4200.0,4200.0
5507.46,4200.0,4200.0
5507.46,4200.0,4200.0
5507.55,4200.0,4200.0
5507.55,4200.0,4200.0
5507.66,4200.0,4200.0
5507.66,4200.0,4200.0
5507.75,4200.0,4200.0
5507.76,4200.0,4200.0
5507.86,4200.0,4200.0
5507.86,4200.0,4200.0
5507.96,4200.0,4200.0
5507.96,4200.0,4200.0
5508.05,4200.0,4200.0
5508.05,4200.0,4200.0
5508.16,4200.0,4200.0
5508.16,4200.0,4200.0
5508.26,4200.0,4200.0
5508.26,4200.0,4200.0
5508.36,4200.0,4200.0
5508.36,4200.0,4200.0
5508.45,4200.0,4200.0
5508.46,4200.0,4200.0
5508.55,4200.0,4200.0
5508.56,4200.0,4200.0
5508.66,4200.0,4200.0
5508.66,4200.0,4200.0
5508.76,4200.0,4200.0
5508.76,4200.0,4200.0
5508.86,4200.0,4200.0
5508.86,4200.0,4200.0
5508.96,4200.0,4200.0
5508.96,4200.0,4200.0
5509.06,4200.0,4200.0
5509.06,4200.0,4200.0
5509.15,4200.0,4200.0
5509.15,4200.0,4200.0
5509.26,4200.0,4200.0
5509.26,4200.0,4200.0
5509.36,4200.0,4200.0
5509.36,4200.0,4200.0
5509.46,4200.0,4200.0
5509.46,4200.0,4200.0
5509.56,4200.0,4200.0
5509.56,4200.0,4200.0
5509.65,4200.0,4200.0
5509.66,4200.0,4200.0
5509.76,4200.0,4200.0
5509.76,4200.0,4200.0
5509.86,4200.0,4200.0
5509.86,4200.0,4200.0
5509.96,4200.0,4200.0
5509.96,4200.0,4200.0
5510.06,4200.0,4200.0
5510.06,4200.0,4200.0
5510.15,4200.0,4200.0
5510.15,4200.0,4200.0
5510.26,4200.0,4200.0
5510.26,4200.0,4200.0
5510.36,4200.0,4200.0
5510.36,4200.0,4200.0
5510.46,4200.0,4200.0
5510.46,4200.0,4200.0
5510.559,4200.0,4200.0
5510.559,4200.0,4200.0
5510.65,4200.0,4200.0
5510.66,4200.0,4200.0
5510.75,4200.0,4200.0
5510.76,4200.0,4200.0
5510.86,4200.0,4200.0
5510.86,4200.0,4200.0
5510.96,4200.0,4200.0
5510.96,4200.0,4200.0
5511.06,4200.0,4200.0
5511.06,4200.0,4200.0
5511.16,4200.0,4200.0
5511.16,4200.0,4200.0
5511.25,4200.0,4200.0
5511.25,4200.0,4200.0
5511.36,4200.0,4200.0
5511.36,4200.0,4200.0
5511.46,4200.0,4200.0
5511.46,4200.0,4200.0
5511.56,4200.0,4200.0
5511.56,4200.0,4200.0
5511.66,4200.0,4200.0
5511.66,4200.0,4200.0
5511.75,4200.0,4200.0
5511.75,4200.0,4200.0
5511.86,4200.0,4200.0
5511.86,4200.0,4200.0
5511.96,4200.0,4200.0
5511.97,4200.0,4200.0
5512.05,4200.0,4200.0
5512.06,4200.0,4200.0
5512.16,4200.0,4200.0
5512.16,4200.0,4200.0
5512.25,4200.0,4200.0
5512.26,4200.0,4200.0
5512.36,4200.0,4200.0
5512.36,4200.0,4200.0
5512.46,4200.0,4200.0
5512.46,4200.0,4200.0
5512.56,4200.0,4200.0
5512.56,4200.0,4200.0
5512.66,4200.0,4200.0
5512.66,4200.0,4200.0
5512.75,4200.0,4200.0
5512.76,4200.0,4200.0
5512.85,4200.0,4200.0
5512.85,4200.0,4200.0
5512.96,4200.0,4200.0
5512.96,4200.0,4200.0
5513.06,4200.0,4200.0
5513.06,4200.0,4200.0
5513.16,4200.0,4200.0
5513.16,4200.0,4200.0
5513.26,4200.0,4200.0
5513.26,4200.0,4200.0
5513.35,4200.0,4200.0
5513.36,4200.0,4200.0
5513.45,4200.0,4200.0
5513.46,4200.0,4200.0
5513.56,4200.0,4200.0
5513.57,4200.0,4200.0
5513.66,4200.0,4200.0
5513.66,4200.0,4200.0
5513.759,4200.0,4200.0
5513.759,4200.0,4200.0
5513.85,4200.0,4200.0
5513.85,4200.0,4200.0
5513.96,4200.0,4200.0
5513.96,4200.0,4200.0
5514.06,4200.0,4200.0
5514.07,4200.0,4200.0
5514.15,4200.0,4200.0
5514.16,4200.0,4200.0
5514.26,4200.0,4200.0
5514.26,4200.0,4200.0
5514.36,4200.0,4200.0
5514.36,4200.0,4200.0
5514.45,4200.0,4200.0
5514.45,4200.0,4200.0
5514.56,4200.0,4200.0
5514.56,4200.0,4200.0
5514.66,4200.0,4200.0
5514.66,4200.0,4200.0
5514.76,4200.0,4200.0
5514.76,4200.0,4200.0
5514.86,4200.0,4200.0
5514.86,4200.0,4200.0
5514.95,4200.0,4200.0
5514.95,4200.0,4200.0
5515.06,4200.0,4200.0
5515.06,4200.0,4200.0
5515.16,4200.0,4200.0
5515.16,4200.0,4200.0
5515.26,4200.0,4200.0
5515.26,4200.0,4200.0
5515.36,4200.0,4200.0
5515.36,4200.0,4200.0
5515.45,4200.0,4200.0
5515.45,4200.0,4200.0
5515.56,4200.0,4200.0
5515.56,4200.0,4200.0
5515.66,4200.0,4200.0
5515.66,4200.0,4200.0
5515.76,4200.0,4200.0
5515.76,4200.0,4200.0
5515.86,4200.0,4200.0
5515.86,4200.0,4200.0
5515.96,4200.0,4200.0
5515.96,4200.0,4200.0
5516.05,4200.0,4200.0
5516.06,4200.0,4200.0
5516.16,4200.0,4200.0
5516.17,4200.0,4200.0
5516.26,4200.0,4200.0
5516.26,4200.0,4200.0
5516.36,4200.0,4200.0
5516.36,4200.0,4200.0
5516.46,4200.0,4200.0
5516.46,4200.0,4200.0
5516.55,4200.0,4200.0
5516.55,4200.0,4200.0
5516.66,4200.0,4200.0
5516.66,4200.0,4200.0
5516.76,4200.0,4200.0
5516.76,4200.0,4200.0
5516.86,4200.0,4200.0
5516.86,4200.0,4200.0
5516.959,4200.0,4200.0
5516.959,4200.0,4200.0
5517.05,4200.0,4200.0
5517.05,4200.0,4200.0
5517.16,4200.0,4200.0
5517.16,4200.0,4200.0
5517.26,4200.0,4200.0
5517.26,4200.0,4200.0
5517.36,4200.0,4200.0
5517.36,4200.0,4200.0
5517.46,4200.0,4200.0
5517.46,4200.0,4200.0
5517.55,4200.0,4200.0
5517.56,4200.0,4200.0
5517.66,4200.0,4200.0
5517.66,4200.0,4200.0
5517.76,4200.0,4200.0
5517.76,4200.0,4200.0
5517.86,4200.0,4200.0
5517.86,4200.0,4200.0
5517.96,4200.0,4200.0
5517.96,4200.0,4200.0
5518.06,4200.0,4200.0
5518.06,4200.0,4200.0
5518.15,4200.0,4200.0
5518.15,4200.0,4200.0
5518.26,4200.0,4200.0
5518.26,4200.0,4200.0
5518.36,4200.0,4200.0
5518.36,4200.0,4200.0
5518.45,4200.0,4200.0
5518.46,4200.0,4200.0
5518.56,4200.0,4200.0
5518.56,4200.0,4200.0
5518.65,4200.0,4200.0
5518.66,4200.0,4200.0
5518.76,4200.0,4200.0
5518.76,4200.0,4200.0
5518.86,4200.0,4200.0
5518.86,4200.0,4200.0
5518.96,4200.0,4200.0
5518.96,4200.0,4200.0
5519.06,4200.0,4200.0
5519.06,4200.0,4200.0
5519.15,4200.0,4200.0
5519.15,4200.0,4200.0
5519.26,4200.0,4200.0
5519.26,4200.0,4200.0
5519.36,4200.0,4200.0
5519.36,4200.0,4200.0
5519.46,4200.0,4200.0
5519.46,4200.0,4200.0
5519.56,4200.0,4200.0
5519.56,4200.0,4200.0
5519.66,4200.0,4200.0
5519.66,4200.0,4200.0
5519.75,4200.0,4200.0
5519.76,4200.0,4200.0
5519.85,4200.0,4200.0
5519.86,4200.0,4200.0
5519.96,4200.0,4200.0
5519.96,4200.0,4200.0
5520.06,4200.0,4200.0
5520.06,4200.0,4200.0
5520.159,4200.0,4200.0
5520.159,4200.0,4200.0
5520.25,4200.0,4200.0
5520.25,4200.0,4200.0
5520.36,4200.0,4200.0
5520.36,4200.0,4200.0
5520.46,4200.0,4200.0
5520.46,4200.0,4200.0
5520.55,4200.0,4200.0
5520.56,4200.0,4200.0
5520.66,4200.0,4200.0
5520.66,4200.0,4200.0
5520.75,4200.0,4200.0
5520.75,4200.0,4200.0
5520.86,4200.0,4200.0
5520.86,4200.0,4200.0
5520.96,4200.0,4200.0
5520.96,4200.0,4200.0
5521.06,4200.0,4200.0
5521.06,4200.0,4200.0
5521.16,4200.0,4200.0
5521.16,4200.0,4200.0
5521.25,4200.0,4200.0
5521.26,4200.0,4200.0
5521.36,4200.0,4200.0
5521.36,4200.0,4200.0
5521.46,4200.0,4200.0
5521.46,4200.0,4200.0
5521.56,4200.0,4200.0
5521.56,4200.0,4200.0
5521.66,4200.0,4200.0
5521.66,4200.0,4200.0
5521.76,4200.0,4200.0
5521.76,4200.0,4200.0
5521.85,4200.0,4200.0
5521.85,4200.0,4200.0
5521.95,4200.0,4200.0
5521.96,4200.0,4200.0
5522.06,4200.0,4200.0
5522.06,4200.0,4200.0
5522.16,4200.0,4200.0
5522.16,4200.0,4200.0
5522.26,4200.0,4200.0
5522.26,4200.0,4200.0
5522.35,4200.0,4200.0
5522.35,4200.0,4200.0
5522.46,4200.0,4200.0
5522.46,4200.0,4200.0
5522.56,4200.0,4200.0
5522.56,4200.0,4200.0
5522.65,4200.0,4200.0
5522.66,4200.0,4200.0
5522.76,4200.0,4200.0
5522.76,4200.0,4200.0
5522.85,4200.0,4200.0
5522.86,4200.0,4200.0
5522.96,4200.0,4200.0
5522.96,4200.0,4200.0
5523.06,4200.0,4200.0
5523.06,4200.0,4200.0
5523.16,4200.0,4200.0
5523.16,4200.0,4200.0
5523.26,4200.0,4200.0
5523.26,4200.0,4200.0
5523.35,4200.0,4200.0
5523.359,4200.0,4200.0
5523.45,4200.0,4200.0
5523.45,4200.0,4200.0
5523.56,4200.0,4200.0
5523.56,4200.0,4200.0
5523.66,4200.0,4200.0
5523.66,4200.0,4200.0
5523.76,4200.0,4200.0
5523.76,4200.0,4200.0
5523.86,4200.0,4200.0
5523.86,4200.0,4200.0
5523.95,4200.0,4200.0
5523.95,4200.0,4200.0
5524.05,4200.0,4200.0
5524.06,4200.0,4200.0
5524.16,4200.0,4200.0
5524.16,4200.0,4200.0
5524.26,4200.0,4200.0
5524.26,4200.0,4200.0
5524.36,4200.0,4200.0
5524.36,4200.0,4200.0
5524.45,4200.0,4200.0
5524.45,4200.0,4200.0
5524.56,4200.0,4200.0
5524.56,4200.0,4200.0
5524.66,4200.0,4200.0
5524.66,4200.0,4200.0
5524.76,4200.0,4200.0
5524.76,4200.0,4200.0
5524.86,4200.0,4200.0
5524.86,4200.0,4200.0
5524.96,4200.0,4200.0
5524.96,4200.0,4200.0
5525.05,4200.0,4200.0
5525.06,4200.0,4200.0
5525.16,4200.0,4200.0
5525.16,4200.0,4200.0
5525.26,4200.0,4200.0
5525.26,4200.0,4200.0
5525.36,4200.0,4200.0
5525.36,4200.0,4200.0
5525.46,4200.0,4200.0
5525.46,4200.0,4200.0
5525.55,4200.0,4200.0
5525.55,4200.0,4200.0
5525.66,4200.0,4200.0
5525.66,4200.0,4200.0
5525.76,4200.0,4200.0
5525.76,4200.0,4200.0
5525.86,4200.0,4200.0
5525.86,4200.0,4200.0
5525.96,4200.0,4200.0
5525.96,4200.0,4200.0
5526.05,4200.0,4200.0
5526.05,4200.0,4200.0
5526.16,4200.0,4200.0
5526.16,4200.0,4200.0
5526.26,4200.0,4200.0
5526.26,4200.0,4200.0
5526.36,4200.0,4200.0
5526.36,4200.0,4200.0
5526.46,4200.0,4200.0
5526.46,4200.0,4200.0
5526.559,4200.0,4200.0
5526.559,4200.0,4200.0
5526.66,4200.0,4200.0
5526.66,4200.0,4200.0
5526.76,4200.0,4200.0
5526.76,4200.0,4200.0
5526.85,4200.0,4200.0
5526.86,4200.0,4200.0
5526.96,4200.0,4200.0
5526.96,4200.0,4200.0
5527.06,4200.0,4200.0
5527.07,4200.0,4200.0
5527.15,4200.0,4200.0
5527.15,4200.0,4200.0
5527.26,4200.0,4200.0
5527.26,4200.0,4200.0
5527.36,4200.0,4200.0
5527.36,4200.0,4200.0
5527.46,4200.0,4200.0
5527.46,4200.0,4200.0
5527.56,4200.0,4200.0
5527.56,4200.0,4200.0
5527.65,4200.0,4200.0
5527.66,4200.0,4200.0
5527.76,4200.0,4200.0
5527.76,4200.0,4200.0
5527.86,4200.0,4200.0
5527.87,4200.0,4200.0
5527.96,4200.0,4200.0
5527.96,4200.0,4200.0
5528.06,4200.0,4200.0
5528.06,4200.0,4200.0
5528.15,4200.0,4200.0
5528.16,4200.0,4200.0
5528.26,4200.0,4200.0
5528.26,4200.0,4200.0
5528.36,4200.0,4200.0
5528.36,4200.0,4200.0
5528.46,4200.0,4200.0
5528.46,4200.0,4200.0
5528.56,4200.0,4200.0
5528.56,4200.0,4200.0
5528.66,4200.0,4200.0
5528.66,4200.0,4200.0
5528.75,4200.0,4200.0
5528.76,4200.0,4200.0
5528.86,4200.0,4200.0
5528.86,4200.0,4200.0
5528.95,4200.0,4200.0
5528.96,4200.0,4200.0
5529.06,4200.0,4200.0
5529.06,4200.0,4200.0
5529.16,4200.0,4200.0
5529.16,4200.0,4200.0
5529.36,4200.0,4200.0
5529.36,4200.0,4200.0
5529.46,4200.0,4200.0
5529.46,4200.0,4200.0
5529.56,4200.0,4200.0
5529.56,4200.0,4200.0
5529.65,4200.0,4200.0
5529.66,4200.0,4200.0
5529.75,4200.0,4200.0
5529.75,4200.0,4200.0
5529.86,4200.0,4200.0
5529.86,4200.0,4200.0
5529.96,4200.0,4200.0
5529.96,4200.0,4200.0
5530.06,4200.0,4200.0
5530.06,4200.0,4200.0
5530.16,4200.0,4200.0
5530.16,4200.0,4200.0
5530.26,4200.0,4200.0
5530.26,4200.0,4200.0
5530.35,4200.0,4200.0
5530.36,4200.0,4200.0
5530.46,4200.0,4200.0
5530.46,4200.0,4200.0
5530.56,4200.0,4200.0
5530.56,4200.0,4200.0
5530.66,4200.0,4200.0
5530.66,4200.0,4200.0
5530.76,4200.0,4200.0
5530.76,4200.0,4200.0
5530.85,4200.0,4200.0
5530.96,4200.0,4200.0
5530.96,4200.0,4200.0
5531.05,4200.0,4200.0
5531.06,4200.0,4200.0
5531.16,4200.0,4200.0
5531.16,4200.0,4200.0
5531.26,4200.0,4200.0
5531.26,4200.0,4200.0
5531.35,4200.0,4200.0
5531.35,4200.0,4200.0
5531.46,4200.0,4200.0
5531.46,4200.0,4200.0
5531.56,4200.0,4200.0
5531.56,4200.0,4200.0
5531.66,4200.0,4200.0
5531.66,4200.0,4200.0
5531.75,4200.0,4200.0
5531.76,4200.0,4200.0
5531.86,4200.0,4200.0
5531.86,4200.0,4200.0
5531.96,4200.0,4200.0
5531.96,4200.0,4200.0
5532.06,4200.0,4200.0
5532.06,4200.0,4200.0
5532.16,4200.0,4200.0
5532.16,4200.0,4200.0
5532.26,4200.0,4200.0
5532.26,4200.0,4200.0
5532.36,4200.0,4200.0
5532.36,4200.0,4200.0
5532.45,4200.0,4200.0
5532.56,4200.0,4200.0
5532.56,4200.0,4200.0
5532.66,4200.0,4200.0
5532.66,4200.0,4200.0
5532.76,4200.0,4200.0
5532.76,4200.0,4200.0
5532.86,4200.0,4200.0
5532.86,4200.0,4200.0
5532.95,4200.0,4200.0
5532.95,4200.0,4200.0
5533.06,4200.0,4200.0
5533.06,4200.0,4200.0
5533.15,4200.0,4200.0
5533.16,4200.0,4200.0
5533.26,4200.0,4200.0
5533.26,4200.0,4200.0
5533.36,4200.0,4200.0
5533.36,4200.0,4200.0
5533.45,4200.0,4200.0
5533.46,4200.0,4200.0
5533.56,4200.0,4200.0
5533.56,4200.0,4200.0
5533.66,4200.0,4200.0
5533.66,4200.0,4200.0
5533.76,4200.0,4200.0
5533.76,4200.0,4200.0
5533.85,4200.0,4200.0
5533.86,4200.0,4200.0
5533.96,4200.0,4200.0
5533.96,4200.0,4200.0
5534.05,4200.0,4200.0
5534.06,4200.0,4200.0
5534.16,4200.0,4200.0
5534.16,4200.0,4200.0
5534.26,4200.0,4200.0
5534.26,4200.0,4200.0
5534.36,4200.0,4200.0
5534.36,4200.0,4200.0
5534.46,4200.0,4200.0
5534.46,4200.0,4200.0
5534.55,4200.0,4200.0
5534.55,4200.0,4200.0
5534.66,4200.0,4200.0
5534.66,4200.0,4200.0
5534.76,4200.0,4200.0
5534.76,4200.0,4200.0
5534.86,4200.0,4200.0
5534.86,4200.0,4200.0
5534.96,4200.0,4200.0
5534.96,4200.0,4200.0
5535.05,4200.0,4200.0
5535.05,4200.0,4200.0
5535.16,4200.0,4200.0
5535.16,4200.0,4200.0
5535.26,4200.0,4200.0
5535.26,4200.0,4200.0
5535.36,4200.0,4200.0
5535.36,4200.0,4200.0
5535.46,4200.0,4200.0
5535.46,4200.0,4200.0
5535.56,4200.0,4200.0
5535.56,4200.0,4200.0
5535.66,4200.0,4200.0
5535.66,4200.0,4200.0
5535.76,4200.0,4200.0
5535.76,4200.0,4200.0
5535.86,4200.0,4200.0
5535.86,4200.0,4200.0
5535.96,4200.0,4200.0
5535.96,4200.0,4200.0
5536.06,4200.0,4200.0
5536.06,4200.0,4200.0
5536.15,4200.0,4200.0
5536.15,4200.0,4200.0
5536.26,4200.0,4200.0
5536.26,4200.0,4200.0
5536.36,4200.0,4200.0
5536.36,4200.0,4200.0
5536.46,4200.0,4200.0
5536.46,4200.0,4200.0
5536.56,4200.0,4200.0
5536.56,4200.0,4200.0
5536.65,4200.0,4200.0
5536.66,4200.0,4200.0
5536.76,4200.0,4200.0
5536.76,4200.0,4200.0
5536.86,4200.0,4200.0
5536.87,4200.0,4200.0
5536.96,4200.0,4200.0
5536.96,4200.0,4200.0
5537.06,4200.0,4200.0
5537.06,4200.0,4200.0
5537.16,4200.0,4200.0
5537.16,4200.0,4200.0
5537.26,4200.0,4200.0
5537.26,4200.0,4200.0
5537.36,4200.0,4200.0
5537.36,4200.0,4200.0
5537.46,4200.0,4200.0
5537.46,4200.0,4200.0
5537.56,4200.0,4200.0
5537.56,4200.0,4200.0
5537.66,4200.0,4200.0
5537.66,4200.0,4200.0
5537.75,4200.0,4200.0
5537.75,4200.0,4200.0
5537.86,4200.0,4200.0
5537.87,4200.0,4200.0
5537.96,4200.0,4200.0
5537.96,4200.0,4200.0
5538.06,4200.0,4200.0
5538.06,4200.0,4200.0
5538.16,4200.0,4200.0
5538.16,4200.0,4200.0
5538.25,4200.0,4200.0
5538.25,4200.0,4200.0
5538.36,4200.0,4200.0
5538.36,4200.0,4200.0
5538.46,4200.0,4200.0
5538.46,4200.0,4200.0
5538.56,4200.0,4200.0
5538.56,4200.0,4200.0
5538.66,4200.0,4200.0
5538.66,4200.0,4200.0
5538.75,4200.0,4200.0
5538.76,4200.0,4200.0
5538.86,4200.0,4200.0
5538.86,4200.0,4200.0
5538.96,4200.0,4200.0
5538.96,4200.0,4200.0
5539.06,4200.0,4200.0
5539.06,4200.0,4200.0
5539.16,4200.0,4200.0
5539.16,4200.0,4200.0
5539.26,4200.0,4200.0
5539.26,4200.0,4200.0
5539.35,4200.0,4200.0
5539.359,4200.0,4200.0
5539.46,4200.0,4200.0
5539.46,4200.0,4200.0
5539.56,4200.0,4200.0
5539.56,4200.0,4200.0
5539.66,4200.0,4200.0
5539.66,4200.0,4200.0
5539.76,4200.0,4200.0
5539.76,4200.0,4200.0
5539.85,4200.0,4200.0
5539.85,4200.0,4200.0
5539.96,4200.0,4200.0
5539.97,4200.0,4200.0
5540.05,4200.0,4200.0
5540.06,4200.0,4200.0
5540.16,4200.0,4200.0
5540.16,4200.0,4200.0
5540.26,4200.0,4200.0
5540.26,4200.0,4200.0
5540.35,4200.0,4200.0
5540.36,4200.0,4200.0
5540.46,4200.0,4200.0
5540.46,4200.0,4200.0
5540.56,4200.0,4200.0
5540.56,4200.0,4200.0
5540.66,4200.0,4200.0
5540.66,4200.0,4200.0
5540.75,4200.0,4200.0
5540.76,4200.0,4200.0
5540.86,4200.0,4200.0
5540.86,4200.0,4200.0
5540.96,4200.0,4200.0
5540.96,4200.0,4200.0
5541.06,4200.0,4200.0
5541.06,4200.0,4200.0
5541.16,4200.0,4200.0
5541.16,4200.0,4200.0
5541.26,4200.0,4200.0
5541.26,4200.0,4200.0
5541.36,4200.0,4200.0
5541.36,4200.0,4200.0
5541.45,4200.0,4200.0
5541.45,4200.0,4200.0
5541.56,4200.0,4200.0
5541.56,4200.0,4200.0
5541.66,4200.0,4200.0
5541.66,4200.0,4200.0
5541.76,4200.0,4200.0
5541.76,4200.0,4200.0
5541.86,4200.0,4200.0
5541.86,4200.0,4200.0
5541.95,4200.0,4200.0
5541.96,4200.0,4200.0
5542.06,4200.0,4200.0
5542.07,4200.0,4200.0
5542.15,4200.0,4200.0
5542.16,4200.0,4200.0
5542.26,4200.0,4200.0
5542.26,4200.0,4200.0
5542.36,4200.0,4200.0
5542.36,4200.0,4200.0
5542.46,4200.0,4200.0
5542.46,4200.0,4200.0
5542.559,4200.0,4200.0
5542.559,4200.0,4200.0
5542.66,4200.0,4200.0
5542.66,4200.0,4200.0
5542.76,4200.0,4200.0
5542.76,4200.0,4200.0
5542.86,4200.0,4200.0
5542.86,4200.0,4200.0
5542.96,4200.0,4200.0
5542.96,4200.0,4200.0
5543.05,4200.0,4200.0
5543.05,4200.0,4200.0
5543.16,4200.0,4200.0
5543.16,4200.0,4200.0
5543.26,4200.0,4200.0
5543.26,4200.0,4200.0
5543.36,4200.0,4200.0
5543.36,4200.0,4200.0
5543.46,4200.0,4200.0
5543.46,4200.0,4200.0
5543.55,4200.0,4200.0
5543.55,4200.0,4200.0
5543.66,4200.0,4200.0
5543.66,4200.0,4200.0
5543.76,4200.0,4200.0
5543.76,4200.0,4200.0
5543.86,4200.0,4200.0
5543.86,4200.0,4200.0
5543.96,4200.0,4200.0
5543.96,4200.0,4200.0
5544.06,4200.0,4200.0
5544.06,4200.0,4200.0
5544.16,4200.0,4200.0
5544.17,4200.0,4200.0
5544.26,4200.0,4200.0
5544.26,4200.0,4200.0
5544.36,4200.0,4200.0
5544.36,4200.0,4200.0
5544.46,4200.0,4200.0
5544.46,4200.0,4200.0
5544.56,4200.0,4200.0
5544.56,4200.0,4200.0
5544.65,4200.0,4200.0
5544.66,4200.0,4200.0
5544.76,4200.0,4200.0
5544.76,4200.0,4200.0
5544.86,4200.0,4200.0
5544.86,4200.0,4200.0
5544.96,4200.0,4200.0
5544.96,4200.0,4200.0
5545.06,4200.0,4200.0
5545.07,4200.0,4200.0
5545.15,4200.0,4200.0
5545.15,4200.0,4200.0
5545.26,4200.0,4200.0
5545.26,4200.0,4200.0
5545.36,4200.0,4200.0
5545.36,4200.0,4200.0
5545.46,4200.0,4200.0
5545.46,4200.0,4200.0
5545.56,4200.0,4200.0
5545.56,4200.0,4200.0
5545.65,4200.0,4200.0
5545.66,4200.0,4200.0
5545.759,4200.0,4200.0
5545.759,4200.0,4200.0
5545.86,4200.0,4200.0
5545.86,4200.0,4200.0
5545.96,4200.0,4200.0
5545.96,4200.0,4200.0
5546.06,4200.0,4200.0
5546.06,4200.0,4200.0
5546.16,4200.0,4200.0
5546.16,4200.0,4200.0
5546.25,4200.0,4200.0
5546.26,4200.0,4200.0
5546.36,4200.0,4200.0
5546.36,4200.0,4200.0
5546.46,4200.0,4200.0
5546.46,4200.0,4200.0
5546.56,4200.0,4200.0
5546.56,4200.0,4200.0
5546.66,4200.0,4200.0
5546.66,4200.0,4200.0
5546.75,4200.0,4200.0
5546.75,4200.0,4200.0
5546.86,4200.0,4200.0
5546.86,4200.0,4200.0
5546.95,4200.0,4200.0
5546.96,4200.0,4200.0
5547.06,4200.0,4200.0
5547.06,4200.0,4200.0
5547.16,4200.0,4200.0
5547.16,4200.0,4200.0
5547.25,4200.0,4200.0
5547.25,4200.0,4200.0
5547.36,4200.0,4200.0
5547.36,4200.0,4200.0
5547.46,4200.0,4200.0
5547.46,4200.0,4200.0
5547.56,4200.0,4200.0
5547.56,4200.0,4200.0
5547.65,4200.0,4200.0
5547.66,4200.0,4200.0
5547.76,4200.0,4200.0
5547.76,4200.0,4200.0
5547.86,4200.0,4200.0
5547.86,4200.0,4200.0
5547.96,4200.0,4200.0
5547.96,4200.0,4200.0
5548.06,4200.0,4200.0
5548.06,4200.0,4200.0
5548.16,4200.0,4200.0
5548.16,4200.0,4200.0
5548.26,4200.0,4200.0
5548.26,4200.0,4200.0
5548.35,4200.0,4200.0
5548.35,4200.0,4200.0
5548.46,4200.0,4200.0
5548.46,4200.0,4200.0
5548.56,4200.0,4200.0
5548.56,4200.0,4200.0
5548.66,4200.0,4200.0
5548.66,4200.0,4200.0
5548.76,4200.0,4200.0
5548.76,4200.0,4200.0
5548.85,4200.0,4200.0
5548.85,4200.0,4200.0
5548.959,4200.0,4200.0
5548.959,4200.0,4200.0
5549.06,4200.0,4200.0
5549.07,4200.0,4200.0
5549.16,4200.0,4200.0
5549.16,4200.0,4200.0
5549.26,4200.0,4200.0
5549.26,4200.0,4200.0
5549.36,4200.0,4200.0
5549.36,4200.0,4200.0
5549.46,4200.0,4200.0
5549.46,4200.0,4200.0
5549.56,4200.0,4200.0
5549.56,4200.0,4200.0
5549.66,4200.0,4200.0
5549.66,4200.0,4200.0
5549.76,4200.0,4200.0
5549.76,4200.0,4200.0
5549.86,4200.0,4200.0
5549.86,4200.0,4200.0
5549.95,4200.0,4200.0
5549.96,4200.0,4200.0
5550.06,4200.0,4200.0
5550.06,4200.0,4200.0
5550.16,4200.0,4200.0
5550.16,4200.0,4200.0
5550.26,4200.0,4200.0
5550.26,4200.0,4200.0
5550.36,4200.0,4200.0
5550.36,4200.0,4200.0
5550.45,4200.0,4200.0
5550.45,4200.0,4200.0
5550.56,4200.0,4200.0
5550.56,4200.0,4200.0
5550.66,4200.0,4200.0
5550.66,4200.0,4200.0
5550.76,4200.0,4200.0
5550.76,4200.0,4200.0
5550.86,4200.0,4200.0
5550.86,4200.0,4200.0
5550.95,4200.0,4200.0
5550.96,4200.0,4200.0
5551.05,4200.0,4200.0
5551.06,4200.0,4200.0
5551.16,4200.0,4200.0
5551.17,4200.0,4200.0
5551.26,4200.0,4200.0
5551.26,4200.0,4200.0
5551.36,4200.0,4200.0
5551.36,4200.0,4200.0
5551.46,4200.0,4200.0
5551.46,4200.0,4200.0
5551.55,4200.0,4200.0
5551.56,4200.0,4200.0
5551.66,4200.0,4200.0
5551.66,4200.0,4200.0
5551.75,4200.0,4200.0
5551.76,4200.0,4200.0
5551.86,4200.0,4200.0
5551.86,4200.0,4200.0
5551.96,4200.0,4200.0
5551.96,4200.0,4200.0
5552.05,4200.0,4200.0
5552.05,4200.0,4200.0
5552.159,4200.0,4200.0
5552.159,4200.0,4200.0
5552.26,4200.0,4200.0
5552.26,4200.0,4200.0
5552.36,4200.0,4200.0
5552.36,4200.0,4200.0
5552.45,4200.0,4200.0
5552.46,4200.0,4200.0
5552.55,4200.0,4200.0
5552.56,4200.0,4200.0
5552.66,4200.0,4200.0
5552.66,4200.0,4200.0
5552.76,4200.0,4200.0
5552.76,4200.0,4200.0
5552.86,4200.0,4200.0
5552.86,4200.0,4200.0
5552.96,4200.0,4200.0
5552.96,4200.0,4200.0
5553.06,4200.0,4200.0
5553.06,4200.0,4200.0
5553.16,4200.0,4200.0
5553.16,4200.0,4200.0
5553.26,4200.0,4200.0
5553.27,4200.0,4200.0
5553.36,4200.0,4200.0
5553.36,4200.0,4200.0
5553.46,4200.0,4200.0
5553.46,4200.0,4200.0
5553.56,4200.0,4200.0
5553.56,4200.0,4200.0
5553.65,4200.0,4200.0
5553.65,4200.0,4200.0
5553.76,4200.0,4200.0
5553.76,4200.0,4200.0
5553.86,4200.0,4200.0
5553.87,4200.0,4200.0
5553.96,4200.0,4200.0
5553.96,4200.0,4200.0
5554.06,4200.0,4200.0
5554.07,4200.0,4200.0
5554.15,4200.0,4200.0
5554.15,4200.0,4200.0
5554.26,4200.0,4200.0
5554.26,4200.0,4200.0
5554.36,4200.0,4200.0
5554.36,4200.0,4200.0
5554.46,4200.0,4200.0
5554.46,4200.0,4200.0
5554.56,4200.0,4200.0
5554.56,4200.0,4200.0
5554.66,4200.0,4200.0
5554.66,4200.0,4200.0
5554.76,4200.0,4200.0
5554.76,4200.0,4200.0
5554.86,4200.0,4200.0
5554.86,4200.0,4200.0
5554.96,4200.0,4200.0
5554.96,4200.0,4200.0
5555.06,4200.0,4200.0
5555.06,4200.0,4200.0
5555.16,4200.0,4200.0
5555.16,4200.0,4200.0
5555.25,4200.0,4200.0
5555.25,4200.0,4200.0
5555.359,4200.0,4200.0
5555.37,4200.0,4200.0
5555.46,4200.0,4200.0
5555.46,4200.0,4200.0
5555.56,4200.0,4200.0
5555.56,4200.0,4200.0
5555.66,4200.0,4200.0
5555.66,4200.0,4200.0
5555.75,4200.0,4200.0
5555.75,4200.0,4200.0
5555.85,4200.0,4200.0
5555.86,4200.0,4200.0
5555.96,4200.0,4200.0
5555.96,4200.0,4200.0
5556.06,4200.0,4200.0
5556.06,4200.0,4200.0
5556.16,4200.0,4200.0
5556.16,4200.0,4200.0
5556.26,4200.0,4200.0
5556.26,4200.0,4200.0
5556.36,4200.0,4200.0
5556.36,4200.0,4200.0
5556.46,4200.0,4200.0
5556.46,4200.0,4200.0
5556.55,4200.0,4200.0
5556.56,4200.0,4200.0
5556.66,4200.0,4200.0
5556.66,4200.0,4200.0
5556.76,4200.0,4200.0
5556.76,4200.0,4200.0
5556.85,4200.0,4200.0
5556.86,4200.0,4200.0
5556.96,4200.0,4200.0
5556.96,4200.0,4200.0
5557.06,4200.0,4200.0
5557.06,4200.0,4200.0
5557.16,4200.0,4200.0
5557.16,4200.0,4200.0
5557.26,4200.0,4200.0
5557.26,4200.0,4200.0
5557.35,4200.0,4200.0
5557.35,4200.0,4200.0
5557.46,4200.0,4200.0
5557.47,4200.0,4200.0
5557.56,4200.0,4200.0
5557.56,4200.0,4200.0
5557.66,4200.0,4200.0
5557.66,4200.0,4200.0
5557.76,4200.0,4200.0
5557.76,4200.0,4200.0
5557.85,4200.0,4200.0
5557.86,4200.0,4200.0
5557.96,4200.0,4200.0
5557.96,4200.0,4200.0
5558.06,4200.0,4200.0
5558.06,4200.0,4200.0
5558.16,4200.0,4200.0
5558.16,4200.0,4200.0
5558.26,4200.0,4200.0
5558.26,4200.0,4200.0
5558.36,4200.0,4200.0
5558.36,4200.0,4200.0
5558.46,4200.0,4200.0
5558.46,4200.0,4200.0
5558.559,4200.0,4200.0
5558.559,4200.0,4200.0
5558.66,4200.0,4200.0
5558.66,4200.0,4200.0
5558.76,4200.0,4200.0
5558.76,4200.0,4200.0
5558.86,4200.0,4200.0
5558.86,4200.0,4200.0
5558.95,4200.0,4200.0
5558.95,4200.0,4200.0
5559.06,4200.0,4200.0
5559.06,4200.0,4200.0
5559.16,4200.0,4200.0
5559.16,4200.0,4200.0
5559.25,4200.0,4200.0
5559.26,4200.0,4200.0
5559.36,4200.0,4200.0
5559.37,4200.0,4200.0
5559.45,4200.0,4200.0
5559.46,4200.0,4200.0
5559.56,4200.0,4200.0
5559.57,4200.0,4200.0
5559.66,4200.0,4200.0
5559.66,4200.0,4200.0
5559.76,4200.0,4200.0
5559.76,4200.0,4200.0
5559.86,4200.0,4200.0
5559.86,4200.0,4200.0
5559.95,4200.0,4200.0
5559.96,4200.0,4200.0
5560.06,4200.0,4200.0
5560.06,4200.0,4200.0
5560.16,4200.0,4200.0
5560.17,4200.0,4200.0
5560.26,4200.0,4200.0
5560.26,4200.0,4200.0
5560.36,4200.0,4200.0
5560.36,4200.0,4200.0
5560.46,4200.0,4200.0
5560.46,4200.0,4200.0
5560.55,4200.0,4200.0
5560.55,4200.0,4200.0
5560.65,4200.0,4200.0
5560.66,4200.0,4200.0
5560.76,4200.0,4200.0
5560.76,4200.0,4200.0
5560.86,4200.0,4200.0
5560.86,4200.0,4200.0
5560.96,4200.0,4200.0
5560.96,4200.0,4200.0
5561.05,4200.0,4200.0
5561.05,4200.0,4200.0
5561.16,4200.0,4200.0
5561.16,4200.0,4200.0
5561.26,4200.0,4200.0
5561.26,4200.0,4200.0
5561.36,4200.0,4200.0
5561.36,4200.0,4200.0
5561.46,4200.0,4200.0
5561.46,4200.0,4200.0
5561.56,4200.0,4200.0
5561.56,4200.0,4200.0
5561.66,4200.0,4200.0
5561.66,4200.0,4200.0
5561.759,4200.0,4200.0
5561.759,4200.0,4200.0
5561.86,4200.0,4200.0
5561.86,4200.0,4200.0
5561.96,4200.0,4200.0
5561.96,4200.0,4200.0
5562.06,4200.0,4200.0
5562.06,4200.0,4200.0
5562.15,4200.0,4200.0
5562.16,4200.0,4200.0
5562.26,4200.0,4200.0
5562.26,4200.0,4200.0
5562.36,4200.0,4200.0
5562.36,4200.0,4200.0
5562.46,4200.0,4200.0
5562.46,4200.0,4200.0
5562.56,4200.0,4200.0
5562.56,4200.0,4200.0
5562.65,4200.0,4200.0
5562.65,4200.0,4200.0
5562.76,4200.0,4200.0
5562.76,4200.0,4200.0
5562.86,4200.0,4200.0
5562.87,4200.0,4200.0
5562.96,4200.0,4200.0
5562.96,4200.0,4200.0
5563.06,4200.0,4200.0
5563.06,4200.0,4200.0
5563.16,4200.0,4200.0
5563.16,4200.0,4200.0
5563.26,4200.0,4200.0
5563.26,4200.0,4200.0
5563.35,4200.0,4200.0
5563.36,4200.0,4200.0
5563.46,4200.0,4200.0
5563.46,4200.0,4200.0
5563.56,4200.0,4200.0
5563.56,4200.0,4200.0
5563.66,4200.0,4200.0
5563.66,4200.0,4200.0
5563.75,4200.0,4200.0
5563.76,4200.0,4200.0
5563.86,4200.0,4200.0
5563.86,4200.0,4200.0
5563.96,4200.0,4200.0
5563.96,4200.0,4200.0
5564.06,4200.0,4200.0
5564.06,4200.0,4200.0
5564.16,4200.0,4200.0
5564.16,4200.0,4200.0
5564.25,4200.0,4200.0
5564.25,4200.0,4200.0
5564.36,4200.0,4200.0
5564.36,4200.0,4200.0
5564.46,4200.0,4200.0
5564.46,4200.0,4200.0
5564.56,4200.0,4200.0
5564.56,4200.0,4200.0
5564.66,4200.0,4200.0
5564.66,4200.0,4200.0
5564.75,4200.0,4200.0
5564.76,4200.0,4200.0
5564.86,4200.0,4200.0
5564.86,4200.0,4200.0
5564.959,4200.0,4200.0
5564.959,4200.0,4200.0
5565.06,4200.0,4200.0
5565.06,4200.0,4200.0
5565.16,4200.0,4200.0
5565.16,4200.0,4200.0
5565.26,4200.0,4200.0
5565.26,4200.0,4200.0
5565.36,4200.0,4200.0
5565.36,4200.0,4200.0
5565.46,4200.0,4200.0
5565.46,4200.0,4200.0
5565.56,4200.0,4200.0
5565.56,4200.0,4200.0
5565.66,4200.0,4200.0
5565.66,4200.0,4200.0
5565.76,4200.0,4200.0
5565.76,4200.0,4200.0
5565.85,4200.0,4200.0
5565.85,4200.0,4200.0
5565.96,4200.0,4200.0
5565.96,4200.0,4200.0
5566.05,4200.0,4200.0
5566.06,4200.0,4200.0
5566.16,4200.0,4200.0
5566.16,4200.0,4200.0
5566.26,4200.0,4200.0
5566.26,4200.0,4200.0
5566.35,4200.0,4200.0
5566.36,4200.0,4200.0
5566.46,4200.0,4200.0
5566.46,4200.0,4200.0
5566.56,4200.0,4200.0
5566.56,4200.0,4200.0
5566.66,4200.0,4200.0
5566.66,4200.0,4200.0
5566.76,4200.0,4200.0
5566.76,4200.0,4200.0
5566.86,4200.0,4200.0
5566.86,4200.0,4200.0
5566.96,4200.0,4200.0
5566.96,4200.0,4200.0
5567.06,4200.0,4200.0
5567.06,4200.0,4200.0
5567.16,4200.0,4200.0
5567.16,4200.0,4200.0
5567.26,4200.0,4200.0
5567.26,4200.0,4200.0
5567.36,4200.0,4200.0
5567.36,4200.0,4200.0
5567.45,4200.0,4200.0
5567.45,4200.0,4200.0
5567.56,4200.0,4200.0
5567.56,4200.0,4200.0
5567.66,4200.0,4200.0
5567.66,4200.0,4200.0
5567.76,4200.0,4200.0
5567.76,4200.0,4200.0
5567.86,4200.0,4200.0
5567.86,4200.0,4200.0
5567.95,4200.0,4200.0
5567.95,4200.0,4200.0
5568.05,4200.0,4200.0
5568.06,4200.0,4200.0
5568.159,4200.0,4200.0
5568.17,4200.0,4200.0
5568.26,4200.0,4200.0
5568.26,4200.0,4200.0
5568.36,4200.0,4200.0
5568.37,4200.0,4200.0
5568.46,4200.0,4200.0
5568.46,4200.0,4200.0
5568.56,4200.0,4200.0
5568.56,4200.0,4200.0
5568.66,4200.0,4200.0
5568.67,4200.0,4200.0
5568.76,4200.0,4200.0
5568.76,4200.0,4200.0
5568.86,4200.0,4200.0
5568.86,4200.0,4200.0
5568.96,4200.0,4200.0
5568.96,4200.0,4200.0
5569.05,4200.0,4200.0
5569.06,4200.0,4200.0
5569.16,4200.0,4200.0
5569.16,4200.0,4200.0
5569.26,4200.0,4200.0
5569.26,4200.0,4200.0
5569.36,4200.0,4200.0
5569.36,4200.0,4200.0
5569.46,4200.0,4200.0
5569.46,4200.0,4200.0
5569.55,4200.0,4200.0
5569.55,4200.0,4200.0
5569.66,4200.0,4200.0
5569.66,4200.0,4200.0
5569.76,4200.0,4200.0
5569.76,4200.0,4200.0
5569.86,4200.0,4200.0
5569.86,4200.0,4200.0
5569.96,4200.0,4200.0
5569.96,4200.0,4200.0
5570.06,4200.0,4200.0
5570.06,4200.0,4200.0
5570.16,4200.0,4200.0
5570.16,4200.0,4200.0
5570.26,4200.0,4200.0
5570.26,4200.0,4200.0
5570.36,4200.0,4200.0
5570.36,4200.0,4200.0
5570.46,4200.0,4200.0
5570.46,4200.0,4200.0
5570.56,4200.0,4200.0
5570.56,4200.0,4200.0
5570.66,4200.0,4200.0
5570.66,4200.0,4200.0
5570.75,4200.0,4200.0
5570.76,4200.0,4200.0
5570.86,4200.0,4200.0
5570.86,4200.0,4200.0
5570.96,4200.0,4200.0
5570.96,4200.0,4200.0
5571.06,4200.0,4200.0
5571.06,4200.0,4200.0
5571.15,4200.0,4200.0
5571.15,4200.0,4200.0
5571.26,4200.0,4200.0
5571.26,4200.0,4200.0
5571.359,4200.0,4200.0
5571.359,4200.0,4200.0
5571.46,4200.0,4200.0
5571.46,4200.0,4200.0
5571.56,4200.0,4200.0
5571.56,4200.0,4200.0
5571.66,4200.0,4200.0
5571.66,4200.0,4200.0
5571.76,4200.0,4200.0
5571.76,4200.0,4200.0
5571.86,4200.0,4200.0
5571.86,4200.0,4200.0
5571.96,4200.0,4200.0
5571.96,4200.0,4200.0
5572.06,4200.0,4200.0
5572.06,4200.0,4200.0
5572.16,4200.0,4200.0
5572.16,4200.0,4200.0
5572.26,4200.0,4200.0
5572.26,4200.0,4200.0
5572.36,4200.0,4200.0
5572.36,4200.0,4200.0
5572.46,4200.0,4200.0
5572.46,4200.0,4200.0
5572.56,4200.0,4200.0
5572.56,4200.0,4200.0
5572.66,4200.0,4200.0
5572.66,4200.0,4200.0
5572.75,4200.0,4200.0
5572.75,4200.0,4200.0
5572.86,4200.0,4200.0
5572.87,4200.0,4200.0
5572.96,4200.0,4200.0
5572.96,4200.0,4200.0
5573.06,4200.0,4200.0
5573.06,4200.0,4200.0
5573.16,4200.0,4200.0
5573.16,4200.0,4200.0
5573.25,4200.0,4200.0
5573.26,4200.0,4200.0
5573.36,4200.0,4200.0
5573.36,4200.0,4200.0
5573.46,4200.0,4200.0
5573.47,4200.0,4200.0
5573.56,4200.0,4200.0
5573.56,4200.0,4200.0
5573.66,4200.0,4200.0
5573.66,4200.0,4200.0
5573.76,4200.0,4200.0
5573.76,4200.0,4200.0
5573.86,4200.0,4200.0
5573.86,4200.0,4200.0
5573.96,4200.0,4200.0
5573.96,4200.0,4200.0
5574.06,4200.0,4200.0
5574.06,4200.0,4200.0
5574.16,4200.0,4200.0
5574.16,4200.0,4200.0
5574.26,4200.0,4200.0
5574.26,4200.0,4200.0
5574.35,4200.0,4200.0
5574.35,4200.0,4200.0
5574.46,4200.0,4200.0
5574.46,4200.0,4200.0
5574.559,4200.0,4200.0
5574.559,4200.0,4200.0
5574.66,4200.0,4200.0
5574.66,4200.0,4200.0
5574.75,4200.0,4200.0
5574.76,4200.0,4200.0
5574.85,4200.0,4200.0
5574.86,4200.0,4200.0
5574.96,4200.0,4200.0
5574.97,4200.0,4200.0
5575.06,4200.0,4200.0
5575.07,4200.0,4200.0
5575.16,4200.0,4200.0
5575.16,4200.0,4200.0
5575.26,4200.0,4200.0
5575.26,4200.0,4200.0
5575.36,4200.0,4200.0
5575.36,4200.0,4200.0
5575.46,4200.0,4200.0
5575.46,4200.0,4200.0
5575.56,4200.0,4200.0
5575.56,4200.0,4200.0
5575.66,4200.0,4200.0
5575.66,4200.0,4200.0
5575.76,4200.0,4200.0
5575.76,4200.0,4200.0
5575.86,4200.0,4200.0
5575.86,4200.0,4200.0
5575.95,4200.0,4200.0
5575.96,4200.0,4200.0
5576.06,4200.0,4200.0
5576.06,4200.0,4200.0
5576.16,4200.0,4200.0
5576.16,4200.0,4200.0
5576.26,4200.0,4200.0
5576.26,4200.0,4200.0
5576.36,4200.0,4200.0
5576.37,4200.0,4200.0
5576.45,4200.0,4200.0
5576.45,4200.0,4200.0
5576.56,4200.0,4200.0
5576.56,4200.0,4200.0
5576.66,4200.0,4200.0
5576.66,4200.0,4200.0
5576.76,4200.0,4200.0
5576.76,4200.0,4200.0
5576.86,4200.0,4200.0
5576.86,4200.0,4200.0
5576.96,4200.0,4200.0
5576.96,4200.0,4200.0
5577.06,4200.0,4200.0
5577.07,4200.0,4200.0
5577.16,4200.0,4200.0
5577.16,4200.0,4200.0
5577.26,4200.0,4200.0
5577.26,4200.0,4200.0
5577.36,4200.0,4200.0
5577.36,4200.0,4200.0
5577.45,4200.0,4200.0
5577.46,4200.0,4200.0
5577.56,4200.0,4200.0
5577.56,4200.0,4200.0
5577.66,4200.0,4200.0
5577.66,4200.0,4200.0
5577.759,4200.0,4200.0
5577.759,4200.0,4200.0
5577.86,4200.0,4200.0
5577.86,4200.0,4200.0
5577.96,4200.0,4200.0
5577.96,4200.0,4200.0
5578.05,4200.0,4200.0
5578.05,4200.0,4200.0
5578.16,4200.0,4200.0
5578.17,4200.0,4200.0
5578.26,4200.0,4200.0
5578.26,4200.0,4200.0
5578.36,4200.0,4200.0
5578.36,4200.0,4200.0
5578.46,4200.0,4200.0
5578.46,4200.0,4200.0
5578.56,4200.0,4200.0
5578.56,4200.0,4200.0
5578.66,4200.0,4200.0
5578.66,4200.0,4200.0
5578.76,4200.0,4200.0
5578.76,4200.0,4200.0
5578.86,4200.0,4200.0
5578.86,4200.0,4200.0
5578.96,4200.0,4200.0
5578.96,4200.0,4200.0
5579.06,4200.0,4200.0
5579.06,4200.0,4200.0
5579.16,4200.0,4200.0
5579.16,4200.0,4200.0
5579.26,4200.0,4200.0
5579.26,4200.0,4200.0
5579.36,4200.0,4200.0
5579.36,4200.0,4200.0
5579.45,4200.0,4200.0
5579.46,4200.0,4200.0
5579.56,4200.0,4200.0
5579.56,4200.0,4200.0
5579.65,4200.0,4200.0
5579.65,4200.0,4200.0
5579.76,4200.0,4200.0
5579.76,4200.0,4200.0
5579.86,4200.0,4200.0
5579.86,4200.0,4200.0
5579.96,4200.0,4200.0
5579.96,4200.0,4200.0
5580.06,4200.0,4200.0
5580.06,4200.0,4200.0
5580.15,4200.0,4200.0
5580.16,4200.0,4200.0
5580.26,4200.0,4200.0
5580.26,4200.0,4200.0
5580.36,4200.0,4200.0
5580.36,4200.0,4200.0
5580.46,4200.0,4200.0
5580.46,4200.0,4200.0
5580.56,4200.0,4200.0
5580.56,4200.0,4200.0
5580.66,4200.0,4200.0
5580.66,4200.0,4200.0
5580.76,4200.0,4200.0
5580.76,4200.0,4200.0
5580.86,4200.0,4200.0
5580.86,4200.0,4200.0
5580.959,4200.0,4200.0
5580.959,4200.0,4200.0
5581.06,4200.0,4200.0
5581.06,4200.0,4200.0
5581.16,4200.0,4200.0
5581.16,4200.0,4200.0
5581.25,4200.0,4200.0
5581.25,4200.0,4200.0
5581.36,4200.0,4200.0
5581.36,4200.0,4200.0
5581.45,4200.0,4200.0
5581.46,4200.0,4200.0
5581.56,4200.0,4200.0
5581.56,4200.0,4200.0
5581.66,4200.0,4200.0
5581.67,4200.0,4200.0
5581.75,4200.0,4200.0
5581.76,4200.0,4200.0
5581.86,4200.0,4200.0
5581.86,4200.0,4200.0
5581.96,4200.0,4200.0
5581.96,4200.0,4200.0
5582.06,4200.0,4200.0
5582.06,4200.0,4200.0
5582.16,4200.0,4200.0
5582.16,4200.0,4200.0
5582.26,4200.0,4200.0
5582.26,4200.0,4200.0
5582.36,4200.0,4200.0
5582.36,4200.0,4200.0
5582.46,4200.0,4200.0
5582.46,4200.0,4200.0
5582.56,4200.0,4200.0
5582.56,4200.0,4200.0
5582.66,4200.0,4200.0
5582.66,4200.0,4200.0
5582.76,4200.0,4200.0
5582.76,4200.0,4200.0
5582.85,4200.0,4200.0
5582.86,4200.0,4200.0
5582.96,4200.0,4200.0
5582.96,4200.0,4200.0
5583.06,4200.0,4200.0
5583.06,4200.0,4200.0
5583.16,4200.0,4200.0
5583.16,4200.0,4200.0
5583.26,4200.0,4200.0
5583.26,4200.0,4200.0
5583.35,4200.0,4200.0
5583.36,4200.0,4200.0
5583.46,4200.0,4200.0
5583.46,4200.0,4200.0
5583.56,4200.0,4200.0
5583.56,4200.0,4200.0
5583.66,4200.0,4200.0
5583.66,4200.0,4200.0
5583.76,4200.0,4200.0
5583.76,4200.0,4200.0
5583.86,4200.0,4200.0
5583.86,4200.0,4200.0
5583.96,4200.0,4200.0
5583.96,4200.0,4200.0
5584.06,4200.0,4200.0
5584.07,4200.0,4200.0
5584.159,4200.0,4200.0
5584.159,4200.0,4200.0
5584.26,4200.0,4200.0
5584.26,4200.0,4200.0
5584.36,4200.0,4200.0
5584.36,4200.0,4200.0
5584.45,4200.0,4200.0
5584.46,4200.0,4200.0
5584.56,4200.0,4200.0
5584.56,4200.0,4200.0
5584.66,4200.0,4200.0
5584.66,4200.0,4200.0
5584.76,4200.0,4200.0
5584.76,4200.0,4200.0
5584.86,4200.0,4200.0
5584.86,4200.0,4200.0
5584.95,4200.0,4200.0
5584.95,4200.0,4200.0
5585.06,4200.0,4200.0
5585.06,4200.0,4200.0
5585.16,4200.0,4200.0
5585.16,4200.0,4200.0
5585.26,4200.0,4200.0
5585.26,4200.0,4200.0
5585.36,4200.0,4200.0
5585.36,4200.0,4200.0
5585.46,4200.0,4200.0
5585.46,4200.0,4200.0
5585.56,4200.0,4200.0
5585.56,4200.0,4200.0
5585.66,4200.0,4200.0
5585.66,4200.0,4200.0
5585.76,4200.0,4200.0
5585.76,4200.0,4200.0
5585.86,4200.0,4200.0
5585.86,4200.0,4200.0
5585.96,4200.0,4200.0
5585.96,4200.0,4200.0
5586.06,4200.0,4200.0
5586.06,4200.0,4200.0
5586.16,4200.0,4200.0
5586.17,4200.0,4200.0
5586.26,4200.0,4200.0
5586.26,4200.0,4200.0
5586.36,4200.0,4200.0
5586.37,4200.0,4200.0
5586.46,4200.0,4200.0
5586.46,4200.0,4200.0
5586.55,4200.0,4200.0
5586.55,4200.0,4200.0
5586.66,4200.0,4200.0
5586.66,4200.0,4200.0
5586.76,4200.0,4200.0
5586.76,4200.0,4200.0
5586.86,4200.0,4200.0
5586.86,4200.0,4200.0
5586.96,4200.0,4200.0
5586.96,4200.0,4200.0
5587.06,4200.0,4200.0
5587.06,4200.0,4200.0
5587.16,4200.0,4200.0
5587.16,4200.0,4200.0
5587.26,4200.0,4200.0
5587.26,4200.0,4200.0
5587.359,4200.0,4200.0
5587.359,4200.0,4200.0
5587.46,4200.0,4200.0
5587.46,4200.0,4200.0
5587.56,4200.0,4200.0
5587.56,4200.0,4200.0
5587.66,4200.0,4200.0
5587.66,4200.0,4200.0
5587.76,4200.0,4200.0
5587.76,4200.0,4200.0
5587.86,4200.0,4200.0
5587.86,4200.0,4200.0
5587.96,4200.0,4200.0
5587.96,4200.0,4200.0
5588.06,4200.0,4200.0
5588.06,4200.0,4200.0
5588.15,4200.0,4200.0
5588.15,4200.0,4200.0
5588.26,4200.0,4200.0
5588.27,4200.0,4200.0
5588.36,4200.0,4200.0
5588.36,4200.0,4200.0
5588.46,4200.0,4200.0
5588.46,4200.0,4200.0
5588.56,4200.0,4200.0
5588.56,4200.0,4200.0
5588.66,4200.0,4200.0
5588.66,4200.0,4200.0
5588.76,4200.0,4200.0
5588.76,4200.0,4200.0
5588.86,4200.0,4200.0
5588.86,4200.0,4200.0
5588.96,4200.0,4200.0
5588.96,4200.0,4200.0
5589.06,4200.0,4200.0
5589.06,4200.0,4200.0
5589.16,4200.0,4200.0
5589.16,4200.0,4200.0
5589.26,4200.0,4200.0
5589.26,4200.0,4200.0
5589.36,4200.0,4200.0
5589.36,4200.0,4200.0
5589.45,4200.0,4200.0
5589.46,4200.0,4200.0
5589.56,4200.0,4200.0
5589.56,4200.0,4200.0
5589.66,4200.0,4200.0
5589.66,4200.0,4200.0
5589.75,4200.0,4200.0
5589.76,4200.0,4200.0
5589.86,4200.0,4200.0
5589.86,4200.0,4200.0
5589.96,4200.0,4200.0
5589.96,4200.0,4200.0
5590.06,4200.0,4200.0
5590.06,4200.0,4200.0
5590.16,4200.0,4200.0
5590.16,4200.0,4200.0
5590.25,4200.0,4200.0
5590.26,4200.0,4200.0
5590.36,4200.0,4200.0
5590.37,4200.0,4200.0
5590.46,4200.0,4200.0
5590.46,4200.0,4200.0
5590.559,4200.0,4200.0
5590.559,4200.0,4200.0
5590.66,4200.0,4200.0
5590.66,4200.0,4200.0
5590.75,4200.0,4200.0
5590.76,4200.0,4200.0
5590.86,4200.0,4200.0
5590.86,4200.0,4200.0
5590.96,4200.0,4200.0
5590.96,4200.0,4200.0
5591.06,4200.0,4200.0
5591.06,4200.0,4200.0
5591.16,4200.0,4200.0
5591.16,4200.0,4200.0
5591.26,4200.0,4200.0
5591.26,4200.0,4200.0
5591.35,4200.0,4200.0
5591.36,4200.0,4200.0
5591.46,4200.0,4200.0
5591.47,4200.0,4200.0
5591.56,4200.0,4200.0
5591.56,4200.0,4200.0
5591.66,4200.0,4200.0
5591.67,4200.0,4200.0
5591.76,4200.0,4200.0
5591.76,4200.0,4200.0
5591.85,4200.0,4200.0
5591.86,4200.0,4200.0
5591.96,4200.0,4200.0
5591.96,4200.0,4200.0
5592.06,4200.0,4200.0
5592.06,4200.0,4200.0
5592.16,4200.0,4200.0
5592.16,4200.0,4200.0
5592.26,4200.0,4200.0
5592.26,4200.0,4200.0
5592.36,4200.0,4200.0
5592.36,4200.0,4200.0
5592.46,4200.0,4200.0
5592.46,4200.0,4200.0
5592.56,4200.0,4200.0
5592.56,4200.0,4200.0
5592.66,4200.0,4200.0
5592.66,4200.0,4200.0
5592.75,4200.0,4200.0
5592.76,4200.0,4200.0
5592.86,4200.0,4200.0
5592.86,4200.0,4200.0
5592.96,4200.0,4200.0
5592.96,4200.0,4200.0
5593.06,4200.0,4200.0
5593.06,4200.0,4200.0
5593.16,4200.0,4200.0
5593.16,4200.0,4200.0
5593.26,4200.0,4200.0
5593.26,4200.0,4200.0
5593.36,4200.0,4200.0
5593.36,4200.0,4200.0
5593.45,4200.0,4200.0
5593.45,4200.0,4200.0
5593.56,4200.0,4200.0
5593.56,4200.0,4200.0
5593.66,4200.0,4200.0
5593.66,4200.0,4200.0
5593.759,4200.0,4200.0
5593.759,4200.0,4200.0
5593.86,4200.0,4200.0
5593.86,4200.0,4200.0
5593.96,4200.0,4200.0
5593.96,4200.0,4200.0
5594.06,4200.0,4200.0
5594.06,4200.0,4200.0
5594.16,4200.0,4200.0
5594.16,4200.0,4200.0
5594.26,4200.0,4200.0
5594.26,4200.0,4200.0
5594.36,4200.0,4200.0
5594.37,4200.0,4200.0
5594.46,4200.0,4200.0
5594.46,4200.0,4200.0
5594.56,4200.0,4200.0
5594.56,4200.0,4200.0
5594.66,4200.0,4200.0
5594.66,4200.0,4200.0
5594.76,4200.0,4200.0
5594.76,4200.0,4200.0
5594.86,4200.0,4200.0
5594.86,4200.0,4200.0
5594.96,4200.0,4200.0
5594.96,4200.0,4200.0
5595.05,4200.0,4200.0
5595.05,4200.0,4200.0
5595.16,4200.0,4200.0
5595.16,4200.0,4200.0
5595.26,4200.0,4200.0
5595.26,4200.0,4200.0
5595.36,4200.0,4200.0
5595.36,4200.0,4200.0
5595.46,4200.0,4200.0
5595.46,4200.0,4200.0
5595.56,4200.0,4200.0
5595.56,4200.0,4200.0
5595.66,4200.0,4200.0
5595.66,4200.0,4200.0
5595.76,4200.0,4200.0
5595.76,4200.0,4200.0
5595.86,4200.0,4200.0
5595.86,4200.0,4200.0
5595.96,4200.0,4200.0
5595.96,4200.0,4200.0
5596.05,4200.0,4200.0
5596.06,4200.0,4200.0
5596.16,4200.0,4200.0
5596.17,4200.0,4200.0
5596.26,4200.0,4200.0
5596.26,4200.0,4200.0
5596.36,4200.0,4200.0
5596.36,4200.0,4200.0
5596.46,4200.0,4200.0
5596.46,4200.0,4200.0
5596.56,4200.0,4200.0
5596.56,4200.0,4200.0
5596.65,4200.0,4200.0
5596.65,4200.0,4200.0
5596.76,4200.0,4200.0
5596.76,4200.0,4200.0
5596.86,4200.0,4200.0
5596.86,4200.0,4200.0
5596.959,4200.0,4200.0
5596.959,4200.0,4200.0
5597.06,4200.0,4200.0
5597.06,4200.0,4200.0
5597.16,4200.0,4200.0
5597.16,4200.0,4200.0
5597.26,4200.0,4200.0
5597.26,4200.0,4200.0
5597.36,4200.0,4200.0
5597.36,4200.0,4200.0
5597.46,4200.0,4200.0
5597.46,4200.0,4200.0
5597.56,4200.0,4200.0
5597.56,4200.0,4200.0
5597.66,4200.0,4200.0
5597.66,4200.0,4200.0
5597.76,4200.0,4200.0
5597.76,4200.0,4200.0
5597.86,4200.0,4200.0
5597.86,4200.0,4200.0
5597.96,4200.0,4200.0
5597.96,4200.0,4200.0
5598.06,4200.0,4200.0
5598.06,4200.0,4200.0
5598.16,4200.0,4200.0
5598.16,4200.0,4200.0
5598.25,4200.0,4200.0
5598.26,4200.0,4200.0
5598.36,4200.0,4200.0
5598.36,4200.0,4200.0
5598.46,4200.0,4200.0
5598.46,4200.0,4200.0
5598.56,4200.0,4200.0
5598.56,4200.0,4200.0
5598.66,4200.0,4200.0
5598.66,4200.0,4200.0
5598.75,4200.0,4200.0
5598.76,4200.0,4200.0
5598.86,4200.0,4200.0
5598.86,4200.0,4200.0
5598.96,4200.0,4200.0
5598.96,4200.0,4200.0
5599.06,4200.0,4200.0
5599.06,4200.0,4200.0
5599.16,4200.0,4200.0
5599.16,4200.0,4200.0
5599.26,4200.0,4200.0
5599.26,4200.0,4200.0
5599.36,4200.0,4200.0
5599.36,4200.0,4200.0
5599.46,4200.0,4200.0
5599.47,4200.0,4200.0
5599.56,4200.0,4200.0
5599.56,4200.0,4200.0
5599.66,4200.0,4200.0
5599.66,4200.0,4200.0
5599.76,4200.0,4200.0
5599.76,4200.0,4200.0
5599.85,4200.0,4200.0
5599.86,4200.0,4200.0
5599.96,4200.0,4200.0
5599.96,4200.0,4200.0
5600.06,4200.0,4200.0
5600.06,4200.0,4200.0
5600.159,4200.0,4200.0
5600.159,4200.0,4200.0
5600.26,4200.0,4200.0
5600.26,4200.0,4200.0
5600.35,4200.0,4200.0
5600.36,4200.0,4200.0
5600.46,4200.0,4200.0
5600.46,4200.0,4200.0
5600.56,4200.0,4200.0
5600.56,4200.0,4200.0
5600.65,4200.0,4200.0
5600.66,4200.0,4200.0
5600.76,4200.0,4200.0
5600.76,4200.0,4200.0
5600.86,4200.0,4200.0
5600.86,4200.0,4200.0
5600.96,4200.0,4200.0
5600.96,4200.0,4200.0
5601.06,4200.0,4200.0
5601.06,4200.0,4200.0
5601.16,4200.0,4200.0
5601.16,4200.0,4200.0
5601.26,4200.0,4200.0
5601.26,4200.0,4200.0
5601.36,4200.0,4200.0
5601.36,4200.0,4200.0
5601.46,4200.0,4200.0
5601.47,4200.0,4200.0
5601.56,4200.0,4200.0
5601.57,4200.0,4200.0
5601.66,4200.0,4200.0
5601.66,4200.0,4200.0
5601.76,4200.0,4200.0
5601.76,4200.0,4200.0
5601.86,4200.0,4200.0
5601.86,4200.0,4200.0
5601.95,4200.0,4200.0
5601.95,4200.0,4200.0
5602.06,4200.0,4200.0
5602.06,4200.0,4200.0
5602.16,4200.0,4200.0
5602.16,4200.0,4200.0
5602.26,4200.0,4200.0
5602.26,4200.0,4200.0
5602.36,4200.0,4200.0
5602.36,4200.0,4200.0
5602.46,4200.0,4200.0
5602.46,4200.0,4200.0
5602.56,4200.0,4200.0
5602.56,4200.0,4200.0
5602.66,4200.0,4200.0
5602.66,4200.0,4200.0
5602.76,4200.0,4200.0
5602.76,4200.0,4200.0
5602.86,4200.0,4200.0
5602.86,4200.0,4200.0
5602.96,4200.0,4200.0
5602.96,4200.0,4200.0
5603.06,4200.0,4200.0
5603.06,4200.0,4200.0
5603.16,4200.0,4200.0
5603.16,4200.0,4200.0
5603.25,4200.0,4200.0
5603.26,4200.0,4200.0
5603.359,4200.0,4200.0
5603.359,4200.0,4200.0
5603.46,4200.0,4200.0
5603.46,4200.0,4200.0
5603.55,4200.0,4200.0
5603.55,4200.0,4200.0
5603.66,4200.0,4200.0
5603.66,4200.0,4200.0
5603.76,4200.0,4200.0
5603.76,4200.0,4200.0
5603.86,4200.0,4200.0
5603.86,4200.0,4200.0
5603.96,4200.0,4200.0
5603.96,4200.0,4200.0
5604.06,4200.0,4200.0
5604.06,4200.0,4200.0
5604.16,4200.0,4200.0
5604.16,4200.0,4200.0
5604.26,4200.0,4200.0
5604.26,4200.0,4200.0
5604.36,4200.0,4200.0
5604.36,4200.0,4200.0
5604.46,4200.0,4200.0
5604.46,4200.0,4200.0
5604.56,4200.0,4200.0
5604.56,4200.0,4200.0
5604.66,4200.0,4200.0
5604.66,4200.0,4200.0
5604.76,4200.0,4200.0
5604.76,4200.0,4200.0
5604.86,4200.0,4200.0
5604.86,4200.0,4200.0
5604.96,4200.0,4200.0
5604.96,4200.0,4200.0
5605.06,4200.0,4200.0
5605.06,4200.0,4200.0
5605.15,4200.0,4200.0
5605.16,4200.0,4200.0
5605.26,4200.0,4200.0
5605.26,4200.0,4200.0
5605.36,4200.0,4200.0
5605.36,4200.0,4200.0
5605.46,4200.0,4200.0
5605.46,4200.0,4200.0
5605.56,4200.0,4200.0
5605.56,4200.0,4200.0
5605.66,4200.0,4200.0
5605.66,4200.0,4200.0
5605.76,4200.0,4200.0
5605.77,4200.0,4200.0
5605.85,4200.0,4200.0
5605.86,4200.0,4200.0
5605.96,4200.0,4200.0
5605.96,4200.0,4200.0
5606.06,4200.0,4200.0
5606.06,4200.0,4200.0
5606.16,4200.0,4200.0
5606.16,4200.0,4200.0
5606.26,4200.0,4200.0
5606.26,4200.0,4200.0
5606.36,4200.0,4200.0
5606.36,4200.0,4200.0
5606.46,4200.0,4200.0
5606.46,4200.0,4200.0
5606.559,4200.0,4200.0
5606.559,4200.0,4200.0
5606.66,4200.0,4200.0
5606.66,4200.0,4200.0
5606.75,4200.0,4200.0
5606.76,4200.0,4200.0
5606.86,4200.0,4200.0
5606.86,4200.0,4200.0
5606.96,4200.0,4200.0
5606.96,4200.0,4200.0
5607.06,4200.0,4200.0
5607.06,4200.0,4200.0
5607.15,4200.0,4200.0
5607.16,4200.0,4200.0
5607.26,4200.0,4200.0
5607.26,4200.0,4200.0
5607.36,4200.0,4200.0
5607.36,4200.0,4200.0
5607.46,4200.0,4200.0
5607.46,4200.0,4200.0
5607.56,4200.0,4200.0
5607.56,4200.0,4200.0
5607.66,4200.0,4200.0
5607.66,4200.0,4200.0
5607.76,4200.0,4200.0
5607.76,4200.0,4200.0
5607.86,4200.0,4200.0
5607.87,4200.0,4200.0
5607.96,4200.0,4200.0
5607.96,4200.0,4200.0
5608.06,4200.0,4200.0
5608.06,4200.0,4200.0
5608.16,4200.0,4200.0
5608.16,4200.0,4200.0
5608.26,4200.0,4200.0
5608.26,4200.0,4200.0
5608.35,4200.0,4200.0
5608.36,4200.0,4200.0
5608.46,4200.0,4200.0
5608.46,4200.0,4200.0
5608.56,4200.0,4200.0
5608.56,4200.0,4200.0
5608.66,4200.0,4200.0
5608.67,4200.0,4200.0
5608.76,4200.0,4200.0
5608.76,4200.0,4200.0
5608.85,4200.0,4200.0
5608.86,4200.0,4200.0
5608.96,4200.0,4200.0
5608.96,4200.0,4200.0
5609.06,4200.0,4200.0
5609.06,4200.0,4200.0
5609.16,4200.0,4200.0
5609.16,4200.0,4200.0
5609.26,4200.0,4200.0
5609.26,4200.0,4200.0
5609.36,4200.0,4200.0
5609.36,4200.0,4200.0
5609.46,4200.0,4200.0
5609.46,4200.0,4200.0
5609.56,4200.0,4200.0
5609.56,4200.0,4200.0
5609.66,4200.0,4200.0
5609.66,4200.0,4200.0
5609.75,4200.0,4200.0
5609.759,4200.0,4200.0
5609.86,4200.0,4200.0
5609.86,4200.0,4200.0
5609.96,4200.0,4200.0
5609.96,4200.0,4200.0
5610.06,4200.0,4200.0
5610.06,4200.0,4200.0
5610.16,4200.0,4200.0
5610.16,4200.0,4200.0
5610.26,4200.0,4200.0
5610.26,4200.0,4200.0
5610.36,4200.0,4200.0
5610.36,4200.0,4200.0
5610.46,4200.0,4200.0
5610.46,4200.0,4200.0
5610.56,4200.0,4200.0
5610.56,4200.0,4200.0
5610.66,4200.0,4200.0
5610.67,4200.0,4200.0
5610.76,4200.0,4200.0
5610.76,4200.0,4200.0
5610.86,4200.0,4200.0
5610.86,4200.0,4200.0
5610.96,4200.0,4200.0
5610.96,4200.0,4200.0
5611.06,4200.0,4200.0
5611.06,4200.0,4200.0
5611.16,4200.0,4200.0
5611.16,4200.0,4200.0
5611.26,4200.0,4200.0
5611.26,4200.0,4200.0
5611.36,4200.0,4200.0
5611.36,4200.0,4200.0
5611.46,4200.0,4200.0
5611.46,4200.0,4200.0
5611.56,4200.0,4200.0
5611.56,4200.0,4200.0
5611.66,4200.0,4200.0
5611.66,4200.0,4200.0
5611.76,4200.0,4200.0
5611.76,4200.0,4200.0
5611.86,4200.0,4200.0
5611.86,4200.0,4200.0
5611.96,4200.0,4200.0
5611.96,4200.0,4200.0
5612.05,4200.0,4200.0
5612.06,4200.0,4200.0
5612.16,4200.0,4200.0
5612.16,4200.0,4200.0
5612.26,4200.0,4200.0
5612.26,4200.0,4200.0
5612.35,4200.0,4200.0
5612.36,4200.0,4200.0
5612.46,4200.0,4200.0
5612.46,4200.0,4200.0
5612.56,4200.0,4200.0
5612.56,4200.0,4200.0
5612.66,4200.0,4200.0
5612.66,4200.0,4200.0
5612.76,4200.0,4200.0
5612.76,4200.0,4200.0
5612.86,4200.0,4200.0
5612.86,4200.0,4200.0
5612.959,4200.0,4200.0
5612.959,4200.0,4200.0
5613.06,4200.0,4200.0
5613.06,4200.0,4200.0
5613.16,4200.0,4200.0
5613.16,4200.0,4200.0
5613.26,4200.0,4200.0
5613.26,4200.0,4200.0
5613.36,4200.0,4200.0
5613.36,4200.0,4200.0
5613.46,4200.0,4200.0
5613.46,4200.0,4200.0
5613.56,4200.0,4200.0
5613.56,4200.0,4200.0
5613.65,4200.0,4200.0
5613.66,4200.0,4200.0
5613.76,4200.0,4200.0
5613.76,4200.0,4200.0
5613.86,4200.0,4200.0
5613.86,4200.0,4200.0
5613.96,4200.0,4200.0
5613.97,4200.0,4200.0
5614.06,4200.0,4200.0
5614.06,4200.0,4200.0
5614.16,4200.0,4200.0
5614.16,4200.0,4200.0
5614.26,4200.0,4200.0
5614.26,4200.0,4200.0
5614.36,4200.0,4200.0
5614.36,4200.0,4200.0
5614.46,4200.0,4200.0
5614.46,4200.0,4200.0
5614.56,4200.0,4200.0
5614.56,4200.0,4200.0
5614.66,4200.0,4200.0
5614.66,4200.0,4200.0
5614.76,4200.0,4200.0
5614.76,4200.0,4200.0
5614.86,4200.0,4200.0
5614.87,4200.0,4200.0
5614.96,4200.0,4200.0
5614.96,4200.0,4200.0
5615.06,4200.0,4200.0
5615.06,4200.0,4200.0
5615.16,4200.0,4200.0
5615.16,4200.0,4200.0
5615.25,4200.0,4200.0
5615.26,4200.0,4200.0
5615.36,4200.0,4200.0
5615.36,4200.0,4200.0
5615.46,4200.0,4200.0
5615.46,4200.0,4200.0
5615.56,4200.0,4200.0
5615.56,4200.0,4200.0
5615.66,4200.0,4200.0
5615.66,4200.0,4200.0
5615.76,4200.0,4200.0
5615.76,4200.0,4200.0
5615.86,4200.0,4200.0
5615.86,4200.0,4200.0
5615.96,4200.0,4200.0
5615.96,4200.0,4200.0
5616.06,4200.0,4200.0
5616.06,4200.0,4200.0
5616.159,4200.0,4200.0
5616.159,4200.0,4200.0
5616.26,4200.0,4200.0
5616.26,4200.0,4200.0
5616.36,4200.0,4200.0
5616.36,4200.0,4200.0
5616.46,4200.0,4200.0
5616.46,4200.0,4200.0
5616.56,4200.0,4200.0
5616.56,4200.0,4200.0
5616.66,4200.0,4200.0
5616.66,4200.0,4200.0
5616.76,4200.0,4200.0
5616.76,4200.0,4200.0
5616.85,4200.0,4200.0
5616.86,4200.0,4200.0
5616.96,4200.0,4200.0
5616.97,4200.0,4200.0
5617.06,4200.0,4200.0
5617.06,4200.0,4200.0
5617.16,4200.0,4200.0
5617.16,4200.0,4200.0
5617.26,4200.0,4200.0
5617.26,4200.0,4200.0
5617.36,4200.0,4200.0
5617.36,4200.0,4200.0
5617.46,4200.0,4200.0
5617.46,4200.0,4200.0
5617.56,4200.0,4200.0
5617.56,4200.0,4200.0
5617.66,4200.0,4200.0
5617.67,4200.0,4200.0
5617.76,4200.0,4200.0
5617.76,4200.0,4200.0
5617.86,4200.0,4200.0
5617.86,4200.0,4200.0
5617.96,4200.0,4200.0
5617.96,4200.0,4200.0
5618.06,4200.0,4200.0
5618.06,4200.0,4200.0
5618.16,4200.0,4200.0
5618.16,4200.0,4200.0
5618.26,4200.0,4200.0
5618.26,4200.0,4200.0
5618.36,4200.0,4200.0
5618.36,4200.0,4200.0
5618.46,4200.0,4200.0
5618.47,4200.0,4200.0
5618.56,4200.0,4200.0
5618.56,4200.0,4200.0
5618.66,4200.0,4200.0
5618.66,4200.0,4200.0
5618.76,4200.0,4200.0
5618.76,4200.0,4200.0
5618.86,4200.0,4200.0
5618.86,4200.0,4200.0
5618.96,4200.0,4200.0
5618.96,4200.0,4200.0
5619.06,4200.0,4200.0
5619.07,4200.0,4200.0
5619.16,4200.0,4200.0
5619.16,4200.0,4200.0
5619.26,4200.0,4200.0
5619.26,4200.0,4200.0
5619.359,4200.0,4200.0
5619.359,4200.0,4200.0
5619.46,4200.0,4200.0
5619.46,4200.0,4200.0
5619.56,4200.0,4200.0
5619.56,4200.0,4200.0
5619.66,4200.0,4200.0
5619.66,4200.0,4200.0
5619.76,4200.0,4200.0
5619.76,4200.0,4200.0
5619.86,4200.0,4200.0
5619.86,4200.0,4200.0
5619.96,4200.0,4200.0
5619.96,4200.0,4200.0
5620.06,4200.0,4200.0
5620.06,4200.0,4200.0
5620.16,4200.0,4200.0
5620.16,4200.0,4200.0
5620.26,4200.0,4200.0
5620.26,4200.0,4200.0
5620.36,4200.0,4200.0
5620.36,4200.0,4200.0
5620.46,4200.0,4200.0
5620.46,4200.0,4200.0
5620.55,4200.0,4200.0
5620.56,4200.0,4200.0
5620.66,4200.0,4200.0
5620.66,4200.0,4200.0
5620.76,4200.0,4200.0
5620.76,4200.0,4200.0
5620.86,4200.0,4200.0
5620.86,4200.0,4200.0
5620.96,4200.0,4200.0
5620.96,4200.0,4200.0
5621.06,4200.0,4200.0
5621.06,4200.0,4200.0
5621.16,4200.0,4200.0
5621.16,4200.0,4200.0
5621.26,4200.0,4200.0
5621.26,4200.0,4200.0
5621.36,4200.0,4200.0
5621.36,4200.0,4200.0
5621.46,4200.0,4200.0
5621.46,4200.0,4200.0
5621.56,4200.0,4200.0
5621.56,4200.0,4200.0
5621.66,4200.0,4200.0
5621.66,4200.0,4200.0
5621.76,4200.0,4200.0
5621.76,4200.0,4200.0
5621.86,4200.0,4200.0
5621.86,4200.0,4200.0
5621.96,4200.0,4200.0
5621.96,4200.0,4200.0
5622.06,4200.0,4200.0
5622.06,4200.0,4200.0
5622.15,4200.0,4200.0
5622.16,4200.0,4200.0
5622.26,4200.0,4200.0
5622.26,4200.0,4200.0
5622.36,4200.0,4200.0
5622.36,4200.0,4200.0
5622.46,4200.0,4200.0
5622.46,4200.0,4200.0
5622.559,4200.0,4200.0
5622.559,4200.0,4200.0
5622.66,4200.0,4200.0
5622.66,4200.0,4200.0
5622.76,4200.0,4200.0
5622.76,4200.0,4200.0
5622.86,4200.0,4200.0
5622.86,4200.0,4200.0
5622.96,4200.0,4200.0
5622.97,4200.0,4200.0
5623.06,4200.0,4200.0
5623.06,4200.0,4200.0
5623.16,4200.0,4200.0
5623.16,4200.0,4200.0
5623.26,4200.0,4200.0
5623.26,4200.0,4200.0
5623.36,4200.0,4200.0
5623.36,4200.0,4200.0
5623.46,4200.0,4200.0
5623.46,4200.0,4200.0
5623.56,4200.0,4200.0
5623.56,4200.0,4200.0
5623.66,4200.0,4200.0
5623.66,4200.0,4200.0
5623.76,4200.0,4200.0
5623.76,4200.0,4200.0
5623.86,4200.0,4200.0
5623.86,4200.0,4200.0
5623.96,4200.0,4200.0
5623.97,4200.0,4200.0
5624.06,4200.0,4200.0
5624.06,4200.0,4200.0
5624.16,4200.0,4200.0
5624.16,4200.0,4200.0
5624.26,4200.0,4200.0
5624.26,4200.0,4200.0
5624.36,4200.0,4200.0
5624.37,4200.0,4200.0
5624.46,4200.0,4200.0
5624.46,4200.0,4200.0
5624.56,4200.0,4200.0
5624.56,4200.0,4200.0
5624.66,4200.0,4200.0
5624.66,4200.0,4200.0
5624.76,4200.0,4200.0
5624.76,4200.0,4200.0
5624.86,4200.0,4200.0
5624.86,4200.0,4200.0
5624.96,4200.0,4200.0
5624.96,4200.0,4200.0
5625.06,4200.0,4200.0
5625.06,4200.0,4200.0
5625.16,4200.0,4200.0
5625.16,4200.0,4200.0
5625.26,4200.0,4200.0
5625.26,4200.0,4200.0
5625.35,4200.0,4200.0
5625.36,4200.0,4200.0
5625.46,4200.0,4200.0
5625.46,4200.0,4200.0
5625.56,4200.0,4200.0
5625.56,4200.0,4200.0
5625.66,4200.0,4200.0
5625.66,4200.0,4200.0
5625.759,4200.0,4200.0
5625.759,4200.0,4200.0
5625.86,4200.0,4200.0
5625.86,4200.0,4200.0
5625.96,4200.0,4200.0
5625.96,4200.0,4200.0
5626.06,4200.0,4200.0
5626.07,4200.0,4200.0
5626.16,4200.0,4200.0
5626.16,4200.0,4200.0
5626.26,4200.0,4200.0
5626.26,4200.0,4200.0
5626.36,4200.0,4200.0
5626.36,4200.0,4200.0
5626.46,4200.0,4200.0
5626.46,4200.0,4200.0
5626.56,4200.0,4200.0
5626.56,4200.0,4200.0
5626.65,4200.0,4200.0
5626.66,4200.0,4200.0
5626.76,4200.0,4200.0
5626.76,4200.0,4200.0
5626.86,4200.0,4200.0
5626.87,4200.0,4200.0
5626.95,4200.0,4200.0
5626.96,4200.0,4200.0
5627.06,4200.0,4200.0
5627.06,4200.0,4200.0
5627.16,4200.0,4200.0
5627.16,4200.0,4200.0
5627.26,4200.0,4200.0
5627.26,4200.0,4200.0
5627.36,4200.0,4200.0
5627.36,4200.0,4200.0
5627.46,4200.0,4200.0
5627.46,4200.0,4200.0
5627.56,4200.0,4200.0
5627.56,4200.0,4200.0
5627.66,4200.0,4200.0
5627.66,4200.0,4200.0
5627.76,4200.0,4200.0
5627.76,4200.0,4200.0
5627.86,4200.0,4200.0
5627.86,4200.0,4200.0
5627.96,4200.0,4200.0
5627.96,4200.0,4200.0
5628.06,4200.0,4200.0
5628.06,4200.0,4200.0
5628.16,4200.0,4200.0
5628.17,4200.0,4200.0
5628.26,4200.0,4200.0
5628.26,4200.0,4200.0
5628.36,4200.0,4200.0
5628.36,4200.0,4200.0
5628.46,4200.0,4200.0
5628.46,4200.0,4200.0
5628.56,4200.0,4200.0
5628.56,4200.0,4200.0
5628.66,4200.0,4200.0
5628.66,4200.0,4200.0
5628.76,4200.0,4200.0
5628.76,4200.0,4200.0
5628.86,4200.0,4200.0
5628.86,4200.0,4200.0
5628.959,4200.0,4200.0
5628.959,4200.0,4200.0
5629.06,4200.0,4200.0
5629.06,4200.0,4200.0
5629.16,4200.0,4200.0
5629.16,4200.0,4200.0
5629.26,4200.0,4200.0
5629.26,4200.0,4200.0
5629.36,4200.0,4200.0
5629.36,4200.0,4200.0
5629.46,4200.0,4200.0
5629.46,4200.0,4200.0
5629.56,4200.0,4200.0
5629.56,4200.0,4200.0
5629.66,4200.0,4200.0
5629.66,4200.0,4200.0
5629.76,4200.0,4200.0
5629.76,4200.0,4200.0
5629.86,4200.0,4200.0
5629.86,4200.0,4200.0
5629.96,4200.0,4200.0
5629.96,4200.0,4200.0
5630.06,4200.0,4200.0
5630.06,4200.0,4200.0
5630.16,4200.0,4200.0
5630.16,4200.0,4200.0
5630.26,4200.0,4200.0
5630.26,4200.0,4200.0
5630.36,4200.0,4200.0
5630.36,4200.0,4200.0
5630.46,4200.0,4200.0
5630.46,4200.0,4200.0
5630.56,4200.0,4200.0
5630.56,4200.0,4200.0
5630.66,4200.0,4200.0
5630.67,4200.0,4200.0
5630.76,4200.0,4200.0
5630.76,4200.0,4200.0
5630.86,4200.0,4200.0
5630.86,4200.0,4200.0
5630.96,4200.0,4200.0
5630.96,4200.0,4200.0
5631.06,4200.0,4200.0
5631.06,4200.0,4200.0
5631.16,4200.0,4200.0
5631.16,4200.0,4200.0
5631.26,4200.0,4200.0
5631.26,4200.0,4200.0
5631.36,4200.0,4200.0
5631.36,4200.0,4200.0
5631.46,4200.0,4200.0
5631.46,4200.0,4200.0
5631.56,4200.0,4200.0
5631.56,4200.0,4200.0
5631.66,4200.0,4200.0
5631.66,4200.0,4200.0
5631.76,4200.0,4200.0
5631.76,4200.0,4200.0
5631.86,4200.0,4200.0
5631.86,4200.0,4200.0
5631.96,4200.0,4200.0
5631.96,4200.0,4200.0
5632.06,4200.0,4200.0
5632.06,4200.0,4200.0
5632.159,4200.0,4200.0
5632.17,4200.0,4200.0
5632.26,4200.0,4200.0
5632.26,4200.0,4200.0
5632.36,4200.0,4200.0
5632.36,4200.0,4200.0
5632.46,4200.0,4200.0
5632.46,4200.0,4200.0
5632.56,4200.0,4200.0
5632.56,4200.0,4200.0
5632.66,4200.0,4200.0
5632.66,4200.0,4200.0
5632.76,4200.0,4200.0
5632.76,4200.0,4200.0
5632.86,4200.0,4200.0
5632.86,4200.0,4200.0
5632.96,4200.0,4200.0
5632.96,4200.0,4200.0
5633.06,4200.0,4200.0
5633.06,4200.0,4200.0
5633.16,4200.0,4200.0
5633.16,4200.0,4200.0
5633.26,4200.0,4200.0
5633.26,4200.0,4200.0
5633.36,4200.0,4200.0
5633.36,4200.0,4200.0
5633.46,4200.0,4200.0
5633.46,4200.0,4200.0
5633.56,4200.0,4200.0
5633.56,4200.0,4200.0
5633.66,4200.0,4200.0
5633.66,4200.0,4200.0
5633.76,4200.0,4200.0
5633.76,4200.0,4200.0
5633.86,4200.0,4200.0
5633.86,4200.0,4200.0
5633.96,4200.0,4200.0
5633.96,4200.0,4200.0
5634.06,4200.0,4200.0
5634.06,4200.0,4200.0
5634.16,4200.0,4200.0
5634.16,4200.0,4200.0
5634.26,4200.0,4200.0
5634.26,4200.0,4200.0
5634.36,4200.0,4200.0
5634.36,4200.0,4200.0
5634.46,4200.0,4200.0
5634.47,4200.0,4200.0
5634.56,4200.0,4200.0
5634.56,4200.0,4200.0
5634.66,4200.0,4200.0
5634.66,4200.0,4200.0
5634.76,4200.0,4200.0
5634.76,4200.0,4200.0
5634.86,4200.0,4200.0
5634.86,4200.0,4200.0
5634.96,4200.0,4200.0
5634.96,4200.0,4200.0
5635.06,4200.0,4200.0
5635.06,4200.0,4200.0
5635.16,4200.0,4200.0
5635.16,4200.0,4200.0
5635.26,4200.0,4200.0
5635.26,4200.0,4200.0
5635.359,4200.0,4200.0
5635.359,4200.0,4200.0
5635.46,4200.0,4200.0
5635.46,4200.0,4200.0
5635.56,4200.0,4200.0
5635.56,4200.0,4200.0
5635.66,4200.0,4200.0
5635.66,4200.0,4200.0
5635.76,4200.0,4200.0
5635.76,4200.0,4200.0
5635.86,4200.0,4200.0
5635.87,4200.0,4200.0
5635.96,4200.0,4200.0
5635.96,4200.0,4200.0
5636.06,4200.0,4200.0
5636.06,4200.0,4200.0
5636.16,4200.0,4200.0
5636.16,4200.0,4200.0
5636.26,4200.0,4200.0
5636.26,4200.0,4200.0
5636.36,4200.0,4200.0
5636.36,4200.0,4200.0
5636.46,4200.0,4200.0
5636.46,4200.0,4200.0
5636.56,4200.0,4200.0
5636.57,4200.0,4200.0
5636.66,4200.0,4200.0
5636.67,4200.0,4200.0
5636.76,4200.0,4200.0
5636.76,4200.0,4200.0
5636.86,4200.0,4200.0
5636.86,4200.0,4200.0
5636.96,4200.0,4200.0
5636.96,4200.0,4200.0
5637.06,4200.0,4200.0
5637.06,4200.0,4200.0
5637.16,4200.0,4200.0
5637.16,4200.0,4200.0
5637.26,4200.0,4200.0
5637.26,4200.0,4200.0
5637.36,4200.0,4200.0
5637.36,4200.0,4200.0
5637.46,4200.0,4200.0
5637.46,4200.0,4200.0
5637.56,4200.0,4200.0
5637.56,4200.0,4200.0
5637.66,4200.0,4200.0
5637.66,4200.0,4200.0
5637.76,4200.0,4200.0
5637.76,4200.0,4200.0
5637.86,4200.0,4200.0
5637.86,4200.0,4200.0
5637.96,4200.0,4200.0
5637.96,4200.0,4200.0
5638.06,4200.0,4200.0
5638.06,4200.0,4200.0
5638.16,4200.0,4200.0
5638.16,4200.0,4200.0
5638.26,4200.0,4200.0
5638.26,4200.0,4200.0
5638.36,4200.0,4200.0
5638.36,4200.0,4200.0
5638.46,4200.0,4200.0
5638.46,4200.0,4200.0
5638.559,4200.0,4200.0
5638.559,4200.0,4200.0
5638.66,4200.0,4200.0
5638.66,4200.0,4200.0
5638.76,4200.0,4200.0
5638.76,4200.0,4200.0
5638.86,4200.0,4200.0
5638.86,4200.0,4200.0
5638.96,4200.0,4200.0
5638.96,4200.0,4200.0
5639.06,4200.0,4200.0
5639.06,4200.0,4200.0
5639.16,4200.0,4200.0
5639.16,4200.0,4200.0
5639.26,4200.0,4200.0
5639.26,4200.0,4200.0
5639.36,4200.0,4200.0
5639.36,4200.0,4200.0
5639.46,4200.0,4200.0
5639.46,4200.0,4200.0
5639.56,4200.0,4200.0
5639.56,4200.0,4200.0
5639.66,4200.0,4200.0
5639.66,4200.0,4200.0
5639.76,4200.0,4200.0
5639.76,4200.0,4200.0
5639.86,4200.0,4200.0
5639.86,4200.0,4200.0
5639.96,4200.0,4200.0
5639.96,4200.0,4200.0
5640.06,4200.0,4200.0
5640.06,4200.0,4200.0
5640.16,4200.0,4200.0
5640.16,4200.0,4200.0
5640.26,4200.0,4200.0
5640.26,4200.0,4200.0
5640.36,4200.0,4200.0
5640.36,4200.0,4200.0
5640.46,4200.0,4200.0
5640.46,4200.0,4200.0
5640.56,4200.0,4200.0
5640.56,4200.0,4200.0
5640.66,4200.0,4200.0
5640.66,4200.0,4200.0
5640.76,4200.0,4200.0
5640.76,4200.0,4200.0
5640.86,4200.0,4200.0
5640.86,4200.0,4200.0
5640.96,4200.0,4200.0
5640.96,4200.0,4200.0
5641.06,4200.0,4200.0
5641.06,4200.0,4200.0
5641.16,4200.0,4200.0
5641.17,4200.0,4200.0
5641.26,4200.0,4200.0
5641.26,4200.0,4200.0
5641.36,4200.0,4200.0
5641.36,4200.0,4200.0
5641.46,4200.0,4200.0
5641.46,4200.0,4200.0
5641.56,4200.0,4200.0
5641.56,4200.0,4200.0
5641.66,4200.0,4200.0
5641.66,4200.0,4200.0
5641.759,4200.0,4200.0
5641.759,4200.0,4200.0
5641.86,4200.0,4200.0
5641.86,4200.0,4200.0
5641.96,4200.0,4200.0
5641.96,4200.0,4200.0
5642.06,4200.0,4200.0
5642.06,4200.0,4200.0
5642.16,4200.0,4200.0
5642.16,4200.0,4200.0
5642.26,4200.0,4200.0
5642.26,4200.0,4200.0
5642.36,4200.0,4200.0
5642.37,4200.0,4200.0
5642.46,4200.0,4200.0
5642.46,4200.0,4200.0
5642.56,4200.0,4200.0
5642.56,4200.0,4200.0
5642.66,4200.0,4200.0
5642.66,4200.0,4200.0
5642.76,4200.0,4200.0
5642.76,4200.0,4200.0
5642.86,4200.0,4200.0
5642.86,4200.0,4200.0
5642.96,4200.0,4200.0
5642.96,4200.0,4200.0
5643.06,4200.0,4200.0
5643.06,4200.0,4200.0
5643.16,4200.0,4200.0
5643.16,4200.0,4200.0
5643.26,4200.0,4200.0
5643.26,4200.0,4200.0
5643.36,4200.0,4200.0
5643.36,4200.0,4200.0
5643.46,4200.0,4200.0
5643.46,4200.0,4200.0
5643.56,4200.0,4200.0
5643.57,4200.0,4200.0
5643.66,4200.0,4200.0
5643.66,4200.0,4200.0
5643.76,4200.0,4200.0
5643.76,4200.0,4200.0
5643.86,4200.0,4200.0
5643.86,4200.0,4200.0
5643.96,4200.0,4200.0
5643.96,4200.0,4200.0
5644.06,4200.0,4200.0
5644.06,4200.0,4200.0
5644.16,4200.0,4200.0
5644.16,4200.0,4200.0
5644.26,4200.0,4200.0
5644.26,4200.0,4200.0
5644.36,4200.0,4200.0
5644.36,4200.0,4200.0
5644.46,4200.0,4200.0
5644.46,4200.0,4200.0
5644.56,4200.0,4200.0
5644.56,4200.0,4200.0
5644.66,4200.0,4200.0
5644.66,4200.0,4200.0
5644.76,4200.0,4200.0
5644.76,4200.0,4200.0
5644.86,4200.0,4200.0
5644.86,4200.0,4200.0
5644.959,4200.0,4200.0
5644.959,4200.0,4200.0
5645.06,4200.0,4200.0
5645.06,4200.0,4200.0
5645.16,4200.0,4200.0
5645.16,4200.0,4200.0
5645.26,4200.0,4200.0
5645.26,4200.0,4200.0
5645.36,4200.0,4200.0
5645.36,4200.0,4200.0
5645.46,4200.0,4200.0
5645.46,4200.0,4200.0
5645.56,4200.0,4200.0
5645.57,4200.0,4200.0
5645.66,4200.0,4200.0
5645.67,4200.0,4200.0
5645.76,4200.0,4200.0
5645.76,4200.0,4200.0
5645.86,4200.0,4200.0
5645.86,4200.0,4200.0
5645.96,4200.0,4200.0
5645.96,4200.0,4200.0
5646.06,4200.0,4200.0
5646.06,4200.0,4200.0
5646.16,4200.0,4200.0
5646.16,4200.0,4200.0
5646.26,4200.0,4200.0
5646.26,4200.0,4200.0
5646.36,4200.0,4200.0
5646.36,4200.0,4200.0
5646.46,4200.0,4200.0
5646.46,4200.0,4200.0
5646.56,4200.0,4200.0
5646.56,4200.0,4200.0
5646.66,4200.0,4200.0
5646.66,4200.0,4200.0
5646.76,4200.0,4200.0
5646.76,4200.0,4200.0
5646.86,4200.0,4200.0
5646.86,4200.0,4200.0
5646.96,4200.0,4200.0
5646.96,4200.0,4200.0
5647.06,4200.0,4200.0
5647.06,4200.0,4200.0
5647.16,4200.0,4200.0
5647.16,4200.0,4200.0
5647.26,4200.0,4200.0
5647.26,4200.0,4200.0
5647.36,4200.0,4200.0
5647.36,4200.0,4200.0
5647.46,4200.0,4200.0
5647.46,4200.0,4200.0
5647.56,4200.0,4200.0
5647.56,4200.0,4200.0
5647.66,4200.0,4200.0
5647.66,4200.0,4200.0
5647.76,4200.0,4200.0
5647.77,4200.0,4200.0
5647.86,4200.0,4200.0
5647.86,4200.0,4200.0
5647.96,4200.0,4200.0
5647.96,4200.0,4200.0
5648.06,4200.0,4200.0
5648.06,4200.0,4200.0
5648.159,4200.0,4200.0
5648.159,4200.0,4200.0
5648.26,4200.0,4200.0
5648.26,4200.0,4200.0
5648.36,4200.0,4200.0
5648.36,4200.0,4200.0
5648.46,4200.0,4200.0
5648.46,4200.0,4200.0
5648.56,4200.0,4200.0
5648.56,4200.0,4200.0
5648.66,4200.0,4200.0
5648.66,4200.0,4200.0
5648.76,4200.0,4200.0
5648.76,4200.0,4200.0
5648.86,4200.0,4200.0
5648.86,4200.0,4200.0
5648.96,4200.0,4200.0
5648.96,4200.0,4200.0
5649.06,4200.0,4200.0
5649.06,4200.0,4200.0
5649.16,4200.0,4200.0
5649.16,4200.0,4200.0
5649.26,4200.0,4200.0
5649.26,4200.0,4200.0
5649.36,4200.0,4200.0
5649.36,4200.0,4200.0
5649.46,4200.0,4200.0
5649.46,4200.0,4200.0
5649.56,4200.0,4200.0
5649.56,4200.0,4200.0
5649.66,4200.0,4200.0
5649.66,4200.0,4200.0
5649.76,4200.0,4200.0
5649.76,4200.0,4200.0
5649.86,4200.0,4200.0
5649.86,4200.0,4200.0
5649.96,4200.0,4200.0
5649.96,4200.0,4200.0
5650.06,4200.0,4200.0
5650.06,4200.0,4200.0
5650.16,4200.0,4200.0
5650.16,4200.0,4200.0
5650.26,4200.0,4200.0
5650.26,4200.0,4200.0
5650.36,4200.0,4200.0
5650.37,4200.0,4200.0
5650.46,4200.0,4200.0
5650.46,4200.0,4200.0
5650.56,4200.0,4200.0
5650.56,4200.0,4200.0
5650.66,4200.0,4200.0
5650.66,4200.0,4200.0
5650.76,4200.0,4200.0
5650.76,4200.0,4200.0
5650.86,4200.0,4200.0
5650.86,4200.0,4200.0
5650.96,4200.0,4200.0
5650.97,4200.0,4200.0
5651.06,4200.0,4200.0
5651.06,4200.0,4200.0
5651.16,4200.0,4200.0
5651.16,4200.0,4200.0
5651.26,4200.0,4200.0
5651.26,4200.0,4200.0
5651.359,4200.0,4200.0
5651.359,4200.0,4200.0
5651.46,4200.0,4200.0
5651.46,4200.0,4200.0
5651.56,4200.0,4200.0
5651.56,4200.0,4200.0
5651.66,4200.0,4200.0
5651.66,4200.0,4200.0
5651.76,4200.0,4200.0
5651.76,4200.0,4200.0
5651.86,4200.0,4200.0
5651.86,4200.0,4200.0
5651.96,4200.0,4200.0
5651.97,4200.0,4200.0
5652.06,4200.0,4200.0
5652.06,4200.0,4200.0
5652.16,4200.0,4200.0
5652.16,4200.0,4200.0
5652.26,4200.0,4200.0
5652.26,4200.0,4200.0
5652.36,4200.0,4200.0
5652.36,4200.0,4200.0
5652.46,4200.0,4200.0
5652.46,4200.0,4200.0
5652.56,4200.0,4200.0
5652.56,4200.0,4200.0
5652.66,4200.0,4200.0
5652.66,4200.0,4200.0
5652.76,4200.0,4200.0
5652.76,4200.0,4200.0
5652.86,4200.0,4200.0
5652.86,4200.0,4200.0
5652.96,4200.0,4200.0
5652.96,4200.0,4200.0
5653.06,4200.0,4200.0
5653.06,4200.0,4200.0
5653.16,4200.0,4200.0
5653.16,4200.0,4200.0
5653.26,4200.0,4200.0
5653.26,4200.0,4200.0
5653.36,4200.0,4200.0
5653.36,4200.0,4200.0
5653.46,4200.0,4200.0
5653.46,4200.0,4200.0
5653.56,4200.0,4200.0
5653.56,4200.0,4200.0
5653.66,4200.0,4200.0
5653.66,4200.0,4200.0
5653.76,4200.0,4200.0
5653.76,4200.0,4200.0
5653.86,4200.0,4200.0
5653.86,4200.0,4200.0
5653.96,4200.0,4200.0
5653.96,4200.0,4200.0
5654.06,4200.0,4200.0
5654.07,4200.0,4200.0
5654.16,4200.0,4200.0
5654.16,4200.0,4200.0
5654.26,4200.0,4200.0
5654.26,4200.0,4200.0
5654.36,4200.0,4200.0
5654.36,4200.0,4200.0
5654.46,4200.0,4200.0
5654.46,4200.0,4200.0
5654.559,4200.0,4200.0
5654.559,4200.0,4200.0
5654.66,4200.0,4200.0
5654.66,4200.0,4200.0
5654.76,4200.0,4200.0
5654.77,4200.0,4200.0
5654.86,4200.0,4200.0
5654.86,4200.0,4200.0
5654.96,4200.0,4200.0
5654.96,4200.0,4200.0
5655.06,4200.0,4200.0
5655.06,4200.0,4200.0
5655.16,4200.0,4200.0
5655.16,4200.0,4200.0
5655.26,4200.0,4200.0
5655.26,4200.0,4200.0
5655.36,4200.0,4200.0
5655.36,4200.0,4200.0
5655.46,4200.0,4200.0
5655.46,4200.0,4200.0
5655.56,4200.0,4200.0
5655.56,4200.0,4200.0
5655.66,4200.0,4200.0
5655.66,4200.0,4200.0
5655.76,4200.0,4200.0
5655.76,4200.0,4200.0
5655.86,4200.0,4200.0
5655.86,4200.0,4200.0
5655.96,4200.0,4200.0
5655.96,4200.0,4200.0
5656.06,4200.0,4200.0
5656.06,4200.0,4200.0
5656.16,4200.0,4200.0
5656.16,4200.0,4200.0
5656.26,4200.0,4200.0
5656.26,4200.0,4200.0
5656.36,4200.0,4200.0
5656.36,4200.0,4200.0
5656.46,4200.0,4200.0
5656.46,4200.0,4200.0
5656.56,4200.0,4200.0
5656.56,4200.0,4200.0
5656.66,4200.0,4200.0
5656.66,4200.0,4200.0
5656.76,4200.0,4200.0
5656.76,4200.0,4200.0
5656.86,4200.0,4200.0
5656.86,4200.0,4200.0
5656.96,4200.0,4200.0
5656.96,4200.0,4200.0
5657.06,4200.0,4200.0
5657.06,4200.0,4200.0
5657.16,4200.0,4200.0
5657.16,4200.0,4200.0
5657.27,4200.0,4200.0
5657.27,4200.0,4200.0
5657.36,4200.0,4200.0
5657.36,4200.0,4200.0
5657.46,4200.0,4200.0
5657.46,4200.0,4200.0
5657.56,4200.0,4200.0
5657.56,4200.0,4200.0
5657.66,4200.0,4200.0
5657.66,4200.0,4200.0
5657.759,4200.0,4200.0
5657.759,4200.0,4200.0
5657.86,4200.0,4200.0
5657.86,4200.0,4200.0
5657.96,4200.0,4200.0
5657.96,4200.0,4200.0
5658.06,4200.0,4200.0
5658.06,4200.0,4200.0
5658.16,4200.0,4200.0
5658.16,4200.0,4200.0
5658.26,4200.0,4200.0
5658.26,4200.0,4200.0
5658.36,4200.0,4200.0
5658.36,4200.0,4200.0
5658.46,4200.0,4200.0
5658.46,4200.0,4200.0
5658.56,4200.0,4200.0
5658.56,4200.0,4200.0
5658.66,4200.0,4200.0
5658.66,4200.0,4200.0
5658.76,4200.0,4200.0
5658.76,4200.0,4200.0
5658.86,4200.0,4200.0
5658.87,4200.0,4200.0
5658.96,4200.0,4200.0
5658.96,4200.0,4200.0
5659.06,4200.0,4200.0
5659.06,4200.0,4200.0
5659.16,4200.0,4200.0
5659.17,4200.0,4200.0
5659.26,4200.0,4200.0
5659.26,4200.0,4200.0
5659.36,4200.0,4200.0
5659.36,4200.0,4200.0
5659.46,4200.0,4200.0
5659.46,4200.0,4200.0
5659.56,4200.0,4200.0
5659.56,4200.0,4200.0
5659.66,4200.0,4200.0
5659.66,4200.0,4200.0
5659.76,4200.0,4200.0
5659.76,4200.0,4200.0
5659.86,4200.0,4200.0
5659.86,4200.0,4200.0
5659.96,4200.0,4200.0
5659.96,4200.0,4200.0
5660.06,4200.0,4200.0
5660.06,4200.0,4200.0
5660.16,4200.0,4200.0
5660.16,4200.0,4200.0
5660.26,4200.0,4200.0
5660.26,4200.0,4200.0
5660.36,4200.0,4200.0
5660.36,4200.0,4200.0
5660.47,4200.0,4200.0
5660.47,4200.0,4200.0
5660.56,4200.0,4200.0
5660.56,4200.0,4200.0
5660.66,4200.0,4200.0
5660.66,4200.0,4200.0
5660.76,4200.0,4200.0
5660.76,4200.0,4200.0
5660.86,4200.0,4200.0
5660.86,4200.0,4200.0
5660.959,4200.0,4200.0
5660.959,4200.0,4200.0
5661.06,4200.0,4200.0
5661.07,4200.0,4200.0
5661.16,4200.0,4200.0
5661.16,4200.0,4200.0
5661.26,4200.0,4200.0
5661.26,4200.0,4200.0
5661.36,4200.0,4200.0
5661.36,4200.0,4200.0
5661.46,4200.0,4200.0
5661.46,4200.0,4200.0
5661.56,4200.0,4200.0
5661.56,4200.0,4200.0
5661.66,4200.0,4200.0
5661.66,4200.0,4200.0
5661.76,4200.0,4200.0
5661.76,4200.0,4200.0
5661.86,4200.0,4200.0
5661.86,4200.0,4200.0
5661.96,4200.0,4200.0
5661.96,4200.0,4200.0
5662.06,4200.0,4200.0
5662.06,4200.0,4200.0
5662.16,4200.0,4200.0
5662.16,4200.0,4200.0
5662.26,4200.0,4200.0
5662.26,4200.0,4200.0
5662.36,4200.0,4200.0
5662.36,4200.0,4200.0
5662.46,4200.0,4200.0
5662.46,4200.0,4200.0
5662.56,4200.0,4200.0
5662.56,4200.0,4200.0
5662.66,4200.0,4200.0
5662.66,4200.0,4200.0
5662.76,4200.0,4200.0
5662.76,4200.0,4200.0
5662.86,4200.0,4200.0
5662.86,4200.0,4200.0
5662.96,4200.0,4200.0
5662.96,4200.0,4200.0
5663.06,4200.0,4200.0
5663.06,4200.0,4200.0
5663.16,4200.0,4200.0
5663.17,4200.0,4200.0
5663.26,4200.0,4200.0
5663.26,4200.0,4200.0
5663.36,4200.0,4200.0
5663.36,4200.0,4200.0
5663.46,4200.0,4200.0
5663.46,4200.0,4200.0
5663.56,4200.0,4200.0
5663.56,4200.0,4200.0
5663.66,4200.0,4200.0
5663.67,4200.0,4200.0
5663.76,4200.0,4200.0
5663.76,4200.0,4200.0
5663.86,4200.0,4200.0
5663.86,4200.0,4200.0
5663.96,4200.0,4200.0
5663.96,4200.0,4200.0
5664.06,4200.0,4200.0
5664.06,4200.0,4200.0
5664.159,4200.0,4200.0
5664.159,4200.0,4200.0
5664.26,4200.0,4200.0
5664.27,4200.0,4200.0
5664.36,4200.0,4200.0
5664.36,4200.0,4200.0
5664.46,4200.0,4200.0
5664.47,4200.0,4200.0
5664.56,4200.0,4200.0
5664.56,4200.0,4200.0
5664.66,4200.0,4200.0
5664.66,4200.0,4200.0
5664.76,4200.0,4200.0
5664.76,4200.0,4200.0
5664.86,4200.0,4200.0
5664.86,4200.0,4200.0
5664.96,4200.0,4200.0
5664.96,4200.0,4200.0
5665.06,4200.0,4200.0
5665.06,4200.0,4200.0
5665.16,4200.0,4200.0
5665.16,4200.0,4200.0
5665.26,4200.0,4200.0
5665.26,4200.0,4200.0
5665.36,4200.0,4200.0
5665.36,4200.0,4200.0
5665.46,4200.0,4200.0
5665.46,4200.0,4200.0
5665.56,4200.0,4200.0
5665.56,4200.0,4200.0
5665.66,4200.0,4200.0
5665.66,4200.0,4200.0
5665.76,4200.0,4200.0
5665.77,4200.0,4200.0
5665.86,4200.0,4200.0
5665.86,4200.0,4200.0
5665.96,4200.0,4200.0
5665.96,4200.0,4200.0
5666.06,4200.0,4200.0
5666.06,4200.0,4200.0
5666.16,4200.0,4200.0
5666.16,4200.0,4200.0
5666.26,4200.0,4200.0
5666.26,4200.0,4200.0
5666.36,4200.0,4200.0
5666.36,4200.0,4200.0
5666.46,4200.0,4200.0
5666.46,4200.0,4200.0
5666.56,4200.0,4200.0
5666.56,4200.0,4200.0
5666.66,4200.0,4200.0
5666.66,4200.0,4200.0
5666.76,4200.0,4200.0
5666.76,4200.0,4200.0
5666.86,4200.0,4200.0
5666.87,4200.0,4200.0
5666.96,4200.0,4200.0
5666.96,4200.0,4200.0
5667.06,4200.0,4200.0
5667.06,4200.0,4200.0
5667.16,4200.0,4200.0
5667.16,4200.0,4200.0
5667.26,4200.0,4200.0
5667.26,4200.0,4200.0
5667.359,4200.0,4200.0
5667.359,4200.0,4200.0
5667.46,4200.0,4200.0
5667.46,4200.0,4200.0
5667.56,4200.0,4200.0
5667.56,4200.0,4200.0
5667.66,4200.0,4200.0
5667.66,4200.0,4200.0
5667.76,4200.0,4200.0
5667.76,4200.0,4200.0
5667.86,4200.0,4200.0
5667.86,4200.0,4200.0
5667.96,4200.0,4200.0
5667.96,4200.0,4200.0
5668.06,4200.0,4200.0
5668.07,4200.0,4200.0
5668.16,4200.0,4200.0
5668.17,4200.0,4200.0
5668.26,4200.0,4200.0
5668.26,4200.0,4200.0
5668.36,4200.0,4200.0
5668.36,4200.0,4200.0
5668.46,4200.0,4200.0
5668.46,4200.0,4200.0
5668.56,4200.0,4200.0
5668.56,4200.0,4200.0
5668.66,4200.0,4200.0
5668.66,4200.0,4200.0
5668.76,4200.0,4200.0
5668.76,4200.0,4200.0
5668.86,4200.0,4200.0
5668.86,4200.0,4200.0
5668.97,4200.0,4200.0
5668.97,4200.0,4200.0
5669.06,4200.0,4200.0
5669.06,4200.0,4200.0
5669.16,4200.0,4200.0
5669.16,4200.0,4200.0
5669.26,4200.0,4200.0
5669.26,4200.0,4200.0
5669.36,4200.0,4200.0
5669.36,4200.0,4200.0
5669.46,4200.0,4200.0
5669.46,4200.0,4200.0
5669.56,4200.0,4200.0
5669.56,4200.0,4200.0
5669.66,4200.0,4200.0
5669.66,4200.0,4200.0
5669.76,4200.0,4200.0
5669.76,4200.0,4200.0
5669.86,4200.0,4200.0
5669.86,4200.0,4200.0
5669.96,4200.0,4200.0
5669.96,4200.0,4200.0
5670.06,4200.0,4200.0
5670.06,4200.0,4200.0
5670.16,4200.0,4200.0
5670.17,4200.0,4200.0
5670.26,4200.0,4200.0
5670.26,4200.0,4200.0
5670.36,4200.0,4200.0
5670.36,4200.0,4200.0
5670.46,4200.0,4200.0
5670.46,4200.0,4200.0
5670.57,4200.0,4200.0
5670.57,4200.0,4200.0
5670.66,4200.0,4200.0
5670.66,4200.0,4200.0
5670.76,4200.0,4200.0
5670.76,4200.0,4200.0
5670.86,4200.0,4200.0
5670.86,4200.0,4200.0
5670.96,4200.0,4200.0
5670.96,4200.0,4200.0
5671.06,4200.0,4200.0
5671.06,4200.0,4200.0
5671.16,4200.0,4200.0
5671.16,4200.0,4200.0
5671.26,4200.0,4200.0
5671.26,4200.0,4200.0
5671.36,4200.0,4200.0
5671.36,4200.0,4200.0
5671.46,4200.0,4200.0
5671.46,4200.0,4200.0
5671.56,4200.0,4200.0
5671.56,4200.0,4200.0
5671.66,4200.0,4200.0
5671.66,4200.0,4200.0
5671.76,4200.0,4200.0
5671.76,4200.0,4200.0
5671.86,4200.0,4200.0
5671.86,4200.0,4200.0
5671.96,4200.0,4200.0
5671.96,4200.0,4200.0
5672.06,4200.0,4200.0
5672.06,4200.0,4200.0
5672.16,4200.0,4200.0
5672.17,4200.0,4200.0
5672.26,4200.0,4200.0
5672.26,4200.0,4200.0
5672.36,4200.0,4200.0
5672.36,4200.0,4200.0
5672.46,4200.0,4200.0
5672.47,4200.0,4200.0
5672.56,4200.0,4200.0
5672.56,4200.0,4200.0
5672.66,4200.0,4200.0
5672.67,4200.0,4200.0
5672.76,4200.0,4200.0
5672.76,4200.0,4200.0
5672.86,4200.0,4200.0
5672.86,4200.0,4200.0
5672.96,4200.0,4200.0
5672.96,4200.0,4200.0
5673.06,4200.0,4200.0
5673.06,4200.0,4200.0
5673.16,4200.0,4200.0
5673.16,4200.0,4200.0
5673.26,4200.0,4200.0
5673.26,4200.0,4200.0
5673.36,4200.0,4200.0
5673.36,4200.0,4200.0
5673.46,4200.0,4200.0
5673.46,4200.0,4200.0
5673.56,4200.0,4200.0
5673.56,4200.0,4200.0
5673.66,4200.0,4200.0
5673.66,4200.0,4200.0
5673.77,4200.0,4200.0
5673.77,4200.0,4200.0
5673.86,4200.0,4200.0
5673.86,4200.0,4200.0
5673.96,4200.0,4200.0
5673.96,4200.0,4200.0
5674.06,4200.0,4200.0
5674.06,4200.0,4200.0
5674.16,4200.0,4200.0
5674.16,4200.0,4200.0
5674.26,4200.0,4200.0
5674.26,4200.0,4200.0
5674.36,4200.0,4200.0
5674.37,4200.0,4200.0
5674.46,4200.0,4200.0
5674.46,4200.0,4200.0
5674.56,4200.0,4200.0
5674.56,4200.0,4200.0
5674.66,4200.0,4200.0
5674.66,4200.0,4200.0
5674.76,4200.0,4200.0
5674.76,4200.0,4200.0
5674.86,4200.0,4200.0
5674.86,4200.0,4200.0
5674.96,4200.0,4200.0
5674.96,4200.0,4200.0
5675.06,4200.0,4200.0
5675.06,4200.0,4200.0
5675.16,4200.0,4200.0
5675.16,4200.0,4200.0
5675.26,4200.0,4200.0
5675.26,4200.0,4200.0
5675.36,4200.0,4200.0
5675.36,4200.0,4200.0
5675.46,4200.0,4200.0
5675.46,4200.0,4200.0
5675.56,4200.0,4200.0
5675.56,4200.0,4200.0
5675.66,4200.0,4200.0
5675.66,4200.0,4200.0
5675.76,4200.0,4200.0
5675.76,4200.0,4200.0
5675.86,4200.0,4200.0
5675.87,4200.0,4200.0
5675.96,4200.0,4200.0
5675.96,4200.0,4200.0
5676.06,4200.0,4200.0
5676.06,4200.0,4200.0
5676.16,4200.0,4200.0
5676.16,4200.0,4200.0
5676.26,4200.0,4200.0
5676.26,4200.0,4200.0
5676.36,4200.0,4200.0
5676.37,4200.0,4200.0
5676.46,4200.0,4200.0
5676.47,4200.0,4200.0
5676.56,4200.0,4200.0
5676.56,4200.0,4200.0
5676.66,4200.0,4200.0
5676.66,4200.0,4200.0
5676.76,4200.0,4200.0
5676.76,4200.0,4200.0
5676.86,4200.0,4200.0
5676.86,4200.0,4200.0
5676.97,4200.0,4200.0
5676.97,4200.0,4200.0
5677.06,4200.0,4200.0
5677.06,4200.0,4200.0
5677.16,4200.0,4200.0
5677.17,4200.0,4200.0
5677.26,4200.0,4200.0
5677.26,4200.0,4200.0
5677.36,4200.0,4200.0
5677.36,4200.0,4200.0
5677.46,4200.0,4200.0
5677.46,4200.0,4200.0
5677.56,4200.0,4200.0
5677.56,4200.0,4200.0
5677.66,4200.0,4200.0
5677.66,4200.0,4200.0
5677.76,4200.0,4200.0
5677.76,4200.0,4200.0
5677.86,4200.0,4200.0
5677.86,4200.0,4200.0
5677.96,4200.0,4200.0
5677.96,4200.0,4200.0
5678.06,4200.0,4200.0
5678.06,4200.0,4200.0
5678.16,4200.0,4200.0
5678.16,4200.0,4200.0
5678.26,4200.0,4200.0
5678.26,4200.0,4200.0
5678.36,4200.0,4200.0
5678.36,4200.0,4200.0
5678.46,4200.0,4200.0
5678.46,4200.0,4200.0
5678.56,4200.0,4200.0
5678.56,4200.0,4200.0
5678.66,4200.0,4200.0
5678.66,4200.0,4200.0
5678.76,4200.0,4200.0
5678.76,4200.0,4200.0
5678.86,4200.0,4200.0
5678.86,4200.0,4200.0
5678.96,4200.0,4200.0
5678.96,4200.0,4200.0
5679.06,4200.0,4200.0
5679.07,4200.0,4200.0
5679.16,4200.0,4200.0
5679.16,4200.0,4200.0
5679.26,4200.0,4200.0
5679.26,4200.0,4200.0
5679.36,4200.0,4200.0
5679.36,4200.0,4200.0
5679.46,4200.0,4200.0
5679.46,4200.0,4200.0
5679.56,4200.0,4200.0
5679.56,4200.0,4200.0
5679.66,4200.0,4200.0
5679.66,4200.0,4200.0
5679.76,4200.0,4200.0
5679.76,4200.0,4200.0
5679.86,4200.0,4200.0
5679.86,4200.0,4200.0
5679.96,4200.0,4200.0
5679.96,4200.0,4200.0
5680.06,4200.0,4200.0
5680.06,4200.0,4200.0
5680.159,4200.0,4200.0
5680.17,4200.0,4200.0
5680.26,4200.0,4200.0
5680.26,4200.0,4200.0
5680.36,4200.0,4200.0
5680.36,4200.0,4200.0
5680.46,4200.0,4200.0
5680.46,4200.0,4200.0
5680.56,4200.0,4200.0
5680.56,4200.0,4200.0
5680.66,4200.0,4200.0
5680.67,4200.0,4200.0
5680.76,4200.0,4200.0
5680.76,4200.0,4200.0
5680.86,4200.0,4200.0
5680.86,4200.0,4200.0
5680.96,4200.0,4200.0
5680.96,4200.0,4200.0
5681.06,4200.0,4200.0
5681.06,4200.0,4200.0
5681.16,4200.0,4200.0
5681.16,4200.0,4200.0
5681.26,4200.0,4200.0
5681.26,4200.0,4200.0
5681.36,4200.0,4200.0
5681.37,4200.0,4200.0
5681.46,4200.0,4200.0
5681.47,4200.0,4200.0
5681.56,4200.0,4200.0
5681.56,4200.0,4200.0
5681.66,4200.0,4200.0
5681.66,4200.0,4200.0
5681.76,4200.0,4200.0
5681.76,4200.0,4200.0
5681.86,4200.0,4200.0
5681.86,4200.0,4200.0
5681.96,4200.0,4200.0
5681.96,4200.0,4200.0
5682.06,4200.0,4200.0
5682.06,4200.0,4200.0
5682.16,4200.0,4200.0
5682.16,4200.0,4200.0
5682.27,4200.0,4200.0
5682.27,4200.0,4200.0
5682.36,4200.0,4200.0
5682.36,4200.0,4200.0
5682.46,4200.0,4200.0
5682.46,4200.0,4200.0
5682.56,4200.0,4200.0
5682.56,4200.0,4200.0
5682.66,4200.0,4200.0
5682.66,4200.0,4200.0
5682.76,4200.0,4200.0
5682.76,4200.0,4200.0
5682.86,4200.0,4200.0
5682.86,4200.0,4200.0
5682.96,4200.0,4200.0
5682.96,4200.0,4200.0
5683.06,4200.0,4200.0
5683.06,4200.0,4200.0
5683.16,4200.0,4200.0
5683.16,4200.0,4200.0
5683.26,4200.0,4200.0
5683.26,4200.0,4200.0
5683.359,4200.0,4200.0
5683.37,4200.0,4200.0
5683.46,4200.0,4200.0
5683.47,4200.0,4200.0
5683.56,4200.0,4200.0
5683.56,4200.0,4200.0
5683.66,4200.0,4200.0
5683.66,4200.0,4200.0
5683.76,4200.0,4200.0
5683.76,4200.0,4200.0
5683.86,4200.0,4200.0
5683.87,4200.0,4200.0
5683.96,4200.0,4200.0
5683.96,4200.0,4200.0
5684.06,4200.0,4200.0
5684.06,4200.0,4200.0
5684.16,4200.0,4200.0
5684.16,4200.0,4200.0
5684.26,4200.0,4200.0
5684.26,4200.0,4200.0
5684.36,4200.0,4200.0
5684.36,4200.0,4200.0
5684.46,4200.0,4200.0
5684.46,4200.0,4200.0
5684.56,4200.0,4200.0
5684.56,4200.0,4200.0
5684.66,4200.0,4200.0
5684.66,4200.0,4200.0
5684.76,4200.0,4200.0
5684.76,4200.0,4200.0
5684.86,4200.0,4200.0
5684.86,4200.0,4200.0
5684.96,4200.0,4200.0
5684.96,4200.0,4200.0
5685.06,4200.0,4200.0
5685.06,4200.0,4200.0
5685.16,4200.0,4200.0
5685.16,4200.0,4200.0
5685.26,4200.0,4200.0
5685.26,4200.0,4200.0
5685.36,4200.0,4200.0
5685.36,4200.0,4200.0
5685.47,4200.0,4200.0
5685.47,4200.0,4200.0
5685.56,4200.0,4200.0
5685.56,4200.0,4200.0
5685.66,4200.0,4200.0
5685.66,4200.0,4200.0
5685.76,4200.0,4200.0
5685.76,4200.0,4200.0
5685.86,4200.0,4200.0
5685.86,4200.0,4200.0
5685.96,4200.0,4200.0
5685.96,4200.0,4200.0
5686.06,4200.0,4200.0
5686.06,4200.0,4200.0
5686.16,4200.0,4200.0
5686.16,4200.0,4200.0
5686.26,4200.0,4200.0
5686.26,4200.0,4200.0
5686.36,4200.0,4200.0
5686.36,4200.0,4200.0
5686.46,4200.0,4200.0
5686.46,4200.0,4200.0
5686.559,4200.0,4200.0
5686.559,4200.0,4200.0
5686.66,4200.0,4200.0
5686.66,4200.0,4200.0
5686.76,4200.0,4200.0
5686.76,4200.0,4200.0
5686.86,4200.0,4200.0
5686.86,4200.0,4200.0
5686.96,4200.0,4200.0
5686.96,4200.0,4200.0
5687.06,4200.0,4200.0
5687.07,4200.0,4200.0
5687.16,4200.0,4200.0
5687.16,4200.0,4200.0
5687.26,4200.0,4200.0
5687.26,4200.0,4200.0
5687.36,4200.0,4200.0
5687.36,4200.0,4200.0
5687.46,4200.0,4200.0
5687.46,4200.0,4200.0
5687.56,4200.0,4200.0
5687.56,4200.0,4200.0
5687.66,4200.0,4200.0
5687.67,4200.0,4200.0
5687.76,4200.0,4200.0
5687.76,4200.0,4200.0
5687.86,4200.0,4200.0
5687.86,4200.0,4200.0
5687.96,4200.0,4200.0
5687.96,4200.0,4200.0
5688.06,4200.0,4200.0
5688.06,4200.0,4200.0
5688.16,4200.0,4200.0
5688.16,4200.0,4200.0
5688.26,4200.0,4200.0
5688.26,4200.0,4200.0
5688.36,4200.0,4200.0
5688.36,4200.0,4200.0
5688.46,4200.0,4200.0
5688.46,4200.0,4200.0
5688.56,4200.0,4200.0
5688.56,4200.0,4200.0
5688.66,4200.0,4200.0
5688.66,4200.0,4200.0
5688.76,4200.0,4200.0
5688.76,4200.0,4200.0
5688.86,4200.0,4200.0
5688.86,4200.0,4200.0
5688.96,4200.0,4200.0
5688.96,4200.0,4200.0
5689.06,4200.0,4200.0
5689.06,4200.0,4200.0
5689.16,4200.0,4200.0
5689.17,4200.0,4200.0
5689.26,4200.0,4200.0
5689.26,4200.0,4200.0
5689.36,4200.0,4200.0
5689.36,4200.0,4200.0
5689.46,4200.0,4200.0
5689.46,4200.0,4200.0
5689.56,4200.0,4200.0
5689.56,4200.0,4200.0
5689.66,4200.0,4200.0
5689.67,4200.0,4200.0
5689.759,4200.0,4200.0
5689.77,4200.0,4200.0
5689.86,4200.0,4200.0
5689.86,4200.0,4200.0
5689.96,4200.0,4200.0
5689.96,4200.0,4200.0
5690.06,4200.0,4200.0
5690.06,4200.0,4200.0
5690.16,4200.0,4200.0
5690.16,4200.0,4200.0
5690.26,4200.0,4200.0
5690.27,4200.0,4200.0
5690.36,4200.0,4200.0
5690.36,4200.0,4200.0
5690.46,4200.0,4200.0
5690.47,4200.0,4200.0
5690.56,4200.0,4200.0
5690.56,4200.0,4200.0
5690.66,4200.0,4200.0
5690.66,4200.0,4200.0
5690.76,4200.0,4200.0
5690.76,4200.0,4200.0
5690.86,4200.0,4200.0
5690.86,4200.0,4200.0
5690.96,4200.0,4200.0
5690.96,4200.0,4200.0
5691.06,4200.0,4200.0
5691.06,4200.0,4200.0
5691.16,4200.0,4200.0
5691.16,4200.0,4200.0
5691.26,4200.0,4200.0
5691.26,4200.0,4200.0
5691.36,4200.0,4200.0
5691.36,4200.0,4200.0
5691.46,4200.0,4200.0
5691.46,4200.0,4200.0
5691.56,4200.0,4200.0
5691.56,4200.0,4200.0
5691.66,4200.0,4200.0
5691.66,4200.0,4200.0
5691.76,4200.0,4200.0
5691.76,4200.0,4200.0
5691.86,4200.0,4200.0
5691.87,4200.0,4200.0
5691.96,4200.0,4200.0
5691.96,4200.0,4200.0
5692.06,4200.0,4200.0
5692.06,4200.0,4200.0
5692.16,4200.0,4200.0
5692.16,4200.0,4200.0
5692.26,4200.0,4200.0
5692.26,4200.0,4200.0
5692.36,4200.0,4200.0
5692.37,4200.0,4200.0
5692.46,4200.0,4200.0
5692.46,4200.0,4200.0
5692.56,4200.0,4200.0
5692.56,4200.0,4200.0
5692.66,4200.0,4200.0
5692.66,4200.0,4200.0
5692.76,4200.0,4200.0
5692.76,4200.0,4200.0
5692.86,4200.0,4200.0
5692.86,4200.0,4200.0
5692.959,4200.0,4200.0
5692.959,4200.0,4200.0
5693.06,4200.0,4200.0
5693.06,4200.0,4200.0
5693.16,4200.0,4200.0
5693.16,4200.0,4200.0
5693.26,4200.0,4200.0
5693.26,4200.0,4200.0
5693.36,4200.0,4200.0
5693.36,4200.0,4200.0
5693.46,4200.0,4200.0
5693.47,4200.0,4200.0
5693.56,4200.0,4200.0
5693.56,4200.0,4200.0
5693.66,4200.0,4200.0
5693.66,4200.0,4200.0
5693.76,4200.0,4200.0
5693.76,4200.0,4200.0
5693.86,4200.0,4200.0
5693.86,4200.0,4200.0
5693.96,4200.0,4200.0
5693.97,4200.0,4200.0
5694.06,4200.0,4200.0
5694.06,4200.0,4200.0
5694.16,4200.0,4200.0
5694.16,4200.0,4200.0
5694.26,4200.0,4200.0
5694.26,4200.0,4200.0
5694.36,4200.0,4200.0
5694.36,4200.0,4200.0
5694.46,4200.0,4200.0
5694.46,4200.0,4200.0
5694.56,4200.0,4200.0
5694.56,4200.0,4200.0
5694.66,4200.0,4200.0
5694.67,4200.0,4200.0
5694.76,4200.0,4200.0
5694.76,4200.0,4200.0
5694.86,4200.0,4200.0
5694.86,4200.0,4200.0
5694.96,4200.0,4200.0
5694.96,4200.0,4200.0
5695.07,4200.0,4200.0
5695.07,4200.0,4200.0
5695.16,4200.0,4200.0
5695.16,4200.0,4200.0
5695.26,4200.0,4200.0
5695.26,4200.0,4200.0
5695.36,4200.0,4200.0
5695.36,4200.0,4200.0
5695.46,4200.0,4200.0
5695.46,4200.0,4200.0
5695.57,4200.0,4200.0
5695.57,4200.0,4200.0
5695.66,4200.0,4200.0
5695.66,4200.0,4200.0
5695.76,4200.0,4200.0
5695.76,4200.0,4200.0
5695.86,4200.0,4200.0
5695.86,4200.0,4200.0
5695.96,4200.0,4200.0
5695.96,4200.0,4200.0
5696.06,4200.0,4200.0
5696.06,4200.0,4200.0
5696.159,4200.0,4200.0
5696.159,4200.0,4200.0
5696.26,4200.0,4200.0
5696.26,4200.0,4200.0
5696.36,4200.0,4200.0
5696.36,4200.0,4200.0
5696.46,4200.0,4200.0
5696.46,4200.0,4200.0
5696.56,4200.0,4200.0
5696.56,4200.0,4200.0
5696.66,4200.0,4200.0
5696.66,4200.0,4200.0
5696.76,4200.0,4200.0
5696.77,4200.0,4200.0
5696.86,4200.0,4200.0
5696.86,4200.0,4200.0
5696.96,4200.0,4200.0
5696.96,4200.0,4200.0
5697.06,4200.0,4200.0
5697.06,4200.0,4200.0
5697.16,4200.0,4200.0
5697.17,4200.0,4200.0
5697.26,4200.0,4200.0
5697.27,4200.0,4200.0
5697.36,4200.0,4200.0
5697.36,4200.0,4200.0
5697.46,4200.0,4200.0
5697.46,4200.0,4200.0
5697.56,4200.0,4200.0
5697.56,4200.0,4200.0
5697.66,4200.0,4200.0
5697.66,4200.0,4200.0
5697.76,4200.0,4200.0
5697.76,4200.0,4200.0
5697.86,4200.0,4200.0
5697.86,4200.0,4200.0
5697.96,4200.0,4200.0
5697.96,4200.0,4200.0
5698.06,4200.0,4200.0
5698.06,4200.0,4200.0
5698.16,4200.0,4200.0
5698.16,4200.0,4200.0
5698.26,4200.0,4200.0
5698.27,4200.0,4200.0
5698.36,4200.0,4200.0
5698.36,4200.0,4200.0
5698.46,4200.0,4200.0
5698.46,4200.0,4200.0
5698.56,4200.0,4200.0
5698.56,4200.0,4200.0
5698.66,4200.0,4200.0
5698.67,4200.0,4200.0
5698.77,4200.0,4200.0
5698.77,4200.0,4200.0
5698.86,4200.0,4200.0
5698.87,4200.0,4200.0
5698.96,4200.0,4200.0
5698.96,4200.0,4200.0
5699.06,4200.0,4200.0
5699.06,4200.0,4200.0
5699.16,4200.0,4200.0
5699.16,4200.0,4200.0
5699.26,4200.0,4200.0
5699.26,4200.0,4200.0
5699.359,4200.0,4200.0
5699.359,4200.0,4200.0
5699.46,4200.0,4200.0
5699.47,4200.0,4200.0
5699.56,4200.0,4200.0
5699.56,4200.0,4200.0
5699.66,4200.0,4200.0
5699.66,4200.0,4200.0
5699.76,4200.0,4200.0
5699.76,4200.0,4200.0
5699.86,4200.0,4200.0
5699.86,4200.0,4200.0
5699.96,4200.0,4200.0
5699.96,4200.0,4200.0
5700.06,4200.0,4200.0
5700.06,4200.0,4200.0
5700.16,4200.0,4200.0
5700.16,4200.0,4200.0
5700.26,4200.0,4200.0
5700.26,4200.0,4200.0
5700.36,4200.0,4200.0
5700.37,4200.0,4200.0
5700.46,4200.0,4200.0
5700.46,4200.0,4200.0
5700.56,4200.0,4200.0
5700.56,4200.0,4200.0
5700.66,4200.0,4200.0
5700.66,4200.0,4200.0
5700.76,4200.0,4200.0
5700.76,4200.0,4200.0
5700.86,4200.0,4200.0
5700.86,4200.0,4200.0
5700.96,4200.0,4200.0
5700.96,4200.0,4200.0
5701.06,4200.0,4200.0
5701.06,4200.0,4200.0
5701.16,4200.0,4200.0
5701.16,4200.0,4200.0
5701.26,4200.0,4200.0
5701.26,4200.0,4200.0
5701.36,4200.0,4200.0
5701.36,4200.0,4200.0
5701.46,4200.0,4200.0
5701.46,4200.0,4200.0
5701.56,4200.0,4200.0
5701.56,4200.0,4200.0
5701.66,4200.0,4200.0
5701.66,4200.0,4200.0
5701.76,4200.0,4200.0
5701.76,4200.0,4200.0
5701.86,4200.0,4200.0
5701.86,4200.0,4200.0
5701.96,4200.0,4200.0
5701.96,4200.0,4200.0
5702.06,4200.0,4200.0
5702.06,4200.0,4200.0
5702.16,4200.0,4200.0
5702.16,4200.0,4200.0
5702.26,4200.0,4200.0
5702.26,4200.0,4200.0
5702.36,4200.0,4200.0
5702.36,4200.0,4200.0
5702.46,4200.0,4200.0
5702.47,4200.0,4200.0
5702.559,4200.0,4200.0
5702.559,4200.0,4200.0
5702.66,4200.0,4200.0
5702.66,4200.0,4200.0
5702.76,4200.0,4200.0
5702.76,4200.0,4200.0
5702.86,4200.0,4200.0
5702.86,4200.0,4200.0
5702.96,4200.0,4200.0
5702.96,4200.0,4200.0
5703.06,4200.0,4200.0
5703.07,4200.0,4200.0
5703.16,4200.0,4200.0
5703.16,4200.0,4200.0
5703.26,4200.0,4200.0
5703.26,4200.0,4200.0
5703.36,4200.0,4200.0
5703.36,4200.0,4200.0
5703.46,4200.0,4200.0
5703.46,4200.0,4200.0
5703.56,4200.0,4200.0
5703.57,4200.0,4200.0
5703.66,4200.0,4200.0
5703.66,4200.0,4200.0
5703.76,4200.0,4200.0
5703.76,4200.0,4200.0
5703.86,4200.0,4200.0
5703.86,4200.0,4200.0
5703.96,4200.0,4200.0
5703.97,4200.0,4200.0
5704.06,4200.0,4200.0
5704.06,4200.0,4200.0
5704.16,4200.0,4200.0
5704.16,4200.0,4200.0
5704.26,4200.0,4200.0
5704.26,4200.0,4200.0
5704.36,4200.0,4200.0
5704.36,4200.0,4200.0
5704.46,4200.0,4200.0
5704.46,4200.0,4200.0
5704.56,4200.0,4200.0
5704.56,4200.0,4200.0
5704.66,4200.0,4200.0
5704.66,4200.0,4200.0
5704.76,4200.0,4200.0
5704.76,4200.0,4200.0
5704.86,4200.0,4200.0
5704.86,4200.0,4200.0
5704.96,4200.0,4200.0
5704.97,4200.0,4200.0
5705.06,4200.0,4200.0
5705.06,4200.0,4200.0
5705.16,4200.0,4200.0
5705.17,4200.0,4200.0
5705.26,4200.0,4200.0
5705.26,4200.0,4200.0
5705.36,4200.0,4200.0
5705.36,4200.0,4200.0
5705.46,4200.0,4200.0
5705.46,4200.0,4200.0
5705.56,4200.0,4200.0
5705.56,4200.0,4200.0
5705.66,4200.0,4200.0
5705.67,4200.0,4200.0
5705.759,4200.0,4200.0
5705.77,4200.0,4200.0
5705.86,4200.0,4200.0
5705.86,4200.0,4200.0
5705.96,4200.0,4200.0
5705.96,4200.0,4200.0
5706.06,4200.0,4200.0
5706.06,4200.0,4200.0
5706.16,4200.0,4200.0
5706.16,4200.0,4200.0
5706.26,4200.0,4200.0
5706.26,4200.0,4200.0
5706.36,4200.0,4200.0
5706.36,4200.0,4200.0
5706.46,4200.0,4200.0
5706.46,4200.0,4200.0
5706.56,4200.0,4200.0
5706.56,4200.0,4200.0
5706.66,4200.0,4200.0
5706.66,4200.0,4200.0
5706.76,4200.0,4200.0
5706.77,4200.0,4200.0
5706.86,4200.0,4200.0
5706.86,4200.0,4200.0
5706.96,4200.0,4200.0
5706.96,4200.0,4200.0
5707.06,4200.0,4200.0
5707.06,4200.0,4200.0
5707.16,4200.0,4200.0
5707.16,4200.0,4200.0
5707.26,4200.0,4200.0
5707.27,4200.0,4200.0
5707.36,4200.0,4200.0
5707.36,4200.0,4200.0
5707.46,4200.0,4200.0
5707.46,4200.0,4200.0
5707.56,4200.0,4200.0
5707.56,4200.0,4200.0
5707.66,4200.0,4200.0
5707.67,4200.0,4200.0
5707.76,4200.0,4200.0
5707.76,4200.0,4200.0
5707.86,4200.0,4200.0
5707.86,4200.0,4200.0
5707.96,4200.0,4200.0
5707.96,4200.0,4200.0
5708.06,4200.0,4200.0
5708.06,4200.0,4200.0
5708.16,4200.0,4200.0
5708.16,4200.0,4200.0
5708.26,4200.0,4200.0
5708.26,4200.0,4200.0
5708.37,4200.0,4200.0
5708.37,4200.0,4200.0
5708.46,4200.0,4200.0
5708.47,4200.0,4200.0
5708.56,4200.0,4200.0
5708.56,4200.0,4200.0
5708.66,4200.0,4200.0
5708.66,4200.0,4200.0
5708.76,4200.0,4200.0
5708.76,4200.0,4200.0
5708.87,4200.0,4200.0
5708.87,4200.0,4200.0
5708.959,4200.0,4200.0
5708.959,4200.0,4200.0
5709.06,4200.0,4200.0
5709.06,4200.0,4200.0
5709.16,4200.0,4200.0
5709.16,4200.0,4200.0
5709.26,4200.0,4200.0
5709.26,4200.0,4200.0
5709.36,4200.0,4200.0
5709.36,4200.0,4200.0
5709.46,4200.0,4200.0
5709.47,4200.0,4200.0
5709.56,4200.0,4200.0
5709.56,4200.0,4200.0
5709.66,4200.0,4200.0
5709.66,4200.0,4200.0
5709.76,4200.0,4200.0
5709.76,4200.0,4200.0
5709.86,4200.0,4200.0
5709.86,4200.0,4200.0
5709.96,4200.0,4200.0
5709.97,4200.0,4200.0
5710.06,4200.0,4200.0
5710.07,4200.0,4200.0
5710.16,4200.0,4200.0
5710.16,4200.0,4200.0
5710.26,4200.0,4200.0
5710.26,4200.0,4200.0
5710.36,4200.0,4200.0
5710.36,4200.0,4200.0
5710.46,4200.0,4200.0
5710.47,4200.0,4200.0
5710.56,4200.0,4200.0
5710.56,4200.0,4200.0
5710.66,4200.0,4200.0
5710.66,4200.0,4200.0
5710.76,4200.0,4200.0
5710.76,4200.0,4200.0
5710.86,4200.0,4200.0
5710.86,4200.0,4200.0
5710.96,4200.0,4200.0
5710.96,4200.0,4200.0
5711.06,4200.0,4200.0
5711.06,4200.0,4200.0
5711.16,4200.0,4200.0
5711.16,4200.0,4200.0
5711.26,4200.0,4200.0
5711.26,4200.0,4200.0
5711.36,4200.0,4200.0
5711.36,4200.0,4200.0
5711.46,4200.0,4200.0
5711.46,4200.0,4200.0
5711.57,4200.0,4200.0
5711.57,4200.0,4200.0
5711.66,4200.0,4200.0
5711.66,4200.0,4200.0
5711.76,4200.0,4200.0
5711.76,4200.0,4200.0
5711.86,4200.0,4200.0
5711.86,4200.0,4200.0
5711.96,4200.0,4200.0
5711.96,4200.0,4200.0
5712.07,4200.0,4200.0
5712.07,4200.0,4200.0
5712.159,4200.0,4200.0
5712.17,4200.0,4200.0
5712.26,4200.0,4200.0
5712.26,4200.0,4200.0
5712.36,4200.0,4200.0
5712.36,4200.0,4200.0
5712.46,4200.0,4200.0
5712.46,4200.0,4200.0
5712.56,4200.0,4200.0
5712.56,4200.0,4200.0
5712.66,4200.0,4200.0
5712.66,4200.0,4200.0
5712.76,4200.0,4200.0
5712.76,4200.0,4200.0
5712.86,4200.0,4200.0
5712.86,4200.0,4200.0
5712.96,4200.0,4200.0
5712.96,4200.0,4200.0
5713.06,4200.0,4200.0
5713.06,4200.0,4200.0
5713.16,4200.0,4200.0
5713.16,4200.0,4200.0
5713.26,4200.0,4200.0
5713.26,4200.0,4200.0
5713.36,4200.0,4200.0
5713.36,4200.0,4200.0
5713.46,4200.0,4200.0
5713.46,4200.0,4200.0
5713.56,4200.0,4200.0
5713.56,4200.0,4200.0
5713.66,4200.0,4200.0
5713.67,4200.0,4200.0
5713.76,4200.0,4200.0
5713.76,4200.0,4200.0
5713.86,4200.0,4200.0
5713.86,4200.0,4200.0
5713.96,4200.0,4200.0
5713.97,4200.0,4200.0
5714.06,4200.0,4200.0
5714.06,4200.0,4200.0
5714.16,4200.0,4200.0
5714.17,4200.0,4200.0
5714.26,4200.0,4200.0
5714.26,4200.0,4200.0
5714.36,4200.0,4200.0
5714.36,4200.0,4200.0
5714.46,4200.0,4200.0
5714.46,4200.0,4200.0
5714.56,4200.0,4200.0
5714.56,4200.0,4200.0
5714.66,4200.0,4200.0
5714.66,4200.0,4200.0
5714.77,4200.0,4200.0
5714.77,4200.0,4200.0
5714.86,4200.0,4200.0
5714.86,4200.0,4200.0
5714.96,4200.0,4200.0
5714.96,4200.0,4200.0
5715.06,4200.0,4200.0
5715.06,4200.0,4200.0
5715.16,4200.0,4200.0
5715.16,4200.0,4200.0
5715.26,4200.0,4200.0
5715.26,4200.0,4200.0
5715.359,4200.0,4200.0
5715.359,4200.0,4200.0
5715.46,4200.0,4200.0
5715.46,4200.0,4200.0
5715.56,4200.0,4200.0
5715.56,4200.0,4200.0
5715.66,4200.0,4200.0
5715.66,4200.0,4200.0
5715.76,4200.0,4200.0
5715.76,4200.0,4200.0
5715.86,4200.0,4200.0
5715.86,4200.0,4200.0
5715.96,4200.0,4200.0
5715.96,4200.0,4200.0
5716.06,4200.0,4200.0
5716.06,4200.0,4200.0
5716.16,4200.0,4200.0
5716.16,4200.0,4200.0
5716.26,4200.0,4200.0
5716.26,4200.0,4200.0
5716.36,4200.0,4200.0
5716.37,4200.0,4200.0
5716.46,4200.0,4200.0
5716.46,4200.0,4200.0
5716.56,4200.0,4200.0
5716.56,4200.0,4200.0
5716.66,4200.0,4200.0
5716.66,4200.0,4200.0
5716.76,4200.0,4200.0
5716.76,4200.0,4200.0
5716.86,4200.0,4200.0
5716.87,4200.0,4200.0
5716.96,4200.0,4200.0
5716.96,4200.0,4200.0
5717.06,4200.0,4200.0
5717.06,4200.0,4200.0
5717.16,4200.0,4200.0
5717.16,4200.0,4200.0
5717.26,4200.0,4200.0
5717.26,4200.0,4200.0
5717.36,4200.0,4200.0
5717.36,4200.0,4200.0
5717.46,4200.0,4200.0
5717.46,4200.0,4200.0
5717.56,4200.0,4200.0
5717.56,4200.0,4200.0
5717.66,4200.0,4200.0
5717.66,4200.0,4200.0
5717.76,4200.0,4200.0
5717.77,4200.0,4200.0
5717.86,4200.0,4200.0
5717.86,4200.0,4200.0
5717.96,4200.0,4200.0
5717.97,4200.0,4200.0
5718.06,4200.0,4200.0
5718.06,4200.0,4200.0
5718.16,4200.0,4200.0
5718.16,4200.0,4200.0
5718.26,4200.0,4200.0
5718.26,4200.0,4200.0
5718.36,4200.0,4200.0
5718.36,4200.0,4200.0
5718.46,4200.0,4200.0
5718.47,4200.0,4200.0
5718.559,4200.0,4200.0
5718.559,4200.0,4200.0
5718.66,4200.0,4200.0
5718.66,4200.0,4200.0
5718.76,4200.0,4200.0
5718.76,4200.0,4200.0
5718.86,4200.0,4200.0
5718.86,4200.0,4200.0
5718.96,4200.0,4200.0
5718.96,4200.0,4200.0
5719.06,4200.0,4200.0
5719.06,4200.0,4200.0
5719.16,4200.0,4200.0
5719.16,4200.0,4200.0
5719.26,4200.0,4200.0
5719.26,4200.0,4200.0
5719.36,4200.0,4200.0
5719.36,4200.0,4200.0
5719.46,4200.0,4200.0
5719.46,4200.0,4200.0
5719.56,4200.0,4200.0
5719.56,4200.0,4200.0
5719.66,4200.0,4200.0
5719.66,4200.0,4200.0
5719.76,4200.0,4200.0
5719.76,4200.0,4200.0
5719.86,4200.0,4200.0
5719.86,4200.0,4200.0
5719.96,4200.0,4200.0
5719.96,4200.0,4200.0
5720.06,4200.0,4200.0
5720.07,4200.0,4200.0
5720.16,4200.0,4200.0
5720.16,4200.0,4200.0
5720.26,4200.0,4200.0
5720.26,4200.0,4200.0
5720.36,4200.0,4200.0
5720.36,4200.0,4200.0
5720.46,4200.0,4200.0
5720.46,4200.0,4200.0
5720.57,4200.0,4200.0
5720.57,4200.0,4200.0
5720.66,4200.0,4200.0
5720.66,4200.0,4200.0
5720.76,4200.0,4200.0
5720.76,4200.0,4200.0
5720.86,4200.0,4200.0
5720.86,4200.0,4200.0
5720.96,4200.0,4200.0
5720.96,4200.0,4200.0
5721.06,4200.0,4200.0
5721.06,4200.0,4200.0
5721.16,4200.0,4200.0
5721.16,4200.0,4200.0
5721.26,4200.0,4200.0
5721.26,4200.0,4200.0
5721.36,4200.0,4200.0
5721.36,4200.0,4200.0
5721.46,4200.0,4200.0
5721.46,4200.0,4200.0
5721.56,4200.0,4200.0
5721.56,4200.0,4200.0
5721.66,4200.0,4200.0
5721.67,4200.0,4200.0
5721.759,4200.0,4200.0
5721.759,4200.0,4200.0
5721.86,4200.0,4200.0
5721.86,4200.0,4200.0
5721.96,4200.0,4200.0
5721.96,4200.0,4200.0
5722.06,4200.0,4200.0
5722.06,4200.0,4200.0
5722.16,4200.0,4200.0
5722.17,4200.0,4200.0
5722.26,4200.0,4200.0
5722.26,4200.0,4200.0
5722.36,4200.0,4200.0
5722.36,4200.0,4200.0
5722.46,4200.0,4200.0
5722.46,4200.0,4200.0
5722.56,4200.0,4200.0
5722.56,4200.0,4200.0
5722.66,4200.0,4200.0
5722.66,4200.0,4200.0
5722.76,4200.0,4200.0
5722.76,4200.0,4200.0
5722.86,4200.0,4200.0
5722.86,4200.0,4200.0
5722.96,4200.0,4200.0
5722.96,4200.0,4200.0
5723.06,4200.0,4200.0
5723.06,4200.0,4200.0
5723.16,4200.0,4200.0
5723.16,4200.0,4200.0
5723.26,4200.0,4200.0
5723.27,4200.0,4200.0
5723.36,4200.0,4200.0
5723.36,4200.0,4200.0
5723.46,4200.0,4200.0
5723.46,4200.0,4200.0
5723.56,4200.0,4200.0
5723.56,4200.0,4200.0
5723.66,4200.0,4200.0
5723.66,4200.0,4200.0
5723.77,4200.0,4200.0
5723.77,4200.0,4200.0
5723.86,4200.0,4200.0
5723.86,4200.0,4200.0
5723.96,4200.0,4200.0
5723.96,4200.0,4200.0
5724.06,4200.0,4200.0
5724.06,4200.0,4200.0
5724.16,4200.0,4200.0
5724.16,4200.0,4200.0
5724.26,4200.0,4200.0
5724.26,4200.0,4200.0
5724.36,4200.0,4200.0
5724.36,4200.0,4200.0
5724.46,4200.0,4200.0
5724.46,4200.0,4200.0
5724.56,4200.0,4200.0
5724.56,4200.0,4200.0
5724.66,4200.0,4200.0
5724.66,4200.0,4200.0
5724.76,4200.0,4200.0
5724.76,4200.0,4200.0
5724.87,4200.0,4200.0
5724.87,4200.0,4200.0
5724.959,4200.0,4200.0
5724.959,4200.0,4200.0
5725.06,4200.0,4200.0
5725.06,4200.0,4200.0
5725.16,4200.0,4200.0
5725.16,4200.0,4200.0
5725.26,4200.0,4200.0
5725.26,4200.0,4200.0
5725.36,4200.0,4200.0
5725.37,4200.0,4200.0
5725.46,4200.0,4200.0
5725.47,4200.0,4200.0
5725.56,4200.0,4200.0
5725.56,4200.0,4200.0
5725.66,4200.0,4200.0
5725.66,4200.0,4200.0
5725.76,4200.0,4200.0
5725.76,4200.0,4200.0
5725.86,4200.0,4200.0
5725.86,4200.0,4200.0
5725.96,4200.0,4200.0
5725.96,4200.0,4200.0
5726.06,4200.0,4200.0
5726.06,4200.0,4200.0
5726.16,4200.0,4200.0
5726.16,4200.0,4200.0
5726.26,4200.0,4200.0
5726.26,4200.0,4200.0
5726.36,4200.0,4200.0
5726.36,4200.0,4200.0
5726.46,4200.0,4200.0
5726.46,4200.0,4200.0
5726.56,4200.0,4200.0
5726.56,4200.0,4200.0
5726.66,4200.0,4200.0
5726.66,4200.0,4200.0
5726.76,4200.0,4200.0
5726.76,4200.0,4200.0
5726.86,4200.0,4200.0
5726.86,4200.0,4200.0
5726.97,4200.0,4200.0
5726.97,4200.0,4200.0
5727.06,4200.0,4200.0
5727.06,4200.0,4200.0
5727.16,4200.0,4200.0
5727.16,4200.0,4200.0
5727.26,4200.0,4200.0
5727.26,4200.0,4200.0
5727.36,4200.0,4200.0
5727.36,4200.0,4200.0
5727.46,4200.0,4200.0
5727.47,4200.0,4200.0
5727.56,4200.0,4200.0
5727.57,4200.0,4200.0
5727.66,4200.0,4200.0
5727.66,4200.0,4200.0
5727.76,4200.0,4200.0
5727.76,4200.0,4200.0
5727.86,4200.0,4200.0
5727.86,4200.0,4200.0
5727.96,4200.0,4200.0
5727.96,4200.0,4200.0
5728.07,4200.0,4200.0
5728.07,4200.0,4200.0
5728.159,4200.0,4200.0
5728.159,4200.0,4200.0
5728.26,4200.0,4200.0
5728.26,4200.0,4200.0
5728.36,4200.0,4200.0
5728.36,4200.0,4200.0
5728.46,4200.0,4200.0
5728.46,4200.0,4200.0
5728.56,4200.0,4200.0
5728.56,4200.0,4200.0
5728.66,4200.0,4200.0
5728.66,4200.0,4200.0
5728.76,4200.0,4200.0
5728.76,4200.0,4200.0
5728.86,4200.0,4200.0
5728.86,4200.0,4200.0
5728.96,4200.0,4200.0
5728.96,4200.0,4200.0
5729.06,4200.0,4200.0
5729.06,4200.0,4200.0
5729.16,4200.0,4200.0
5729.16,4200.0,4200.0
5729.26,4200.0,4200.0
5729.26,4200.0,4200.0
5729.36,4200.0,4200.0
5729.36,4200.0,4200.0
5729.46,4200.0,4200.0
5729.46,4200.0,4200.0
5729.56,4200.0,4200.0
5729.56,4200.0,4200.0
5729.66,4200.0,4200.0
5729.66,4200.0,4200.0
5729.76,4200.0,4200.0
5729.76,4200.0,4200.0
5729.86,4200.0,4200.0
5729.86,4200.0,4200.0
5729.96,4200.0,4200.0
5729.96,4200.0,4200.0
5730.06,4200.0,4200.0
5730.06,4200.0,4200.0
5730.17,4200.0,4200.0
5730.17,4200.0,4200.0
5730.26,4200.0,4200.0
5730.26,4200.0,4200.0
5730.36,4200.0,4200.0
5730.36,4200.0,4200.0
5730.46,4200.0,4200.0
5730.46,4200.0,4200.0
5730.56,4200.0,4200.0
5730.56,4200.0,4200.0
5730.66,4200.0,4200.0
5730.66,4200.0,4200.0
5730.76,4200.0,4200.0
5730.76,4200.0,4200.0
5730.86,4200.0,4200.0
5730.86,4200.0,4200.0
5730.96,4200.0,4200.0
5730.96,4200.0,4200.0
5731.06,4200.0,4200.0
5731.06,4200.0,4200.0
5731.16,4200.0,4200.0
5731.16,4200.0,4200.0
5731.27,4200.0,4200.0
5731.27,4200.0,4200.0
5731.359,4200.0,4200.0
5731.359,4200.0,4200.0
5731.46,4200.0,4200.0
5731.46,4200.0,4200.0
5731.56,4200.0,4200.0
5731.56,4200.0,4200.0
5731.66,4200.0,4200.0
5731.66,4200.0,4200.0
5731.76,4200.0,4200.0
5731.77,4200.0,4200.0
5731.86,4200.0,4200.0
5731.86,4200.0,4200.0
5731.96,4200.0,4200.0
5731.97,4200.0,4200.0
5732.06,4200.0,4200.0
5732.06,4200.0,4200.0
5732.16,4200.0,4200.0
5732.16,4200.0,4200.0
5732.26,4200.0,4200.0
5732.27,4200.0,4200.0
5732.36,4200.0,4200.0
5732.36,4200.0,4200.0
5732.46,4200.0,4200.0
5732.46,4200.0,4200.0
5732.56,4200.0,4200.0
5732.56,4200.0,4200.0
5732.66,4200.0,4200.0
5732.66,4200.0,4200.0
5732.76,4200.0,4200.0
5732.76,4200.0,4200.0
5732.86,4200.0,4200.0
5732.86,4200.0,4200.0
5732.96,4200.0,4200.0
5732.96,4200.0,4200.0
5733.06,4200.0,4200.0
5733.06,4200.0,4200.0
5733.16,4200.0,4200.0
5733.16,4200.0,4200.0
5733.26,4200.0,4200.0
5733.26,4200.0,4200.0
5733.37,4200.0,4200.0
5733.38,4200.0,4200.0
5733.46,4200.0,4200.0
5733.46,4200.0,4200.0
5733.56,4200.0,4200.0
5733.56,4200.0,4200.0
5733.66,4200.0,4200.0
5733.66,4200.0,4200.0
5733.76,4200.0,4200.0
5733.76,4200.0,4200.0
5733.87,4200.0,4200.0
5733.87,4200.0,4200.0
5733.96,4200.0,4200.0
5733.96,4200.0,4200.0
5734.06,4200.0,4200.0
5734.06,4200.0,4200.0
5734.16,4200.0,4200.0
5734.16,4200.0,4200.0
5734.26,4200.0,4200.0
5734.26,4200.0,4200.0
5734.36,4200.0,4200.0
5734.36,4200.0,4200.0
5734.46,4200.0,4200.0
5734.47,4200.0,4200.0
5734.559,4200.0,4200.0
5734.57,4200.0,4200.0
5734.66,4200.0,4200.0
5734.66,4200.0,4200.0
5734.76,4200.0,4200.0
5734.76,4200.0,4200.0
5734.86,4200.0,4200.0
5734.86,4200.0,4200.0
5734.96,4200.0,4200.0
5734.97,4200.0,4200.0
5735.06,4200.0,4200.0
5735.06,4200.0,4200.0
5735.16,4200.0,4200.0
5735.16,4200.0,4200.0
5735.26,4200.0,4200.0
5735.26,4200.0,4200.0
5735.36,4200.0,4200.0
5735.36,4200.0,4200.0
5735.46,4200.0,4200.0
5735.47,4200.0,4200.0
5735.56,4200.0,4200.0
5735.56,4200.0,4200.0
5735.66,4200.0,4200.0
5735.66,4200.0,4200.0
5735.76,4200.0,4200.0
5735.76,4200.0,4200.0
5735.86,4200.0,4200.0
5735.86,4200.0,4200.0
5735.96,4200.0,4200.0
5735.96,4200.0,4200.0
5736.06,4200.0,4200.0
5736.06,4200.0,4200.0
5736.16,4200.0,4200.0
5736.16,4200.0,4200.0
5736.26,4200.0,4200.0
5736.26,4200.0,4200.0
5736.36,4200.0,4200.0
5736.36,4200.0,4200.0
5736.46,4200.0,4200.0
5736.46,4200.0,4200.0
5736.57,4200.0,4200.0
5736.57,4200.0,4200.0
5736.66,4200.0,4200.0
5736.67,4200.0,4200.0
5736.76,4200.0,4200.0
5736.76,4200.0,4200.0
5736.86,4200.0,4200.0
5736.86,4200.0,4200.0
5736.96,4200.0,4200.0
5736.96,4200.0,4200.0
5737.07,4200.0,4200.0
5737.07,4200.0,4200.0
5737.16,4200.0,4200.0
5737.16,4200.0,4200.0
5737.26,4200.0,4200.0
5737.26,4200.0,4200.0
5737.36,4200.0,4200.0
5737.36,4200.0,4200.0
5737.46,4200.0,4200.0
5737.46,4200.0,4200.0
5737.56,4200.0,4200.0
5737.56,4200.0,4200.0
5737.66,4200.0,4200.0
5737.66,4200.0,4200.0
5737.759,4200.0,4200.0
5737.759,4200.0,4200.0
5737.86,4200.0,4200.0
5737.86,4200.0,4200.0
5737.96,4200.0,4200.0
5737.96,4200.0,4200.0
5738.06,4200.0,4200.0
5738.06,4200.0,4200.0
5738.16,4200.0,4200.0
5738.17,4200.0,4200.0
5738.26,4200.0,4200.0
5738.26,4200.0,4200.0
5738.36,4200.0,4200.0
5738.36,4200.0,4200.0
5738.46,4200.0,4200.0
5738.46,4200.0,4200.0
5738.56,4200.0,4200.0
5738.56,4200.0,4200.0
5738.66,4200.0,4200.0
5738.67,4200.0,4200.0
5738.76,4200.0,4200.0
5738.76,4200.0,4200.0
5738.86,4200.0,4200.0
5738.86,4200.0,4200.0
5738.96,4200.0,4200.0
5738.96,4200.0,4200.0
5739.06,4200.0,4200.0
5739.06,4200.0,4200.0
5739.17,4200.0,4200.0
5739.17,4200.0,4200.0
5739.26,4200.0,4200.0
5739.26,4200.0,4200.0
5739.36,4200.0,4200.0
5739.36,4200.0,4200.0
5739.46,4200.0,4200.0
5739.46,4200.0,4200.0
5739.56,4200.0,4200.0
5739.56,4200.0,4200.0
5739.66,4200.0,4200.0
5739.66,4200.0,4200.0
5739.76,4200.0,4200.0
5739.76,4200.0,4200.0
5739.86,4200.0,4200.0
5739.86,4200.0,4200.0
5739.96,4200.0,4200.0
5739.96,4200.0,4200.0
5740.06,4200.0,4200.0
5740.06,4200.0,4200.0
5740.16,4200.0,4200.0
5740.16,4200.0,4200.0
5740.27,4200.0,4200.0
5740.27,4200.0,4200.0
5740.36,4200.0,4200.0
5740.36,4200.0,4200.0
5740.46,4200.0,4200.0
5740.46,4200.0,4200.0
5740.56,4200.0,4200.0
5740.56,4200.0,4200.0
5740.66,4200.0,4200.0
5740.66,4200.0,4200.0
5740.76,4200.0,4200.0
5740.76,4200.0,4200.0
5740.86,4200.0,4200.0
5740.87,4200.0,4200.0
5740.959,4200.0,4200.0
5740.97,4200.0,4200.0
5741.06,4200.0,4200.0
5741.06,4200.0,4200.0
5741.16,4200.0,4200.0
5741.16,4200.0,4200.0
5741.26,4200.0,4200.0
5741.26,4200.0,4200.0
5741.36,4200.0,4200.0
5741.37,4200.0,4200.0
5741.46,4200.0,4200.0
5741.46,4200.0,4200.0
5741.56,4200.0,4200.0
5741.56,4200.0,4200.0
5741.66,4200.0,4200.0
5741.66,4200.0,4200.0
5741.76,4200.0,4200.0
5741.76,4200.0,4200.0
5741.86,4200.0,4200.0
5741.86,4200.0,4200.0
5741.96,4200.0,4200.0
5741.96,4200.0,4200.0
5742.06,4200.0,4200.0
5742.06,4200.0,4200.0
5742.16,4200.0,4200.0
5742.16,4200.0,4200.0
5742.26,4200.0,4200.0
5742.26,4200.0,4200.0
5742.36,4200.0,4200.0
5742.37,4200.0,4200.0
5742.46,4200.0,4200.0
5742.46,4200.0,4200.0
5742.56,4200.0,4200.0
5742.56,4200.0,4200.0
5742.66,4200.0,4200.0
5742.66,4200.0,4200.0
5742.76,4200.0,4200.0
5742.76,4200.0,4200.0
5742.86,4200.0,4200.0
5742.86,4200.0,4200.0
5742.96,4200.0,4200.0
5742.97,4200.0,4200.0
5743.06,4200.0,4200.0
5743.06,4200.0,4200.0
5743.16,4200.0,4200.0
5743.16,4200.0,4200.0
5743.26,4200.0,4200.0
5743.26,4200.0,4200.0
5743.36,4200.0,4200.0
5743.36,4200.0,4200.0
5743.47,4200.0,4200.0
5743.47,4200.0,4200.0
5743.56,4200.0,4200.0
5743.56,4200.0,4200.0
5743.66,4200.0,4200.0
5743.66,4200.0,4200.0
5743.76,4200.0,4200.0
5743.76,4200.0,4200.0
5743.86,4200.0,4200.0
5743.86,4200.0,4200.0
5743.96,4200.0,4200.0
5743.96,4200.0,4200.0
5744.06,4200.0,4200.0
5744.06,4200.0,4200.0
5744.159,4200.0,4200.0
5744.159,4200.0,4200.0
5744.26,4200.0,4200.0
5744.26,4200.0,4200.0
5744.36,4200.0,4200.0
5744.36,4200.0,4200.0
5744.46,4200.0,4200.0
5744.46,4200.0,4200.0
5744.56,4200.0,4200.0
5744.57,4200.0,4200.0
5744.66,4200.0,4200.0
5744.66,4200.0,4200.0
5744.76,4200.0,4200.0
5744.76,4200.0,4200.0
5744.86,4200.0,4200.0
5744.86,4200.0,4200.0
5744.96,4200.0,4200.0
5744.96,4200.0,4200.0
5745.06,4200.0,4200.0
5745.06,4200.0,4200.0
5745.16,4200.0,4200.0
5745.16,4200.0,4200.0
5745.26,4200.0,4200.0
5745.26,4200.0,4200.0
5745.36,4200.0,4200.0
5745.36,4200.0,4200.0
5745.46,4200.0,4200.0
5745.47,4200.0,4200.0
5745.57,4200.0,4200.0
5745.57,4200.0,4200.0
5745.66,4200.0,4200.0
5745.66,4200.0,4200.0
5745.76,4200.0,4200.0
5745.76,4200.0,4200.0
5745.86,4200.0,4200.0
5745.86,4200.0,4200.0
5745.96,4200.0,4200.0
5745.96,4200.0,4200.0
5746.06,4200.0,4200.0
5746.06,4200.0,4200.0
5746.17,4200.0,4200.0
5746.17,4200.0,4200.0
5746.26,4200.0,4200.0
5746.27,4200.0,4200.0
5746.36,4200.0,4200.0
5746.36,4200.0,4200.0
5746.46,4200.0,4200.0
5746.46,4200.0,4200.0
5746.56,4200.0,4200.0
5746.56,4200.0,4200.0
5746.67,4200.0,4200.0
5746.67,4200.0,4200.0
5746.76,4200.0,4200.0
5746.76,4200.0,4200.0
5746.86,4200.0,4200.0
5746.86,4200.0,4200.0
5746.96,4200.0,4200.0
5746.96,4200.0,4200.0
5747.06,4200.0,4200.0
5747.06,4200.0,4200.0
5747.16,4200.0,4200.0
5747.17,4200.0,4200.0
5747.26,4200.0,4200.0
5747.26,4200.0,4200.0
5747.359,4200.0,4200.0
5747.359,4200.0,4200.0
5747.46,4200.0,4200.0
5747.46,4200.0,4200.0
5747.56,4200.0,4200.0
5747.56,4200.0,4200.0
5747.66,4200.0,4200.0
5747.66,4200.0,4200.0
5747.76,4200.0,4200.0
5747.77,4200.0,4200.0
5747.86,4200.0,4200.0
5747.87,4200.0,4200.0
5747.96,4200.0,4200.0
5747.96,4200.0,4200.0
5748.06,4200.0,4200.0
5748.06,4200.0,4200.0
5748.16,4200.0,4200.0
5748.16,4200.0,4200.0
5748.27,4200.0,4200.0
5748.27,4200.0,4200.0
5748.36,4200.0,4200.0
5748.36,4200.0,4200.0
5748.46,4200.0,4200.0
5748.46,4200.0,4200.0
5748.56,4200.0,4200.0
5748.56,4200.0,4200.0
5748.66,4200.0,4200.0
5748.66,4200.0,4200.0
5748.77,4200.0,4200.0
5748.77,4200.0,4200.0
5748.86,4200.0,4200.0
5748.86,4200.0,4200.0
5748.96,4200.0,4200.0
5748.96,4200.0,4200.0
5749.06,4200.0,4200.0
5749.06,4200.0,4200.0
5749.16,4200.0,4200.0
5749.16,4200.0,4200.0
5749.26,4200.0,4200.0
5749.26,4200.0,4200.0
5749.36,4200.0,4200.0
5749.37,4200.0,4200.0
5749.46,4200.0,4200.0
5749.46,4200.0,4200.0
5749.56,4200.0,4200.0
5749.56,4200.0,4200.0
5749.66,4200.0,4200.0
5749.66,4200.0,4200.0
5749.76,4200.0,4200.0
5749.76,4200.0,4200.0
5749.87,4200.0,4200.0
5749.87,4200.0,4200.0
5749.96,4200.0,4200.0
5749.97,4200.0,4200.0
5750.06,4200.0,4200.0
5750.06,4200.0,4200.0
5750.16,4200.0,4200.0
5750.16,4200.0,4200.0
5750.26,4200.0,4200.0
5750.26,4200.0,4200.0
5750.36,4200.0,4200.0
5750.37,4200.0,4200.0
5750.46,4200.0,4200.0
5750.46,4200.0,4200.0
5750.559,4200.0,4200.0
5750.559,4200.0,4200.0
5750.66,4200.0,4200.0
5750.66,4200.0,4200.0
5750.76,4200.0,4200.0
5750.76,4200.0,4200.0
5750.86,4200.0,4200.0
5750.86,4200.0,4200.0
5750.96,4200.0,4200.0
5750.96,4200.0,4200.0
5751.06,4200.0,4200.0
5751.06,4200.0,4200.0
5751.16,4200.0,4200.0
5751.16,4200.0,4200.0
5751.26,4200.0,4200.0
5751.26,4200.0,4200.0
5751.36,4200.0,4200.0
5751.36,4200.0,4200.0
5751.47,4200.0,4200.0
5751.47,4200.0,4200.0
5751.56,4200.0,4200.0
5751.56,4200.0,4200.0
5751.66,4200.0,4200.0
5751.66,4200.0,4200.0
5751.76,4200.0,4200.0
5751.76,4200.0,4200.0
5751.86,4200.0,4200.0
5751.86,4200.0,4200.0
5751.97,4200.0,4200.0
5751.97,4200.0,4200.0
5752.06,4200.0,4200.0
5752.07,4200.0,4200.0
5752.16,4200.0,4200.0
5752.16,4200.0,4200.0
5752.26,4200.0,4200.0
5752.26,4200.0,4200.0
5752.36,4200.0,4200.0
5752.36,4200.0,4200.0
5752.46,4200.0,4200.0
5752.47,4200.0,4200.0
5752.56,4200.0,4200.0
5752.57,4200.0,4200.0
5752.66,4200.0,4200.0
5752.66,4200.0,4200.0
5752.76,4200.0,4200.0
5752.76,4200.0,4200.0
5752.86,4200.0,4200.0
5752.86,4200.0,4200.0
5752.96,4200.0,4200.0
5752.96,4200.0,4200.0
5753.06,4200.0,4200.0
5753.06,4200.0,4200.0
5753.16,4200.0,4200.0
5753.16,4200.0,4200.0
5753.26,4200.0,4200.0
5753.26,4200.0,4200.0
5753.36,4200.0,4200.0
5753.36,4200.0,4200.0
5753.46,4200.0,4200.0
5753.46,4200.0,4200.0
5753.56,4200.0,4200.0
5753.57,4200.0,4200.0
5753.66,4200.0,4200.0
5753.66,4200.0,4200.0
5753.759,4200.0,4200.0
5753.759,4200.0,4200.0
5753.86,4200.0,4200.0
5753.86,4200.0,4200.0
5753.96,4200.0,4200.0
5753.96,4200.0,4200.0
5754.06,4200.0,4200.0
5754.07,4200.0,4200.0
5754.16,4200.0,4200.0
5754.16,4200.0,4200.0
5754.26,4200.0,4200.0
5754.26,4200.0,4200.0
5754.36,4200.0,4200.0
5754.36,4200.0,4200.0
5754.46,4200.0,4200.0
5754.46,4200.0,4200.0
5754.56,4200.0,4200.0
5754.56,4200.0,4200.0
5754.67,4200.0,4200.0
5754.67,4200.0,4200.0
5754.76,4200.0,4200.0
5754.76,4200.0,4200.0
5754.86,4200.0,4200.0
5754.86,4200.0,4200.0
5754.96,4200.0,4200.0
5754.96,4200.0,4200.0
5755.06,4200.0,4200.0
5755.06,4200.0,4200.0
5755.16,4200.0,4200.0
5755.17,4200.0,4200.0
5755.26,4200.0,4200.0
5755.27,4200.0,4200.0
5755.36,4200.0,4200.0
5755.36,4200.0,4200.0
5755.46,4200.0,4200.0
5755.46,4200.0,4200.0
5755.56,4200.0,4200.0
5755.56,4200.0,4200.0
5755.66,4200.0,4200.0
5755.67,4200.0,4200.0
5755.76,4200.0,4200.0
5755.76,4200.0,4200.0
5755.86,4200.0,4200.0
5755.86,4200.0,4200.0
5755.96,4200.0,4200.0
5755.96,4200.0,4200.0
5756.06,4200.0,4200.0
5756.06,4200.0,4200.0
5756.16,4200.0,4200.0
5756.16,4200.0,4200.0
5756.26,4200.0,4200.0
5756.27,4200.0,4200.0
5756.36,4200.0,4200.0
5756.36,4200.0,4200.0
5756.46,4200.0,4200.0
5756.46,4200.0,4200.0
5756.56,4200.0,4200.0
5756.56,4200.0,4200.0
5756.66,4200.0,4200.0
5756.66,4200.0,4200.0
5756.76,4200.0,4200.0
5756.77,4200.0,4200.0
5756.86,4200.0,4200.0
5756.86,4200.0,4200.0
5756.959,4200.0,4200.0
5756.959,4200.0,4200.0
5757.06,4200.0,4200.0
5757.06,4200.0,4200.0
5757.16,4200.0,4200.0
5757.17,4200.0,4200.0
5757.26,4200.0,4200.0
5757.27,4200.0,4200.0
5757.36,4200.0,4200.0
5757.36,4200.0,4200.0
5757.46,4200.0,4200.0
5757.46,4200.0,4200.0
5757.56,4200.0,4200.0
5757.56,4200.0,4200.0
5757.66,4200.0,4200.0
5757.66,4200.0,4200.0
5757.76,4200.0,4200.0
5757.76,4200.0,4200.0
5757.87,4200.0,4200.0
5757.88,4200.0,4200.0
5757.96,4200.0,4200.0
5757.96,4200.0,4200.0
5758.06,4200.0,4200.0
5758.06,4200.0,4200.0
5758.16,4200.0,4200.0
5758.16,4200.0,4200.0
5758.26,4200.0,4200.0
5758.26,4200.0,4200.0
5758.36,4200.0,4200.0
5758.37,4200.0,4200.0
5758.46,4200.0,4200.0
5758.46,4200.0,4200.0
5758.56,4200.0,4200.0
5758.56,4200.0,4200.0
5758.66,4200.0,4200.0
5758.66,4200.0,4200.0
5758.76,4200.0,4200.0
5758.76,4200.0,4200.0
5758.86,4200.0,4200.0
5758.87,4200.0,4200.0
5758.96,4200.0,4200.0
5758.97,4200.0,4200.0
5759.06,4200.0,4200.0
5759.06,4200.0,4200.0
5759.16,4200.0,4200.0
5759.16,4200.0,4200.0
5759.26,4200.0,4200.0
5759.26,4200.0,4200.0
5759.36,4200.0,4200.0
5759.36,4200.0,4200.0
5759.46,4200.0,4200.0
5759.47,4200.0,4200.0
5759.56,4200.0,4200.0
5759.56,4200.0,4200.0
5759.66,4200.0,4200.0
5759.66,4200.0,4200.0
5759.76,4200.0,4200.0
5759.76,4200.0,4200.0
5759.86,4200.0,4200.0
5759.86,4200.0,4200.0
5759.96,4200.0,4200.0
5759.97,4200.0,4200.0
5760.06,4200.0,4200.0
5760.06,4200.0,4200.0
5760.159,4200.0,4200.0
5760.159,4200.0,4200.0
5760.26,4200.0,4200.0
5760.26,4200.0,4200.0
5760.36,4200.0,4200.0
5760.36,4200.0,4200.0
5760.47,4200.0,4200.0
5760.47,4200.0,4200.0
5760.56,4200.0,4200.0
5760.56,4200.0,4200.0
5760.66,4200.0,4200.0
5760.66,4200.0,4200.0
5760.76,4200.0,4200.0
5760.76,4200.0,4200.0
5760.86,4200.0,4200.0
5760.86,4200.0,4200.0
5760.96,4200.0,4200.0
5760.96,4200.0,4200.0
5761.07,4200.0,4200.0
5761.07,4200.0,4200.0
5761.16,4200.0,4200.0
5761.17,4200.0,4200.0
5761.26,4200.0,4200.0
5761.26,4200.0,4200.0
5761.36,4200.0,4200.0
5761.36,4200.0,4200.0
5761.46,4200.0,4200.0
5761.46,4200.0,4200.0
5761.57,4200.0,4200.0
5761.57,4200.0,4200.0
5761.66,4200.0,4200.0
5761.66,4200.0,4200.0
5761.76,4200.0,4200.0
5761.76,4200.0,4200.0
5761.86,4200.0,4200.0
5761.86,4200.0,4200.0
5761.96,4200.0,4200.0
5761.96,4200.0,4200.0
5762.06,4200.0,4200.0
5762.07,4200.0,4200.0
5762.16,4200.0,4200.0
5762.16,4200.0,4200.0
5762.26,4200.0,4200.0
5762.26,4200.0,4200.0
5762.36,4200.0,4200.0
5762.36,4200.0,4200.0
5762.46,4200.0,4200.0
5762.47,4200.0,4200.0
5762.56,4200.0,4200.0
5762.56,4200.0,4200.0
5762.66,4200.0,4200.0
5762.67,4200.0,4200.0
5762.76,4200.0,4200.0
5762.76,4200.0,4200.0
5762.86,4200.0,4200.0
5762.86,4200.0,4200.0
5762.96,4200.0,4200.0
5762.96,4200.0,4200.0
5763.06,4200.0,4200.0
5763.06,4200.0,4200.0
5763.16,4200.0,4200.0
5763.17,4200.0,4200.0
5763.26,4200.0,4200.0
5763.26,4200.0,4200.0
5763.359,4200.0,4200.0
5763.359,4200.0,4200.0
5763.46,4200.0,4200.0
5763.47,4200.0,4200.0
5763.56,4200.0,4200.0
5763.56,4200.0,4200.0
5763.67,4200.0,4200.0
5763.67,4200.0,4200.0
5763.76,4200.0,4200.0
5763.76,4200.0,4200.0
5763.86,4200.0,4200.0
5763.86,4200.0,4200.0
5763.96,4200.0,4200.0
5763.96,4200.0,4200.0
5764.06,4200.0,4200.0
5764.06,4200.0,4200.0
5764.16,4200.0,4200.0
5764.17,4200.0,4200.0
5764.26,4200.0,4200.0
5764.26,4200.0,4200.0
5764.36,4200.0,4200.0
5764.36,4200.0,4200.0
5764.46,4200.0,4200.0
5764.46,4200.0,4200.0
5764.56,4200.0,4200.0
5764.56,4200.0,4200.0
5764.66,4200.0,4200.0
5764.66,4200.0,4200.0
5764.77,4200.0,4200.0
5764.77,4200.0,4200.0
5764.86,4200.0,4200.0
5764.86,4200.0,4200.0
5764.96,4200.0,4200.0
5764.96,4200.0,4200.0
5765.06,4200.0,4200.0
5765.06,4200.0,4200.0
5765.16,4200.0,4200.0
5765.16,4200.0,4200.0
5765.26,4200.0,4200.0
5765.27,4200.0,4200.0
5765.36,4200.0,4200.0
5765.37,4200.0,4200.0
5765.46,4200.0,4200.0
5765.46,4200.0,4200.0
5765.56,4200.0,4200.0
5765.56,4200.0,4200.0
5765.66,4200.0,4200.0
5765.66,4200.0,4200.0
5765.76,4200.0,4200.0
5765.76,4200.0,4200.0
5765.86,4200.0,4200.0
5765.86,4200.0,4200.0
5765.96,4200.0,4200.0
5765.96,4200.0,4200.0
5766.06,4200.0,4200.0
5766.06,4200.0,4200.0
5766.16,4200.0,4200.0
5766.16,4200.0,4200.0
5766.26,4200.0,4200.0
5766.26,4200.0,4200.0
5766.36,4200.0,4200.0
5766.36,4200.0,4200.0
5766.46,4200.0,4200.0
5766.46,4200.0,4200.0
5766.559,4200.0,4200.0
5766.559,4200.0,4200.0
5766.66,4200.0,4200.0
5766.66,4200.0,4200.0
5766.76,4200.0,4200.0
5766.76,4200.0,4200.0
5766.87,4200.0,4200.0
5766.87,4200.0,4200.0
5766.96,4200.0,4200.0
5766.96,4200.0,4200.0
5767.06,4200.0,4200.0
5767.06,4200.0,4200.0
5767.16,4200.0,4200.0
5767.16,4200.0,4200.0
5767.26,4200.0,4200.0
5767.26,4200.0,4200.0
5767.36,4200.0,4200.0
5767.37,4200.0,4200.0
5767.46,4200.0,4200.0
5767.47,4200.0,4200.0
5767.56,4200.0,4200.0
5767.56,4200.0,4200.0
5767.66,4200.0,4200.0
5767.66,4200.0,4200.0
5767.76,4200.0,4200.0
5767.76,4200.0,4200.0
5767.86,4200.0,4200.0
5767.86,4200.0,4200.0
5767.97,4200.0,4200.0
5767.97,4200.0,4200.0
5768.06,4200.0,4200.0
5768.06,4200.0,4200.0
5768.16,4200.0,4200.0
5768.16,4200.0,4200.0
5768.26,4200.0,4200.0
5768.26,4200.0,4200.0
5768.36,4200.0,4200.0
5768.36,4200.0,4200.0
5768.46,4200.0,4200.0
5768.46,4200.0,4200.0
5768.56,4200.0,4200.0
5768.56,4200.0,4200.0
5768.66,4200.0,4200.0
5768.66,4200.0,4200.0
5768.76,4200.0,4200.0
5768.76,4200.0,4200.0
5768.86,4200.0,4200.0
5768.86,4200.0,4200.0
5768.96,4200.0,4200.0
5768.97,4200.0,4200.0
5769.06,4200.0,4200.0
5769.06,4200.0,4200.0
5769.16,4200.0,4200.0
5769.16,4200.0,4200.0
5769.26,4200.0,4200.0
5769.26,4200.0,4200.0
5769.36,4200.0,4200.0
5769.36,4200.0,4200.0
5769.46,4200.0,4200.0
5769.46,4200.0,4200.0
5769.56,4200.0,4200.0
5769.57,4200.0,4200.0
5769.66,4200.0,4200.0
5769.66,4200.0,4200.0
5769.759,4200.0,4200.0
5769.759,4200.0,4200.0
5769.86,4200.0,4200.0
5769.86,4200.0,4200.0
5769.96,4200.0,4200.0
5769.96,4200.0,4200.0
5770.07,4200.0,4200.0
5770.07,4200.0,4200.0
5770.16,4200.0,4200.0
5770.17,4200.0,4200.0
5770.26,4200.0,4200.0
5770.26,4200.0,4200.0
5770.36,4200.0,4200.0
5770.36,4200.0,4200.0
5770.46,4200.0,4200.0
5770.46,4200.0,4200.0
5770.56,4200.0,4200.0
5770.56,4200.0,4200.0
5770.66,4200.0,4200.0
5770.66,4200.0,4200.0
5770.76,4200.0,4200.0
5770.76,4200.0,4200.0
5770.86,4200.0,4200.0
5770.86,4200.0,4200.0
5770.96,4200.0,4200.0
5770.96,4200.0,4200.0
5771.06,4200.0,4200.0
5771.06,4200.0,4200.0
5771.17,4200.0,4200.0
5771.18,4200.0,4200.0
5771.26,4200.0,4200.0
5771.26,4200.0,4200.0
5771.36,4200.0,4200.0
5771.36,4200.0,4200.0
5771.46,4200.0,4200.0
5771.47,4200.0,4200.0
5771.56,4200.0,4200.0
5771.56,4200.0,4200.0
5771.66,4200.0,4200.0
5771.66,4200.0,4200.0
5771.76,4200.0,4200.0
5771.76,4200.0,4200.0
5771.86,4200.0,4200.0
5771.86,4200.0,4200.0
5771.96,4200.0,4200.0
5771.96,4200.0,4200.0
5772.06,4200.0,4200.0
5772.06,4200.0,4200.0
5772.17,4200.0,4200.0
5772.17,4200.0,4200.0
5772.26,4200.0,4200.0
5772.26,4200.0,4200.0
5772.36,4200.0,4200.0
5772.36,4200.0,4200.0
5772.46,4200.0,4200.0
5772.47,4200.0,4200.0
5772.56,4200.0,4200.0
5772.56,4200.0,4200.0
5772.66,4200.0,4200.0
5772.66,4200.0,4200.0
5772.77,4200.0,4200.0
5772.77,4200.0,4200.0
5772.86,4200.0,4200.0
5772.86,4200.0,4200.0
5772.959,4200.0,4200.0
5772.959,4200.0,4200.0
5773.06,4200.0,4200.0
5773.06,4200.0,4200.0
5773.16,4200.0,4200.0
5773.16,4200.0,4200.0
5773.27,4200.0,4200.0
5773.27,4200.0,4200.0
5773.36,4200.0,4200.0
5773.36,4200.0,4200.0
5773.46,4200.0,4200.0
5773.46,4200.0,4200.0
5773.56,4200.0,4200.0
5773.56,4200.0,4200.0
5773.66,4200.0,4200.0
5773.66,4200.0,4200.0
5773.76,4200.0,4200.0
5773.77,4200.0,4200.0
5773.86,4200.0,4200.0
5773.86,4200.0,4200.0
5773.96,4200.0,4200.0
5773.96,4200.0,4200.0
5774.06,4200.0,4200.0
5774.06,4200.0,4200.0
5774.16,4200.0,4200.0
5774.16,4200.0,4200.0
5774.26,4200.0,4200.0
5774.26,4200.0,4200.0
5774.36,4200.0,4200.0
5774.37,4200.0,4200.0
5774.46,4200.0,4200.0
5774.46,4200.0,4200.0
5774.56,4200.0,4200.0
5774.56,4200.0,4200.0
5774.66,4200.0,4200.0
5774.66,4200.0,4200.0
5774.76,4200.0,4200.0
5774.76,4200.0,4200.0
5774.86,4200.0,4200.0
5774.87,4200.0,4200.0
5774.96,4200.0,4200.0
5774.96,4200.0,4200.0
5775.06,4200.0,4200.0
5775.06,4200.0,4200.0
5775.16,4200.0,4200.0
5775.16,4200.0,4200.0
5775.26,4200.0,4200.0
5775.26,4200.0,4200.0
5775.37,4200.0,4200.0
5775.38,4200.0,4200.0
5775.46,4200.0,4200.0
5775.46,4200.0,4200.0
5775.56,4200.0,4200.0
5775.56,4200.0,4200.0
5775.66,4200.0,4200.0
5775.66,4200.0,4200.0
5775.76,4200.0,4200.0
5775.76,4200.0,4200.0
5775.86,4200.0,4200.0
5775.87,4200.0,4200.0
5775.97,4200.0,4200.0
5775.97,4200.0,4200.0
5776.06,4200.0,4200.0
5776.06,4200.0,4200.0
5776.159,4200.0,4200.0
5776.159,4200.0,4200.0
5776.26,4200.0,4200.0
5776.26,4200.0,4200.0
5776.36,4200.0,4200.0
5776.36,4200.0,4200.0
5776.47,4200.0,4200.0
5776.47,4200.0,4200.0
5776.56,4200.0,4200.0
5776.57,4200.0,4200.0
5776.66,4200.0,4200.0
5776.66,4200.0,4200.0
5776.76,4200.0,4200.0
5776.76,4200.0,4200.0
5776.86,4200.0,4200.0
5776.86,4200.0,4200.0
5776.96,4200.0,4200.0
5776.97,4200.0,4200.0
5777.06,4200.0,4200.0
5777.06,4200.0,4200.0
5777.16,4200.0,4200.0
5777.16,4200.0,4200.0
5777.26,4200.0,4200.0
5777.26,4200.0,4200.0
5777.36,4200.0,4200.0
5777.36,4200.0,4200.0
5777.46,4200.0,4200.0
5777.46,4200.0,4200.0
5777.56,4200.0,4200.0
5777.56,4200.0,4200.0
5777.66,4200.0,4200.0
5777.66,4200.0,4200.0
5777.76,4200.0,4200.0
5777.76,4200.0,4200.0
5777.86,4200.0,4200.0
5777.86,4200.0,4200.0
5777.96,4200.0,4200.0
5777.96,4200.0,4200.0
5778.06,4200.0,4200.0
5778.07,4200.0,4200.0
5778.16,4200.0,4200.0
5778.16,4200.0,4200.0
5778.26,4200.0,4200.0
5778.26,4200.0,4200.0
5778.36,4200.0,4200.0
5778.36,4200.0,4200.0
5778.46,4200.0,4200.0
5778.46,4200.0,4200.0
5778.57,4200.0,4200.0
5778.57,4200.0,4200.0
5778.66,4200.0,4200.0
5778.67,4200.0,4200.0
5778.76,4200.0,4200.0
5778.76,4200.0,4200.0
5778.86,4200.0,4200.0
5778.86,4200.0,4200.0
5778.96,4200.0,4200.0
5778.96,4200.0,4200.0
5779.07,4200.0,4200.0
5779.07,4200.0,4200.0
5779.16,4200.0,4200.0
5779.17,4200.0,4200.0
5779.26,4200.0,4200.0
5779.26,4200.0,4200.0
5779.359,4200.0,4200.0
5779.359,4200.0,4200.0
5779.46,4200.0,4200.0
5779.46,4200.0,4200.0
5779.56,4200.0,4200.0
5779.56,4200.0,4200.0
5779.66,4200.0,4200.0
5779.66,4200.0,4200.0
5779.76,4200.0,4200.0
5779.76,4200.0,4200.0
5779.86,4200.0,4200.0
5779.86,4200.0,4200.0
5779.96,4200.0,4200.0
5779.96,4200.0,4200.0
5780.06,4200.0,4200.0
5780.06,4200.0,4200.0
5780.16,4200.0,4200.0
5780.17,4200.0,4200.0
5780.26,4200.0,4200.0
5780.26,4200.0,4200.0
5780.36,4200.0,4200.0
5780.36,4200.0,4200.0
5780.46,4200.0,4200.0
5780.47,4200.0,4200.0
5780.56,4200.0,4200.0
5780.56,4200.0,4200.0
5780.66,4200.0,4200.0
5780.67,4200.0,4200.0
5780.76,4200.0,4200.0
5780.76,4200.0,4200.0
5780.86,4200.0,4200.0
5780.86,4200.0,4200.0
5780.96,4200.0,4200.0
5780.96,4200.0,4200.0
5781.06,4200.0,4200.0
5781.06,4200.0,4200.0
5781.16,4200.0,4200.0
5781.16,4200.0,4200.0
5781.27,4200.0,4200.0
5781.27,4200.0,4200.0
5781.36,4200.0,4200.0
5781.36,4200.0,4200.0
5781.46,4200.0,4200.0
5781.46,4200.0,4200.0
5781.56,4200.0,4200.0
5781.56,4200.0,4200.0
5781.66,4200.0,4200.0
5781.66,4200.0,4200.0
5781.76,4200.0,4200.0
5781.76,4200.0,4200.0
5781.86,4200.0,4200.0
5781.86,4200.0,4200.0
5781.96,4200.0,4200.0
5781.96,4200.0,4200.0
5782.06,4200.0,4200.0
5782.06,4200.0,4200.0
5782.16,4200.0,4200.0
5782.16,4200.0,4200.0
5782.27,4200.0,4200.0
5782.27,4200.0,4200.0
5782.36,4200.0,4200.0
5782.37,4200.0,4200.0
5782.46,4200.0,4200.0
5782.46,4200.0,4200.0
5782.559,4200.0,4200.0
5782.559,4200.0,4200.0
5782.66,4200.0,4200.0
5782.66,4200.0,4200.0
5782.76,4200.0,4200.0
5782.76,4200.0,4200.0
5782.86,4200.0,4200.0
5782.87,4200.0,4200.0
5782.96,4200.0,4200.0
5782.96,4200.0,4200.0
5783.06,4200.0,4200.0
5783.06,4200.0,4200.0
5783.16,4200.0,4200.0
5783.16,4200.0,4200.0
5783.26,4200.0,4200.0
5783.26,4200.0,4200.0
5783.36,4200.0,4200.0
5783.37,4200.0,4200.0
5783.46,4200.0,4200.0
5783.46,4200.0,4200.0
5783.56,4200.0,4200.0
5783.56,4200.0,4200.0
5783.66,4200.0,4200.0
5783.66,4200.0,4200.0
5783.76,4200.0,4200.0
5783.76,4200.0,4200.0
5783.86,4200.0,4200.0
5783.86,4200.0,4200.0
5783.96,4200.0,4200.0
5783.96,4200.0,4200.0
5784.06,4200.0,4200.0
5784.06,4200.0,4200.0
5784.16,4200.0,4200.0
5784.16,4200.0,4200.0
5784.26,4200.0,4200.0
5784.26,4200.0,4200.0
5784.36,4200.0,4200.0
5784.36,4200.0,4200.0
5784.47,4200.0,4200.0
5784.479,4200.0,4200.0
5784.56,4200.0,4200.0
5784.56,4200.0,4200.0
5784.66,4200.0,4200.0
5784.66,4200.0,4200.0
5784.76,4200.0,4200.0
5784.76,4200.0,4200.0
5784.86,4200.0,4200.0
5784.86,4200.0,4200.0
5784.96,4200.0,4200.0
5784.97,4200.0,4200.0
5785.06,4200.0,4200.0
5785.06,4200.0,4200.0
5785.16,4200.0,4200.0
5785.16,4200.0,4200.0
5785.26,4200.0,4200.0
5785.26,4200.0,4200.0
5785.36,4200.0,4200.0
5785.36,4200.0,4200.0
5785.46,4200.0,4200.0
5785.47,4200.0,4200.0
